ord,inegi,ife,mun,yr,fch,demn,dem,seccion,casilla,status,pan,pri,prd,pt,pvem,mc,pna,pac,ps,morena,pes,pest,piss,rsp,fxm,v98,l98,v99,l99,nr,NUM_VOTOS_VALIDOS,nul,tot,lisnom,ESTATUS_ACTA,TEPJF,OBSERVACIONES
1,29010,29010,CHIAUTEMPAN,2013,20131208,66,COLONIA EL ALTO,137,B,extra,66,37,100,8,1,11,,102,2,,,,,,,1,pri-pvem-ps,,,,,5,333,733,,,
2,29010,29010,CHIAUTEMPAN,2013,20131208,66,COLONIA EL ALTO,144,B,extra,61,37,79,4,1,6,,79,0,,,,,,,1,pri-pvem-ps,,,,,4,272,745,,,
3,29010,29010,CHIAUTEMPAN,2013,20131208,66,COLONIA EL ALTO,137,C01,extra,49,34,76,4,2,6,,113,2,,,,,,,1,pri-pvem-ps,,,,,5,292,733,,,
4,29010,29010,CHIAUTEMPAN,2013,20131208,66,COLONIA EL ALTO,144,C01,extra,36,64,86,1,1,0,,90,5,,,,,,,1,pri-pvem-ps,,,,,6,290,745,,,
5,29010,29010,CHIAUTEMPAN,2013,20131208,66,COLONIA EL ALTO,137,C02,extra,39,37,93,6,1,8,,111,0,,,,,,,1,pri-pvem-ps,,,,,4,300,733,,,
6,29010,29010,CHIAUTEMPAN,2013,20131208,66,COLONIA EL ALTO,144,C02,extra,55,45,86,19,2,3,,72,2,,,,,,,1,pri-pvem-ps,,,,,6,291,745,,,
7,29010,29010,CHIAUTEMPAN,2013,20131208,66,COLONIA EL ALTO,144,C03,extra,48,34,93,7,3,2,,96,1,,,,,,,1,pri-pvem-ps,,,,,5,290,745,,,
8,29001,29001,AMAXAC DE GUERRERO,2016,20160605,1,SAN DAMIAN TLACOCALPAN,4,B,,,200,,,,,,,,268,,,,,,,,,,30,498,16,514,627,Acta casilla,,
9,29002,29002,APETATITLAN DE ANTONIO CARVAJAL,2016,20160605,2,TLATEMPA,5,B,,59,164,96,6,,,,8,,69,8,,,,,,,,,0,410,23,433,592,Recuento,,
10,29002,29002,APETATITLAN DE ANTONIO CARVAJAL,2016,20160605,2,TLATEMPA,5,C01,,45,188,107,4,,,,13,,48,7,,,,,,,,,2,414,16,430,592,Acta casilla,,
11,29002,29002,APETATITLAN DE ANTONIO CARVAJAL,2016,20160605,2,TLATEMPA,5,C02,,66,195,80,4,,,,10,,43,12,,,,,,,,,0,410,15,425,591,Recuento,,
12,29002,29002,APETATITLAN DE ANTONIO CARVAJAL,2016,20160605,2,TLATEMPA,5,C03,,52,177,103,5,,,,8,,54,6,,,,,,,,,0,405,16,421,591,Recuento,,
13,29002,29002,APETATITLAN DE ANTONIO CARVAJAL,2016,20160605,3,SAN MATIAS TEPETOMATITLAN,9,B,,192,69,62,8,,,9,33,,14,,,,,,,,,,0,387,18,405,568,Recuento,,
14,29002,29002,APETATITLAN DE ANTONIO CARVAJAL,2016,20160605,3,SAN MATIAS TEPETOMATITLAN,9,C01,,241,47,47,2,,,11,47,,14,,,,,,,,,,0,409,6,415,568,Recuento,,
15,29002,29002,APETATITLAN DE ANTONIO CARVAJAL,2016,20160605,3,SAN MATIAS TEPETOMATITLAN,9,C02,,212,55,66,3,,,6,56,,10,,,,,,,,,,0,408,11,419,568,Recuento,,
16,29002,29002,APETATITLAN DE ANTONIO CARVAJAL,2016,20160605,3,SAN MATIAS TEPETOMATITLAN,9,C03,,184,72,58,3,,,8,47,,47,,,,,,,,,,0,419,9,428,567,Recuento,,
17,29002,29002,APETATITLAN DE ANTONIO CARVAJAL,2016,20160605,4,BELEN ATZITZIMITITLAN,10,B,,83,179,74,16,,,9,63,,,,,,,,,,,,0,424,11,435,591,Recuento,,
18,29002,29002,APETATITLAN DE ANTONIO CARVAJAL,2016,20160605,4,BELEN ATZITZIMITITLAN,10,C01,,79,146,115,10,,,18,62,,,,,,,,,,,,0,430,7,437,591,Recuento,,
19,29002,29002,APETATITLAN DE ANTONIO CARVAJAL,2016,20160605,4,BELEN ATZITZIMITITLAN,10,C02,,79,165,111,10,,,22,45,,,,,,,,,,,,1,433,8,441,591,Recuento,,
20,29002,29002,APETATITLAN DE ANTONIO CARVAJAL,2016,20160605,4,BELEN ATZITZIMITITLAN,10,C03,,72,158,81,7,,,17,75,,,,,,,,,,,,0,410,8,418,590,Recuento,,
21,29002,29002,APETATITLAN DE ANTONIO CARVAJAL,2016,20160605,5,BARRIO DE TECOLOTLA,11,B,,91,34,102,,,,,12,,19,,,,,,51,indep,,,0,309,10,319,413,Recuento,,
22,29002,29002,APETATITLAN DE ANTONIO CARVAJAL,2016,20160605,5,BARRIO DE TECOLOTLA,11,C01,,103,34,89,,,,,6,,24,,,,,,62,indep,,,0,318,6,324,413,Recuento,,
23,29005,29003,APIZACO,2016,20160605,6,COLONIA CERRITO DE GUADALUPE,13,B,,96,123,19,34,5,,29,34,93,31,,,,,,,,,,1,465,16,481,731,Acta casilla,,
24,29005,29003,APIZACO,2016,20160605,6,COLONIA CERRITO DE GUADALUPE,13,C01,,110,118,13,17,1,,21,20,112,33,,,,,,,,,,0,445,13,458,730,Acta casilla,,
25,29005,29003,APIZACO,2016,20160605,6,COLONIA CERRITO DE GUADALUPE,13,C02,,83,114,25,53,6,,30,23,107,30,,,,,,,,,,1,472,21,493,730,Acta casilla,,
26,29005,29003,APIZACO,2016,20160605,7,SAN LUIS APIZAQUITO,14,B,,66,35,22,1,62,67,2,36,,90,14,,,,,,,,,0,395,16,411,693,Acta casilla,,
27,29005,29003,APIZACO,2016,20160605,7,SAN LUIS APIZAQUITO,14,C01,,60,41,26,1,71,57,4,20,,85,8,,,,,,,,,1,374,14,388,693,Acta casilla,,
28,29005,29003,APIZACO,2016,20160605,7,SAN LUIS APIZAQUITO,14,C02,,71,41,17,1,81,88,0,16,,89,10,,,,,,,,,0,414,23,437,693,Acta casilla,,
29,29005,29003,APIZACO,2016,20160605,7,SAN LUIS APIZAQUITO,14,C03,,71,49,16,2,72,60,3,19,,95,7,,,,,,,,,1,395,13,408,693,Acta casilla,,
30,29005,29003,APIZACO,2016,20160605,7,SAN LUIS APIZAQUITO,14,C04,,74,39,26,2,73,71,3,28,,81,9,,,,,,,,,0,406,9,415,693,Acta casilla,,
31,29005,29003,APIZACO,2016,20160605,7,SAN LUIS APIZAQUITO,14,C05,,70,42,30,2,73,73,0,24,,61,10,,,,,,,,,0,385,26,411,693,Acta casilla,,
32,29005,29003,APIZACO,2016,20160605,8,COLONIA JOSE MARIA MORELOS,38,B,,124,11,,1,35,37,,102,,0,,,,,,,,,,0,310,13,323,441,Acta casilla,,
33,29005,29003,APIZACO,2016,20160605,8,COLONIA JOSE MARIA MORELOS,38,C01,,111,15,,5,28,44,,129,,0,,,,,,,,,,0,332,14,346,441,Acta casilla,,
34,29005,29003,APIZACO,2016,20160605,9,GUADALUPE TEXCALAC,39,B,,83,136,59,76,,,,19,,0,0,,,,,,,,,0,373,13,386,549,Acta casilla,,
35,29005,29003,APIZACO,2016,20160605,9,GUADALUPE TEXCALAC,39,C01,,91,129,57,96,,,,17,,0,6,,,,,,,,,0,396,12,408,549,Acta casilla,,
36,29005,29003,APIZACO,2016,20160605,10,SANTA MARIA TEXCALAC,40,B,,49,84,38,,20,16,1,138,5,10,58,,,,,,,,,0,419,11,430,610,Acta casilla,,
37,29005,29003,APIZACO,2016,20160605,10,SANTA MARIA TEXCALAC,41,B,,41,105,27,,17,22,1,130,3,7,85,,,,,,,,,0,438,20,458,692,Acta casilla,,
38,29005,29003,APIZACO,2016,20160605,10,SANTA MARIA TEXCALAC,40,C01,,37,70,45,,13,26,3,107,3,12,62,,,,,,,,,0,378,11,389,609,Acta casilla,,
39,29005,29003,APIZACO,2016,20160605,10,SANTA MARIA TEXCALAC,41,C01,,45,112,41,,15,25,2,120,6,11,78,,,,,,,,,1,456,12,468,692,Acta casilla,,
40,29005,29003,APIZACO,2016,20160605,10,SANTA MARIA TEXCALAC,40,C02,,39,77,36,,19,27,3,105,0,14,73,,,,,,,,,0,393,16,409,609,Acta casilla,,
41,29005,29003,APIZACO,2016,20160605,10,SANTA MARIA TEXCALAC,41,C02,,34,87,45,,19,26,2,94,2,12,110,,,,,,,,,0,431,16,447,692,Acta casilla,,
42,29005,29003,APIZACO,2016,20160605,10,SANTA MARIA TEXCALAC,40,C03,,25,84,32,,16,31,4,140,3,11,58,,,,,,,,,0,404,12,416,609,Acta casilla,,
43,29005,29003,APIZACO,2016,20160605,10,SANTA MARIA TEXCALAC,41,C03,,37,103,34,,17,27,0,155,2,12,91,,,,,,,,,0,478,12,490,691,Acta casilla,,
44,29005,29003,APIZACO,2016,20160605,11,SANTA ANITA HUILOAC,42,B,,102,68,84,2,24,16,24,14,2,13,2,,,,,,,,,0,351,20,371,570,Acta casilla,,
45,29005,29003,APIZACO,2016,20160605,11,SANTA ANITA HUILOAC,43,B,,33,96,57,4,41,22,9,36,10,30,4,,,,,,,,,2,344,12,356,631,Acta casilla,,
46,29005,29003,APIZACO,2016,20160605,11,SANTA ANITA HUILOAC,44,B,,22,69,33,1,109,25,6,38,7,10,7,,,,,,,,,1,328,19,347,613,Acta casilla,,
47,29005,29003,APIZACO,2016,20160605,11,SANTA ANITA HUILOAC,45,B,,22,48,105,2,8,17,5,6,7,14,7,,,,,,,,,1,242,9,251,398,Acta casilla,,
48,29005,29003,APIZACO,2016,20160605,11,SANTA ANITA HUILOAC,43,C01,,47,92,48,3,42,15,11,18,15,31,10,,,,,,,,,0,332,17,349,631,Acta casilla,,
49,29005,29003,APIZACO,2016,20160605,11,SANTA ANITA HUILOAC,44,C01,,46,78,30,0,116,11,13,55,8,14,11,,,,,,,,,1,383,21,404,612,Acta casilla,,
50,29005,29003,APIZACO,2016,20160605,11,SANTA ANITA HUILOAC,43,C02,,39,100,62,5,38,24,4,25,15,29,5,,,,,,,,,1,347,15,362,631,Acta casilla,,
51,29005,29003,APIZACO,2016,20160605,11,SANTA ANITA HUILOAC,44,C02,,29,71,24,5,108,16,22,75,4,24,16,,,,,,,,,0,394,16,410,612,Acta casilla,,
52,29005,29003,APIZACO,2016,20160605,11,SANTA ANITA HUILOAC,43,C03,,42,80,56,1,42,17,5,19,11,28,9,,,,,,,,,0,310,19,329,631,Acta casilla,,
53,29005,29003,APIZACO,2016,20160605,11,SANTA ANITA HUILOAC,43,C04,,39,95,57,2,38,32,9,46,28,32,7,,,,,,,,,1,386,8,394,631,Acta casilla,,
54,29005,29003,APIZACO,2016,20160605,12,COLONIA SAN ISIDRO APIZAQUITO,46,B,,52,113,15,34,8,,,62,,50,0,,,,,,,,,0,334,10,344,573,Acta casilla,,
55,29005,29003,APIZACO,2016,20160605,12,COLONIA SAN ISIDRO APIZAQUITO,46,C01,,48,89,18,21,14,,,65,,61,23,,,,,,,,,0,339,11,350,572,Acta casilla,,
56,29005,29003,APIZACO,2016,20160605,12,COLONIA SAN ISIDRO APIZAQUITO,46,C02,,33,101,20,62,15,,,65,,47,11,,,,,,,,,0,354,12,366,572,Acta casilla,,
57,29003,29004,ATLANGATEPEC,2016,20160605,13,SANTA CLARA OZUMBA,50,B,,3,140,,,,,129,,3,,,,,,,,,,,0,275,11,286,343,Acta casilla,,
58,29003,29004,ATLANGATEPEC,2016,20160605,14,SANTIAGO VILLALTA,51,B,,35,96,,,,26,64,,7,10,,,,,,,,,,0,238,12,250,305,Acta casilla,,
59,29003,29004,ATLANGATEPEC,2016,20160605,15,COLONIA AGRICOLA SAN LUIS,52,B,,0,47,,,,,,,35,,,,,,,,,,,0,82,1,83,101,Acta casilla,,
60,29003,29004,ATLANGATEPEC,2016,20160605,16,ZUMPANGO,53,B,,53,104,,,55,0,70,,5,83,,,,,,,,,,0,370,15,385,533,Acta casilla,,
61,29003,29004,ATLANGATEPEC,2016,20160605,16,ZUMPANGO,53,C01,,62,105,,,,53,96,,6,52,,,,,,,,,,0,374,9,383,532,Acta casilla,,
62,29003,29004,ATLANGATEPEC,2016,20160605,17,BENITO JUAREZ TEZOYO,54,B,,0,156,,,,21,0,,6,71,,,,,,,,,,0,254,12,266,380,Acta casilla,,
63,29003,29004,ATLANGATEPEC,2016,20160605,18,COLONIA LA TRASQUILA,55,B,,72,66,,8,,2,20,,62,8,,,,,,,,,,0,238,9,247,311,Acta casilla,,
64,29003,29004,ATLANGATEPEC,2016,20160605,19,SAN PEDRO ECACTEPEC,56,B,,36,214,,,,6,100,63,7,,,,,,,,,,,0,426,30,456,582,Acta casilla,,
65,29003,29004,ATLANGATEPEC,2016,20160605,19,SAN PEDRO ECACTEPEC,56,C01,,30,190,,,,3,98,95,8,,,,,,,,,,,0,424,27,451,581,Acta casilla,,
66,29003,29004,ATLANGATEPEC,2016,20160605,20,COLONIA VILLA DE LAS FLORES,57,B,,59,83,,,,51,,,4,,,,,,,,,,,0,197,5,202,299,Acta casilla,,
67,29004,29005,ATLTZAYANCA  ,2016,20160605,21,BARRIO DE GUADALUPE,59,B,,0,40,45,,,26,,49,,15,,,,,,,,,,0,175,8,183,253,Acta casilla,,
68,29004,29005,ATLTZAYANCA  ,2016,20160605,21,BARRIO DE GUADALUPE,59,C01,,0,44,47,,,20,,79,,20,,,,,,,,,,0,210,7,217,286,Acta casilla,,
69,29004,29005,ATLTZAYANCA  ,2016,20160605,22,BARRIO DE LA CONCEPCION,59,B,,3,38,,,61,0,,54,,19,,,,,,,,,,2,177,3,180,229,Recuento,,
70,29004,29005,ATLTZAYANCA  ,2016,20160605,22,BARRIO DE LA CONCEPCION,59,C01,,3,22,,,44,1,,44,,21,,,,,,,,,,0,135,11,146,195,Recuento,,
71,29004,29005,ATLTZAYANCA  ,2016,20170604,23,BARRIO DE SANTIAGO,60,B,extra,0,121,133,,,,,51,43,59,,,,,,,,,,0,407,15,422,632,Recuento,,
72,29004,29005,ATLTZAYANCA  ,2016,20170604,24,LA GARITA,61,E01,extra,0,82,0,,,,,22,0,138,,,,,,,,,,0,242,9,251,363,Acta Casilla,,
73,29004,29005,ATLTZAYANCA  ,2016,20160605,25,SAN JOSE BUENAVISTA,61,B,,12,,22,,1,,,20,,71,,,,,,,,,,0,126,13,139,177,Acta casilla,,
74,29004,29005,ATLTZAYANCA  ,2016,20160605,26,LAZARO CARDENAS,62,B,,8,53,52,,125,,,1,,10,,,,,,,,,,0,249,13,262,313,Acta casilla,,
75,29004,29005,ATLTZAYANCA  ,2016,20160605,27,SAN ANTONIO TECOPILCO,63,B,,,116,66,,11,,27,23,,0,,,,,,,,,,0,243,7,250,323,Acta casilla,,
76,29004,29005,ATLTZAYANCA  ,2016,20160605,28,SAN JUAN OCOTITLA,64,B,,,,94,,,,,9,3,61,,,,,,,,,,0,167,5,172,212,Acta casilla,,
77,29004,29005,ATLTZAYANCA  ,2016,20160605,29,SAN JOSE PILANCON,65,B,,8,65,20,,64,,,27,,4,,,,,,,,,,0,188,1,189,212,Recuento,,
78,29004,29005,ATLTZAYANCA  ,2016,20160605,30,XALTITLA,60,B,,,,0,,0,,,0,,0,,,,,,,,,,0,0,0,0,31,Acta casilla,,
79,29004,29005,ATLTZAYANCA  ,2016,20160605,30,XALTITLA,66,B,,,,66,,171,,,78,,47,,,,,,,,,,0,362,24,386,509,Acta casilla,,
80,29004,29005,ATLTZAYANCA  ,2016,20160605,30,XALTITLA,72,B,,,,2,,1,,,2,,0,,,,,,,,,,0,5,2,7,20,Acta casilla,,
81,29004,29005,ATLTZAYANCA  ,2016,20160605,31,MESA REDONDA,67,B,,,98,,,,,,67,,0,,,,,,,,,,0,165,6,171,204,Recuento,,
82,29004,29005,ATLTZAYANCA  ,2016,20160605,32,CONCEPCION HIDALGO,68,B,,71,124,118,,4,,,46,1,47,,,,,,,,,,0,411,23,434,607,Recuento,,
83,29004,29005,ATLTZAYANCA  ,2016,20160605,32,CONCEPCION HIDALGO,68,C01,,92,124,118,,3,,,54,1,28,,,,,,,,,,0,420,22,442,607,Recuento,,
84,29004,29005,ATLTZAYANCA  ,2016,20160605,32,CONCEPCION HIDALGO,68,C02,,110,116,118,,8,,,40,1,30,,,,,,,,,,1,424,27,451,607,Recuento,,
85,29004,29005,ATLTZAYANCA  ,2016,20160605,33,FELIPE CARRILLO PUERTO,69,B,,34,37,68,53,2,,,5,,94,,,,,,,,,,0,293,13,306,399,Acta casilla,,
86,29004,29005,ATLTZAYANCA  ,2016,20160605,33,FELIPE CARRILLO PUERTO,69,C01,,19,49,78,39,1,,,8,,93,,,,,,,,,,0,287,11,298,399,Acta casilla,,
87,29004,29005,ATLTZAYANCA  ,2016,20160605,34,NEXNOPALA,70,B,,45,157,,,,,,149,,28,,,,,,,,,,0,379,22,401,518,Recuento,,
88,29004,29005,ATLTZAYANCA  ,2016,20160605,35,RANCHERIA POCITOS,71,B,,8,117,77,,64,70,,3,,2,,,,,,,,,,0,341,18,359,439,Acta casilla,,
89,29004,29005,ATLTZAYANCA  ,2016,20160605,35,RANCHERIA POCITOS,71,C01,,9,107,56,,89,60,,3,,2,,,,,,,,,,0,326,9,335,439,Acta casilla,,
90,29004,29005,ATLTZAYANCA  ,2016,20160605,36,SANTA MARIA LAS CUEVAS,72,B,,80,195,181,,29,,,6,,2,,,,,,,,,,0,493,20,513,603,Recuento,,
91,29004,29005,ATLTZAYANCA  ,2016,20160605,37,NAZARETH,73,B,,,30,40,,,,,84,,23,,,,,,,,,,39,216,7,223,252,Acta casilla,,
92,29004,29005,ATLTZAYANCA  ,2016,20160605,38,SANTA CRUZ POCITOS,74,B,,94,58,83,,0,,,122,,15,,,,,,,,,,0,372,20,392,477,Acta casilla,,
93,29004,29005,ATLTZAYANCA  ,2016,20160605,38,SANTA CRUZ POCITOS,74,C01,,113,58,80,,3,,,122,,4,,,,,,,,,,0,380,9,389,477,Acta casilla,,
94,29004,29005,ATLTZAYANCA  ,2016,20160605,39,LOMAS DE JUNGUITO,76,B,,0,88,56,,11,,,1,,0,,,,,,,,,,0,156,6,162,199,Acta casilla,,
95,29004,29005,ATLTZAYANCA  ,2016,20160605,40,BARRIO DE SAN ANTONIO,77,B,,63,92,68,,25,20,0,46,2,91,0,,,,,,,,,55,462,15,477,655,Recuento,,
96,29004,29005,ATLTZAYANCA  ,2016,20160605,40,BARRIO DE SAN ANTONIO,77,C01,,77,94,58,,14,0,56,67,1,101,1,,,,,,,,,14,483,18,501,655,Recuento,,
97,29006,29006,CALPULALPAN,2016,20160605,41,COLONIA ALFONSO ESPEJEL,78,B,,31,62,37,16,22,23,26,63,18,11,,,,,,,,,,0,309,12,321,631,Recuento,,
98,29006,29006,CALPULALPAN,2016,20160605,41,COLONIA ALFONSO ESPEJEL,78,C01,,35,52,53,6,20,15,15,82,18,11,,,,,,,,,,0,307,19,326,631,Recuento,,
99,29006,29006,CALPULALPAN,2016,20160605,41,COLONIA ALFONSO ESPEJEL,78,C02,,24,67,53,14,23,12,27,52,26,4,,,,,,,,,,0,302,19,321,631,Recuento,,
100,29006,29006,CALPULALPAN,2016,20160605,41,COLONIA ALFONSO ESPEJEL,78,C03,,38,76,45,9,33,23,19,45,18,7,,,,,,,,,,0,313,22,335,631,Recuento,,
101,29006,29006,CALPULALPAN,2016,20160605,41,COLONIA ALFONSO ESPEJEL,78,C04,,37,46,60,10,30,14,15,76,25,6,,,,,,,,,,0,319,19,338,630,Recuento,,
102,29006,29006,CALPULALPAN,2016,20160605,41,COLONIA ALFONSO ESPEJEL,78,C05,,28,51,59,11,27,21,12,54,19,14,,,,,,,,,,0,296,21,317,630,Recuento,,
103,29006,29006,CALPULALPAN,2016,20160605,42,COLONIA EL MIRADOR,82,B,,10,6,,1,2,9,0,5,0,2,,,,,,,,,,0,35,0,35,56,Acta casilla,,
104,29006,29006,CALPULALPAN,2016,20160605,42,COLONIA EL MIRADOR,83,B,,21,26,,0,1,15,0,13,7,21,,,,,,,,,,0,104,1,105,176,Acta casilla,,
105,29006,29006,CALPULALPAN,2016,20160605,42,COLONIA EL MIRADOR,88,B,,32,16,,0,4,10,0,2,5,15,,,,,,,,,,0,84,4,88,137,Acta casilla,,
106,29006,29006,CALPULALPAN,2016,20160605,42,COLONIA EL MIRADOR,89,B,,134,76,,0,2,41,0,35,36,39,,,,,,,,,,0,363,18,381,661,Acta casilla,,
107,29006,29006,CALPULALPAN,2016,20160605,42,COLONIA EL MIRADOR,90,B,,36,13,,0,4,14,0,17,2,14,,,,,,,,,,0,100,7,107,190,Acta casilla,,
108,29006,29006,CALPULALPAN,2016,20160605,42,COLONIA EL MIRADOR,82,C01,,8,11,,0,0,6,0,4,2,3,,,,,,,,,,0,34,2,36,68,Acta casilla,,
109,29006,29006,CALPULALPAN,2016,20160605,42,COLONIA EL MIRADOR,83,C01,,25,38,,0,1,8,0,26,2,3,,,,,,,,,,0,103,11,114,194,Acta casilla,,
110,29006,29006,CALPULALPAN,2016,20160605,42,COLONIA EL MIRADOR,88,C01,,25,20,,0,3,7,0,6,3,7,,,,,,,,,,0,71,4,75,125,Acta casilla,,
111,29006,29006,CALPULALPAN,2016,20160605,42,COLONIA EL MIRADOR,89,C01,,141,83,,0,3,41,40,38,43,0,,,,,,,,,,0,389,18,407,659,Acta casilla,,
112,29006,29006,CALPULALPAN,2016,20160605,42,COLONIA EL MIRADOR,90,C01,,46,30,,0,2,12,0,17,1,9,,,,,,,,,,0,117,6,123,214,Acta casilla,,
113,29006,29006,CALPULALPAN,2016,20160605,42,COLONIA EL MIRADOR,82,C02,,12,3,,0,0,4,0,2,0,3,,,,,,,,,,0,24,0,24,53,Acta casilla,,
114,29006,29006,CALPULALPAN,2016,20160605,42,COLONIA EL MIRADOR,83,C02,,23,30,,0,4,9,0,18,14,5,,,,,,,,,,0,103,6,109,181,Acta casilla,,
115,29006,29006,CALPULALPAN,2016,20160605,42,COLONIA EL MIRADOR,89,C02,,163,69,,0,3,42,0,32,28,38,,,,,,,,,,0,375,13,388,658,Acta casilla,,
116,29006,29006,CALPULALPAN,2016,20160605,42,COLONIA EL MIRADOR,90,C02,,45,26,,0,2,17,0,13,5,14,,,,,,,,,,0,122,8,130,195,Acta casilla,,
117,29006,29006,CALPULALPAN,2016,20160605,42,COLONIA EL MIRADOR,83,C03,,28,21,,0,3,20,0,23,4,13,,,,,,,,,,1,113,5,118,188,Acta casilla,,
118,29006,29006,CALPULALPAN,2016,20160605,42,COLONIA EL MIRADOR,90,C03,,40,30,,0,5,13,0,15,7,16,,,,,,,,,,0,126,8,134,229,Acta casilla,,
119,29006,29006,CALPULALPAN,2016,20160605,43,COLONIA FRANCISCO SARABIA,85,B,,78,14,,24,,96,,68,46,44,,,,,,,,,,0,370,19,389,658,Acta casilla,,
120,29006,29006,CALPULALPAN,2016,20160605,43,COLONIA FRANCISCO SARABIA,86,B,,96,13,,43,,32,,70,23,39,,,,,,,,,,0,316,17,333,549,Acta casilla,,
121,29006,29006,CALPULALPAN,2016,20160605,43,COLONIA FRANCISCO SARABIA,85,C01,,102,25,,34,,87,,69,51,45,,,,,,,,,,0,413,17,430,658,Acta casilla,,
122,29006,29006,CALPULALPAN,2016,20160605,43,COLONIA FRANCISCO SARABIA,86,C01,,92,24,,36,,76,,42,28,39,,,,,,,,,,0,337,7,344,549,Acta casilla,,
123,29006,29006,CALPULALPAN,2016,20160605,43,COLONIA FRANCISCO SARABIA,85,C02,,83,13,,43,,90,,54,43,44,,,,,,,,,,0,370,2,372,658,Acta casilla,,
124,29006,29006,CALPULALPAN,2016,20160605,43,COLONIA FRANCISCO SARABIA,86,C02,,97,0,,51,,44,,53,44,35,,,,,,,,,,4,328,26,354,548,Acta casilla,,
125,29006,29006,CALPULALPAN,2016,20160605,44,SAN MATEO ACTIPAN,91,B,,181,153,,7,,0,,175,25,,,,,,,,,,,0,541,8,549,740,Recuento,,
126,29006,29006,CALPULALPAN,2016,20170604,45,SAN CRISTOBAL ZACACALCO,96,B,extra,113,81,0,,,,,0,0,5,,,,,,,,,,148,347,12,359,513,Acta Casilla,,
127,29007,29007,CARMEN TEQUEXQUITLA--EL,2016,20160605,46,BARRIO DE GUADALUPE,103,B,,71,189,86,,0,,,30,,,,,,,,,,,,0,376,26,402,578,Recuento,,
128,29007,29007,CARMEN TEQUEXQUITLA--EL,2016,20160605,46,BARRIO DE GUADALUPE,103,C01,,73,153,67,,0,,,36,,,,,,,,,,,,0,329,24,353,566,Recuento,,
129,29007,29007,CARMEN TEQUEXQUITLA--EL,2016,20160605,47,COLONIA MAZATEPEC,104,B,,171,153,53,0,5,,,97,9,,,,,,,,,,,0,488,12,500,743,Recuento,,
130,29007,29007,CARMEN TEQUEXQUITLA--EL,2016,20160605,47,COLONIA MAZATEPEC,104,C01,,136,163,79,3,0,,,68,4,,,,,,,,,,,0,453,27,480,743,Recuento,,
131,29007,29007,CARMEN TEQUEXQUITLA--EL,2016,20160605,47,COLONIA MAZATEPEC,104,C02,,130,135,71,0,3,,,94,1,,,,,,,,,,,0,434,27,461,743,Recuento,,
132,29007,29007,CARMEN TEQUEXQUITLA--EL,2016,20160605,48,COLONIA LA SOLEDAD,105,B,,13,52,,,4,,,72,159,,,,,,,,,,,0,300,29,329,399,Recuento,,
133,29007,29007,CARMEN TEQUEXQUITLA--EL,2016,20160605,49,VICENTE GUERRERO,106,B,,36,74,62,,,,,,,,,,,,,,,,,0,172,4,176,214,Recuento,,
134,29008,29008,CUAPIAXTLA,2016,20160605,50,COLONIA IGNACIO ALLENDE,110,B,,63,149,,,168,20,,,35,30,,,,,,,,,,0,465,24,489,618,Acta casilla,,
135,29008,29008,CUAPIAXTLA,2016,20160605,50,COLONIA IGNACIO ALLENDE,110,C01,,110,113,,,156,23,,,34,24,,,,,,,,,,2,462,28,490,631,Acta casilla,,
136,29008,29008,CUAPIAXTLA,2016,20160605,51,SANTA BEATRIZ LA NUEVA,111,B,,100,,,,68,,,,20,,,,,,,,,,,3,191,7,198,251,Acta casilla,,
137,29008,29008,CUAPIAXTLA,2016,20160605,52,COLONIA LOMA BONITA,112,B,,17,39,,,67,,,,8,,,,,,,,,,,0,131,2,133,156,Acta casilla,,
138,29008,29008,CUAPIAXTLA,2016,20160605,53,COLONIA MANUEL AVILA CAMACHO,113,B,,16,0,,,97,,,63,,,,,,,,,,,,44,220,7,227,264,Acta casilla,,
139,29008,29008,CUAPIAXTLA,2016,20160605,54,SAN FRANCISCO CUEXCONTZI,114,B,,27,95,,95,30,,,,48,7,,,,,,,,,,0,302,18,320,383,Acta casilla,,
140,29008,29008,CUAPIAXTLA,2016,20160605,54,SAN FRANCISCO CUEXCONTZI,114,C01,,16,131,,102,24,,,,34,3,,,,,,,,,,0,310,18,328,383,Acta casilla,,
141,29008,29008,CUAPIAXTLA,2016,20160605,55,COLONIA PLAN DE AYALA,115,B,,105,,,,0,,,,32,,,,,,,,,,,102,239,13,252,299,Acta casilla,,
142,29008,29008,CUAPIAXTLA,2016,20160605,56,COLONIA JOSE MARIA MORELOS,116,B,,9,165,,,152,,,,,,,,,,,,,,,0,326,4,330,375,Acta casilla,,
143,29009,29009,CUAXOMULCO,2016,20160605,57,2A SECCION COAXOMULCO (TECUICUILCO),117,B,,136,35,43,,34,,,166,,13,0,,,,,,,,,0,427,21,448,627,Acta casilla,,
144,29009,29009,CUAXOMULCO,2016,20160605,57,2A SECCION COAXOMULCO (TECUICUILCO),117,C01,,139,43,37,,52,,,155,,29,3,,,,,,,,,0,458,21,479,627,Recuento,,
145,29009,29009,CUAXOMULCO,2016,20160605,58,1A SECCION CUAXOMULCO (BARRIO DE ATENCO),118,B,,41,,41,,102,,,140,,14,51,,,,,,,,,0,389,13,402,490,Acta casilla,,
146,29009,29009,CUAXOMULCO,2016,20160605,58,1A SECCION CUAXOMULCO (BARRIO DE ATENCO),118,C01,,43,,49,,77,,,121,,13,53,,,,,,,,,0,356,11,367,489,Acta casilla,,
147,29009,29009,CUAXOMULCO,2016,20170604,59,SAN MIGUEL BUENAVISTA,119,B,extra,0,219,114,,,,,50,0,33,,,,,,,,,,0,416,10,426,542,Acta Casilla,,
148,29009,29009,CUAXOMULCO,2016,20160605,60,ZACAMOLPA,120,B,,12,,47,,51,,,14,2,64,,,,,,,,,,0,190,2,192,226,Acta casilla,,
149,29009,29009,CUAXOMULCO,2016,20160605,61,SAN LORENZO XALTELULCO,121,B,,87,,108,,113,,,94,,23,,,,,,,,,,0,425,12,437,569,Recuento,,
150,29009,29009,CUAXOMULCO,2016,20160605,61,SAN LORENZO XALTELULCO,121,C01,,67,,110,,140,,,109,,9,,,,,,,,,,0,435,12,447,568,Acta casilla,,
151,29010,29010,CHIAUTEMPAN,2016,20160605,62,COLONIA CHALMA,122,B,,56,37,108,,5,66,,,23,,85,,,,,,,,,0,380,22,402,540,Acta casilla,,
152,29010,29010,CHIAUTEMPAN,2016,20160605,62,COLONIA CHALMA,123,B,,5,11,5,,1,4,,,1,,4,,,,,,,,,0,31,2,33,38,Acta casilla,,
153,29010,29010,CHIAUTEMPAN,2016,20160605,62,COLONIA CHALMA,122,C01,,74,51,97,,6,62,,,14,,60,,,,,,,,,1,365,29,394,540,Acta casilla,,
154,29010,29010,CHIAUTEMPAN,2016,20160605,62,COLONIA CHALMA,123,C01,,2,4,2,,2,0,,,0,,0,,,,,,,,,0,10,1,11,17,Acta casilla,,
155,29010,29010,CHIAUTEMPAN,2016,20160605,62,COLONIA CHALMA,122,C02,,88,48,74,,4,72,,,12,,65,,,,,,,,,0,363,18,381,540,Recuento,,
156,29010,29010,CHIAUTEMPAN,2016,20160605,62,COLONIA CHALMA,123,C02,,3,5,9,,1,1,,,0,,0,,,,,,,,,0,19,2,21,40,Acta casilla,,
157,29010,29010,CHIAUTEMPAN,2016,20160605,63,SANTA CRUZ GUADALUPE,126,B,,51,50,93,110,,30,36,30,,,,,,,,,,,,0,400,20,420,671,Recuento,,
158,29010,29010,CHIAUTEMPAN,2016,20160605,63,SANTA CRUZ GUADALUPE,126,C01,,59,90,73,98,,34,56,25,,,,,,,,,,,,1,436,21,457,671,Recuento,,
159,29010,29010,CHIAUTEMPAN,2016,20160605,63,SANTA CRUZ GUADALUPE,126,C02,,54,87,84,93,,24,59,52,,,,,,,,,,,,0,453,17,470,670,Recuento,,
160,29010,29010,CHIAUTEMPAN,2016,20160605,64,COLONIA REFORMA,127,B,,53,93,64,44,,35,11,,24,22,,,,,,,,,,0,346,28,374,635,Recuento,,
161,29010,29010,CHIAUTEMPAN,2016,20160605,64,COLONIA REFORMA,140,B,,36,62,68,35,,30,5,,15,45,,,,,,,,,,2,298,20,318,514,Recuento,,
162,29010,29010,CHIAUTEMPAN,2016,20160605,64,COLONIA REFORMA,127,C01,,53,103,49,40,,26,27,,34,23,,,,,,,,,,0,355,27,382,634,Recuento,,
163,29010,29010,CHIAUTEMPAN,2016,20160605,64,COLONIA REFORMA,140,C01,,29,58,93,33,,25,11,,15,30,,,,,,,,,,0,294,21,315,513,Recuento,,
164,29010,29010,CHIAUTEMPAN,2016,20160605,64,COLONIA REFORMA,127,C02,,60,83,72,41,,28,12,,61,42,,,,,,,,,,1,400,16,416,634,Recuento,,
165,29010,29010,CHIAUTEMPAN,2016,20160605,64,COLONIA REFORMA,140,C02,,32,60,77,31,,21,11,,11,46,,,,,,,,,,0,289,13,302,513,Recuento,,
166,29010,29010,CHIAUTEMPAN,2016,20160605,64,COLONIA REFORMA,127,C03,,44,88,59,54,,30,16,,66,29,,,,,,,,,,2,388,22,410,634,Recuento,,
167,29010,29010,CHIAUTEMPAN,2016,20160605,65,COLONIA INDUSTRIAL,133,B,,27,76,74,,74,9,74,9,,0,,,,,,,,,,1,344,18,362,532,Recuento,,
168,29010,29010,CHIAUTEMPAN,2016,20160605,65,COLONIA INDUSTRIAL,133,C01,,18,94,89,,70,20,60,16,,0,,,,,,,,,,0,367,9,376,532,Recuento,,
169,29010,29010,CHIAUTEMPAN,2016,20160605,66,COLONIA EL ALTO,137,B,,27,72,65,,62,37,9,53,,74,20,,,,,,,,,0,419,19,438,733,Recuento,,
170,29010,29010,CHIAUTEMPAN,2016,20160605,66,COLONIA EL ALTO,144,B,,88,104,73,,54,41,11,12,,71,3,,,,,,,,,0,457,18,475,745,Recuento,,
171,29010,29010,CHIAUTEMPAN,2016,20160605,66,COLONIA EL ALTO,137,C01,,36,64,83,,92,24,18,30,,76,22,,,,,,,,,0,445,15,460,733,Recuento,,
172,29010,29010,CHIAUTEMPAN,2016,20160605,66,COLONIA EL ALTO,144,C01,,66,112,83,,63,34,8,18,,79,14,,,,,,,,,0,477,15,492,745,Acta casilla,,
173,29010,29010,CHIAUTEMPAN,2016,20160605,66,COLONIA EL ALTO,137,C02,,27,72,65,,0,37,9,0,,74,20,,,,,,,,,0,304,19,323,733,Acta casilla,,
174,29010,29010,CHIAUTEMPAN,2016,20160605,66,COLONIA EL ALTO,144,C02,,87,84,55,,62,40,17,14,,82,7,,,,,,,,,0,448,17,465,745,Recuento,,
175,29010,29010,CHIAUTEMPAN,2016,20160605,66,COLONIA EL ALTO,144,C03,,67,107,69,,68,43,9,30,,61,3,,,,,,,,,0,457,13,470,745,Acta casilla,,
176,29010,29010,CHIAUTEMPAN,2016,20160605,67,BARRIO DE TEXCACOAC,141,B,,83,94,87,,16,40,41,14,,45,,,,,,,,,,0,420,19,439,702,Recuento,,
177,29010,29010,CHIAUTEMPAN,2016,20160605,67,BARRIO DE TEXCACOAC,141,C01,,86,71,88,,13,37,43,5,,76,,,,,,,,,,0,419,8,427,702,Acta casilla,,
178,29010,29010,CHIAUTEMPAN,2016,20160605,67,BARRIO DE TEXCACOAC,141,C02,,93,106,107,,14,32,34,9,,53,,,,,,,,,,0,448,19,467,702,Recuento,,
179,29010,29010,CHIAUTEMPAN,2016,20160605,67,BARRIO DE TEXCACOAC,141,C03,,87,128,86,,12,36,20,6,,58,,,,,,,,,,0,433,10,443,702,Acta casilla,,
180,29010,29010,CHIAUTEMPAN,2016,20160605,67,BARRIO DE TEXCACOAC,141,C04,,71,94,107,,9,32,40,6,,63,,,,,,,,,,0,422,23,445,701,Recuento,,
181,29010,29010,CHIAUTEMPAN,2016,20160605,67,BARRIO DE TEXCACOAC,141,C05,,115,135,75,,6,30,46,11,,46,,,,,,,,,,2,466,13,479,701,Recuento,,
182,29010,29010,CHIAUTEMPAN,2016,20160605,68,BARRIO DE XAXALA,142,B,,122,,77,,0,28,49,38,,33,,,,,,,,,,0,347,37,384,639,Recuento,,
183,29010,29010,CHIAUTEMPAN,2016,20160605,68,BARRIO DE XAXALA,142,C01,,129,,88,,0,31,63,30,,34,,,,,,,,,,6,381,30,411,638,Recuento,,
184,29010,29010,CHIAUTEMPAN,2016,20160605,68,BARRIO DE XAXALA,142,C02,,118,,122,,0,49,55,21,,34,,,,,,,,,,1,400,25,425,638,Recuento,,
185,29011,29011,MUÑOZ DE DOMINGO ARENAS,2016,20160605,69,SAN JOSE CUAMATZINGO,162,B,,134,,,4,83,34,,,,71,,,,,,,,,,0,326,21,347,488,Acta casilla,,
186,29011,29011,MUÑOZ DE DOMINGO ARENAS,2016,20160605,69,SAN JOSE CUAMATZINGO,162,C01,,159,,,7,99,22,,,,47,,,,,,,,,,0,334,20,354,488,Acta casilla,,
187,29011,29011,MUÑOZ DE DOMINGO ARENAS,2016,20160605,70,GUADALUPE CUAUHTEMOC,163,B,,8,84,,130,39,3,55,,,,,,,,,,,,,0,319,19,338,476,Acta casilla,,
188,29011,29011,MUÑOZ DE DOMINGO ARENAS,2016,20160605,71,COLONIA SAN ISIDRO CHIPILA,164,B,,11,74,,7,4,,,,,,,,,,,,,,,86,182,12,194,252,Acta casilla,,
189,29013,29013,HUAMANTLA,2016,20160605,56,COLONIA JOSE MARIA MORELOS,211,B,,9,39,69,,,,34,,,2,,,,,,,,,,169,322,18,340,435,Acta casilla,,
190,29013,29013,HUAMANTLA,2016,20160605,56,COLONIA JOSE MARIA MORELOS,211,C01,,14,33,81,,,,31,,,10,,,,,,,,,,131,300,24,324,434,Acta casilla,,
191,29013,29013,HUAMANTLA,2016,20160605,72,COLONIA EMILIANO ZAPATA,178,B,,48,35,34,13,38,,23,37,,27,,,,,,,,,,33,288,17,305,436,Recuento,,
192,29013,29013,HUAMANTLA,2016,20160605,72,COLONIA EMILIANO ZAPATA,178,C01,,35,40,22,5,40,,32,59,,20,,,,,,,,,,34,287,18,305,431,Recuento,,
193,29013,29013,HUAMANTLA,2016,20160605,72,COLONIA EMILIANO ZAPATA,178,C02,,51,20,13,11,71,,20,42,,11,,,,,,,,,,49,288,20,308,508,Recuento,,
194,29013,29013,HUAMANTLA,2016,20160605,72,COLONIA EMILIANO ZAPATA,178,C03,,81,28,25,12,50,,27,48,,23,,,,,,,,,,53,347,20,367,456,Recuento,,
195,29013,29013,HUAMANTLA,2016,20160605,72,COLONIA EMILIANO ZAPATA,178,C04,,60,46,23,19,80,,30,31,,24,,,,,,,,,,58,371,26,397,505,Recuento,,
196,29013,29013,HUAMANTLA,2016,20160605,73,BARRIO DE SAN SEBASTIAN,179,B,,106,54,23,18,,,24,54,7,25,5,,,,,,,,,0,316,30,346,585,Acta casilla,,
197,29013,29013,HUAMANTLA,2016,20160605,73,BARRIO DE SAN SEBASTIAN,180,B,,4,6,9,2,,,4,7,1,7,1,,,,,,,,,1,42,2,44,105,Acta casilla,,
198,29013,29013,HUAMANTLA,2016,20160605,73,BARRIO DE SAN SEBASTIAN,181,B,,21,13,9,1,,,5,10,3,10,4,,,,,,,,,0,76,7,83,157,Acta casilla,,
199,29013,29013,HUAMANTLA,2016,20160605,73,BARRIO DE SAN SEBASTIAN,187,B,,43,12,5,5,,,7,13,7,16,2,,,,,,,,,0,110,9,119,208,Acta casilla,,
200,29013,29013,HUAMANTLA,2016,20160605,73,BARRIO DE SAN SEBASTIAN,179,C01,,78,54,35,13,,,36,32,22,42,5,,,,,,,,,3,320,23,343,542,Acta casilla,,
201,29013,29013,HUAMANTLA,2016,20160605,73,BARRIO DE SAN SEBASTIAN,180,C01,,31,8,24,6,,,5,17,2,9,3,,,,,,,,,0,105,14,119,188,Acta casilla,,
202,29013,29013,HUAMANTLA,2016,20160605,73,BARRIO DE SAN SEBASTIAN,181,C01,,25,15,8,10,,,4,26,2,15,0,,,,,,,,,0,105,7,112,190,Acta casilla,,
203,29013,29013,HUAMANTLA,2016,20160605,73,BARRIO DE SAN SEBASTIAN,187,C01,,24,19,6,8,,,2,5,1,7,1,,,,,,,,,2,75,1,76,153,Acta casilla,,
204,29013,29013,HUAMANTLA,2016,20160605,73,BARRIO DE SAN SEBASTIAN,179,C02,,87,67,34,25,,,26,37,17,30,4,,,,,,,,,0,327,36,363,539,Acta casilla,,
205,29013,29013,HUAMANTLA,2016,20160605,73,BARRIO DE SAN SEBASTIAN,180,C02,,19,9,7,2,,,3,15,1,5,4,,,,,,,,,0,65,2,67,141,Acta casilla,,
206,29013,29013,HUAMANTLA,2016,20160605,73,BARRIO DE SAN SEBASTIAN,181,C02,,29,12,8,5,,,10,10,7,10,0,,,,,,,,,0,91,9,100,197,Acta casilla,,
207,29013,29013,HUAMANTLA,2016,20160605,73,BARRIO DE SAN SEBASTIAN,187,C02,,41,18,9,8,,,0,3,8,11,2,,,,,,,,,0,100,8,108,204,Acta casilla,,
208,29013,29013,HUAMANTLA,2016,20160605,73,BARRIO DE SAN SEBASTIAN,179,C03,,89,49,23,13,,,26,45,12,39,4,,,,,,,,,0,300,38,338,559,Acta casilla,,
209,29013,29013,HUAMANTLA,2016,20160605,73,BARRIO DE SAN SEBASTIAN,180,C03,,12,10,11,1,,,3,16,0,7,1,,,,,,,,,0,61,3,64,113,Acta casilla,,
210,29013,29013,HUAMANTLA,2016,20160605,73,BARRIO DE SAN SEBASTIAN,179,C04,,106,68,20,18,,,32,55,15,21,5,,,,,,,,,1,341,26,367,506,Acta casilla,,
211,29013,29013,HUAMANTLA,2016,20160605,73,BARRIO DE SAN SEBASTIAN,180,C04,,32,18,6,0,,,6,13,0,5,2,,,,,,,,,0,82,5,87,170,Acta casilla,,
212,29013,29013,HUAMANTLA,2016,20160605,74,BARRIO DE SANTA ANITA,179,B,,1,1,0,2,0,,0,,,,2,,,,,,,,,0,6,0,6,12,Acta casilla,,
213,29013,29013,HUAMANTLA,2016,20160605,74,BARRIO DE SANTA ANITA,180,B,,12,68,58,19,26,,117,,,,23,,,,,,,,,0,323,16,339,490,Acta casilla,,
214,29013,29013,HUAMANTLA,2016,20160605,74,BARRIO DE SANTA ANITA,179,C01,,0,0,0,0,0,,0,,,,0,,,,,,,,,0,0,0,0,9,Acta casilla,,
215,29013,29013,HUAMANTLA,2016,20160605,74,BARRIO DE SANTA ANITA,180,C01,,15,56,40,16,23,,52,,,,45,,,,,,,,,0,247,22,269,419,Acta casilla,,
216,29013,29013,HUAMANTLA,2016,20160605,74,BARRIO DE SANTA ANITA,179,C02,,0,0,1,1,0,,0,,,,0,,,,,,,,,0,2,1,3,20,Acta casilla,,
217,29013,29013,HUAMANTLA,2016,20160605,74,BARRIO DE SANTA ANITA,180,C02,,9,59,52,14,20,,81,,,,44,,,,,,,,,1,280,20,300,454,Acta casilla,,
218,29013,29013,HUAMANTLA,2016,20160605,74,BARRIO DE SANTA ANITA,179,C03,,0,0,1,1,0,,0,,,,0,,,,,,,,,0,2,0,2,17,Recuento,,
219,29013,29013,HUAMANTLA,2016,20160605,74,BARRIO DE SANTA ANITA,180,C03,,22,64,47,15,15,,74,,,,41,,,,,,,,,0,278,15,293,471,Acta casilla,,
220,29013,29013,HUAMANTLA,2016,20160605,74,BARRIO DE SANTA ANITA,179,C04,,0,2,1,0,0,,2,,,,0,,,,,,,,,0,5,1,6,27,Acta casilla,,
221,29013,29013,HUAMANTLA,2016,20160605,74,BARRIO DE SANTA ANITA,180,C04,,17,62,47,19,18,,84,,,,27,,,,,,,,,0,274,20,294,422,Acta casilla,,
222,29013,29013,HUAMANTLA,2016,20160605,75,BARRIO DE SAN FRANCISCO YANCUITLALPAN,184,B,,77,161,62,,,,6,16,,40,,,,,,,,,,0,362,22,384,358,Acta casilla,,
223,29013,29013,HUAMANTLA,2016,20160605,75,BARRIO DE SAN FRANCISCO YANCUITLALPAN,217,B,,22,21,25,,,,0,7,,9,,,,,,,,,,0,84,4,88,164,Acta casilla,,
224,29013,29013,HUAMANTLA,2016,20160605,75,BARRIO DE SAN FRANCISCO YANCUITLALPAN,184,C01,,55,83,55,,,,0,13,,45,,,,,,,,,,0,251,8,259,421,Acta casilla,,
225,29013,29013,HUAMANTLA,2016,20160605,75,BARRIO DE SAN FRANCISCO YANCUITLALPAN,217,C01,,30,26,31,,,,0,8,,12,,,,,,,,,,0,107,7,114,201,Acta casilla,,
226,29013,29013,HUAMANTLA,2016,20160605,76,RANCHERIA DE LA CRUZ,184,B,,9,41,26,,,,5,,,,,,,,,,,,,0,81,11,92,171,Acta casilla,,
227,29013,29013,HUAMANTLA,2016,20160605,76,RANCHERIA DE LA CRUZ,192,B,,2,14,2,,,,0,,,,,,,,,,,,,0,18,0,18,28,Acta casilla,,
228,29013,29013,HUAMANTLA,2016,20160605,76,RANCHERIA DE LA CRUZ,218,B,,85,101,169,,,,33,,,,,,,,,,,,,0,388,26,414,643,Acta casilla,,
229,29013,29013,HUAMANTLA,2016,20160605,76,RANCHERIA DE LA CRUZ,184,C01,,14,38,29,,,,4,,,,,,,,,,,,,0,85,1,86,142,Acta casilla,,
230,29013,29013,HUAMANTLA,2016,20160605,76,RANCHERIA DE LA CRUZ,192,C01,,2,9,11,,,,0,,,,,,,,,,,,,0,22,0,22,39,Acta casilla,,
231,29013,29013,HUAMANTLA,2016,20160605,76,RANCHERIA DE LA CRUZ,192,C02,,1,8,16,,,,0,,,,,,,,,,,,,0,25,3,28,44,Acta casilla,,
232,29013,29013,HUAMANTLA,2016,20160605,77,BARRIO DE SANTA MARIA YANCUITLALPAN,184,B,,24,35,6,0,,,1,0,,2,,,,,,,,,,0,68,22,90,89,Acta casilla,,
233,29013,29013,HUAMANTLA,2016,20160605,77,BARRIO DE SANTA MARIA YANCUITLALPAN,192,B,,3,0,0,0,,,0,19,,3,,,,,,,,,,0,25,1,26,33,Acta casilla,,
234,29013,29013,HUAMANTLA,2016,20160605,77,BARRIO DE SANTA MARIA YANCUITLALPAN,217,B,,63,49,17,0,,,2,19,,15,,,,,,,,,,0,165,11,176,240,Acta casilla,,
235,29013,29013,HUAMANTLA,2016,20160605,77,BARRIO DE SANTA MARIA YANCUITLALPAN,184,C01,,16,10,8,0,,,1,9,,4,,,,,,,,,,0,48,1,49,54,Acta casilla,,
236,29013,29013,HUAMANTLA,2016,20160605,77,BARRIO DE SANTA MARIA YANCUITLALPAN,192,C01,,3,5,0,0,,,0,6,,0,,,,,,,,,,0,14,0,14,16,Acta casilla,,
237,29013,29013,HUAMANTLA,2016,20160605,77,BARRIO DE SANTA MARIA YANCUITLALPAN,217,C01,,49,37,10,3,,,4,17,,14,,,,,,,,,,0,134,1,135,202,Acta casilla,,
238,29013,29013,HUAMANTLA,2016,20160605,77,BARRIO DE SANTA MARIA YANCUITLALPAN,192,C02,,0,1,0,1,,,0,4,,0,,,,,,,,,,0,6,0,6,16,Acta casilla,,
239,29013,29013,HUAMANTLA,2016,20160605,78,BARRIO DE SAN LUCAS,188,B,,45,60,41,15,15,,8,36,,22,34,,,,,,,,,50,326,15,341,708,Acta casilla,,
240,29013,29013,HUAMANTLA,2016,20160605,78,BARRIO DE SAN LUCAS,195,B,,29,45,45,9,40,,1,11,,45,61,,,,,,,,,27,313,48,361,584,Acta casilla,,
241,29013,29013,HUAMANTLA,2016,20160605,78,BARRIO DE SAN LUCAS,188,C01,,38,49,63,13,16,,2,41,,21,29,,,,,,,,,37,309,12,321,708,Acta casilla,,
242,29013,29013,HUAMANTLA,2016,20160605,78,BARRIO DE SAN LUCAS,195,C01,,13,45,53,15,39,,7,9,,44,72,,,,,,,,,28,325,52,377,584,Acta casilla,,
243,29013,29013,HUAMANTLA,2016,20160605,78,BARRIO DE SAN LUCAS,188,C02,,51,54,55,19,15,,12,25,,35,37,,,,,,,,,44,347,20,367,707,Acta casilla,,
244,29013,29013,HUAMANTLA,2016,20160605,78,BARRIO DE SAN LUCAS,195,C02,,28,40,53,10,34,,3,15,,56,66,,,,,,,,,23,328,14,342,584,Acta casilla,,
245,29013,29013,HUAMANTLA,2016,20160605,78,BARRIO DE SAN LUCAS,188,C03,,36,59,35,9,25,,12,32,,25,30,,,,,,,,,29,292,20,312,707,Acta casilla,,
246,29013,29013,HUAMANTLA,2016,20160605,78,BARRIO DE SAN LUCAS,188,C04,,44,52,43,17,23,,4,45,,30,40,,,,,,,,,40,338,21,359,707,Acta casilla,,
247,29013,29013,HUAMANTLA,2016,20160605,79,BARRIO DE LA PRECIOSA,190,B,,9,16,3,2,5,0,0,0,,,,,,,,,,,,0,35,3,38,65,Acta casilla,,
248,29013,29013,HUAMANTLA,2016,20160605,79,BARRIO DE LA PRECIOSA,191,B,,70,17,21,8,20,0,7,12,,,,,,,,,,,,1,156,22,178,302,Acta casilla,,
249,29013,29013,HUAMANTLA,2016,20160605,79,BARRIO DE LA PRECIOSA,194,B,,14,13,8,4,7,0,5,4,,,,,,,,,,,,0,55,11,66,120,Acta casilla,,
250,29013,29013,HUAMANTLA,2016,20160605,79,BARRIO DE LA PRECIOSA,190,C01,,1,9,2,4,2,0,0,1,,,,,,,,,,,,0,19,2,21,39,Acta casilla,,
251,29013,29013,HUAMANTLA,2016,20160605,79,BARRIO DE LA PRECIOSA,191,C01,,90,28,15,3,23,0,3,33,,,,,,,,,,,,1,196,11,207,348,Acta casilla,,
252,29013,29013,HUAMANTLA,2016,20160605,79,BARRIO DE LA PRECIOSA,194,C01,,23,16,31,5,3,0,17,5,,,,,,,,,,,,0,100,6,106,141,Acta casilla,,
253,29013,29013,HUAMANTLA,2016,20160605,79,BARRIO DE LA PRECIOSA,194,C02,,9,10,12,7,4,0,5,3,,,,,,,,,,,,0,50,5,55,96,Acta casilla,,
254,29013,29013,HUAMANTLA,2016,20160605,79,BARRIO DE LA PRECIOSA,194,C03,,15,7,25,4,7,1,4,26,,,,,,,,,,,,0,89,5,94,126,Acta casilla,,
255,29013,29013,HUAMANTLA,2016,20160605,80,BARRIO DE SAN ANTONIO,192,B,,1,2,3,2,2,,,,,3,,,,,,,,,,0,13,3,16,28,Acta casilla,,
256,29013,29013,HUAMANTLA,2016,20160605,80,BARRIO DE SAN ANTONIO,194,B,,13,32,55,14,30,,,,,66,,,,,,,,,,0,210,11,221,326,Acta casilla,,
257,29013,29013,HUAMANTLA,2016,20160605,80,BARRIO DE SAN ANTONIO,192,C01,,4,1,1,2,4,,,,,5,,,,,,,,,,0,17,4,21,38,Acta casilla,,
258,29013,29013,HUAMANTLA,2016,20160605,80,BARRIO DE SAN ANTONIO,194,C01,,15,22,47,21,22,,,,,68,,,,,,,,,,0,195,4,199,294,Acta casilla,,
259,29013,29013,HUAMANTLA,2016,20160605,80,BARRIO DE SAN ANTONIO,192,C02,,0,3,0,1,11,,,,,0,,,,,,,,,,1,16,2,18,42,Acta casilla,,
260,29013,29013,HUAMANTLA,2016,20160605,80,BARRIO DE SAN ANTONIO,194,C02,,8,41,31,12,18,,,,,45,,,,,,,,,,1,156,12,168,288,Acta casilla,,
261,29013,29013,HUAMANTLA,2016,20160605,80,BARRIO DE SAN ANTONIO,194,C03,,21,33,64,29,25,,,,,33,,,,,,,,,,0,205,8,213,360,Acta casilla,,
262,29013,29013,HUAMANTLA,2016,20160605,81,BARRIO DE SAN JOSE,192,B,,92,35,45,104,10,,3,,13,24,,,,,,,,,,0,326,27,353,543,Acta casilla,,
263,29013,29013,HUAMANTLA,2016,20160605,81,BARRIO DE SAN JOSE,192,C01,,96,29,39,100,9,,3,,21,25,,,,,,,,,,1,323,20,343,539,Acta casilla,,
264,29013,29013,HUAMANTLA,2016,20160605,81,BARRIO DE SAN JOSE,192,C02,,83,24,37,97,5,,2,,24,17,,,,,,,,,,1,290,22,312,529,Acta casilla,,
265,29013,29013,HUAMANTLA,2016,20160605,82,COLONIA MARIANO MATAMOROS,193,B,,,75,50,,,,,35,,47,,,,,,,,,,39,246,20,266,398,Acta casilla,,
266,29013,29013,HUAMANTLA,2016,20160605,82,COLONIA MARIANO MATAMOROS,219,B,,,28,17,,,,,5,,22,,,,,,,,,,8,80,3,83,62,Acta casilla,,
267,29013,29013,HUAMANTLA,2016,20160605,82,COLONIA MARIANO MATAMOROS,193,C01,,,93,56,,,,,36,,41,,,,,,,,,,25,251,7,258,402,Acta casilla,,
268,29013,29013,HUAMANTLA,2016,20160605,83,HERMENEGILDO GALEANA,196,B,,51,39,51,,135,,,,,16,,,,,,,,,,50,342,18,360,517,Acta casilla,,
269,29013,29013,HUAMANTLA,2016,20160605,83,HERMENEGILDO GALEANA,196,C01,,45,55,35,,164,,,,,8,,,,,,,,,,43,350,25,375,517,Acta casilla,,
270,29013,29013,HUAMANTLA,2016,20160605,84,RANCHERIA DE TORRES,197,B,,105,20,20,,,,,,,10,,,,,,,,,,0,155,7,162,203,Acta casilla,,
271,29013,29013,HUAMANTLA,2016,20160605,85,FRANCISCO I MADERO LA MESA,198,B,,,38,56,,,,,,,0,,,,,,,,,,1,95,1,96,143,Acta casilla,Modificada,TET-JE246/2016
272,29013,29013,HUAMANTLA,2016,20160605,86,COLONIA FRANCISCO VILLA TECOAC,199,B,,82,171,71,,118,,28,,,52,,,,,,,,,,0,522,20,542,655,Acta casilla,,
273,29013,29013,HUAMANTLA,2016,20160605,87,EL CARMEN XALPATALAHUAYA,200,B,,85,79,126,,82,,105,,,19,,,,,,,,,,0,496,17,513,681,Acta casilla,,
274,29013,29013,HUAMANTLA,2016,20160605,87,EL CARMEN XALPATALAHUAYA,200,C01,,55,122,105,,134,,78,,,10,,,,,,,,,,0,504,12,516,680,Acta casilla,,
275,29013,29013,HUAMANTLA,2016,20160605,88,BENITO JUAREZ,201,B,,29,72,102,,,,112,76,,25,0,,,,,,,,,4,420,9,429,636,Acta casilla,,
276,29013,29013,HUAMANTLA,2016,20160605,88,BENITO JUAREZ,201,C01,,26,88,97,,,,105,61,,38,0,,,,,,,,,0,415,22,437,636,Acta casilla,,
277,29013,29013,HUAMANTLA,2016,20160605,88,BENITO JUAREZ,201,C02,,38,69,90,,,,80,77,,41,0,,,,,,,,,1,396,26,422,636,Acta casilla,,
278,29013,29013,HUAMANTLA,2016,20160605,88,BENITO JUAREZ,201,C03,,24,71,99,,,,115,64,,0,20,,,,,,,,,0,393,31,424,636,Acta casilla,,
279,29013,29013,HUAMANTLA,2016,20160605,88,BENITO JUAREZ,201,C04,,22,95,118,,,,77,75,,33,0,,,,,,,,,0,420,22,442,636,Acta casilla,,
280,29013,29013,HUAMANTLA,2016,20160605,89,FRANCISCO I MADERO TECOPILCO EL VALLE,202,B,,,86,27,,,,,81,,36,,,,,,,,,,1,231,14,245,465,Acta casilla,,
281,29013,29013,HUAMANTLA,2016,20160605,90,SAN JOSE XICOHTENCATL,203,B,,80,128,138,,,,,31,,47,,,,,,,,,,0,424,15,439,631,Acta casilla,,
282,29013,29013,HUAMANTLA,2016,20160605,90,SAN JOSE XICOHTENCATL,204,B,,64,176,92,,,,,39,,41,,,,,,,,,,5,417,18,435,675,Acta casilla,,
283,29013,29013,HUAMANTLA,2016,20160605,90,SAN JOSE XICOHTENCATL,203,C01,,88,170,134,,,,,32,,29,,,,,,,,,,0,453,15,468,630,Acta casilla,,
284,29013,29013,HUAMANTLA,2016,20160605,90,SAN JOSE XICOHTENCATL,204,C01,,54,150,127,,,,,61,,14,,,,,,,,,,0,406,18,424,675,Acta casilla,,
285,29013,29013,HUAMANTLA,2016,20160605,90,SAN JOSE XICOHTENCATL,203,C02,,89,129,133,,,,,31,,47,,,,,,,,,,0,429,17,446,630,Acta casilla,,
286,29013,29013,HUAMANTLA,2016,20160605,90,SAN JOSE XICOHTENCATL,204,C02,,78,165,106,,,,,47,,29,,,,,,,,,,3,428,11,439,675,Acta casilla,,
287,29013,29013,HUAMANTLA,2016,20160605,91,COLONIA ACASILLADOS SAN MARTIN NOTARIO,205,B,,108,44,1,,,,,,,71,,,,,,,,,,0,224,4,228,257,Acta casilla,,
288,29013,29013,HUAMANTLA,2016,20160605,92,LAZARO CARDENAS,206,B,,130,174,32,,,,,9,,34,,,,,,,,,,1,380,10,390,435,Acta casilla,,
289,29013,29013,HUAMANTLA,2016,20160605,92,LAZARO CARDENAS,206,C01,,107,145,48,,,,,6,,17,,,,,,,,,,0,323,5,328,386,Acta casilla,,
290,29013,29013,HUAMANTLA,2016,20160605,93,COLONIA CHAPULTEPEC,207,B,,108,173,61,,,,18,81,,,,,,,,,,,,65,506,27,533,734,Acta casilla,,
291,29013,29013,HUAMANTLA,2016,20160605,94,COLONIA SAN FRANCISCO TECOAC,208,B,,,,0,,,,,,,,,,,,,69,indep,,,53,122,9,131,177,Acta casilla,,
292,29013,29013,HUAMANTLA,2016,20160605,95,NUEVO BARRIO FRANCISCO VILLA,208,B,,69,91,,,15,,,105,122,,,,,,,,,,,0,402,9,411,556,Acta casilla,,
293,29013,29013,HUAMANTLA,2016,20160605,96,COLONIA CUAUHTEMOC,209,B,,,220,121,,9,,,231,,,,,,,,,,,,0,581,23,604,742,Acta casilla,,
294,29013,29013,HUAMANTLA,2016,20160605,98,COLONIA JOSE MARIA MORELOS,212,B,missing,,,,,,,,,,,,,,,,,,,,,,,,484,Acta casilla,,
295,29013,29013,HUAMANTLA,2016,20160605,99,IGNACIO ZARAGOZA,213,B,,24,147,14,31,74,,14,61,41,17,,,,,,,,,,0,423,21,444,664,Acta casilla,,
296,29013,29013,HUAMANTLA,2016,20160605,99,IGNACIO ZARAGOZA,214,B,,23,191,32,26,42,,27,16,24,22,,,,,,,,,,0,403,19,422,629,Acta casilla,,
297,29013,29013,HUAMANTLA,2016,20160605,99,IGNACIO ZARAGOZA,213,C01,,25,171,13,31,50,,29,47,21,21,,,,,,,,,,0,408,18,426,664,Acta casilla,,
298,29013,29013,HUAMANTLA,2016,20160605,99,IGNACIO ZARAGOZA,214,C01,,24,206,25,18,41,,34,28,29,15,,,,,,,,,,0,420,19,439,628,Acta casilla,,
299,29013,29013,HUAMANTLA,2016,20160605,99,IGNACIO ZARAGOZA,213,C02,,32,172,22,16,55,,28,44,28,19,,,,,,,,,,0,416,20,436,664,Acta casilla,,
300,29013,29013,HUAMANTLA,2016,20160605,99,IGNACIO ZARAGOZA,214,C02,,16,206,26,21,47,,30,17,23,15,,,,,,,,,,0,401,20,421,628,Acta casilla,,
301,29013,29013,HUAMANTLA,2016,20160605,99,IGNACIO ZARAGOZA,213,C03,,26,148,19,32,79,,20,56,23,25,,,,,,,,,,0,428,39,467,664,Acta casilla,,
302,29013,29013,HUAMANTLA,2016,20160605,100,RANCHERIA ALTAMIRA DE GUADALUPE,215,B,,95,81,,,,46,,,,,,,,,,,,,,0,222,0,222,286,Acta casilla,,
303,29013,29013,HUAMANTLA,2016,20160605,101,RANCHERIA LOS PILARES,216,B,,,76,24,,,,8,44,65,49,,,,,,,,,,0,266,20,286,427,Acta casilla,,
304,29013,29013,HUAMANTLA,2016,20160605,101,RANCHERIA LOS PILARES,216,C01,,,63,55,,,,5,46,61,35,,,,,,,,,,1,266,21,287,427,Acta casilla,,
305,29013,29013,HUAMANTLA,2016,20160605,102,RANCHERIA DE JESUS,219,B,,0,148,4,3,,,133,51,,,,,,,,,,,,9,348,20,368,670,Recuento,,
306,29014,29014,HUEYOTLIPAN,2016,20160605,103,IGNACIO ZARAGOZA,222,B,,31,35,68,114,,,,72,,43,,,,,,,,,,0,363,19,382,532,Recuento,,
307,29014,29014,HUEYOTLIPAN,2016,20160605,103,IGNACIO ZARAGOZA,222,C01,,44,51,58,92,,,,91,,31,,,,,,,,,,0,367,13,380,531,Recuento,,
308,29014,29014,HUEYOTLIPAN,2016,20160605,104,ADOLFO LOPEZ MATEOS,224,B,,267,,210,,,,,14,,,,,,,,,,,,9,500,12,512,670,Recuento,,
309,29014,29014,HUEYOTLIPAN,2016,20160605,105,SAN LORENZO TECHALOTE,225,B,,61,3,43,,,,,121,,1,,,,,,,,,,0,229,12,241,279,Recuento,,
310,29014,29014,HUEYOTLIPAN,2016,20160605,106,SANTIAGO TLALPAN,227,B,,190,92,,,,,,121,2,29,14,,,,,,,,,0,448,11,459,620,Acta casilla,,
311,29014,29014,HUEYOTLIPAN,2016,20160605,107,SAN SIMEON XIPETZINGO,228,B,,98,61,56,,89,,,79,,,,,,,,,,,,3,386,24,410,635,Recuento,,
312,29014,29014,HUEYOTLIPAN,2016,20160605,107,SAN SIMEON XIPETZINGO,228,C01,,112,69,50,,80,,,84,,,,,,,,,,,,1,396,10,406,634,Recuento,,
313,29014,29014,HUEYOTLIPAN,2016,20160605,107,SAN SIMEON XIPETZINGO,228,C02,,95,54,67,,78,,,81,,,,,,,,,,,,0,375,19,394,634,Recuento,,
314,29014,29014,HUEYOTLIPAN,2016,20160605,107,SAN SIMEON XIPETZINGO,228,C03,,87,66,48,,95,,,95,,,,,,,,,,,,1,392,16,408,634,Recuento,,
315,29014,29014,HUEYOTLIPAN,2016,20160605,108,SAN MANUEL TLALPAN,229,B,,,52,,,,,,48,,,,,,,,,,,,0,100,0,100,128,Recuento,,
316,29014,29014,HUEYOTLIPAN,2016,20160605,109,SANTA MARIA IXCOTLA,230,B,,,,155,,,,,79,,130,,,,,,,,,,0,364,15,379,526,Recuento,,
317,29015,29015,IXTACUIXTLA DE MARIANO MATAMOROS,2016,20160605,110,SAN FELIPE IXTACUIXTLA,232,B,,68,50,26,,41,48,30,56,16,,,,,,,,,,,50,385,21,406,640,Recuento,,
318,29015,29015,IXTACUIXTLA DE MARIANO MATAMOROS,2016,20160605,110,SAN FELIPE IXTACUIXTLA,233,B,,29,82,26,,49,64,48,26,9,,,,,,,,,,,17,350,15,365,555,Recuento,,
319,29015,29015,IXTACUIXTLA DE MARIANO MATAMOROS,2016,20160605,110,SAN FELIPE IXTACUIXTLA,234,B,,37,77,60,,71,72,55,23,9,,,,,,,,,,,18,422,14,436,633,Recuento,,
320,29015,29015,IXTACUIXTLA DE MARIANO MATAMOROS,2016,20160605,110,SAN FELIPE IXTACUIXTLA,232,C01,,88,43,23,,54,51,29,36,13,,,,,,,,,,,31,368,22,390,639,Recuento,,
321,29015,29015,IXTACUIXTLA DE MARIANO MATAMOROS,2016,20160605,110,SAN FELIPE IXTACUIXTLA,233,C01,,29,86,40,,53,65,25,24,12,,,,,,,,,,,23,357,16,373,554,Recuento,,
322,29015,29015,IXTACUIXTLA DE MARIANO MATAMOROS,2016,20160605,110,SAN FELIPE IXTACUIXTLA,234,C01,,30,59,53,,78,87,36,24,24,,,,,,,,,,,25,416,22,438,633,Recuento,,
323,29015,29015,IXTACUIXTLA DE MARIANO MATAMOROS,2016,20160605,110,SAN FELIPE IXTACUIXTLA,232,C02,,109,40,34,,62,58,16,47,11,,,,,,,,,,,34,411,32,443,639,Recuento,,
324,29015,29015,IXTACUIXTLA DE MARIANO MATAMOROS,2016,20160605,110,SAN FELIPE IXTACUIXTLA,233,C02,,23,57,27,,88,56,33,22,15,,,,,,,,,,,40,361,13,374,554,Recuento,,
325,29015,29015,IXTACUIXTLA DE MARIANO MATAMOROS,2016,20160605,111,RANCHERIA LA SOLEDAD,235,B,,8,,33,,,27,4,44,,,,,,,,,,,,0,116,0,116,197,Acta casilla,,
326,29015,29015,IXTACUIXTLA DE MARIANO MATAMOROS,2016,20160605,112,SAN ANTONIO ATOTONILCO,241,B,,67,27,147,,,6,14,19,5,,,,,,,,,,,0,285,24,309,568,Acta casilla,,
327,29015,29015,IXTACUIXTLA DE MARIANO MATAMOROS,2016,20160605,112,SAN ANTONIO ATOTONILCO,242,B,,84,68,113,,,18,6,9,5,,,,,,,,,,,0,303,25,328,655,Acta casilla,,
328,29015,29015,IXTACUIXTLA DE MARIANO MATAMOROS,2016,20160605,112,SAN ANTONIO ATOTONILCO,241,C01,,66,36,107,,,17,18,14,2,,,,,,,,,,,1,261,0,261,568,Acta casilla,,
329,29015,29015,IXTACUIXTLA DE MARIANO MATAMOROS,2016,20160605,112,SAN ANTONIO ATOTONILCO,242,C01,,91,41,113,,,14,15,25,6,,,,,,,,,,,0,305,22,327,655,Acta casilla,,
330,29015,29015,IXTACUIXTLA DE MARIANO MATAMOROS,2016,20160605,112,SAN ANTONIO ATOTONILCO,241,C02,,73,28,128,,,16,7,11,3,,,,,,,,,,,0,266,18,284,567,Acta casilla,,
331,29015,29015,IXTACUIXTLA DE MARIANO MATAMOROS,2016,20160605,113,SAN MIGUEL LA PRESA,243,B,,6,7,,,,100,41,91,,,,,,,,,,,,0,245,12,257,335,Recuento,,
332,29015,29015,IXTACUIXTLA DE MARIANO MATAMOROS,2016,20160605,114,LA TRINIDAD TENEXYECAC,245,B,,25,70,50,,,117,46,23,68,,,,,,,,,,,0,399,12,411,575,Acta casilla,,
333,29015,29015,IXTACUIXTLA DE MARIANO MATAMOROS,2016,20160605,114,LA TRINIDAD TENEXYECAC,245,C01,,18,47,42,,,132,46,46,70,,,,,,,,,,,0,401,25,426,575,Acta casilla,,
334,29015,29015,IXTACUIXTLA DE MARIANO MATAMOROS,2016,20160605,114,LA TRINIDAD TENEXYECAC,245,C02,,15,47,63,,,131,39,42,69,,,,,,,,,,,0,406,19,425,575,Acta casilla,,
335,29015,29015,IXTACUIXTLA DE MARIANO MATAMOROS,2016,20160605,114,LA TRINIDAD TENEXYECAC,245,C03,,12,35,37,,,151,68,33,85,,,,,,,,,,,0,421,11,432,574,Acta casilla,,
336,29015,29015,IXTACUIXTLA DE MARIANO MATAMOROS,2016,20160605,115,SAN ANTONIO TECOAC,246,B,,105,139,,,,104,72,93,,,,,,,,,,,,0,513,19,532,697,Acta casilla,,
337,29015,29015,IXTACUIXTLA DE MARIANO MATAMOROS,2016,20160605,116,SAN ANTONIO TIZOSTOC,247,B,,24,55,6,,,16,32,167,,17,,,,,,,,,,0,317,31,348,522,Acta casilla,,
338,29015,29015,IXTACUIXTLA DE MARIANO MATAMOROS,2016,20160605,116,SAN ANTONIO TIZOSTOC,247,C01,,20,70,7,,,16,20,177,,22,,,,,,,,,,0,332,31,363,522,Acta casilla,,
339,29015,29015,IXTACUIXTLA DE MARIANO MATAMOROS,2016,20160605,116,SAN ANTONIO TIZOSTOC,247,C02,,44,47,5,,,12,38,200,,24,,,,,,,,,,1,371,10,381,522,Acta casilla,,
340,29015,29015,IXTACUIXTLA DE MARIANO MATAMOROS,2016,20160605,117,SANTA CRUZ EL PORVENIR,248,B,,,125,168,,,10,65,51,,,,,,,,,,,,0,419,15,434,575,Acta casilla,,
341,29015,29015,IXTACUIXTLA DE MARIANO MATAMOROS,2016,20160605,117,SANTA CRUZ EL PORVENIR,248,C01,,,114,116,,,16,63,83,,,,,,,,,,,,0,392,10,402,559,Recuento,,
342,29015,29015,IXTACUIXTLA DE MARIANO MATAMOROS,2016,20160605,118,ESPIRITU SANTO,249,B,,,134,9,,,60,82,87,,4,,,,,,,,,,0,376,11,387,541,Acta casilla,,
343,29015,29015,IXTACUIXTLA DE MARIANO MATAMOROS,2016,20160605,119,SAN GABRIEL POPOCATLA,250,B,,29,49,,,,60,65,86,32,25,,,,,,,,,,0,346,10,356,475,Acta casilla,,
344,29015,29015,IXTACUIXTLA DE MARIANO MATAMOROS,2016,20160605,119,SAN GABRIEL POPOCATLA,250,C01,,20,68,,,,52,50,71,51,32,,,,,,,,,,0,344,10,354,475,Acta casilla,,
345,29015,29015,IXTACUIXTLA DE MARIANO MATAMOROS,2016,20160605,120,SAN DIEGO XOCOYUCAN,251,B,,53,94,62,,8,72,41,5,,101,,,,,,,,,,0,436,15,451,703,Acta casilla,,
346,29015,29015,IXTACUIXTLA DE MARIANO MATAMOROS,2016,20160605,120,SAN DIEGO XOCOYUCAN,251,C01,,37,121,64,,8,95,47,4,,75,,,,,,,,,,1,452,14,466,703,Acta casilla,,
347,29015,29015,IXTACUIXTLA DE MARIANO MATAMOROS,2016,20160605,120,SAN DIEGO XOCOYUCAN,251,C02,,61,119,49,,3,63,60,6,,94,,,,,,,,,,0,455,17,472,703,Acta casilla,,
348,29015,29015,IXTACUIXTLA DE MARIANO MATAMOROS,2016,20160605,120,SAN DIEGO XOCOYUCAN,251,C03,,54,117,52,,10,73,54,3,,90,,,,,,,,,,0,453,6,459,702,Acta casilla,,
349,29015,29015,IXTACUIXTLA DE MARIANO MATAMOROS,2016,20160605,121,SANTA INES TECUEXCOMAC,256,B,,86,61,58,,,,0,52,,,,,,,,,,,,0,257,0,257,676,Acta casilla,,
350,29015,29015,IXTACUIXTLA DE MARIANO MATAMOROS,2016,20160605,121,SANTA INES TECUEXCOMAC,257,B,,50,26,42,,,,72,53,,,,,,,,,,,,0,243,6,249,460,Acta casilla,,
351,29015,29015,IXTACUIXTLA DE MARIANO MATAMOROS,2016,20160605,121,SANTA INES TECUEXCOMAC,256,C01,,67,70,44,,,,169,50,,,,,,,,,,,,0,400,21,421,676,Acta casilla,,
352,29015,29015,IXTACUIXTLA DE MARIANO MATAMOROS,2016,20160605,121,SANTA INES TECUEXCOMAC,257,C01,,49,31,65,,,,80,50,,,,,,,,,,,,0,275,20,295,459,Acta casilla,,
353,29017,29017,MAZATECOCHCO DE JOSE MARIA MORELOS,2016,20160605,122,CUARTA SECCION,263,B,,79,46,113,33,71,71,,,,18,39,,,,,,,,,0,470,22,492,676,Acta casilla,,
354,29017,29017,MAZATECOCHCO DE JOSE MARIA MORELOS,2016,20160605,122,CUARTA SECCION,263,C01,,111,56,73,28,83,95,,,,18,36,,,,,,,,,0,500,12,512,676,Acta casilla,,
355,29017,29017,MAZATECOCHCO DE JOSE MARIA MORELOS,2016,20160605,122,CUARTA SECCION,263,C02,,95,68,102,23,78,103,,,,23,24,,,,,,,,,0,516,22,538,675,Acta casilla,,
356,29017,29017,MAZATECOCHCO DE JOSE MARIA MORELOS,2016,20160605,123,TERCERA SECCION,264,B,,15,66,53,110,103,48,,,,8,63,,,,,,,,,0,466,22,488,627,Acta casilla,,
357,29017,29017,MAZATECOCHCO DE JOSE MARIA MORELOS,2016,20160605,123,TERCERA SECCION,264,C01,,11,63,53,97,160,35,,,,4,60,,,,,,,,,0,483,12,495,626,Acta casilla,,
358,29017,29017,MAZATECOCHCO DE JOSE MARIA MORELOS,2016,20160605,123,TERCERA SECCION,264,C02,,8,84,45,105,131,49,,,,7,50,,,,,,,,,0,479,23,502,626,Acta casilla,,
359,29017,29017,MAZATECOCHCO DE JOSE MARIA MORELOS,2016,20160605,124,SEGUNDA SECCION,265,B,,33,132,69,42,50,75,,,,35,40,,,,,,,,,2,478,15,493,632,Acta casilla,,
360,29017,29017,MAZATECOCHCO DE JOSE MARIA MORELOS,2016,20160605,124,SEGUNDA SECCION,265,C01,,16,185,94,20,35,35,,,,31,31,,,,,,,,,0,447,19,466,632,Acta casilla,,
361,29017,29017,MAZATECOCHCO DE JOSE MARIA MORELOS,2016,20160605,124,SEGUNDA SECCION,265,C02,,31,168,81,31,44,48,,,,46,27,,,,,,,,,0,476,14,490,632,Acta casilla,,
362,29017,29017,MAZATECOCHCO DE JOSE MARIA MORELOS,2016,20160605,125,PRIMERA SECCION,266,B,,20,32,51,85,106,26,,,,7,30,,,,,,,,,1,358,11,369,509,Acta casilla,,
363,29017,29017,MAZATECOCHCO DE JOSE MARIA MORELOS,2016,20160605,125,PRIMERA SECCION,266,C01,,12,31,70,57,133,28,,,,3,27,,,,,,,,,1,362,9,371,508,Acta casilla,,
364,29017,29017,MAZATECOCHCO DE JOSE MARIA MORELOS,2016,20160605,125,PRIMERA SECCION,266,C02,,18,34,68,62,112,30,,,,9,36,,,,,,,,,1,370,16,386,508,Acta casilla,,
365,29018,29018,CONTLA DE JUAN CUAMATZI,2016,20160605,126,SECCION 1A SAN BERNARDINO,267,B,,166,37,41,,6,,3,87,8,61,5,,,,,,,,,1,415,7,422,595,Acta casilla,,
366,29018,29018,CONTLA DE JUAN CUAMATZI,2016,20160605,126,SECCION 1A SAN BERNARDINO,273,B,,192,65,41,,7,,5,53,13,71,7,,,,,,,,,0,454,18,472,646,Acta casilla,,
367,29018,29018,CONTLA DE JUAN CUAMATZI,2016,20160605,126,SECCION 1A SAN BERNARDINO,267,C01,,0,0,0,,0,,0,0,0,0,0,,,,,,,,,0,0,0,0,595,Acta casilla,,
368,29018,29018,CONTLA DE JUAN CUAMATZI,2016,20160605,126,SECCION 1A SAN BERNARDINO,273,C01,,137,58,49,,4,,3,62,7,100,13,,,,,,,,,3,436,25,461,646,Recuento,,
369,29018,29018,CONTLA DE JUAN CUAMATZI,2016,20160605,126,SECCION 1A SAN BERNARDINO,267,C02,,0,0,0,,0,,0,0,0,0,0,,,,,,,,,0,0,0,0,595,Acta casilla,,
370,29018,29018,CONTLA DE JUAN CUAMATZI,2016,20160605,126,SECCION 1A SAN BERNARDINO,273,C02,,183,71,33,,5,,5,36,10,87,17,,,,,,,,,0,447,22,469,645,Acta casilla,,
371,29018,29018,CONTLA DE JUAN CUAMATZI,2016,20160605,127,SECCION 6A TLACATECPA,268,B,,25,23,59,,4,39,49,0,58,37,27,,,,,,,,,65,386,27,413,590,Recuento,,
372,29018,29018,CONTLA DE JUAN CUAMATZI,2016,20160605,127,SECCION 6A TLACATECPA,269,B,,12,30,110,,7,45,44,0,31,21,14,,,,,,,,,48,362,19,381,560,Recuento,,
373,29018,29018,CONTLA DE JUAN CUAMATZI,2016,20160605,127,SECCION 6A TLACATECPA,268,C01,,10,27,35,,11,0,0,26,9,9,11,,,,,,,,,26,164,27,191,590,Recuento,,
374,29018,29018,CONTLA DE JUAN CUAMATZI,2016,20160605,127,SECCION 6A TLACATECPA,269,C01,,15,42,35,,44,36,0,5,6,2,6,,,,,,,,,5,196,5,201,560,Recuento,,
375,29018,29018,CONTLA DE JUAN CUAMATZI,2016,20160605,127,SECCION 6A TLACATECPA,268,C02,,100,20,107,,12,12,0,15,33,12,13,,,,,,,,,8,332,5,337,590,Recuento,,
376,29018,29018,CONTLA DE JUAN CUAMATZI,2016,20160605,127,SECCION 6A TLACATECPA,269,C02,,0,0,0,,0,0,0,0,0,0,0,,,,,,,,,0,0,0,0,559,Recuento,,
377,29018,29018,CONTLA DE JUAN CUAMATZI,2016,20160605,127,SECCION 6A TLACATECPA,268,C03,,14,18,60,,4,34,86,0,92,21,26,,,,,,,,,58,413,15,428,589,Recuento,,
378,29018,29018,CONTLA DE JUAN CUAMATZI,2016,20160605,128,SECCION SEPTIMA,270,B,,25,49,109,,70,3,,29,9,56,23,,,,,,,,,1,374,22,396,651,Acta casilla,,
379,29018,29018,CONTLA DE JUAN CUAMATZI,2016,20160605,128,SECCION SEPTIMA,271,B,,12,107,93,,68,15,,15,13,45,10,,,,,,,,,1,379,13,392,590,Acta casilla,,
380,29018,29018,CONTLA DE JUAN CUAMATZI,2016,20160605,128,SECCION SEPTIMA,283,B,,0,0,0,,0,0,,0,0,0,0,,,,,,,,,0,0,0,0,716,Acta casilla,,
381,29018,29018,CONTLA DE JUAN CUAMATZI,2016,20160605,128,SECCION SEPTIMA,270,C01,,27,72,127,,61,7,,21,15,58,21,,,,,,,,,4,413,18,431,651,Acta casilla,,
382,29018,29018,CONTLA DE JUAN CUAMATZI,2016,20160605,128,SECCION SEPTIMA,271,C01,,28,70,109,,55,8,,24,16,47,21,,,,,,,,,0,378,12,390,590,Acta casilla,,
383,29018,29018,CONTLA DE JUAN CUAMATZI,2016,20160605,128,SECCION SEPTIMA,283,C01,,36,56,127,,58,18,,28,22,50,18,,,,,,,,,0,413,38,451,716,Acta casilla,,
384,29018,29018,CONTLA DE JUAN CUAMATZI,2016,20160605,128,SECCION SEPTIMA,271,C02,,25,84,115,,46,8,,27,16,51,26,,,,,,,,,3,401,18,419,590,Acta casilla,,
385,29018,29018,CONTLA DE JUAN CUAMATZI,2016,20160605,129,SECCION SEGUNDA,272,B,,47,18,77,,22,,46,46,4,51,28,,,,,,,,,72,411,20,431,611,Recuento,,
386,29018,29018,CONTLA DE JUAN CUAMATZI,2016,20160605,129,SECCION SEGUNDA,272,C01,,60,30,77,,15,,66,16,6,79,35,,,,,,,,,44,428,19,447,611,Recuento,,
387,29018,29018,CONTLA DE JUAN CUAMATZI,2016,20160605,129,SECCION SEGUNDA,272,C02,,0,0,0,,0,,0,0,0,0,0,,,,,,,,,0,0,0,0,611,Acta casilla,,
388,29018,29018,CONTLA DE JUAN CUAMATZI,2016,20160605,129,SECCION SEGUNDA,272,C03,,72,28,66,,25,,53,30,6,74,30,,,,,,,,,42,426,14,440,611,Recuento,,
389,29018,29018,CONTLA DE JUAN CUAMATZI,2016,20160605,129,SECCION SEGUNDA,272,C04,,62,31,85,,25,,47,27,4,70,50,,,,,,,,,39,440,14,454,611,Acta casilla,,
390,29018,29018,CONTLA DE JUAN CUAMATZI,2016,20160605,130,SECCION 9A COLHUACA,274,B,,,,73,,71,47,1,63,30,84,72,,,,,,,,,31,472,11,483,591,Acta casilla,,
391,29018,29018,CONTLA DE JUAN CUAMATZI,2016,20160605,130,SECCION 9A COLHUACA,274,C01,,,,62,,79,54,2,69,6,62,56,,,,,,,,,41,431,16,447,591,Acta casilla,,
392,29018,29018,CONTLA DE JUAN CUAMATZI,2016,20160605,131,SECCION 3A SAN MIGUEL XALTIPAN,275,B,,76,51,32,45,3,31,18,14,64,4,20,,,,,,,,,0,358,8,366,549,Acta casilla,,
393,29018,29018,CONTLA DE JUAN CUAMATZI,2016,20160605,131,SECCION 3A SAN MIGUEL XALTIPAN,276,B,,55,52,32,54,35,22,24,17,78,11,28,,,,,,,,,2,410,14,424,591,Recuento,,
394,29018,29018,CONTLA DE JUAN CUAMATZI,2016,20160605,131,SECCION 3A SAN MIGUEL XALTIPAN,275,C01,,75,45,19,42,7,23,31,12,73,6,46,,,,,,,,,2,381,12,393,548,Acta casilla,,
395,29018,29018,CONTLA DE JUAN CUAMATZI,2016,20160605,131,SECCION 3A SAN MIGUEL XALTIPAN,276,C01,,53,47,42,77,20,23,36,12,62,11,0,,,,,,,,,0,383,19,402,591,Recuento,,
396,29018,29018,CONTLA DE JUAN CUAMATZI,2016,20160605,131,SECCION 3A SAN MIGUEL XALTIPAN,275,C02,,74,42,32,37,10,36,21,20,61,4,15,,,,,,,,,0,352,11,363,548,Acta casilla,,
397,29018,29018,CONTLA DE JUAN CUAMATZI,2016,20160605,131,SECCION 3A SAN MIGUEL XALTIPAN,276,C02,,82,34,49,43,7,28,14,36,95,5,30,,,,,,,,,1,424,11,435,590,Acta casilla,,
398,29018,29018,CONTLA DE JUAN CUAMATZI,2016,20160605,132,SECCION 8A STA MARIA AQUIAHUAC,277,B,,38,63,11,,2,,,81,0,25,0,,,,,,,,,128,348,12,360,449,Acta casilla,,
399,29019,29019,TEPETITLA DE LARDIZABAL,2016,20160605,133,VILLALTA,288,B,,59,50,,20,107,,,,27,,117,,,,,,,,,3,383,12,395,667,Recuento,,
400,29019,29019,TEPETITLA DE LARDIZABAL,2016,20160605,133,VILLALTA,289,B,,54,38,,16,106,,,,7,,116,,,,,,,,,0,337,8,345,509,Acta casilla,,
401,29019,29019,TEPETITLA DE LARDIZABAL,2016,20160605,133,VILLALTA,288,C01,,38,38,,23,118,,,,30,,125,,,,,,,,,0,372,2,374,666,Acta casilla,,
402,29019,29019,TEPETITLA DE LARDIZABAL,2016,20160605,133,VILLALTA,289,C01,,42,39,,26,143,,,,12,,80,,,,,,,,,0,342,14,356,509,Acta casilla,,
403,29019,29019,TEPETITLA DE LARDIZABAL,2016,20160605,133,VILLALTA,288,C02,,43,54,,28,130,,,,30,,138,,,,,,,,,2,425,12,437,666,Recuento,,
404,29019,29019,TEPETITLA DE LARDIZABAL,2016,20160605,133,VILLALTA,289,C02,,53,21,,23,160,,,,4,,93,,,,,,,,,0,354,8,362,508,Acta casilla,,
405,29019,29019,TEPETITLA DE LARDIZABAL,2016,20160605,133,VILLALTA,288,C03,,47,52,,24,104,,,,17,,137,,,,,,,,,0,381,12,393,666,Recuento,,
406,29019,29019,TEPETITLA DE LARDIZABAL,2016,20160605,134,SAN MATEO AYECAC,290,B,,88,52,80,,228,,,,,,,,,,,,,,,12,460,8,468,632,Recuento,,
407,29019,29019,TEPETITLA DE LARDIZABAL,2016,20160605,134,SAN MATEO AYECAC,290,C01,,85,68,96,,179,,,,,,,,,,,,,,,20,448,8,456,631,Recuento,,
408,29019,29019,TEPETITLA DE LARDIZABAL,2016,20160605,134,SAN MATEO AYECAC,290,C02,,54,49,85,,270,,,,,,,,,,,,,,,9,467,4,471,631,Acta casilla,,
409,29019,29019,TEPETITLA DE LARDIZABAL,2016,20160605,134,SAN MATEO AYECAC,290,C03,,70,81,78,,210,,,,,,,,,,,,,,,11,450,16,466,631,Acta casilla,,
410,29019,29019,TEPETITLA DE LARDIZABAL,2016,20160605,135,GUADALUPE VICTORIA,291,B,,0,174,262,,0,,,0,,,,,,,,,,,,0,436,19,455,545,Acta casilla,,
411,29020,29020,SANCTORUM DE LAZARO CARDENAS,2016,20170604,136,LA PROVIDENCIA,293,B,extra,40,67,0,,,,,0,0,0,,,,,,,,,,0,107,1,108,142,Acta Casilla,,
412,29020,29020,SANCTORUM DE LAZARO CARDENAS,2016,20160605,137,FRANCISCO VILLA,297,B,,217,21,123,,,,,56,,,,,,,,,,,,37,454,16,470,668,Acta casilla,,
413,29020,29020,SANCTORUM DE LAZARO CARDENAS,2016,20160605,137,FRANCISCO VILLA,298,B,,121,20,94,,,,,44,,,,,,,,,,,,32,311,11,322,447,Acta casilla,,
414,29020,29020,SANCTORUM DE LAZARO CARDENAS,2016,20160605,137,FRANCISCO VILLA,297,C01,,228,32,116,,,,,43,,,,,,,,,,,,45,464,12,476,667,Acta casilla,,
415,29020,29020,SANCTORUM DE LAZARO CARDENAS,2016,20160605,137,FRANCISCO VILLA,298,C01,,120,22,106,,,,,35,,,,,,,,,,,,34,317,10,327,447,Acta casilla,,
416,29021,29021,NANACAMILPA DE MARIANO ARISTA,2016,20160605,138,FRANCISCO I MADERO,304,B,,168,61,,,,,,0,,13,156,,,,,,,,,72,470,13,483,458,Acta casilla,,
417,29021,29021,NANACAMILPA DE MARIANO ARISTA,2016,20160605,138,FRANCISCO I MADERO,304,C01,,167,78,,,,,,7,,0,0,,,,,,,,,66,318,9,327,458,Acta casilla,,
418,29021,29021,NANACAMILPA DE MARIANO ARISTA,2016,20160605,139,TEPUENTE,306,B,,25,47,,,,,,5,,53,,,,,,,,,,0,130,3,133,172,Acta casilla,,
419,29021,29021,NANACAMILPA DE MARIANO ARISTA,2016,20160605,140,SAN FELIPE HIDALGO,308,B,,,120,46,,1,0,51,,111,18,,,,,,,,,,58,405,12,417,586,Acta casilla,,
420,29021,29021,NANACAMILPA DE MARIANO ARISTA,2016,20160605,140,SAN FELIPE HIDALGO,308,C01,,,112,36,,0,38,48,,109,38,,,,,,,,,,40,421,13,434,586,Acta casilla,,
421,29022,29022,ACUAMANALA DE MIGUEL HIDALGO,2016,20160605,141,SECCION 1A ACUAMANALA,309,B,,82,32,87,,30,44,,,91,106,,,,,,,,,,0,472,20,492,611,Acta casilla,,
422,29022,29022,ACUAMANALA DE MIGUEL HIDALGO,2016,20160605,141,SECCION 1A ACUAMANALA,309,C01,,89,32,54,,70,26,,,70,128,,,,,,,,,,0,469,13,482,610,Acta casilla,,
423,29022,29022,ACUAMANALA DE MIGUEL HIDALGO,2016,20160605,142,SECCION 3A CHIMALPA,310,B,,82,52,97,,124,52,,,107,47,,,,,,,,,,0,561,16,577,671,Acta casilla,,
424,29022,29022,ACUAMANALA DE MIGUEL HIDALGO,2016,20160605,142,SECCION 3A CHIMALPA,310,C01,,79,63,78,,143,56,,,80,44,,,,,,,,,,0,543,16,559,670,Acta casilla,,
425,29022,29022,ACUAMANALA DE MIGUEL HIDALGO,2016,20160605,143,SECCION 2A GUADALUPE HIDALGO,311,B,,63,12,62,,4,190,,,56,98,,,,,,,,,,0,485,17,502,566,Acta casilla,,
426,29022,29022,ACUAMANALA DE MIGUEL HIDALGO,2016,20160605,143,SECCION 2A GUADALUPE HIDALGO,311,C01,,76,10,47,,2,181,,,57,81,,,,,,,,,,1,455,11,466,566,Acta casilla,,
427,29022,29022,ACUAMANALA DE MIGUEL HIDALGO,2016,20160605,144,SECCION 4A OLEXTLA DE JUAREZ,312,B,,45,174,14,,2,,,41,3,,,,,,,,,,,22,301,18,319,634,Acta casilla,,
428,29023,29023,NATIVITAS,2016,20160605,145,SAN JOSE ATOYATENCO,325,B,,91,12,43,,110,,2,103,21,,,,,,,,,,,0,382,29,411,658,Acta casilla,,
429,29023,29023,NATIVITAS,2016,20160605,145,SAN JOSE ATOYATENCO,325,C01,,83,15,47,,76,,3,102,16,,,,,,,,,,,21,363,36,399,658,Acta casilla,,
430,29023,29023,NATIVITAS,2016,20160605,146,SAN RAFAEL TENANYECAC,326,B,,22,61,,,120,,,22,130,,,,,,,,,,,68,423,33,456,693,Acta casilla,,
431,29023,29023,NATIVITAS,2016,20160605,146,SAN RAFAEL TENANYECAC,326,C01,,26,62,,,109,,,16,148,,,,,,,,,,,97,458,22,480,692,Acta casilla,,
432,29023,29023,NATIVITAS,2016,20160605,146,SAN RAFAEL TENANYECAC,326,C02,,25,61,,,109,,,16,148,,,,,,,,,,,96,455,26,481,692,Acta casilla,,
433,29023,29023,NATIVITAS,2016,20160605,147,SAN MIGUEL XOCHITECATITLA,327,B,,23,110,,,18,73,,100,41,,,,,,,,,,,0,365,16,381,552,Acta casilla,,
434,29023,29023,NATIVITAS,2016,20160605,147,SAN MIGUEL XOCHITECATITLA,327,C01,,16,115,,,25,64,,119,31,,,,,,,,,,,0,370,10,380,551,Acta casilla,,
435,29023,29023,NATIVITAS,2016,20160605,147,SAN MIGUEL XOCHITECATITLA,327,C02,,13,139,,,44,49,,66,32,,,,,,,,,,,0,343,11,354,551,Acta casilla,,
436,29023,29023,NATIVITAS,2016,20160605,148,SANTIAGO MICHAC,329,B,,31,238,,,115,2,32,34,1,45,,,,,,,,,,0,498,15,513,719,Acta casilla,,
437,29023,29023,NATIVITAS,2016,20160605,148,SANTIAGO MICHAC,330,B,,42,165,,,108,0,23,19,1,29,,,,,,,,,,0,387,12,399,558,Acta casilla,,
438,29023,29023,NATIVITAS,2016,20160605,148,SANTIAGO MICHAC,329,C01,,28,241,,,112,1,15,28,1,61,,,,,,,,,,0,487,13,500,718,Acta casilla,,
439,29023,29023,NATIVITAS,2016,20160605,148,SANTIAGO MICHAC,330,C01,,27,163,,,136,1,14,15,0,42,,,,,,,,,,0,398,5,403,557,Acta casilla,,
440,29023,29023,NATIVITAS,2016,20160605,149,SAN MIGUEL ANALCO,331,B,,,100,,,,,4,143,93,,,,,,,,,,,0,340,21,361,556,Acta casilla,,
441,29023,29023,NATIVITAS,2016,20160605,149,SAN MIGUEL ANALCO,331,C01,,,92,,,,,6,142,120,,,,,,,,,,,0,360,15,375,555,Acta casilla,,
442,29024,29024,PANOTLA,2016,20160605,150,COLONIA EMILIANO ZAPATA,335,B,,7,17,4,0,3,,,,,14,2,,,,,,,,,1,48,3,51,56,Acta casilla,,
443,29024,29024,PANOTLA,2016,20160605,150,COLONIA EMILIANO ZAPATA,336,B,,29,24,22,8,35,,,,,16,15,,,,,,,,,0,149,14,163,238,Acta casilla,,
444,29024,29024,PANOTLA,2016,20160605,150,COLONIA EMILIANO ZAPATA,335,C01,,2,4,6,1,1,,,,,14,1,,,,,,,,,0,29,1,30,25,Acta casilla,,
445,29024,29024,PANOTLA,2016,20160605,150,COLONIA EMILIANO ZAPATA,336,C01,,32,45,25,19,50,,,,,27,23,,,,,,,,,1,222,11,233,318,Acta casilla,,
446,29024,29024,PANOTLA,2016,20160605,150,COLONIA EMILIANO ZAPATA,336,C02,,30,32,32,29,34,,,,,18,32,,,,,,,,,0,207,10,217,294,Acta casilla,,
447,29024,29024,PANOTLA,2016,20160605,150,COLONIA EMILIANO ZAPATA,336,C03,,25,33,42,18,35,,,,,26,33,,,,,,,,,1,213,2,215,308,Acta casilla,,
448,29024,29024,PANOTLA,2016,20160605,151,SAN TADEO HUILOAPAN,338,B,,39,,102,90,115,,,,47,17,27,,,,,,,,,0,437,25,462,741,Acta casilla,,
449,29024,29024,PANOTLA,2016,20160605,151,SAN TADEO HUILOAPAN,338,C01,,44,,106,46,141,,,,32,11,13,,,,,,,,,0,393,23,416,740,Acta casilla,,
450,29024,29024,PANOTLA,2016,20160605,151,SAN TADEO HUILOAPAN,338,C02,,40,,128,66,126,,,,45,13,13,,,,,,,,,0,431,29,460,740,Acta casilla,,
451,29024,29024,PANOTLA,2016,20160605,152,SANTA CATARINA APATLAHCO,341,B,,23,,2,,42,,,,68,0,,,,,,,,,,0,135,2,137,167,Acta casilla,,
452,29024,29024,PANOTLA,2016,20160605,153,SAN FRANCISCO TEMEZONTLA,342,B,,,,56,8,9,,,178,130,25,,,,,,,,,,0,406,11,417,589,Acta casilla,,
453,29024,29024,PANOTLA,2016,20160605,153,SAN FRANCISCO TEMEZONTLA,342,C01,,,,39,6,4,,,187,163,15,,,,,,,,,,0,414,18,432,588,Acta casilla,,
454,29024,29024,PANOTLA,2016,20160605,153,SAN FRANCISCO TEMEZONTLA,342,C02,,,,64,7,8,,,181,123,32,,,,,,,,,,0,415,18,433,588,Acta casilla,,
455,29024,29024,PANOTLA,2016,20160605,154,SAN AMBROSIO TEXANTLA,343,B,,,40,264,,3,,,213,,,,,,,,,,,,0,520,10,530,654,Acta casilla,,
456,29024,29024,PANOTLA,2016,20160605,155,JESUS ACATITLA,344,B,,,51,122,3,17,,,30,224,102,,,,,,,,,,2,551,14,565,709,Acta casilla,,
457,29024,29024,PANOTLA,2016,20160605,156,SANTA CRUZ TECHACHALCO,345,B,,4,29,24,95,37,28,,74,,71,,,,,,,,,,0,362,20,382,513,Acta casilla,,
458,29024,29024,PANOTLA,2016,20160605,156,SANTA CRUZ TECHACHALCO,345,C01,,6,34,40,135,26,25,,65,,37,,,,,,,,,,0,368,8,376,513,Acta casilla,,
459,29024,29024,PANOTLA,2016,20160605,156,SANTA CRUZ TECHACHALCO,345,C02,,4,50,48,75,47,44,,63,,34,,,,,,,,,,0,365,13,378,513,Acta casilla,,
460,29024,29024,PANOTLA,2016,20160605,157,SAN JORGE TEZOQUIPAN,346,B,,15,,62,28,19,47,32,77,69,13,,,,,,,,,,0,362,14,376,532,Acta casilla,,
461,29024,29024,PANOTLA,2016,20160605,157,SAN JORGE TEZOQUIPAN,347,B,,14,,74,28,10,40,23,88,83,10,,,,,,,,,,1,371,15,386,589,Acta casilla,,
462,29024,29024,PANOTLA,2016,20160605,157,SAN JORGE TEZOQUIPAN,346,C01,,26,,74,12,16,32,44,75,46,10,,,,,,,,,,0,335,12,347,532,Acta casilla,,
463,29024,29024,PANOTLA,2016,20160605,157,SAN JORGE TEZOQUIPAN,347,C01,,18,,59,14,15,28,30,101,96,18,,,,,,,,,,0,379,16,395,589,Acta casilla,,
464,29024,29024,PANOTLA,2016,20160605,157,SAN JORGE TEZOQUIPAN,346,C02,,26,,83,24,16,37,40,57,51,20,,,,,,,,,,1,355,21,376,532,Acta casilla,,
465,29024,29024,PANOTLA,2016,20160605,157,SAN JORGE TEZOQUIPAN,347,C02,,22,,64,31,10,38,18,91,70,22,,,,,,,,,,0,366,18,384,588,Acta casilla,,
466,29024,29024,PANOTLA,2016,20160605,253,BARRIO DE ZARAGOZA,333,B,,0,1,4,,3,,5,1,,3,1,,,,,,,,,0,18,1,19,562,Acta casilla,,
467,29024,29024,PANOTLA,2016,20160605,253,BARRIO DE ZARAGOZA,335,B,,7,15,14,,4,,11,17,,4,0,,,,,,,,,0,72,2,74,29,Acta casilla,,
468,29024,29024,PANOTLA,2016,20160605,253,BARRIO DE ZARAGOZA,333,C01,,1,6,2,,1,,4,0,,0,0,,,,,,,,,0,14,0,14,562,Acta casilla,,
469,29024,29024,PANOTLA,2016,20160605,253,BARRIO DE ZARAGOZA,335,C01,,2,17,12,,3,,10,12,,13,0,,,,,,,,,0,69,5,74,31,Acta casilla,,
470,29025,29025,SAN PABLO DEL MONTE,2016,20160605,158,BARRIO DE SAN COSME,348,B,,95,130,93,4,,42,3,,0,72,,,,,,,,,,0,439,17,456,634,Acta casilla,,
471,29025,29025,SAN PABLO DEL MONTE,2016,20160605,158,BARRIO DE SAN COSME,348,C01,,103,101,84,2,,2,59,,1,92,,,,,,,,,,0,444,5,449,634,Recuento,,
472,29025,29025,SAN PABLO DEL MONTE,2016,20160605,158,BARRIO DE SAN COSME,348,C02,,93,130,106,0,,49,1,,4,66,,,,,,,,,,3,452,12,464,634,Acta casilla,,
473,29025,29025,SAN PABLO DEL MONTE,2016,20160605,158,BARRIO DE SAN COSME,348,C03,,86,117,85,3,,50,3,,3,73,,,,,,,,,,0,420,12,432,634,Acta casilla,,
474,29025,29025,SAN PABLO DEL MONTE,2016,20160605,158,BARRIO DE SAN COSME,348,C04,,77,141,86,1,,48,1,,4,73,,,,,,,,,,3,434,12,446,633,Acta casilla,,
475,29025,29025,SAN PABLO DEL MONTE,2016,20160605,159,BARRIO DE SANTIAGO,349,B,,11,75,66,8,0,75,166,42,2,27,,,,,,,,,,0,472,16,488,645,Acta casilla,,
476,29025,29025,SAN PABLO DEL MONTE,2016,20160605,159,BARRIO DE SANTIAGO,349,C01,,22,84,60,4,6,106,103,56,0,31,,,,,,,,,,0,472,23,495,644,Recuento,,
477,29025,29025,SAN PABLO DEL MONTE,2016,20160605,159,BARRIO DE SANTIAGO,349,C02,,29,83,57,4,0,62,108,48,0,36,,,,,,,,,,0,427,16,443,644,Acta casilla,,
478,29025,29025,SAN PABLO DEL MONTE,2016,20160605,159,BARRIO DE SANTIAGO,349,C03,,14,88,63,6,0,64,153,42,0,24,,,,,,,,,,1,455,11,466,644,Acta casilla,,
479,29025,29025,SAN PABLO DEL MONTE,2016,20160605,159,BARRIO DE SANTIAGO,349,C04,,22,98,73,5,0,69,92,81,3,31,,,,,,,,,,0,474,17,491,644,Recuento,,
480,29025,29025,SAN PABLO DEL MONTE,2016,20160605,160,BARRIO DE CRISTO,350,B,,60,32,132,119,,1,,8,,12,,,,,,,,,,116,480,20,500,707,Recuento,,
481,29025,29025,SAN PABLO DEL MONTE,2016,20160605,160,BARRIO DE CRISTO,350,C01,,40,73,98,106,,1,,8,,20,,,,,,,,,,135,481,27,508,707,Acta casilla,,
482,29025,29025,SAN PABLO DEL MONTE,2016,20160605,160,BARRIO DE CRISTO,350,C02,,35,42,77,107,,0,,5,,11,,,,,,,,,,157,434,23,457,707,Acta casilla,,
483,29025,29025,SAN PABLO DEL MONTE,2016,20160605,160,BARRIO DE CRISTO,350,C03,,46,50,132,92,,5,,17,,25,,,,,,,,,,97,464,18,482,706,Acta casilla,,
484,29025,29025,SAN PABLO DEL MONTE,2016,20160605,160,BARRIO DE CRISTO,350,C04,,41,45,132,101,,4,,7,,27,,,,,,,,,,120,477,19,496,706,Recuento,,
485,29025,29025,SAN PABLO DEL MONTE,2016,20160605,160,BARRIO DE CRISTO,350,C05,,47,62,122,125,,4,,8,,7,,,,,,,,,,117,492,25,517,706,Recuento,,
486,29025,29025,SAN PABLO DEL MONTE,2016,20160605,161,BARRIO DE SAN NICOLAS,351,B,,238,7,101,0,30,1,,4,107,,,,,,,,,,,0,488,11,499,693,Acta casilla,,
487,29025,29025,SAN PABLO DEL MONTE,2016,20160605,161,BARRIO DE SAN NICOLAS,352,B,,139,20,117,0,53,0,,3,120,,,,,,,,,,,0,452,10,462,639,Acta casilla,,
488,29025,29025,SAN PABLO DEL MONTE,2016,20160605,161,BARRIO DE SAN NICOLAS,351,C01,,172,12,133,2,30,3,,1,113,,,,,,,,,,,0,466,17,483,693,Acta casilla,,
489,29025,29025,SAN PABLO DEL MONTE,2016,20160605,161,BARRIO DE SAN NICOLAS,352,C01,,168,5,64,2,62,0,,5,120,,,,,,,,,,,0,426,23,449,639,Acta casilla,,
490,29025,29025,SAN PABLO DEL MONTE,2016,20160605,161,BARRIO DE SAN NICOLAS,351,C02,,191,6,128,3,26,1,,3,109,,,,,,,,,,,0,467,23,490,692,Acta casilla,,
491,29025,29025,SAN PABLO DEL MONTE,2016,20160605,161,BARRIO DE SAN NICOLAS,352,C02,,150,17,111,1,65,0,,2,138,,,,,,,,,,,0,484,9,493,638,Acta casilla,,
492,29025,29025,SAN PABLO DEL MONTE,2016,20160605,161,BARRIO DE SAN NICOLAS,351,C03,,199,8,148,0,34,0,,1,112,,,,,,,,,,,0,502,12,514,692,Acta casilla,,
493,29025,29025,SAN PABLO DEL MONTE,2016,20160605,161,BARRIO DE SAN NICOLAS,352,C03,,148,10,116,0,73,0,,1,110,,,,,,,,,,,0,458,23,481,638,Acta casilla,,
494,29025,29025,SAN PABLO DEL MONTE,2016,20160605,161,BARRIO DE SAN NICOLAS,351,C04,,207,7,9,2,37,0,,2,160,,,,,,,,,,,0,424,11,435,692,Acta casilla,,
495,29025,29025,SAN PABLO DEL MONTE,2016,20160605,162,BARRIO DE LA SANTISIMA,353,B,,39,13,175,6,2,127,24,22,2,,,,,,,,,,,0,410,19,429,615,Acta casilla,,
496,29025,29025,SAN PABLO DEL MONTE,2016,20160605,162,BARRIO DE LA SANTISIMA,353,C01,,32,13,164,3,3,132,42,30,3,,,,,,,,,,,0,422,2,424,615,Acta casilla,,
497,29025,29025,SAN PABLO DEL MONTE,2016,20160605,162,BARRIO DE LA SANTISIMA,353,C02,,33,19,153,3,9,102,39,31,1,,,,,,,,,,,1,391,25,416,615,Recuento,,
498,29025,29025,SAN PABLO DEL MONTE,2016,20160605,162,BARRIO DE LA SANTISIMA,353,C03,,33,11,132,5,1,150,36,26,0,,,,,,,,,,,0,394,17,411,614,Acta casilla,,
499,29025,29025,SAN PABLO DEL MONTE,2016,20160605,162,BARRIO DE LA SANTISIMA,353,C04,,35,12,137,8,4,26,137,35,1,,,,,,,,,,,0,395,13,408,614,Recuento,,
500,29025,29025,SAN PABLO DEL MONTE,2016,20160605,163,BARRIO DE SAN MIGUEL,354,B,,87,97,24,42,,22,66,104,3,0,,,,,,,,,,1,446,17,463,630,Recuento,,
501,29025,29025,SAN PABLO DEL MONTE,2016,20160605,163,BARRIO DE SAN MIGUEL,354,C01,,84,89,14,43,,18,78,106,2,0,,,,,,,,,,0,434,19,453,629,Recuento,,
502,29025,29025,SAN PABLO DEL MONTE,2016,20160605,163,BARRIO DE SAN MIGUEL,354,C02,,57,94,17,44,,32,83,78,3,1,,,,,,,,,,0,409,19,428,629,Recuento,,
503,29025,29025,SAN PABLO DEL MONTE,2016,20160605,163,BARRIO DE SAN MIGUEL,354,C03,,96,92,23,26,,19,105,84,8,0,,,,,,,,,,1,454,8,462,629,Recuento,,
504,29025,29025,SAN PABLO DEL MONTE,2016,20160605,163,BARRIO DE SAN MIGUEL,354,C04,,83,101,17,50,,15,53,114,2,0,,,,,,,,,,0,435,22,457,629,Recuento,,
505,29025,29025,SAN PABLO DEL MONTE,2016,20160605,164,BARRIO DE JESUS,355,B,,38,123,132,12,,0,4,6,29,88,,,,,,,,,,0,432,17,449,654,Acta casilla,,
506,29025,29025,SAN PABLO DEL MONTE,2016,20160605,164,BARRIO DE JESUS,355,C01,,35,123,118,4,,3,7,28,18,113,,,,,,,,,,0,449,7,456,653,Recuento,,
507,29025,29025,SAN PABLO DEL MONTE,2016,20160605,164,BARRIO DE JESUS,355,C02,,39,152,117,6,,5,2,5,17,104,,,,,,,,,,0,447,2,449,653,Acta casilla,,
508,29025,29025,SAN PABLO DEL MONTE,2016,20160605,164,BARRIO DE JESUS,355,C03,,32,176,110,15,,3,5,13,22,102,,,,,,,,,,0,478,14,492,653,Acta casilla,,
509,29025,29025,SAN PABLO DEL MONTE,2016,20160605,165,BARRIO DE SAN SEBASTIAN,356,B,,11,41,58,135,47,50,4,64,1,29,14,,,,,,,,,0,454,6,460,677,Acta casilla,,
510,29025,29025,SAN PABLO DEL MONTE,2016,20160605,165,BARRIO DE SAN SEBASTIAN,356,C01,,19,23,82,98,63,34,3,67,1,29,12,,,,,,,,,0,431,18,449,677,Recuento,,
511,29025,29025,SAN PABLO DEL MONTE,2016,20160605,165,BARRIO DE SAN SEBASTIAN,356,C02,,19,32,76,104,43,45,1,55,0,31,12,,,,,,,,,0,418,17,435,677,Recuento,,
512,29025,29025,SAN PABLO DEL MONTE,2016,20160605,165,BARRIO DE SAN SEBASTIAN,356,C03,,19,58,88,113,45,56,0,53,0,31,3,,,,,,,,,0,466,12,478,677,Acta casilla,,
513,29025,29025,SAN PABLO DEL MONTE,2016,20160605,165,BARRIO DE SAN SEBASTIAN,356,C04,,12,41,87,125,54,37,2,40,1,45,6,,,,,,,,,0,450,12,462,676,Acta casilla,,
514,29025,29025,SAN PABLO DEL MONTE,2016,20160605,166,BARRIO DE SAN BARTOLOME,357,B,,63,86,89,85,,20,,8,36,58,,,,,,,,,,0,445,11,456,668,Recuento,,
515,29025,29025,SAN PABLO DEL MONTE,2016,20160605,166,BARRIO DE SAN BARTOLOME,358,B,,113,78,71,79,,21,,4,7,38,,,,,,,,,,0,411,9,420,612,Acta casilla,,
516,29025,29025,SAN PABLO DEL MONTE,2016,20160605,166,BARRIO DE SAN BARTOLOME,357,C01,,94,78,81,105,,15,,7,10,65,,,,,,,,,,0,455,7,462,668,Acta casilla,,
517,29025,29025,SAN PABLO DEL MONTE,2016,20160605,166,BARRIO DE SAN BARTOLOME,358,C01,,110,55,63,78,,22,,2,7,42,,,,,,,,,,0,379,9,388,612,Acta casilla,,
518,29025,29025,SAN PABLO DEL MONTE,2016,20160605,166,BARRIO DE SAN BARTOLOME,357,C02,,90,85,87,67,,19,,7,10,76,,,,,,,,,,0,441,13,454,667,Recuento,,
519,29025,29025,SAN PABLO DEL MONTE,2016,20160605,166,BARRIO DE SAN BARTOLOME,358,C02,,79,90,66,80,,35,,5,7,29,,,,,,,,,,0,391,7,398,612,Recuento,,
520,29025,29025,SAN PABLO DEL MONTE,2016,20160605,166,BARRIO DE SAN BARTOLOME,357,C03,,70,76,72,84,,26,,11,14,61,,,,,,,,,,0,414,14,428,667,Recuento,,
521,29025,29025,SAN PABLO DEL MONTE,2016,20160605,166,BARRIO DE SAN BARTOLOME,358,C03,,85,64,106,63,,35,,3,6,33,,,,,,,,,,0,395,15,410,612,Acta casilla,,
522,29025,29025,SAN PABLO DEL MONTE,2016,20160605,166,BARRIO DE SAN BARTOLOME,358,C04,,114,62,54,72,,58,,2,3,39,,,,,,,,,,1,405,10,415,612,Acta casilla,,
523,29025,29025,SAN PABLO DEL MONTE,2016,20160605,167,BARRIO DE SAN PEDRO,359,B,,55,143,117,60,,23,,,,81,,,,,,,,,,0,479,3,482,727,Acta casilla,,
524,29025,29025,SAN PABLO DEL MONTE,2016,20160605,167,BARRIO DE SAN PEDRO,360,B,,52,102,99,93,,80,,,,54,,,,,,,,,,0,480,10,490,695,Recuento,,
525,29025,29025,SAN PABLO DEL MONTE,2016,20160605,167,BARRIO DE SAN PEDRO,359,C01,,68,143,98,60,,25,,,,85,,,,,,,,,,0,479,14,493,727,Acta casilla,,
526,29025,29025,SAN PABLO DEL MONTE,2016,20160605,167,BARRIO DE SAN PEDRO,360,C01,,55,113,99,57,,64,,,,41,,,,,,,,,,0,429,16,445,695,Recuento,,
527,29025,29025,SAN PABLO DEL MONTE,2016,20160605,167,BARRIO DE SAN PEDRO,359,C02,,92,171,89,66,,18,,,,42,,,,,,,,,,0,478,16,494,727,Acta casilla,,
528,29025,29025,SAN PABLO DEL MONTE,2016,20160605,167,BARRIO DE SAN PEDRO,360,C02,,50,89,82,105,,43,,,,71,,,,,,,,,,0,440,13,453,694,Acta casilla,,
529,29025,29025,SAN PABLO DEL MONTE,2016,20160605,168,BARRIO DE TLALTEPANGO,361,B,,140,25,103,4,,150,,4,,27,,,,,,,,,,0,453,21,474,681,Acta casilla,,
530,29025,29025,SAN PABLO DEL MONTE,2016,20160605,168,BARRIO DE TLALTEPANGO,362,B,,113,77,99,5,,132,,4,,19,,,,,,,,,,0,449,24,473,696,Recuento,,
531,29025,29025,SAN PABLO DEL MONTE,2016,20160605,168,BARRIO DE TLALTEPANGO,361,C01,,177,31,75,9,,115,,2,,27,,,,,,,,,,0,436,17,453,681,Recuento,,
532,29025,29025,SAN PABLO DEL MONTE,2016,20160605,168,BARRIO DE TLALTEPANGO,362,C01,,145,41,90,4,,134,,5,,24,,,,,,,,,,0,443,13,456,696,Acta casilla,,
533,29025,29025,SAN PABLO DEL MONTE,2016,20160605,168,BARRIO DE TLALTEPANGO,361,C02,,172,35,81,7,,130,,2,,27,,,,,,,,,,0,454,13,467,681,Acta casilla,,
534,29025,29025,SAN PABLO DEL MONTE,2016,20160605,168,BARRIO DE TLALTEPANGO,362,C02,,127,46,108,2,,119,,6,,35,,,,,,,,,,0,443,17,460,696,Recuento,,
535,29025,29025,SAN PABLO DEL MONTE,2016,20160605,168,BARRIO DE TLALTEPANGO,361,C03,,188,29,87,15,,117,,3,,30,,,,,,,,,,0,469,20,489,680,Acta casilla,,
536,29025,29025,SAN PABLO DEL MONTE,2016,20160605,168,BARRIO DE TLALTEPANGO,362,C03,,122,52,65,5,,143,,2,,32,,,,,,,,,,1,422,16,438,696,Acta casilla,,
537,29025,29025,SAN PABLO DEL MONTE,2016,20160605,168,BARRIO DE TLALTEPANGO,362,C04,,144,55,54,5,,130,,2,,25,,,,,,,,,,0,415,19,434,695,Recuento,,
538,29025,29025,SAN PABLO DEL MONTE,2016,20160605,169,BARRIO DE SAN ISIDRO BUENSUCESO,363,B,,52,133,100,4,2,60,,9,,33,5,,,,,,,,,0,398,35,433,630,Recuento,,
539,29025,29025,SAN PABLO DEL MONTE,2016,20160605,169,BARRIO DE SAN ISIDRO BUENSUCESO,364,B,,41,127,93,1,3,54,,25,,44,2,,,,,,,,,0,390,14,404,594,Acta casilla,,
540,29025,29025,SAN PABLO DEL MONTE,2016,20160605,169,BARRIO DE SAN ISIDRO BUENSUCESO,363,C01,,38,136,82,0,0,64,,4,,55,4,,,,,,,,,0,383,29,412,630,Acta casilla,,
541,29025,29025,SAN PABLO DEL MONTE,2016,20160605,169,BARRIO DE SAN ISIDRO BUENSUCESO,364,C01,,44,114,85,8,3,52,,13,,33,3,,,,,,,,,0,355,18,373,594,Acta casilla,,
542,29025,29025,SAN PABLO DEL MONTE,2016,20160605,169,BARRIO DE SAN ISIDRO BUENSUCESO,363,C02,,29,144,104,1,3,53,,10,,51,5,,,,,,,,,0,400,21,421,630,Acta casilla,,
543,29025,29025,SAN PABLO DEL MONTE,2016,20160605,169,BARRIO DE SAN ISIDRO BUENSUCESO,364,C02,,59,132,73,1,3,43,,44,,35,1,,,,,,,,,0,391,13,404,594,Acta casilla,,
544,29025,29025,SAN PABLO DEL MONTE,2016,20160605,169,BARRIO DE SAN ISIDRO BUENSUCESO,363,C03,,36,152,109,0,2,54,,8,,47,3,,,,,,,,,0,411,22,433,630,Acta casilla,,
545,29025,29025,SAN PABLO DEL MONTE,2016,20160605,169,BARRIO DE SAN ISIDRO BUENSUCESO,364,C03,,35,134,76,3,5,46,,115,,34,0,,,,,,,,,0,448,19,467,593,Acta casilla,,
546,29025,29025,SAN PABLO DEL MONTE,2016,20160605,169,BARRIO DE SAN ISIDRO BUENSUCESO,363,C04,,46,101,109,2,9,81,,13,,48,2,,,,,,,,,0,411,21,432,629,Recuento,,
547,29025,29025,SAN PABLO DEL MONTE,2016,20160605,169,BARRIO DE SAN ISIDRO BUENSUCESO,363,C05,,64,115,111,1,5,47,,8,,44,1,,,,,,,,,0,396,23,419,629,Acta casilla,,
548,29026,29026,SANTA CRUZ TLAXCALA,2016,20160605,170,SAN MIGUEL CONTLA,365,B,,63,33,,,31,,38,,85,37,,,,,,,,,,38,325,18,343,596,Recuento,,
549,29026,29026,SANTA CRUZ TLAXCALA,2016,20160605,170,SAN MIGUEL CONTLA,366,B,,63,69,,,39,,119,,89,24,,,,,,,,,,94,497,12,509,680,Recuento,,
550,29026,29026,SANTA CRUZ TLAXCALA,2016,20160605,170,SAN MIGUEL CONTLA,365,C01,,83,24,,,30,,38,,74,33,,,,,,,,,,22,304,23,327,596,Recuento,,
551,29026,29026,SANTA CRUZ TLAXCALA,2016,20160605,170,SAN MIGUEL CONTLA,366,C01,,66,95,,,29,,104,,94,7,,,,,,,,,,76,471,19,490,680,Recuento,,
552,29026,29026,SANTA CRUZ TLAXCALA,2016,20160605,170,SAN MIGUEL CONTLA,365,C02,,67,31,,,36,,27,,59,54,,,,,,,,,,44,318,27,345,596,Recuento,,
553,29026,29026,SANTA CRUZ TLAXCALA,2016,20160605,170,SAN MIGUEL CONTLA,366,C02,,45,53,,,22,,118,,93,18,,,,,,,,,,122,471,14,485,680,Recuento,,
554,29026,29026,SANTA CRUZ TLAXCALA,2016,20160605,171,SAN LUCAS TLACOCHCALCO,369,B,,82,105,,,159,22,,73,,,5,,,,,,,,,1,447,23,470,686,Recuento,,
555,29026,29026,SANTA CRUZ TLAXCALA,2016,20160605,171,SAN LUCAS TLACOCHCALCO,369,C01,,74,105,,,176,20,,93,,,7,,,,,,,,,0,475,215,690,686,Recuento,,
556,29026,29026,SANTA CRUZ TLAXCALA,2016,20160605,171,SAN LUCAS TLACOCHCALCO,369,C02,,64,97,,,162,,,91,,,13,,,,,,,,,0,427,15,442,685,Recuento,,
557,29026,29026,SANTA CRUZ TLAXCALA,2016,20160605,172,JESUS HUIZNAHUAC,370,B,,68,33,,,113,,34,2,,,35,,,,,65,indep,,,0,350,5,355,460,Recuento,,
558,29026,29026,SANTA CRUZ TLAXCALA,2016,20160605,172,JESUS HUIZNAHUAC,370,C01,,63,23,,,132,,26,5,,,32,,,,,88,indep,,,0,369,3,372,459,Recuento,,
559,29026,29026,SANTA CRUZ TLAXCALA,2016,20160605,173,GUADALUPE TLACHCO,371,B,,66,96,,,65,,,11,,,,,,,,141,indep,,,0,379,23,402,619,Recuento,,
560,29026,29026,SANTA CRUZ TLAXCALA,2016,20160605,173,GUADALUPE TLACHCO,371,C01,,57,162,,,70,,,16,,,,,,,,111,indep,,,0,416,16,432,619,Recuento,,
561,29026,29026,SANTA CRUZ TLAXCALA,2016,20160605,173,GUADALUPE TLACHCO,371,C02,,59,115,,,57,,,13,,,,,,,,175,indep,,,0,419,18,437,618,Recuento,,
562,29026,29026,SANTA CRUZ TLAXCALA,2016,20160605,173,GUADALUPE TLACHCO,371,C03,,80,109,,,56,,,12,,,,,,,,155,indep,,,0,412,20,432,618,Recuento,,
563,29028,29028,TEOLOCHOLCO,2016,20160605,174,SECCION 1A TECAHUALOYA,378,B,,43,22,58,56,51,12,,61,,75,,,,,,,,,,0,378,16,394,532,Acta casilla,,
564,29028,29028,TEOLOCHOLCO,2016,20160605,174,SECCION 1A TECAHUALOYA,384,B,,27,44,106,34,75,17,,22,,54,,,,,,,,,,1,380,8,388,522,Acta casilla,,
565,29028,29028,TEOLOCHOLCO,2016,20160605,174,SECCION 1A TECAHUALOYA,378,C01,,29,24,82,90,44,14,,46,,55,,,,,,,,,,0,384,20,404,531,Acta casilla,,
566,29028,29028,TEOLOCHOLCO,2016,20160605,174,SECCION 1A TECAHUALOYA,384,C01,,50,32,104,42,52,18,,23,,61,,,,,,,,,,0,382,17,399,522,Acta casilla,,
567,29028,29028,TEOLOCHOLCO,2016,20160605,174,SECCION 1A TECAHUALOYA,378,C02,,47,23,80,79,40,19,,65,,38,,,,,,,,,,0,391,16,407,531,Acta casilla,,
568,29028,29028,TEOLOCHOLCO,2016,20160605,174,SECCION 1A TECAHUALOYA,384,C02,,33,31,109,36,88,17,,23,,36,,,,,,,,,,0,373,23,396,522,Acta casilla,,
569,29028,29028,TEOLOCHOLCO,2016,20160605,175,SECCION 2A TEOLOCHOLCO,379,B,,94,77,64,22,134,,,23,,,62,,,,,,,,,0,476,30,506,736,Acta casilla,,
570,29028,29028,TEOLOCHOLCO,2016,20160605,175,SECCION 2A TEOLOCHOLCO,379,C01,,64,69,67,22,151,,,42,,,43,,,,,,,,,5,463,35,498,735,Acta casilla,,
571,29028,29028,TEOLOCHOLCO,2016,20160605,175,SECCION 2A TEOLOCHOLCO,379,C02,,80,83,81,23,154,,,23,,,63,,,,,,,,,7,514,29,543,735,Acta casilla,,
572,29028,29028,TEOLOCHOLCO,2016,20160605,176,SECCION 3A BARRIO DE CONTLA,380,B,,115,,63,28,154,56,,8,,38,0,,,,,,,,,0,462,18,480,743,Acta casilla,,
573,29028,29028,TEOLOCHOLCO,2016,20160605,176,SECCION 3A BARRIO DE CONTLA,380,C01,,102,,89,62,152,70,,8,,44,0,,,,,,,,,0,527,13,540,743,Acta casilla,,
574,29028,29028,TEOLOCHOLCO,2016,20160605,176,SECCION 3A BARRIO DE CONTLA,380,C02,,118,,87,44,165,58,,7,,31,1,,,,,,,,,0,511,11,522,742,Acta casilla,,
575,29028,29028,TEOLOCHOLCO,2016,20160605,176,SECCION 3A BARRIO DE CONTLA,380,C03,,119,,76,44,164,40,,5,,35,0,,,,,,,,,0,483,20,503,742,Acta casilla,,
576,29028,29028,TEOLOCHOLCO,2016,20160605,176,SECCION 3A BARRIO DE CONTLA,380,C04,,117,,94,37,167,62,,3,,44,0,,,,,,,,,0,524,17,541,742,Acta casilla,,
577,29028,29028,TEOLOCHOLCO,2016,20160605,177,ACXOTLA DEL MONTE,381,B,,7,,13,7,199,42,,93,,25,,,,,,,,,,0,386,19,405,635,Acta casilla,,
578,29028,29028,TEOLOCHOLCO,2016,20160605,177,ACXOTLA DEL MONTE,381,C01,,13,,6,7,178,47,,155,,15,,,,,,,,,,0,421,30,451,635,Acta casilla,,
579,29028,29028,TEOLOCHOLCO,2016,20160605,177,ACXOTLA DEL MONTE,381,C02,,0,,10,8,163,85,,139,,16,,,,,,,,,,0,421,18,439,635,Acta casilla,,
580,29028,29028,TEOLOCHOLCO,2016,20160605,178,SECCION 5A ACTIPAC,382,B,,130,,121,107,64,,,13,,53,,,,,,,,,,0,488,10,498,718,Acta casilla,,
581,29028,29028,TEOLOCHOLCO,2016,20160605,178,SECCION 5A ACTIPAC,382,C01,,179,,66,107,64,,,15,,68,,,,,,,,,,0,499,23,522,718,Acta casilla,,
582,29028,29028,TEOLOCHOLCO,2016,20160605,179,SECCION 6A CUAUHTLA,383,B,,112,75,180,16,59,2,88,7,,52,,,,,,,,,,0,591,14,605,748,Acta casilla,,
583,29028,29028,TEOLOCHOLCO,2016,20160605,179,SECCION 6A CUAUHTLA,383,C01,,93,58,147,19,79,3,91,3,,70,,,,,,,,,,1,564,14,578,747,Acta casilla,,
584,29028,29028,TEOLOCHOLCO,2016,20160605,180,CUAXINCA,385,B,,59,132,1,,65,,0,13,,10,,,,,,,,,,0,280,10,290,338,Acta casilla,,
585,29028,29028,TEOLOCHOLCO,2016,20160605,181,EL CARMEN AZTAMA,386,B,,42,105,88,,92,,2,84,,67,,,,,,,,,,1,481,10,491,650,Acta casilla,,
586,29028,29028,TEOLOCHOLCO,2016,20160605,181,EL CARMEN AZTAMA,386,C01,,31,104,62,,101,,1,104,,84,,,,,,,,,,0,487,11,498,649,Acta casilla,,
587,29028,29028,TEOLOCHOLCO,2016,20160605,181,EL CARMEN AZTAMA,386,C02,,40,79,113,,91,,1,83,,74,,,,,,,,,,0,481,15,496,649,Acta casilla,,
588,29029,29029,TEPEYANCO,2016,20160605,182,SANTIAGO TLACOCHCALCO,390,B,,85,11,48,,80,,,78,,,,,,,,,,,,1,303,11,314,438,Acta casilla,,
589,29029,29029,TEPEYANCO,2016,20160605,182,SANTIAGO TLACOCHCALCO,390,C01,,128,9,29,,57,,,97,,,,,,,,,,,,0,320,7,327,438,Acta casilla,,
590,29029,29029,TEPEYANCO,2016,20160605,183,LA AURORA,393,B,,3,99,153,,1,,,8,,11,,,,,,,,,,1,276,24,300,401,Recuento,,
591,29029,29029,TEPEYANCO,2016,20160605,183,LA AURORA,393,C01,,5,123,122,,2,,,16,,11,,,,,,,,,,0,279,14,293,400,Recuento,,
592,29029,29029,TEPEYANCO,2016,20160605,184,SAN COSME ATLAMAXAC,394,B,,54,92,128,,,61,53,93,,,,,,,,,,,,1,482,9,491,604,Recuento,,
593,29029,29029,TEPEYANCO,2016,20160605,184,SAN COSME ATLAMAXAC,394,C01,,58,110,110,,,53,58,96,,,,,,,,,,,,0,485,11,496,604,Recuento,,
594,29029,29029,TEPEYANCO,2016,20160605,184,SAN COSME ATLAMAXAC,394,C02,,74,86,103,,,64,20,151,,,,,,,,,,,,0,498,11,509,603,Recuento,,
595,29029,29029,TEPEYANCO,2016,20160605,185,SAN PEDRO XACALTZINGO,397,B,,0,74,82,,,55,38,52,74,49,,,,,,,,,,0,424,7,431,556,Acta casilla,,
596,29029,29029,TEPEYANCO,2016,20160605,185,SAN PEDRO XACALTZINGO,397,C01,,4,70,96,,,61,37,43,72,42,,,,,,,,,,0,425,14,439,555,Acta casilla,,
597,29029,29029,TEPEYANCO,2016,20160605,185,SAN PEDRO XACALTZINGO,397,C02,,1,85,117,,,54,35,37,79,39,,,,,,,,,,0,447,3,450,555,Acta casilla,,
598,29030,29030,TERRENATE,2016,20160605,186,CHIPILO,399,B,,91,68,,87,5,,,71,191,29,,,,,,,,,,0,542,22,564,748,Acta casilla,,
599,29030,29030,TERRENATE,2016,20160605,186,CHIPILO,399,C01,,118,53,,92,4,,,43,214,7,,,,,,,,,,0,531,42,573,747,Acta casilla,,
600,29030,29030,TERRENATE,2016,20160605,187,VILLAREAL,403,B,,104,144,,10,,,33,72,25,11,,,,,,,,,,0,399,24,423,598,Acta casilla,,
601,29030,29030,TERRENATE,2016,20160605,187,VILLAREAL,403,C01,,71,178,,8,,,40,100,24,14,,,,,,,,,,0,435,8,443,598,Acta casilla,,
602,29030,29030,TERRENATE,2016,20160605,188,TOLUCA DE GUADALUPE,404,B,,50,,,49,42,,104,,48,35,,,,,,,,,,58,386,17,403,571,Acta casilla,,
603,29030,29030,TERRENATE,2016,20160605,188,TOLUCA DE GUADALUPE,404,C01,,25,,,49,42,,104,,48,35,,,,,,,,,,58,361,37,398,571,Acta casilla,,
604,29030,29030,TERRENATE,2016,20160605,188,TOLUCA DE GUADALUPE,404,C02,,56,,,60,24,,100,,60,39,,,,,,,,,,47,386,30,416,570,Acta casilla,,
605,29030,29030,TERRENATE,2016,20160605,188,TOLUCA DE GUADALUPE,404,C03,,61,,,45,35,,108,,48,38,,,,,,,,,,73,408,25,433,570,Acta casilla,,
606,29030,29030,TERRENATE,2016,20160605,189,COLONIA EL CAPULIN,406,B,,68,,,141,62,,,,,62,,,,,,,,,,0,333,14,347,438,Acta casilla,,
607,29030,29030,TERRENATE,2016,20160605,190,COLONIA GUADALUPE VICTORIA,407,B,,43,143,,5,114,,,112,27,66,,,,,,,,,,0,510,10,520,662,Acta casilla,,
608,29030,29030,TERRENATE,2016,20160605,191,NICOLAS BRAVO,408,B,,15,54,,,42,,,,3,3,,,,,,,,,,295,412,25,437,599,Acta casilla,,
609,29030,29030,TERRENATE,2016,20160605,191,NICOLAS BRAVO,408,C01,,17,86,,,50,,,,4,0,,,,,,,,,,239,396,57,453,598,Acta casilla,,
610,29031,29031,TETLA DE LA SOLIDARIDAD,2016,20160605,192,COLONIA AGRICOLA DE DOLORES,409,B,,84,38,190,,,23,,,81,23,,,,,,,,,,0,439,11,450,636,Acta casilla,,
611,29031,29031,TETLA DE LA SOLIDARIDAD,2016,20160605,192,COLONIA AGRICOLA DE DOLORES,409,C01,,74,58,168,,,13,,,76,31,,,,,,,,,,1,421,20,441,635,Acta casilla,,
612,29031,29031,TETLA DE LA SOLIDARIDAD,2016,20160605,193,SECCION 4A CHIAUTZINGO,410,B,,163,83,55,,,25,,,122,,,,,,,,,,,0,448,12,460,612,Acta casilla,,
613,29031,29031,TETLA DE LA SOLIDARIDAD,2016,20160605,193,SECCION 4A CHIAUTZINGO,410,C01,,115,121,30,,,44,,,127,,,,,,,,,,,2,439,11,450,611,Acta casilla,,
614,29031,29031,TETLA DE LA SOLIDARIDAD,2016,20160605,194,SECCION 1A ACTIPAN INFONAVIT,411,B,,86,33,77,,,39,,8,67,19,55,,,,,,,,,0,384,18,402,620,Acta casilla,,
615,29031,29031,TETLA DE LA SOLIDARIDAD,2016,20160605,194,SECCION 1A ACTIPAN INFONAVIT,414,B,,20,16,50,,,88,,9,20,16,17,,,,,,,,,0,236,8,244,409,Acta casilla,,
616,29031,29031,TETLA DE LA SOLIDARIDAD,2016,20160605,194,SECCION 1A ACTIPAN INFONAVIT,415,B,,54,27,52,,,64,,7,24,23,24,,,,,,,,,0,275,20,295,522,Acta casilla,,
617,29031,29031,TETLA DE LA SOLIDARIDAD,2016,20160605,194,SECCION 1A ACTIPAN INFONAVIT,411,C01,,109,37,71,,,33,,2,80,15,43,,,,,,,,,2,392,11,403,620,Acta casilla,,
618,29031,29031,TETLA DE LA SOLIDARIDAD,2016,20160605,194,SECCION 1A ACTIPAN INFONAVIT,414,C01,,36,24,52,,,63,,6,18,10,13,,,,,,,,,0,222,12,234,409,Acta casilla,,
619,29031,29031,TETLA DE LA SOLIDARIDAD,2016,20160605,194,SECCION 1A ACTIPAN INFONAVIT,415,C01,,44,29,60,,,52,,10,36,22,32,,,,,,,,,0,285,13,298,522,Acta casilla,,
620,29031,29031,TETLA DE LA SOLIDARIDAD,2016,20160605,194,SECCION 1A ACTIPAN INFONAVIT,411,C02,,95,36,75,,,40,,6,83,11,62,,,,,,,,,0,408,16,424,620,Acta casilla,,
621,29031,29031,TETLA DE LA SOLIDARIDAD,2016,20160605,194,SECCION 1A ACTIPAN INFONAVIT,411,C03,,100,41,72,,,30,,6,68,24,40,,,,,,,,,0,381,15,396,620,Acta casilla,,
622,29031,29031,TETLA DE LA SOLIDARIDAD,2016,20160605,195,SECCION 2A TEOTLALPAN,412,B,,74,15,84,10,,56,,22,73,0,51,,,,,,,,,1,386,18,404,686,Acta casilla,,
623,29031,29031,TETLA DE LA SOLIDARIDAD,2016,20160605,195,SECCION 2A TEOTLALPAN,412,C01,,83,15,88,4,,42,,14,84,1,65,,,,,,,,,0,396,23,419,686,Acta casilla,,
624,29031,29031,TETLA DE LA SOLIDARIDAD,2016,20160605,195,SECCION 2A TEOTLALPAN,412,C02,,74,16,113,8,,75,,13,76,0,60,,,,,,,,,0,435,14,449,685,Acta casilla,,
625,29031,29031,TETLA DE LA SOLIDARIDAD,2016,20160605,195,SECCION 2A TEOTLALPAN,412,C03,,39,19,73,7,,45,,23,89,0,76,,,,,,,,,0,371,13,384,685,Acta casilla,,
626,29031,29031,TETLA DE LA SOLIDARIDAD,2016,20160605,196,SECCION 3A OCOTITLA,413,B,,55,63,146,4,,26,,25,79,12,25,,,,,,,,,0,435,5,440,607,Acta casilla,,
627,29031,29031,TETLA DE LA SOLIDARIDAD,2016,20160605,196,SECCION 3A OCOTITLA,413,C01,,68,59,92,0,,38,,28,59,15,32,,,,,,,,,0,391,20,411,607,Acta casilla,,
628,29031,29031,TETLA DE LA SOLIDARIDAD,2016,20160605,197,SANTA MARIA CAPULAC,416,B,,223,,8,,,16,,,157,,,,,,,,,,,0,404,6,410,533,Acta casilla,,
629,29031,29031,TETLA DE LA SOLIDARIDAD,2016,20160605,197,SANTA MARIA CAPULAC,416,C01,,202,,3,,,11,,,200,,,,,,,,,,,0,416,12,428,532,Acta casilla,,
630,29031,29031,TETLA DE LA SOLIDARIDAD,2016,20160605,198,SANTA FE LA TROJE,417,B,,86,80,77,,,,,,,,,,,,,,,,,0,243,6,249,302,Acta casilla,,
631,29031,29031,TETLA DE LA SOLIDARIDAD,2016,20160605,199,COLONIA PLAN DE AYALA,418,B,,38,70,72,,,19,,,58,45,,,,,,,,,,0,302,7,309,407,Acta casilla,,
632,29031,29031,TETLA DE LA SOLIDARIDAD,2016,20160605,200,JOSE MARIA MORELOS Y PAVON,419,B,,9,94,33,,,210,,,113,,,,,,,,,,,0,459,9,468,582,Acta casilla,,
633,29031,29031,TETLA DE LA SOLIDARIDAD,2016,20160605,201,SAN FRANCISCO ATEXCATZINGO,420,B,,216,23,9,,,54,,,70,0,0,,,,,,,,,0,372,16,388,592,Acta casilla,,
634,29031,29031,TETLA DE LA SOLIDARIDAD,2016,20160605,201,SAN FRANCISCO ATEXCATZINGO,421,B,,212,61,34,,,56,,,48,0,0,,,,,,,,,0,411,13,424,675,Acta casilla,,
635,29031,29031,TETLA DE LA SOLIDARIDAD,2016,20160605,201,SAN FRANCISCO ATEXCATZINGO,420,C01,,220,21,7,,,69,,,75,0,0,,,,,,,,,0,392,19,411,592,Acta casilla,,
636,29031,29031,TETLA DE LA SOLIDARIDAD,2016,20160605,201,SAN FRANCISCO ATEXCATZINGO,421,C01,,174,76,37,,,49,,,49,0,2,,,,,,,,,3,390,21,411,675,Acta casilla,,
637,29031,29031,TETLA DE LA SOLIDARIDAD,2016,20160605,201,SAN FRANCISCO ATEXCATZINGO,420,C02,,239,23,7,,,66,,,56,0,0,,,,,,,,,0,391,9,400,592,Acta casilla,,
638,29031,29031,TETLA DE LA SOLIDARIDAD,2016,20160605,201,SAN FRANCISCO ATEXCATZINGO,421,C02,,222,69,20,,,55,,,57,1,0,,,,,,,,,0,424,14,438,675,Acta casilla,,
639,29031,29031,TETLA DE LA SOLIDARIDAD,2016,20160605,202,SAN BARTOLOME MATLALOHCAN,422,B,,76,27,87,23,,27,,48,74,,,,,,,,,,,2,364,23,387,651,Acta casilla,,
640,29031,29031,TETLA DE LA SOLIDARIDAD,2016,20160605,202,SAN BARTOLOME MATLALOHCAN,422,C01,,85,51,53,22,,57,,40,85,,,,,,,,,,,1,394,0,394,650,Acta casilla,,
641,29031,29031,TETLA DE LA SOLIDARIDAD,2016,20160605,202,SAN BARTOLOME MATLALOHCAN,422,C02,,82,24,68,19,,34,,46,93,,,,,,,,,,,0,366,21,387,650,Acta casilla,,
642,29031,29031,TETLA DE LA SOLIDARIDAD,2016,20160605,202,SAN BARTOLOME MATLALOHCAN,422,C03,,82,23,81,17,,31,,41,81,,,,,,,,,,,0,356,24,380,650,Acta casilla,,
643,29031,29031,TETLA DE LA SOLIDARIDAD,2016,20160605,202,SAN BARTOLOME MATLALOHCAN,422,C04,,80,31,83,20,,35,,40,77,,,,,,,,,,,0,366,27,393,650,Acta casilla,,
644,29031,29031,TETLA DE LA SOLIDARIDAD,2016,20160605,203,SAN ISIDRO PIEDRAS NEGRAS,423,B,,63,41,9,,,,,,74,,,,,,,,,,,0,187,4,191,219,Acta casilla,,
645,29033,29033,TLAXCALA,2016,20160605,208,SAN ESTEBAN TIZATLAN,435,B,,78,132,45,4,,11,,14,,22,4,,,,,,,,,0,310,11,321,544,Acta casilla,,
646,29033,29033,TLAXCALA,2016,20160605,208,SAN ESTEBAN TIZATLAN,436,B,,141,135,42,1,,9,,14,1,12,4,,,,,,,,,1,360,16,376,592,Acta casilla,,
647,29033,29033,TLAXCALA,2016,20160605,208,SAN ESTEBAN TIZATLAN,437,B,,143,123,52,3,,5,,26,3,34,2,,,,,,,,,0,391,19,410,665,Acta casilla,,
648,29033,29033,TLAXCALA,2016,20160605,208,SAN ESTEBAN TIZATLAN,435,C01,,112,170,29,1,,5,,16,1,18,2,,,,,,,,,0,354,14,368,544,Acta casilla,,
649,29033,29033,TLAXCALA,2016,20160605,208,SAN ESTEBAN TIZATLAN,436,C01,,119, ,76,3,,4,,14,0,16,1,,,,,,,,,0,233,12,245,592,Acta casilla,,
650,29033,29033,TLAXCALA,2016,20160605,208,SAN ESTEBAN TIZATLAN,437,C01,,188,119,68,1,,9,,16,1,39,1,,,,,,,,,0,442,14,456,665,Acta casilla,,
651,29033,29033,TLAXCALA,2016,20160605,208,SAN ESTEBAN TIZATLAN,435,C02,,77,149,54,0,,4,,15,4,32,3,,,,,,,,,0,338,13,351,544,Acta casilla,,
652,29033,29033,TLAXCALA,2016,20160605,208,SAN ESTEBAN TIZATLAN,436,C02,,145,153,48,2,,5,,17,1,13,2,,,,,,,,,0,386,9,395,591,Acta casilla,,
653,29033,29033,TLAXCALA,2016,20160605,209,SANTA MARIA IXTULCO,438,B,,79,34,28,,,4,,165,14,32,,,,,,,,,,0,356,10,366,514,Acta casilla,,
654,29033,29033,TLAXCALA,2016,20160605,209,SANTA MARIA IXTULCO,439,B,,72,102,40,,,22,,148,16,45,,,,,,,,,,2,447,10,457,716,Acta casilla,,
655,29033,29033,TLAXCALA,2016,20160605,209,SANTA MARIA IXTULCO,438,C01,,124,34,33,,,2,,127,10,18,,,,,,,,,,0,348,9,357,514,Acta casilla,,
656,29033,29033,TLAXCALA,2016,20160605,209,SANTA MARIA IXTULCO,439,C01,,100,89,46,,,16,,134,19,31,,,,,,,,,,0,435,6,441,716,Acta casilla,,
657,29033,29033,TLAXCALA,2016,20160605,209,SANTA MARIA IXTULCO,438,C02,,123,48,27,,,3,,112,8,29,,,,,,,,,,0,350,11,361,513,Acta casilla,,
658,29033,29033,TLAXCALA,2016,20160605,209,SANTA MARIA IXTULCO,439,C02,,88,118,42,,,17,,155,28,40,,,,,,,,,,0,488,12,500,715,Acta casilla,,
659,29033,29033,TLAXCALA,2016,20160605,210,SAN BUENAVENTURA ATEMPAN,440,B,,22,35,34,5,81,12,44,47,98,9,,,,,,,,,,0,387,11,398,585,Acta casilla,,
660,29033,29033,TLAXCALA,2016,20160605,210,SAN BUENAVENTURA ATEMPAN,440,C01,,48,35,51,4,43,16,59,28,108,10,,,,,,,,,,0,402,6,408,584,Acta casilla,,
661,29033,29033,TLAXCALA,2016,20160605,210,SAN BUENAVENTURA ATEMPAN,440,C02,,49,40,39,8,64,14,40,47,89,6,,,,,,,,,,0,396,12,408,584,Acta casilla,,
662,29033,29033,TLAXCALA,2016,20160605,211,OCOTLAN,444,B,,49,38,42,43,28,16,25,44,42,49,4,,,,,,,,,2,382,13,395,633,Acta casilla,,
663,29033,29033,TLAXCALA,2016,20160605,211,OCOTLAN,445,B,,31,51,70,65,23,19,18,62,62,25,19,,,,,,,,,3,448,14,462,720,Acta casilla,,
664,29033,29033,TLAXCALA,2016,20160605,211,OCOTLAN,453,B,,26,70,32,47,25,17,26,47,51,34,9,,,,,,,,,1,385,8,393,706,Acta casilla,,
665,29033,29033,TLAXCALA,2016,20160605,211,OCOTLAN,458,B,,2,3,5,3,2,1,0,5,2,1,0,,,,,,,,,0,24,3,27,42,Acta casilla,,
666,29033,29033,TLAXCALA,2016,20160605,211,OCOTLAN,444,C01,,37,43,56,27,25,13,31,47,29,34,5,,,,,,,,,1,348,15,363,633,Acta casilla,,
667,29033,29033,TLAXCALA,2016,20160605,211,OCOTLAN,445,C01,,26,37,91,58,36,13,15,58,63,30,18,,,,,,,,,1,446,18,464,719,Acta casilla,,
668,29033,29033,TLAXCALA,2016,20160605,211,OCOTLAN,453,C01,,35,62,74,42,27,15,26,38,50,26,7,,,,,,,,,1,403,12,415,710,Acta casilla,,
669,29033,29033,TLAXCALA,2016,20160605,211,OCOTLAN,458,C01,,5,6,4,0,2,1,1,4,2,5,2,,,,,,,,,0,32,1,33,63,Acta casilla,,
670,29033,29033,TLAXCALA,2016,20160605,211,OCOTLAN,444,C02,,42,57,54,45,29,18,25,49,34,29,5,,,,,,,,,4,391,9,400,632,Acta casilla,,
671,29033,29033,TLAXCALA,2016,20160605,211,OCOTLAN,453,C02,,43,55,47,36,34,8,21,38,57,25,6,,,,,,,,,1,371,24,395,709,Acta casilla,,
672,29033,29033,TLAXCALA,2016,20160605,211,OCOTLAN,458,C02,,4,7,5,1,1,0,0,1,5,1,1,,,,,,,,,0,26,0,26,64,Acta casilla,,
673,29033,29033,TLAXCALA,2016,20160605,211,OCOTLAN,444,C03,,39,55,60,32,20,10,34,53,27,32,14,,,,,,,,,0,376,14,390,632,Acta casilla,,
674,29033,29033,TLAXCALA,2016,20160605,211,OCOTLAN,453,C03,,23,44,72,56,40,15,25,41,60,27,11,,,,,,,,,1,415,13,428,706,Acta casilla,,
675,29033,29033,TLAXCALA,2016,20160605,211,OCOTLAN,458,C03,,6,10,8,2,0,0,4,1,4,7,0,,,,,,,,,0,42,1,43,70,Acta casilla,,
676,29033,29033,TLAXCALA,2016,20160605,211,OCOTLAN,444,C04,,36,52,52,35,26,16,33,49,26,41,8,,,,,,,,,0,374,10,384,632,Acta casilla,,
677,29033,29033,TLAXCALA,2016,20160605,211,OCOTLAN,453,C04,,29,58,68,49,34,9,16,48,58,23,6,,,,,,,,,0,398,8,406,711,Acta casilla,,
678,29033,29033,TLAXCALA,2016,20160605,211,OCOTLAN,458,C04,,0,6,5,2,2,2,0,3,0,3,1,,,,,,,,,0,24,0,24,52,Acta casilla,,
679,29033,29033,TLAXCALA,2016,20160605,211,OCOTLAN,444,C05,,33,60,58,28,35,12,33,47,36,31,11,,,,,,,,,2,386,21,407,632,Acta casilla,,
680,29033,29033,TLAXCALA,2016,20160605,211,OCOTLAN,453,C05,,28,56,51,45,27,13,20,51,89,26,8,,,,,,,,,0,414,17,431,707,Acta casilla,,
681,29033,29033,TLAXCALA,2016,20160605,211,OCOTLAN,458,C05,,5,10,4,0,7,3,0,1,2,0,0,,,,,,,,,0,32,1,33,46,Acta casilla,,
682,29033,29033,TLAXCALA,2016,20160605,211,OCOTLAN,453,C06,,30,59,57,23,47,11,22,31,65,28,13,,,,,,,,,0,386,14,400,708,Acta casilla,,
683,29033,29033,TLAXCALA,2016,20160605,211,OCOTLAN,458,C06,,3,3,6,1,2,0,1,0,1,5,4,,,,,,,,,0,26,1,27,55,Acta casilla,,
684,29033,29033,TLAXCALA,2016,20160605,211,OCOTLAN,453,C07,,26,49,51,32,29,4,13,39,64,22,14,,,,,,,,,1,344,20,364,706,Acta casilla,,
685,29033,29033,TLAXCALA,2016,20160605,211,OCOTLAN,453,C08,,32,47,62,38,39,9,26,35,80,20,15,,,,,,,,,2,405,13,418,708,Acta casilla,,
686,29033,29033,TLAXCALA,2016,20160605,212,SAN HIPOLITO CHIMALPA,448,B,,37,55,15,65,41,49,,74,4,0,70,,,,,,,,,0,410,19,429,705,Acta casilla,,
687,29033,29033,TLAXCALA,2016,20160605,212,SAN HIPOLITO CHIMALPA,448,C01,,22,85,14,64,66,40,,94,3,0,62,,,,,,,,,0,450,10,460,705,Acta casilla,,
688,29033,29033,TLAXCALA,2016,20160605,212,SAN HIPOLITO CHIMALPA,448,C02,,35,71,7,94,52,44,,95,0,0,75,,,,,,,,,0,473,13,486,704,Acta casilla,,
689,29033,29033,TLAXCALA,2016,20160605,213,SAN GABRIEL CUAUHTLA,451,B,,11,85,101,,5,28,0,46,47,25,53,,,,,,,,,2,403,13,416,648,Acta casilla,,
690,29033,29033,TLAXCALA,2016,20160605,213,SAN GABRIEL CUAUHTLA,452,B,,1,7,4,,2,2,0,0,10,4,9,,,,,,,,,0,39,1,40,66,Acta casilla,,
691,29033,29033,TLAXCALA,2016,20160605,213,SAN GABRIEL CUAUHTLA,453,B,,0,5,0,,0,0,0,0,0,0,1,,,,,,,,,0,6,0,6,8,Acta casilla,,
692,29033,29033,TLAXCALA,2016,20160605,213,SAN GABRIEL CUAUHTLA,458,B,,5,9,16,,10,5,0,14,14,7,9,,,,,,,,,0,89,5,94,176,Acta casilla,,
693,29033,29033,TLAXCALA,2016,20160605,213,SAN GABRIEL CUAUHTLA,459,B,,15,50,48,,7,27,6,25,29,32,15,,,,,,,,,0,260,16,276,438,Acta casilla,,
694,29033,29033,TLAXCALA,2016,20160605,213,SAN GABRIEL CUAUHTLA,464,B,,15,10,14,,3,5,0,15,11,12,8,,,,,,,,,0,93,4,97,165,Acta casilla,,
695,29033,29033,TLAXCALA,2016,20160605,213,SAN GABRIEL CUAUHTLA,451,C01,,10,71,107,,6,27,0,18,68,21,64,,,,,,,,,2,394,15,409,648,Acta casilla,,
696,29033,29033,TLAXCALA,2016,20160605,213,SAN GABRIEL CUAUHTLA,452,C01,,1,14,3,,2,1,0,2,6,6,7,,,,,,,,,0,42,3,45,60,Acta casilla,,
697,29033,29033,TLAXCALA,2016,20160605,213,SAN GABRIEL CUAUHTLA,453,C01,,0,1,1,,0,0,0,0,1,0,0,,,,,,,,,0,3,0,3,4,Acta casilla,,
698,29033,29033,TLAXCALA,2016,20160605,213,SAN GABRIEL CUAUHTLA,458,C01,,2,12,8,,2,5,0,7,5,6,0,,,,,,,,,0,47,3,50,114,Acta casilla,,
699,29033,29033,TLAXCALA,2016,20160605,213,SAN GABRIEL CUAUHTLA,459,C01,,18,31,73,,2,22,0,37,31,20,25,,,,,,,,,0,259,10,269,457,Acta casilla,,
700,29033,29033,TLAXCALA,2016,20160605,213,SAN GABRIEL CUAUHTLA,464,C01,,8,15,12,,0,7,0,1,7,7,3,,,,,,,,,0,60,1,61,121,Acta casilla,,
701,29033,29033,TLAXCALA,2016,20160605,213,SAN GABRIEL CUAUHTLA,451,C02,,6,74,109,,3,32,0,24,87,20,47,,,,,,,,,3,405,12,417,648,Acta casilla,,
702,29033,29033,TLAXCALA,2016,20160605,213,SAN GABRIEL CUAUHTLA,452,C02,,2,9,4,,0,4,0,0,9,7,9,,,,,,,,,0,44,1,45,68,Acta casilla,,
703,29033,29033,TLAXCALA,2016,20160605,213,SAN GABRIEL CUAUHTLA,453,C02,,0,0,1,,0,0,0,0,0,0,0,,,,,,,,,0,1,1,2,5,Acta casilla,,
704,29033,29033,TLAXCALA,2016,20160605,213,SAN GABRIEL CUAUHTLA,458,C02,,5,19,28,,7,5,0,6,29,5,5,,,,,,,,,3,112,0,112,196,Acta casilla,,
705,29033,29033,TLAXCALA,2016,20160605,213,SAN GABRIEL CUAUHTLA,459,C02,,14,33,68,,6,47,0,37,17,29,21,,,,,,,,,0,272,14,286,445,Acta casilla,,
706,29033,29033,TLAXCALA,2016,20160605,213,SAN GABRIEL CUAUHTLA,464,C02,,18,16,13,,2,7,0,8,8,11,7,,,,,,,,,0,90,1,91,142,Acta casilla,,
707,29033,29033,TLAXCALA,2016,20160605,213,SAN GABRIEL CUAUHTLA,453,C03,,1,1,0,,1,0,0,1,0,0,0,,,,,,,,,0,4,0,4,8,Acta casilla,,
708,29033,29033,TLAXCALA,2016,20160605,213,SAN GABRIEL CUAUHTLA,458,C03,,7,18,25,,5,7,0,13,20,4,2,,,,,,,,,1,102,3,105,207,Acta casilla,,
709,29033,29033,TLAXCALA,2016,20160605,213,SAN GABRIEL CUAUHTLA,464,C03,,12,15,10,,2,1,0,7,5,9,7,,,,,,,,,0,68,2,70,120,Acta casilla,,
710,29033,29033,TLAXCALA,2016,20160605,213,SAN GABRIEL CUAUHTLA,453,C04,,0,1,1,,0,1,0,0,1,0,0,,,,,,,,,0,4,0,4,3,Acta casilla,,
711,29033,29033,TLAXCALA,2016,20160605,213,SAN GABRIEL CUAUHTLA,458,C04,,5,8,15,,3,2,0,3,4,10,4,,,,,,,,,0,54,1,55,126,Acta casilla,,
712,29033,29033,TLAXCALA,2016,20160605,213,SAN GABRIEL CUAUHTLA,464,C04,,16,16,15,,2,15,0,0,0,0,0,,,,,,,,,0,64,1,65,153,Acta casilla,,
713,29033,29033,TLAXCALA,2016,20160605,213,SAN GABRIEL CUAUHTLA,453,C05,,0,3,0,,0,0,0,1,0,0,0,,,,,,,,,0,4,0,4,7,Acta casilla,,
714,29033,29033,TLAXCALA,2016,20160605,213,SAN GABRIEL CUAUHTLA,458,C05,,7,7,25,,4,8,0,11,21,8,5,,,,,,,,,0,96,2,98,190,Acta casilla,,
715,29033,29033,TLAXCALA,2016,20160605,213,SAN GABRIEL CUAUHTLA,464,C05,,20,12,5,,0,6,0,18,18,7,4,,,,,,,,,0,90,3,93,158,Acta casilla,,
716,29033,29033,TLAXCALA,2016,20160605,213,SAN GABRIEL CUAUHTLA,453,C06,,1,0,0,,0,0,0,0,0,0,0,,,,,,,,,0,1,0,1,6,Acta casilla,,
717,29033,29033,TLAXCALA,2016,20160605,213,SAN GABRIEL CUAUHTLA,458,C06,,0,13,23,,8,2,0,10,6,3,1,,,,,,,,,0,66,5,71,141,Acta casilla,,
718,29033,29033,TLAXCALA,2016,20160605,213,SAN GABRIEL CUAUHTLA,453,C07,,1,2,1,,0,0,0,0,0,0,0,,,,,,,,,0,4,0,4,8,Acta casilla,,
719,29033,29033,TLAXCALA,2016,20160605,213,SAN GABRIEL CUAUHTLA,453,C08,,1,4,3,,0,0,0,0,0,0,0,,,,,,,,,0,8,0,8,5,Acta casilla,,
720,29033,29033,TLAXCALA,2016,20160605,214,LA TRINIDAD TEPEHITEC,461,B,,3,6,4,0,0,,1,0,3,1,0,,,,,,,,,0,18,2,20,41,Acta casilla,,
721,29033,29033,TLAXCALA,2016,20160605,214,LA TRINIDAD TEPEHITEC,462,B,,69,71,155,1,28,,0,10,3,50,33,,,,,,,,,2,422,14,436,628,Acta casilla,,
722,29033,29033,TLAXCALA,2016,20160605,214,LA TRINIDAD TEPEHITEC,463,B,,0,3,2,0,2,,0,6,1,4,0,,,,,,,,,0,18,0,18,32,Acta casilla,,
723,29033,29033,TLAXCALA,2016,20160605,214,LA TRINIDAD TEPEHITEC,461,C01,,3,4,9,0,0,,0,3,1,5,2,,,,,,,,,0,27,3,30,44,Acta casilla,,
724,29033,29033,TLAXCALA,2016,20160605,214,LA TRINIDAD TEPEHITEC,462,C01,,57,79,106,6,39,,0,15,11,37,27,,,,,,,,,0,377,16,393,628,Acta casilla,,
725,29033,29033,TLAXCALA,2016,20160605,214,LA TRINIDAD TEPEHITEC,463,C01,,6,4,6,0,0,,0,1,0,4,4,,,,,,,,,0,25,1,26,47,Acta casilla,,
726,29033,29033,TLAXCALA,2016,20160605,214,LA TRINIDAD TEPEHITEC,461,C02,,3,5,4,0,0,,0,2,0,3,3,,,,,,,,,0,20,3,23,41,Acta casilla,,
727,29033,29033,TLAXCALA,2016,20160605,214,LA TRINIDAD TEPEHITEC,462,C02,,58,97,136,6,35,,0,12,10,53,24,,,,,,,,,0,431,8,439,627,Acta casilla,,
728,29033,29033,TLAXCALA,2016,20160605,214,LA TRINIDAD TEPEHITEC,463,C02,,4,2,5,0,1,,0,2,0,4,1,,,,,,,,,0,19,1,20,39,Acta casilla,,
729,29033,29033,TLAXCALA,2016,20160605,215,SANTA MARIA ACUITLAPILCO,464,B,,19,46,23,4,18,6,11,11,8,39,9,,,,,,,,,1,195,14,209,362,Acta casilla,,
730,29033,29033,TLAXCALA,2016,20160605,215,SANTA MARIA ACUITLAPILCO,465,B,,43,61,47,14,83,6,7,25,42,31,6,,,,,,,,,0,365,25,390,680,Acta casilla,,
731,29033,29033,TLAXCALA,2016,20160605,215,SANTA MARIA ACUITLAPILCO,466,B,,51,81,24,14,41,1,7,14,43,39,7,,,,,,,,,0,322,11,333,633,Acta casilla,,
732,29033,29033,TLAXCALA,2016,20160605,215,SANTA MARIA ACUITLAPILCO,464,C01,,25,36,25,3,8,7,12,14,10,22,8,,,,,,,,,0,170,7,177,343,Acta casilla,,
733,29033,29033,TLAXCALA,2016,20160605,215,SANTA MARIA ACUITLAPILCO,465,C01,,62,74,32,8,83,5,9,21,45,35,5,,,,,,,,,1,380,18,398,691,Acta casilla,,
734,29033,29033,TLAXCALA,2016,20160605,215,SANTA MARIA ACUITLAPILCO,466,C01,,43,89,51,7,51,2,12,37,26,45,2,,,,,,,,,1,366,15,381,633,Acta casilla,,
735,29033,29033,TLAXCALA,2016,20160605,215,SANTA MARIA ACUITLAPILCO,464,C02,,12,40,0,0,0,21,2,4,1,3,2,,,,,,,,,53,138,45,183,354,Acta casilla,,
736,29033,29033,TLAXCALA,2016,20160605,215,SANTA MARIA ACUITLAPILCO,465,C02,,50,66,55,7,61,13,8,30,34,41,9,,,,,,,,,0,374,23,397,682,Acta casilla,,
737,29033,29033,TLAXCALA,2016,20160605,215,SANTA MARIA ACUITLAPILCO,466,C02,,32,77,39,8,37,2,12,33,25,38,11,,,,,,,,,0,314,21,335,633,Acta casilla,,
738,29033,29033,TLAXCALA,2016,20160605,215,SANTA MARIA ACUITLAPILCO,464,C03,,21,62,24,7,12,4,11,12,6,21,5,,,,,,,,,0,185,12,197,365,Acta casilla,,
739,29033,29033,TLAXCALA,2016,20160605,215,SANTA MARIA ACUITLAPILCO,465,C03,,38,64,46,6,79,2,11,26,41,43,11,,,,,,,,,1,368,13,381,677,Acta casilla,,
740,29033,29033,TLAXCALA,2016,20160605,215,SANTA MARIA ACUITLAPILCO,466,C03,,49,72,24,8,41,2,9,38,38,51,3,,,,,,,,,0,335,27,362,633,Acta casilla,,
741,29033,29033,TLAXCALA,2016,20160605,215,SANTA MARIA ACUITLAPILCO,464,C04,,0,0,24,0,0,0,0,0,0,0,0,,,,,,,,,0,24,0,24,316,Acta casilla,,
742,29033,29033,TLAXCALA,2016,20160605,215,SANTA MARIA ACUITLAPILCO,465,C04,,42,70,61,4,69,10,9,27,25,48,9,,,,,,,,,0,374,27,401,679,Acta casilla,,
743,29033,29033,TLAXCALA,2016,20160605,215,SANTA MARIA ACUITLAPILCO,466,C04,,53,82,45,7,65,0,9,22,23,60,4,,,,,,,,,3,373,14,387,633,Acta casilla,,
744,29033,29033,TLAXCALA,2016,20160605,215,SANTA MARIA ACUITLAPILCO,464,C05,,27,0,29,6,16,7,12,11,4,22,3,,,,,,,,,0,137,7,144,331,Acta casilla,,
745,29033,29033,TLAXCALA,2016,20160605,215,SANTA MARIA ACUITLAPILCO,465,C05,,67,70,47,8,87,6,7,26,38,40,13,,,,,,,,,0,409,43,452,675,Acta casilla,,
746,29033,29033,TLAXCALA,2016,20160605,215,SANTA MARIA ACUITLAPILCO,466,C05,,57,72,30,10,83,3,3,36,33,33,3,,,,,,,,,1,364,23,387,633,Acta casilla,,
747,29033,29033,TLAXCALA,2016,20160605,216,SAN LUCAS CUAHTELULPAN,468,B,,23,40,87,14,37,53,50,91,20,,,,,,,,,,,0,415,12,427,579,Acta casilla,,
748,29033,29033,TLAXCALA,2016,20160605,216,SAN LUCAS CUAHTELULPAN,469,B,,29,13,107,4,43,52,87,49,1,,,,,,,,,,,0,385,4,389,507,Acta casilla,,
749,29033,29033,TLAXCALA,2016,20160605,216,SAN LUCAS CUAHTELULPAN,468,C01,,34,31,71,16,44,53,70,42,20,,,,,,,,,,,0,381,11,392,579,Acta casilla,,
750,29033,29033,TLAXCALA,2016,20160605,216,SAN LUCAS CUAHTELULPAN,469,C01,,58,10,120,1,19,30,77,45,3,,,,,,,,,,,0,363,13,376,506,Acta casilla,,
751,29033,29033,TLAXCALA,2016,20160605,216,SAN LUCAS CUAHTELULPAN,468,C02,,39,46,72,3,22,82,39,64,4,,,,,,,,,,,0,371,19,390,579,Acta casilla,,
752,29033,29033,TLAXCALA,2016,20160605,216,SAN LUCAS CUAHTELULPAN,469,C02,,16,22,107,8,13,57,5,74,60,,,,,,,,,,,0,362,11,373,506,Acta casilla,,
753,29033,29033,TLAXCALA,2016,20160605,216,SAN LUCAS CUAHTELULPAN,468,C03,,23,52,72,3,43,51,80,48,12,,,,,,,,,,,0,384,8,392,579,Acta casilla,,
754,29034,29034,TLAXCO,2016,20160605,217,6A SECCION,470,B,,29,38,40,,,44,113,,17,,1,,,,,,,,,20,302,14,316,447,Acta casilla,,
755,29034,29034,TLAXCO,2016,20160605,217,6A SECCION,470,C01,,15,47,33,,,32,120,,12,,4,,,,,,,,,20,283,21,304,447,Acta casilla,,
756,29034,29034,TLAXCO,2016,20160605,218,EL SABINAL,471,B,,60,113,64,,,,77,,47,,,,,,,,,,,0,361,26,387,620,Acta casilla,,
757,29034,29034,TLAXCO,2016,20160605,218,EL SABINAL,471,C01,,60,112,63,,,,90,,69,,,,,,,,,,,1,395,25,420,619,Acta casilla,,
758,29034,29034,TLAXCO,2016,20160605,219,COLONIA ITURBIDE,472,B,,32,,57,42,,168,37,,20,,0,,,,,,,,,0,356,15,371,588,Acta casilla,,
759,29034,29034,TLAXCO,2016,20160605,219,COLONIA ITURBIDE,472,C01,,36,,48,43,,166,45,,22,,4,,,,,,,,,0,364,13,377,587,Acta casilla,,
760,29034,29034,TLAXCO,2016,20160605,220,QUINTA SECCION BARRIO CHICO,473,B,,21,50,43,65,,66,71,,5,,,,,,,,,,,2,323,14,337,488,Acta casilla,,
761,29034,29034,TLAXCO,2016,20160605,220,QUINTA SECCION BARRIO CHICO,473,C01,,26,52,61,68,,38,66,,6,,,,,,,,,,,1,318,10,328,487,Acta casilla,,
762,29034,29034,TLAXCO,2016,20160605,221,COLONIA TEPATLAXCO,474,B,,28,41,133,,,,18,14,92,,2,,,,,,,,,0,328,7,335,514,Acta casilla,,
763,29034,29034,TLAXCO,2016,20160605,221,COLONIA TEPATLAXCO,474,C01,,62,35,152,,,,24,6,53,,2,,,,,,,,,0,334,9,343,523,Acta casilla,,
764,29034,29034,TLAXCO,2016,20160605,221,COLONIA TEPATLAXCO,474,C02,,30,36,178,,,,25,11,46,,2,,,,,,,,,0,328,14,342,521,Acta casilla,,
765,29034,29034,TLAXCO,2016,20160605,222,COLONIA POSTAL Y VISTA HERMOSA,476,B,,61,75,52,30,26,16,101,29,2,,2,,,,,,,,,1,395,16,411,634,Acta casilla,,
766,29034,29034,TLAXCO,2016,20160605,222,COLONIA POSTAL Y VISTA HERMOSA,476,C01,,60,105,46,32,18,15,102,8,4,,6,,,,,,,,,0,396,21,417,633,Acta casilla,,
767,29034,29034,TLAXCO,2016,20160605,222,COLONIA POSTAL Y VISTA HERMOSA,476,C02,,50,97,72,30,10,17,79,10,7,,1,,,,,,,,,1,374,14,388,633,Acta casilla,,
768,29034,29034,TLAXCO,2016,20160605,222,COLONIA POSTAL Y VISTA HERMOSA,476,C03,,56,83,57,20,13,8,119,5,5,,6,,,,,,,,,0,372,28,400,633,Acta casilla,,
769,29034,29034,TLAXCO,2016,20160605,223,COLONIA EJIDAL,477,B,,28,31,74,,44,53,74,0,34,,,,,,,,,,,0,338,19,357,506,Acta casilla,,
770,29034,29034,TLAXCO,2016,20160605,223,COLONIA EJIDAL,477,C01,,31,26,65,,59,66,74,31,24,,,,,,,,,,,2,378,16,394,506,Acta casilla,,
771,29034,29034,TLAXCO,2016,20160605,224,COLONIA SAN JUAN,478,B,,67,,109,,,86,,45,,,,,,,,,,,,0,307,12,319,417,Acta casilla,,
772,29034,29034,TLAXCO,2016,20160605,225,ACOPINALCO DEL PEÑON,481,B,,94,117,108,33,,11,,12,6,,,,,,,,,,,0,381,13,394,627,Acta casilla,,
773,29034,29034,TLAXCO,2016,20160605,225,ACOPINALCO DEL PEÑON,481,C01,,87,143,129,27,,2,,9,6,,,,,,,,,,,0,403,13,416,627,Acta casilla,,
774,29034,29034,TLAXCO,2016,20160605,225,ACOPINALCO DEL PEÑON,481,C02,,73,108,160,58,,5,,10,3,,,,,,,,,,,0,417,11,428,626,Acta casilla,,
775,29034,29034,TLAXCO,2016,20160605,226,EL ROSARIO,482,B,,88,130,39,,,25,25,36,11,,,,,,,,,,,0,354,9,363,575,Acta casilla,,
776,29034,29034,TLAXCO,2016,20160605,226,EL ROSARIO,482,C01,,91,123,44,,,15,32,32,19,,,,,,,,,,,0,356,15,371,575,Acta casilla,,
777,29034,29034,TLAXCO,2016,20160605,226,EL ROSARIO,482,C02,,85,145,36,,,25,30,18,3,,,,,,,,,,,0,342,18,360,575,Acta casilla,,
778,29034,29034,TLAXCO,2016,20160605,227,UNION EJIDAL TIERRA Y LIBERTAD,484,B,,25,41,110,,,71,,,41,,,,,,,,,,,16,304,49,353,544,Acta casilla,,
779,29034,29034,TLAXCO,2016,20160605,227,UNION EJIDAL TIERRA Y LIBERTAD,484,C01,,30,46,133,,,26,,,77,,,,,,,,,,,33,345,16,361,544,Acta casilla,,
780,29034,29034,TLAXCO,2016,20160605,227,UNION EJIDAL TIERRA Y LIBERTAD,484,C02,,46,45,92,,,49,,,58,,,,,,,,,,,13,303,36,339,544,Acta casilla,,
781,29034,29034,TLAXCO,2016,20160605,228,MARIANO MATAMOROS,485,B,,73,24,19,,,104,15,,183,,,,,,,,,,,0,418,18,436,648,Acta casilla,,
782,29034,29034,TLAXCO,2016,20160605,229,ASERRADERO CASA BLANCA,486,B,,60,46,,,,118,75,,93,,,,,,,,,,,0,392,11,403,589,Acta casilla,,
783,29034,29034,TLAXCO,2016,20160605,230,LAGUNILLAS,488,B,,61,,43,,2,110,58,16,21,,,,,,,,,,,48,359,13,372,602,Acta casilla,,
784,29034,29034,TLAXCO,2016,20160605,230,LAGUNILLAS,488,C01,,61,,50,,3,75,69,11,18,,,,,,,,,,,74,361,23,384,602,Acta casilla,,
785,29034,29034,TLAXCO,2016,20160605,231,LA CIENEGA,490,B,,89,,6,,,31,17,,0,,,,,,,,,,,0,143,4,147,185,Acta casilla,,
786,29034,29034,TLAXCO,2016,20160605,232,ATOTONILCO,491,B,,70,109,114,,,9,21,,31,9,,,,,,,,,,0,363,19,382,609,Acta casilla,,
787,29034,29034,TLAXCO,2016,20160605,232,ATOTONILCO,491,C01,,67,110,94,,,12,12,,37,8,,,,,,,,,,0,340,14,354,608,Acta casilla,,
788,29034,29034,TLAXCO,2016,20160605,232,ATOTONILCO,491,C02,,73,91,115,,,41,17,,35,0,,,,,,,,,,0,372,14,386,608,Acta casilla,,
789,29034,29034,TLAXCO,2016,20160605,232,ATOTONILCO,491,C03,,82,116,107,,,16,23,,48,1,,,,,,,,,,1,394,11,405,608,Acta casilla,,
790,29034,29034,TLAXCO,2016,20160605,233,SAN PEDRO LA CUEVA,492,B,,4,,36,,,94,,,19,,,,,,,,,,,28,181,4,185,214,Acta casilla,,
791,29034,29034,TLAXCO,2016,20160605,234,SAN ANTONIO HUEXOTITLA,493,B,,,,98,,,54,,,,,,,,,,,,,,99,251,9,260,411,Acta casilla,,
792,29034,29034,TLAXCO,2016,20160605,235,SAN JOSE TEPEYAHUALCO,494,B,,122,22,11,,25,26,22,19,36,,,,,,,,,,,0,283,22,305,407,Acta casilla,,
793,29034,29034,TLAXCO,2016,20160605,235,SAN JOSE TEPEYAHUALCO,494,C01,,91,19,7,,39,13,18,21,60,,,,,,,,,,,0,268,21,289,407,Acta casilla,,
794,29034,29034,TLAXCO,2016,20160605,236,SAN LORENZO SOLTEOPEC,495,B,,210,134,19,,,124,14,,7,,,,,,,,,,,1,509,22,531,749,Acta casilla,,
795,29034,29034,TLAXCO,2016,20160605,237,LA PALMA,497,B,,13,20,53,,,17,69,9,,,,,,,,,,,,0,181,3,184,215,Acta casilla,,
796,29034,29034,TLAXCO,2016,20160605,238,LA ROSA,497,E01,,,,,,,31,,,46,,62,,,,,,,,,0,139,8,147,201,Acta casilla,,
797,29034,29034,TLAXCO,2016,20160605,239,RANCHERIA LAS MESAS,498,B,,,,3,,,21,,50,70,,,,,,,,,,,0,144,4,148,184,Acta casilla,,
798,29034,29034,TLAXCO,2016,20160605,240,COLONIA MAXIMO ROJAS XALOSTOC,499,B,,32,40,75,,,12,72,32,47,,,,,,,,,,,7,317,7,324,403,Acta casilla,,
799,29034,29034,TLAXCO,2016,20160605,240,COLONIA MAXIMO ROJAS XALOSTOC,499,C01,,43,50,71,,,16,60,23,42,,,,,,,,,,,0,305,18,323,403,Acta casilla,,
800,29034,29034,TLAXCO,2016,20160605,241,LA MAGDALENA SOLTEPEC,500,B,,,,13,,,143,,,176,,,,,,,,,,,0,332,15,347,454,Acta casilla,,
801,29034,29034,TLAXCO,2016,20160605,242,COLONIA JOSE MARIA MORELOS BUENAVISTA,501,B,,103,,115,,,79,,,113,,,,,,,,,,,39,449,24,473,652,Acta casilla,,
802,29034,29034,TLAXCO,2016,20160605,242,COLONIA JOSE MARIA MORELOS BUENAVISTA,501,C01,,76,,163,,,88,,,81,,,,,,,,,,,44,452,22,474,652,Acta casilla,,
803,29034,29034,TLAXCO,2016,20160605,243,SANTA MARIA ZOTOLUCA,502,B,,7,51,16,,,88,,,,,71,,,,,,,,,0,233,17,250,311,Acta casilla,,
804,29034,29034,TLAXCO,2016,20160605,244,CAPILLA DE TEPEYAHUALCO,503,B,,13,,,,,15,,,,,68,,,,,,,,,0,96,0,96,133,Acta casilla,,
805,29034,29034,TLAXCO,2016,20160605,245,RANCHERIA OJO DE AGUA,504,B,,,67,,,,3,,,,,97,,,,,,,,,0,167,5,172,208,Acta casilla,,
806,29035,29035,TOCATLAN,2016,20160605,246,SANTACRUZ VENUSTIANO CARRANZA,507,B,,,71,,185,,,94,,74,,,,,,,,,,,0,424,0,424,581,Acta casilla,,
807,29036,29036,TOTOLAC,2016,20160605,247,LOS REYES QUIAHUIXTLAN,508,B,,16,76,3,2,,,,20,15,120,,,,,,,,,,1,253,17,270,397,Acta casilla,,
808,29036,29036,TOTOLAC,2016,20160605,247,LOS REYES QUIAHUIXTLAN,509,B,,38,114,11,2,,,,42,54,90,,,,,,,,,,1,352,25,377,547,Acta casilla,,
809,29036,29036,TOTOLAC,2016,20160605,247,LOS REYES QUIAHUIXTLAN,508,C01,,10,79,10,7,,,,14,17,121,,,,,,,,,,1,259,12,271,396,Acta casilla,,
810,29036,29036,TOTOLAC,2016,20160605,247,LOS REYES QUIAHUIXTLAN,509,C01,,24,102,6,2,,,,41,31,142,,,,,,,,,,8,356,50,406,547,Acta casilla,,
811,29036,29036,TOTOLAC,2016,20160605,248,LA CANDELARIA TEOTLALPAN,511,B,,69,69,48,10,,,,26,42,20,,,,,,,,,,3,287,23,310,459,Acta casilla,,
812,29036,29036,TOTOLAC,2016,20160605,248,LA CANDELARIA TEOTLALPAN,511,C01,,105,46,49,9,,,,48,24,25,,,,,,,,,,0,306,29,335,458,Acta casilla,,
813,29036,29036,TOTOLAC,2016,20160605,249,SAN FRANCISCO OCOTELULCO,512,B,,15,38,91,,,,64,80,1,58,,,,,,,,,,1,348,7,355,534,Acta casilla,,
814,29036,29036,TOTOLAC,2016,20160605,249,SAN FRANCISCO OCOTELULCO,512,C01,,18,37,107,,,,76,41,4,70,,,,,,,,,,1,354,15,369,533,Acta casilla,,
815,29036,29036,TOTOLAC,2016,20160605,249,SAN FRANCISCO OCOTELULCO,512,C02,,42,37,105,,,,72,47,4,52,,,,,,,,,,0,359,14,373,533,Acta casilla,,
816,29036,29036,TOTOLAC,2016,20160605,250,ACXOTLA DEL RIO,513,B,,71,,101,21,,,41,63,,65,34,,,,,,,,,35,431,27,458,724,Acta casilla,,
817,29036,29036,TOTOLAC,2016,20160605,250,ACXOTLA DEL RIO,513,C01,,79,,104,35,,,37,73,,59,36,,,,,,,,,33,456,24,480,723,Acta casilla,,
818,29036,29036,TOTOLAC,2016,20160605,250,ACXOTLA DEL RIO,513,C02,,67,,102,30,,,51,67,,55,36,,,,,,,,,47,455,29,484,723,Acta casilla,,
819,29036,29036,TOTOLAC,2016,20160605,251,SAN MIGUEL TLAMAHUCO,514,B,,16,60,83,105,,,,45,8,75,,,,,,,,,,0,392,35,427,634,Acta casilla,Modificada,SDF-JRC-0055-2016
820,29036,29036,TOTOLAC,2016,20160605,251,SAN MIGUEL TLAMAHUCO,514,C01,,27,57,104,84,,,,54,3,72,,,,,,,,,,1,402,32,434,633,Acta casilla,Modificada,SDF-JRC-0055-2016
821,29036,29036,TOTOLAC,2016,20160605,252,SAN JUAN TOTOLAC,515,B,,47,50,49,18,35,,57,55,89,31,,,,,,,,,,1,432,10,442,649,Acta casilla,,
822,29036,29036,TOTOLAC,2016,20160605,252,SAN JUAN TOTOLAC,516,B,,22,99,76,12,57,,51,37,58,20,,,,,,,,,,1,433,16,449,610,Acta casilla,,
823,29036,29036,TOTOLAC,2016,20160605,252,SAN JUAN TOTOLAC,517,B,,51,44,92,20,71,,36,45,48,24,,,,,,,,,,3,434,10,444,641,Acta casilla,,
824,29036,29036,TOTOLAC,2016,20160605,252,SAN JUAN TOTOLAC,515,C01,,36,64,83,14,39,,66,70,67,33,,,,,,,,,,2,474,15,489,649,Acta casilla,,
825,29036,29036,TOTOLAC,2016,20160605,252,SAN JUAN TOTOLAC,516,C01,,41,116,116,28,115,,90,79,94,70,,,,,,,,,,0,749,27,776,610,Acta casilla,,
826,29036,29036,TOTOLAC,2016,20160605,252,SAN JUAN TOTOLAC,517,C01,,28,49,117,18,86,,44,40,36,22,,,,,,,,,,0,440,25,465,641,Acta casilla,,
827,29036,29036,TOTOLAC,2016,20160605,252,SAN JUAN TOTOLAC,515,C02,,43,49,58,13,69,,52,62,72,37,,,,,,,,,,0,455,12,467,649,Acta casilla,,
828,29036,29036,TOTOLAC,2016,20160605,252,SAN JUAN TOTOLAC,516,C02,,4,54,3,6,6,,6,5,9,9,,,,,,,,,,5,107,0,107,610,Acta casilla,,
829,29036,29036,TOTOLAC,2016,20160605,253,BARRIO DE ZARAGOZA,518,B,,14,52,101,,59,,90,71,,16,0,,,,,,,,,0,403,6,409,133,Acta casilla,,
830,29036,29036,TOTOLAC,2016,20160605,253,BARRIO DE ZARAGOZA,518,C01,,5,82,85,,54,,120,40,,18,0,,,,,,,,,0,404,14,418,123,Acta casilla,,
831,29037,29037,ZITLALTEPEC DE TRINIDAD SANCHEZ SANTOS,2016,20160605,254,SAN JUAN BAUTISTA MIER,524,B,,198,,29,9,88,,,,,83,2,,,,,,,,,0,409,0,409,540,Recuento,,
832,29037,29037,ZITLALTEPEC DE TRINIDAD SANCHEZ SANTOS,2016,20160605,255,COLONIA FRANCISCO JAVIER MINA,525,B,,35,,8,61,12,,,118,,,61,,,,,,,,,0,295,25,320,445,Acta casilla,,
833,29037,29037,ZITLALTEPEC DE TRINIDAD SANCHEZ SANTOS,2016,20160605,255,COLONIA FRANCISCO JAVIER MINA,525,C01,,33,,8,99,9,,,101,,,74,,,,,,,,,0,324,15,339,444,Acta casilla,,
834,29038,29038,TZOMPANTEPEC,2016,20160605,256,SAN ANDRES AHUASHUASTEPEC,527,B,,52,26,11,42,8,6,37,,48,24,138,,,,,,,,,18,410,22,432,589,Acta casilla,,
835,29038,29038,TZOMPANTEPEC,2016,20160605,256,SAN ANDRES AHUASHUASTEPEC,528,B,,78,23,9,9,9,0,53,,50,16,117,,,,,,,,,1,365,22,387,559,Acta casilla,,
836,29038,29038,TZOMPANTEPEC,2016,20160605,256,SAN ANDRES AHUASHUASTEPEC,527,C01,,66,29,10,19,13,0,56,,47,35,102,,,,,,,,,4,381,16,397,589,Acta casilla,,
837,29038,29038,TZOMPANTEPEC,2016,20160605,256,SAN ANDRES AHUASHUASTEPEC,528,C01,,74,28,16,5,6,0,64,,34,37,93,,,,,,,,,13,370,16,386,559,Acta casilla,,
838,29038,29038,TZOMPANTEPEC,2016,20160605,256,SAN ANDRES AHUASHUASTEPEC,527,C02,,48,20,7,20,6,0,34,,65,22,118,,,,,,,,,22,362,25,387,588,Acta casilla,,
839,29038,29038,TZOMPANTEPEC,2016,20160605,256,SAN ANDRES AHUASHUASTEPEC,528,C02,,60,35,6,8,6,0,53,,45,24,139,,,,,,,,,12,388,11,399,559,Acta casilla,,
840,29038,29038,TZOMPANTEPEC,2016,20160605,256,SAN ANDRES AHUASHUASTEPEC,527,E01,,52,43,25,7,28,0,32,,25,43,35,,,,,,,,,11,301,26,327,639,Acta casilla,,
841,29038,29038,TZOMPANTEPEC,2016,20160605,256,SAN ANDRES AHUASHUASTEPEC,528,E01,,23,38,33,5,11,0,32,,38,35,41,,,,,,,,,6,262,25,287,523,Acta casilla,,
842,29038,29038,TZOMPANTEPEC,2016,20160605,256,SAN ANDRES AHUASHUASTEPEC,527,E01C01,,39,30,24,11,25,0,33,,20,36,37,,,,,,,,,8,263,29,292,639,Acta casilla,,
843,29038,29038,TZOMPANTEPEC,2016,20160605,256,SAN ANDRES AHUASHUASTEPEC,528,E01C01,,21,34,24,0,9,0,26,,29,30,40,,,,,,,,,10,223,21,244,523,Acta casilla,,
844,29038,29038,TZOMPANTEPEC,2016,20160605,256,SAN ANDRES AHUASHUASTEPEC,527,E01C02,,50,35,21,8,28,0,41,,22,28,44,,,,,,,,,20,297,24,321,638,Acta casilla,,
845,29038,29038,TZOMPANTEPEC,2016,20160605,256,SAN ANDRES AHUASHUASTEPEC,528,E01C02,,31,42,26,9,16,0,31,,42,27,56,,,,,,,,,9,289,21,310,522,Acta casilla,,
846,29038,29038,TZOMPANTEPEC,2016,20160605,257,SAN SALVADOR TZOMPANTEPEC,529,B,,29,70,35,,62,,4,169,,5,90,,,,,,,,,0,464,26,490,697,Acta casilla,,
847,29038,29038,TZOMPANTEPEC,2016,20160605,257,SAN SALVADOR TZOMPANTEPEC,529,C01,,44,103,52,,88,,5,146,,12,66,,,,,,,,,0,516,11,527,696,Acta casilla,,
848,29038,29038,TZOMPANTEPEC,2016,20160605,258,SAN JUAN QUETZALCOALPAN,530,B,,79,67,1,,30,,141,35,,26,18,,,,,,,,,0,397,12,409,558,Acta casilla,,
849,29038,29038,TZOMPANTEPEC,2016,20160605,258,SAN JUAN QUETZALCOALPAN,530,C01,,90,60,4,,27,,139,33,,18,16,,,,,,,,,0,387,8,395,557,Acta casilla,,
850,29038,29038,TZOMPANTEPEC,2016,20160605,259,XALTIANQUISCO SECCION 3A,536,B,,111,83,41,8,151,,,61,3,,41,,,,,,,,,0,499,17,516,669,Acta casilla,,
851,29038,29038,TZOMPANTEPEC,2016,20160605,260,SAN MATEO INOPHIL,537,B,,9,,37,,49,,,33,51,,17,,,,,,,,,0,196,4,200,231,Acta casilla,,
852,29039,29039,XALOZTOC,2016,20160605,261,GUADALUPE TEXMOLAC,538,B,,92,36,189,67,33,,,,22,55,,,,,,,,,,0,494,20,514,689,Recuento,,
853,29039,29039,XALOZTOC,2016,20160605,261,GUADALUPE TEXMOLAC,538,C01,,66,36,170,53,38,,,,26,69,,,,,,,,,,0,458,13,471,688,Recuento,,
854,29039,29039,XALOZTOC,2016,20160605,261,GUADALUPE TEXMOLAC,538,C02,,77,26,169,62,42,,,,12,75,,,,,,,,,,0,463,15,478,688,Recuento,,
855,29039,29039,XALOZTOC,2016,20170604,262,COLONIA SANTA MARTHA SECCION TERCERA,539,B,extra,115,54,43,,,,,68,0,125,,,,,,,,,,0,405,3,408,658,Acta Casilla,,
856,29039,29039,XALOZTOC,2016,20170604,262,COLONIA SANTA MARTHA SECCION TERCERA,539,C01,extra,110,55,30,,,,,102,0,94,,,,,,,,,,0,391,2,393,658,Acta Casilla,,
857,29039,29039,XALOZTOC,2016,20170604,262,COLONIA SANTA MARTHA SECCION TERCERA,539,C02,extra,112,64,45,,,,,64,0,82,,,,,,,,,,0,367,5,372,658,Acta Casilla,,
858,29039,29039,XALOZTOC,2016,20160605,263,SAN COSME XALOSTOC HUIZNAHUAC 1A SECCION,540,B,,79,32,100,47,52,,,58,,36,,,,,,,,,,0,404,17,421,602,Recuento,,
859,29039,29039,XALOZTOC,2016,20160605,263,SAN COSME XALOSTOC HUIZNAHUAC 1A SECCION,540,C01,,59,41,102,39,66,,,51,,48,,,,,,,,,,0,406,17,423,602,Recuento,,
860,29039,29039,XALOZTOC,2016,20160605,263,SAN COSME XALOSTOC HUIZNAHUAC 1A SECCION,540,C02,,55,32,73,72,46,,,86,,53,,,,,,,,,,0,417,16,433,602,Recuento,,
861,29039,29039,XALOZTOC,2016,20160605,263,SAN COSME XALOSTOC HUIZNAHUAC 1A SECCION,540,C03,,70,47,90,51,48,,,44,,41,,,,,,,,,,0,391,18,409,601,Recuento,,
862,29039,29039,XALOZTOC,2016,20160605,263,SAN COSME XALOSTOC HUIZNAHUAC 1A SECCION,540,C04,,55,34,83,42,48,,,85,,48,,,,,,,,,,0,395,22,417,601,Acta casilla,,
863,29039,29039,XALOZTOC,2016,20160605,264,SAN COSME XALOZTOC 2A SECCION,541,B,,49,75,46,55,82,,,63,46,34,,,,,,,,,,0,450,17,467,656,Recuento,,
864,29039,29039,XALOZTOC,2016,20160605,264,SAN COSME XALOZTOC 2A SECCION,541,C01,,47,80,49,44,52,,,96,58,28,,,,,,,,,,0,454,17,471,656,Recuento,,
865,29039,29039,XALOZTOC,2016,20160605,264,SAN COSME XALOZTOC 2A SECCION,541,C02,,42,61,47,48,60,,,75,59,29,,,,,,,,,,0,421,12,433,656,Recuento,,
866,29039,29039,XALOZTOC,2016,20160605,264,SAN COSME XALOZTOC 2A SECCION,541,C03,,51,97,57,52,36,,,60,48,37,,,,,,,,,,0,438,17,455,656,Recuento,,
867,29039,29039,XALOZTOC,2016,20160605,265,SAN PEDRO TLACOTEPEC,542,B,,12,72,11,95,122,,,27,,20,,,,,,,,,,0,359,12,371,569,Recuento,,
868,29039,29039,XALOZTOC,2016,20160605,265,SAN PEDRO TLACOTEPEC,542,C01,,13,102,14,80,133,,,42,,14,,,,,,,,,,0,398,10,408,569,Recuento,,
869,29039,29039,XALOZTOC,2016,20160605,265,SAN PEDRO TLACOTEPEC,542,C02,,17,71,18,80,118,,,38,,24,,,,,,,,,,0,366,14,380,568,Recuento,,
870,29039,29039,XALOZTOC,2016,20160605,265,SAN PEDRO TLACOTEPEC,542,C03,,17,82,12,95,146,,,30,,10,,,,,,,,,,1,393,14,407,568,Acta casilla,,
871,29039,29039,XALOZTOC,2016,20160605,266,COLONIA VENUSTIANO CARRANZA,543,B,,84,58,92,72,31,43,,73,5,11,,,,,,,,,,0,469,10,479,664,Acta casilla,,
872,29039,29039,XALOZTOC,2016,20160605,266,COLONIA VENUSTIANO CARRANZA,543,C01,,98,67,86,79,18,39,,78,9,4,,,,,,,,,,0,478,13,491,664,Recuento,,
873,29039,29039,XALOZTOC,2016,20160605,266,COLONIA VENUSTIANO CARRANZA,543,C02,,70,75,98,70,20,33,,65,11,17,,,,,,,,,,0,459,16,475,664,Acta casilla,,
874,29039,29039,XALOZTOC,2016,20160605,267,COLONIA VELASCO,544,B,,7,92,27,16,22,12,,148,141,27,,,,,,,,,,0,492,13,505,588,Acta casilla,,
875,29039,29039,XALOZTOC,2016,20160605,268,COLONIA JOSE LOPEZ PORTILLO,545,B,,102,21,42,68,41,,,49,,46,,,,,,,,,,32,401,9,410,520,Acta casilla,,
876,29039,29039,XALOZTOC,2016,20160605,269,SANTA CRUZ ZACATZONTETLA,546,B,,179,124,,17,143,,,54,13,6,,,,,,,,,,1,537,9,546,685,Acta casilla,,
877,29040,29040,XALTOCAN,2016,20160605,270,TOPILCO DE JUAREZ,548,B,,109,,55,,74,,,74,83,,,,,,,,,,,1,396,23,419,617,Recuento,,
878,29040,29040,XALTOCAN,2016,20160605,270,TOPILCO DE JUAREZ,548,C01,,95,,45,,85,,,96,74,,,,,,,,,,,0,395,20,415,617,Acta casilla,,
879,29040,29040,XALTOCAN,2016,20160605,270,TOPILCO DE JUAREZ,548,C02,,115,,64,,90,,,73,83,,,,,,,,,,,0,425,19,444,617,Acta casilla,,
880,29040,29040,XALTOCAN,2016,20170604,271,SAN JOSE TEXOPA,553,B,extra,0,0,0,,,,,68,69,70,,,,,,,,,,0,207,4,211,287,Recuento,,
881,29040,29040,XALTOCAN,2016,20160605,272,LAS MESAS,554,B,,26,,33,,44,,,8,,,,,,,,,,,,0,111,4,115,152,Recuento,,
882,29040,29040,XALTOCAN,2016,20160605,273,SANTA BARBARA ACUIZCUIZTEPEC,555,B,,6,263,136,,53,,,43,2,,,,,,,,,,,0,503,14,517,674,Recuento,,
883,29040,29040,XALTOCAN,2016,20160605,274,CUATLA,556,B,,17,59,62,,83,,,,129,,,,,,,,,,,155,505,9,514,719,Recuento,,
884,29040,29040,XALTOCAN,2016,20160605,275,LA ASCENCION HUIZCOLOTEPEC,557,B,,58,65,70,22,,45,,,,,189,,,,,,,,,1,450,33,483,707,Recuento,,
885,29041,29041,PAPALOTLA DE XICOHTENCATL,2016,20160605,276,SAN BUENAVENTURA ,563,B,,6,47,88,65,,93,,,,57,76,,,,,,,,,1,433,16,449,652,Recuento,,
886,29041,29041,PAPALOTLA DE XICOHTENCATL,2016,20160605,276,SAN BUENAVENTURA ,563,C01,,9,43,79,,,72,,,,77,104,,,,,,,,,47,431,13,444,651,Recuento,,
887,29041,29041,PAPALOTLA DE XICOHTENCATL,2016,20160605,276,SAN BUENAVENTURA ,563,C02,,3,44,94,,,106,,,,60,90,,,,,,,,,52,449,14,463,651,Recuento,,
888,29041,29041,PAPALOTLA DE XICOHTENCATL,2016,20160605,277,PANZACOLA,564,B,,82,81,69,,,55,,53,,11,,,,,,,,,,0,351,8,359,627,Recuento,,
889,29041,29041,PAPALOTLA DE XICOHTENCATL,2016,20160605,277,PANZACOLA,565,B,,99,47,65,,,59,,52,,21,,,,,,,,,,0,343,10,353,559,Recuento,,
890,29041,29041,PAPALOTLA DE XICOHTENCATL,2016,20160605,277,PANZACOLA,564,C01,,58,123,46,,,85,,45,,4,,,,,,,,,,1,362,14,376,626,Recuento,,
891,29041,29041,PAPALOTLA DE XICOHTENCATL,2016,20160605,277,PANZACOLA,565,C01,,81,59,69,,,65,,51,,16,,,,,,,,,,0,341,9,350,558,Recuento,,
892,29041,29041,PAPALOTLA DE XICOHTENCATL,2016,20160605,277,PANZACOLA,564,C02,,70,104,71,,,49,,60,,10,,,,,,,,,,1,365,12,377,626,Recuento,,
893,29041,29041,PAPALOTLA DE XICOHTENCATL,2016,20160605,278,SAN MARCOS CONTLA,566,B,,33,218,98,,,27,40,46,,3,,,,,,,,,,0,465,16,481,658,Acta casilla,,
894,29041,29041,PAPALOTLA DE XICOHTENCATL,2016,20160605,278,SAN MARCOS CONTLA,567,B,,47,129,66,,,96,20,58,,8,,,,,,,,,,0,424,24,448,647,Acta casilla,,
895,29041,29041,PAPALOTLA DE XICOHTENCATL,2016,20160605,278,SAN MARCOS CONTLA,566,C01,,55,179,99,,,19,44,66,,5,,,,,,,,,,0,467,9,476,657,Acta casilla,,
896,29041,29041,PAPALOTLA DE XICOHTENCATL,2016,20160605,278,SAN MARCOS CONTLA,567,C01,,31,99,101,,,51,18,78,,19,,,,,,,,,,1,398,20,418,646,Acta casilla,,
897,29042,29042,XICOHTZINCO,2016,20160605,204,SAN BARTOLOME TENANGO,570,B,,,,252,,105,85,,,71,,,,,,,,,,,0,513,27,540,690,Acta casilla,,
898,29042,29042,XICOHTZINCO,2016,20160605,204,SAN BARTOLOME TENANGO,570,C01,,,,248,,83,79,,,83,,,,,,,,,,,2,495,24,519,690,Acta casilla,,
899,29042,29042,XICOHTZINCO,2016,20160605,205,SANTA CRUZ AQUIAHUAC,570,B,,139,308,,,1,1,,7,70,,14,,,,,,,,,0,540,14,554,721,Acta casilla,,
900,29042,29042,XICOHTZINCO,2016,20160605,205,SANTA CRUZ AQUIAHUAC,571,B,,192,208,,,,5,,9,69,,18,,,,,,,,,0,501,8,509,702,Acta casilla,,
901,29042,29042,XICOHTZINCO,2016,20160605,205,SANTA CRUZ AQUIAHUAC,570,C01,,132,312,,,,1,,7,61,,18,,,,,,,,,0,531,12,543,721,Acta casilla,,
902,29042,29042,XICOHTZINCO,2016,20160605,205,SANTA CRUZ AQUIAHUAC,571,C01,,164,245,,,,1,,12,77,,10,,,,,,,,,0,509,13,522,701,Acta casilla,,
903,29042,29042,XICOHTZINCO,2016,20160605,206,SANTA ISABEL TETLATLAHUCA,571,B,,,,,,43,15,,,84,139,100,,,,,,,,,4,385,27,412,608,Acta casilla,,
904,29042,29042,XICOHTZINCO,2016,20160605,206,SANTA ISABEL TETLATLAHUCA,572,B,,,,,,46,21,,,76,230,81,,,,,,,,,21,475,47,522,607,Acta casilla,,
905,29042,29042,XICOHTZINCO,2016,20160605,206,SANTA ISABEL TETLATLAHUCA,572,C01,,,,,,24,10,,,97,140,92,,,,,,,,,18,381,24,405,607,Acta casilla,,
906,29042,29042,XICOHTZINCO,2016,20160605,206,SANTA ISABEL TETLATLAHUCA,573,C01,,,,,,37,22,,,101,210,88,,,,,,,,,8,466,57,523,733,Acta casilla,,
907,29042,29042,XICOHTZINCO,2016,20160605,206,SANTA ISABEL TETLATLAHUCA,572,C02,,,,,,29,18,,,86,122,101,,,,,,,,,10,366,29,395,733,Acta casilla,,
908,29042,29042,XICOHTZINCO,2016,20160605,207,SAN ANDRES CUAMILPA,573,B,,,,62,,109,201,,,,0,15,,,,,,,,,0,387,27,414,539,Acta casilla,,
909,29042,29042,XICOHTZINCO,2016,20160605,207,SAN ANDRES CUAMILPA,573,C01,,,,70,,126,167,,,,0,14,,,,,,,,,0,377,24,401,538,Acta casilla,,
910,29043,29043,YAUHQUEMECAN,2016,20160605,279,SAN FRANCISCO TLACUILOHCAN,575,B,,7,7,,,,,12,9,0,8,,,,,,,,,,7,50,11,61,83,Acta casilla,,
911,29043,29043,YAUHQUEMECAN,2016,20160605,279,SAN FRANCISCO TLACUILOHCAN,576,B,,8,3,,,,,2,6,1,3,,,,,,,,,,0,23,5,28,41,Acta casilla,,
912,29043,29043,YAUHQUEMECAN,2016,20160605,279,SAN FRANCISCO TLACUILOHCAN,579,B,,116,24,,,,,104,52,7,12,,,,,,,,,,103,418,17,435,616,Acta casilla,,
913,29043,29043,YAUHQUEMECAN,2016,20160605,279,SAN FRANCISCO TLACUILOHCAN,575,C01,,19,3,,,,,28,7,1,4,,,,,,,,,,12,74,9,83,115,Acta casilla,,
914,29043,29043,YAUHQUEMECAN,2016,20160605,279,SAN FRANCISCO TLACUILOHCAN,576,C01,,5,6,,,,,6,7,2,1,,,,,,,,,,5,32,2,34,61,Acta casilla,,
915,29043,29043,YAUHQUEMECAN,2016,20160605,279,SAN FRANCISCO TLACUILOHCAN,579,C01,,107,45,,,,,68,52,8,18,,,,,,,,,,104,402,19,421,615,Acta casilla,,
916,29043,29043,YAUHQUEMECAN,2016,20160605,279,SAN FRANCISCO TLACUILOHCAN,575,C02,,13,6,,,,,11,8,0,1,,,,,,,,,,0,39,7,46,83,Acta casilla,,
917,29043,29043,YAUHQUEMECAN,2016,20160605,279,SAN FRANCISCO TLACUILOHCAN,576,C02,,12,4,,,,,1,3,1,1,,,,,,,,,,0,22,4,26,42,Acta casilla,,
918,29043,29043,YAUHQUEMECAN,2016,20160605,280,SAN LORENZO TLACUALOYAN,577,B,,69,139,,,50,,123,19,0,11,12,,,,,,,,,0,423,27,450,621,Acta casilla,,
919,29043,29043,YAUHQUEMECAN,2016,20160605,281,OCOTOXCO,578,B,,41,44,1,,21,,11,64,31,3,3,,,,,,,,,0,219,8,227,289,Acta casilla,,
920,29043,29043,YAUHQUEMECAN,2016,20160605,281,OCOTOXCO,578,C01,,47,61,0,,35,,8,55,55,3,6,,,,,,,,,0,270,7,277,363,Acta casilla,,
921,29043,29043,YAUHQUEMECAN,2016,20160605,282,SANTA MARIA ATLIHUETZIA,578,B,,30,43,7,,,,26,18,,13,8,,,,,,,,,0,145,9,154,209,Acta casilla,,
922,29043,29043,YAUHQUEMECAN,2016,20160605,282,SANTA MARIA ATLIHUETZIA,585,B,,41,76,47,,,,90,88,,19,40,,,,,,,,,0,401,8,409,633,Acta casilla,,
923,29043,29043,YAUHQUEMECAN,2016,20160605,282,SANTA MARIA ATLIHUETZIA,578,C01,,9,20,8,,,,17,15,,5,3,,,,,,,,,0,77,2,79,135,Acta casilla,,
924,29043,29043,YAUHQUEMECAN,2016,20160605,282,SANTA MARIA ATLIHUETZIA,585,C01,,30,76,47,,,,84,87,,40,34,,,,,,,,,2,400,17,417,633,Acta casilla,,
925,29043,29043,YAUHQUEMECAN,2016,20160605,282,SANTA MARIA ATLIHUETZIA,585,C02,,36,71,32,,,,85,95,,26,50,,,,,,,,,0,395,14,409,633,Acta casilla,,
926,29043,29043,YAUHQUEMECAN,2016,20160605,282,SANTA MARIA ATLIHUETZIA,585,C03,,40,84,41,,,,83,87,,26,43,,,,,,,,,0,404,12,416,632,Acta casilla,,
927,29043,29043,YAUHQUEMECAN,2016,20160605,283,SAN JOSE TETEL,580,B,,83,47,,,,,,14,50,171,16,,,,,,,,,0,381,10,391,663,Acta casilla,,
928,29043,29043,YAUHQUEMECAN,2016,20160605,283,SAN JOSE TETEL,581,B,,97,41,,,,,,17,61,83,17,,,,,,,,,0,316,22,338,642,Acta casilla,,
929,29043,29043,YAUHQUEMECAN,2016,20160605,283,SAN JOSE TETEL,580,C01,,80,62,,,,,,16,67,129,10,,,,,,,,,3,367,14,381,663,Acta casilla,,
930,29043,29043,YAUHQUEMECAN,2016,20160605,283,SAN JOSE TETEL,581,C01,,95,37,,,,,,24,98,70,18,,,,,,,,,2,344,20,364,642,Acta casilla,,
931,29043,29043,YAUHQUEMECAN,2016,20160605,283,SAN JOSE TETEL,580,C02,,63,50,,,,,,11,60,152,10,,,,,,,,,1,347,15,362,663,Acta casilla,,
932,29043,29043,YAUHQUEMECAN,2016,20160605,283,SAN JOSE TETEL,581,C02,,118,32,,,,,,19,45,91,9,,,,,,,,,3,317,14,331,641,Acta casilla,,
933,29043,29043,YAUHQUEMECAN,2016,20160605,283,SAN JOSE TETEL,581,C03,,113,39,,,,,,15,52,80,16,,,,,,,,,0,315,26,341,641,Acta casilla,,
934,29043,29043,YAUHQUEMECAN,2016,20160605,283,SAN JOSE TETEL,581,C04,,95,31,,,,,,20,68,83,10,,,,,,,,,0,307,25,332,641,Acta casilla,,
935,29043,29043,YAUHQUEMECAN,2016,20160605,284,SANTA URSULA ZIMATEPEC,582,B,,102,42,36,,22,,,83,4,72,,,,,,,,,,0,361,16,377,677,Acta casilla,,
936,29043,29043,YAUHQUEMECAN,2016,20160605,284,SANTA URSULA ZIMATEPEC,582,C01,,92,50,28,,22,,,91,3,72,,,,,,,,,,0,358,13,371,677,Acta casilla,,
937,29043,29043,YAUHQUEMECAN,2016,20160605,284,SANTA URSULA ZIMATEPEC,582,C02,,77,48,43,,33,,,118,5,49,,,,,,,,,,1,374,15,389,676,Acta casilla,,
938,29043,29043,YAUHQUEMECAN,2016,20160605,284,SANTA URSULA ZIMATEPEC,582,C03,,100,49,23,,28,,,100,4,80,,,,,,,,,,1,385,12,397,676,Acta casilla,,
939,29043,29043,YAUHQUEMECAN,2016,20160605,284,SANTA URSULA ZIMATEPEC,582,C04,,93,54,33,,38,,,101,10,51,,,,,,,,,,0,380,15,395,676,Acta casilla,,
940,29043,29043,YAUHQUEMECAN,2016,20160605,284,SANTA URSULA ZIMATEPEC,582,C05,,81,36,43,,30,,,138,7,52,,,,,,,,,,0,387,15,402,676,Acta casilla,,
941,29043,29043,YAUHQUEMECAN,2016,20160605,285,SAN BENITO XALTOCAN,583,B,,41,54,,90,,,8,85,,47,,,,,,,,,,11,336,15,351,681,Acta casilla,,
942,29043,29043,YAUHQUEMECAN,2016,20160605,285,SAN BENITO XALTOCAN,583,C01,,58,60,,57,,,11,88,,47,,,,,,,,,,13,334,18,352,680,Acta casilla,,
943,29043,29043,YAUHQUEMECAN,2016,20160605,285,SAN BENITO XALTOCAN,583,C02,,57,70,,90,,,8,83,,43,,,,,,,,,,11,362,11,373,680,Acta casilla,,
944,29043,29043,YAUHQUEMECAN,2016,20160605,285,SAN BENITO XALTOCAN,583,C03,,45,55,,79,,,11,104,,46,,,,,,,,,,13,353,12,365,680,Acta casilla,,
945,29043,29043,YAUHQUEMECAN,2016,20160605,286,BARRIO DE HUACALTZINGO,584,B,,105,50,11,9,,7,0,139,,,,,,,,,,,,1,322,23,345,574,Acta casilla,,
946,29043,29043,YAUHQUEMECAN,2016,20160605,286,BARRIO DE HUACALTZINGO,584,C01,,98,44,10,11,,0,6,129,,,,,,,,,,,,2,300,17,317,574,Acta casilla,,
947,29044,29044,ZACATELCO,2016,20160605,287,1A SECCION TLATLACOLA,588,B,,27,55,80,,37,7,21,18,11,33,20,,,,,,,,,0,309,12,321,483,Acta casilla,,
948,29044,29044,ZACATELCO,2016,20160605,287,1A SECCION TLATLACOLA,589,B,,55,44,98,,74,14,28,0,20,34,34,,,,,,,,,0,401,17,418,640,Acta casilla,,
949,29044,29044,ZACATELCO,2016,20160605,287,1A SECCION TLATLACOLA,590,B,,64,31,32,,73,18,30,28,33,28,49,,,,,,,,,2,388,10,398,630,Acta casilla,,
950,29044,29044,ZACATELCO,2016,20160605,287,1A SECCION TLATLACOLA,591,B,,16,13,20,,8,22,2,8,11,12,8,,,,,,,,,0,120,14,134,215,Acta casilla,,
951,29044,29044,ZACATELCO,2016,20160605,287,1A SECCION TLATLACOLA,593,B,,4,0,1,,6,1,0,0,3,1,2,,,,,,,,,0,18,3,21,32,Acta casilla,,
952,29044,29044,ZACATELCO,2016,20160605,287,1A SECCION TLATLACOLA,594,B,,18,45,14,,45,17,14,49,24,21,14,,,,,,,,,0,261,13,274,397,Acta casilla,,
953,29044,29044,ZACATELCO,2016,20160605,287,1A SECCION TLATLACOLA,588,C01,,27,49,56,,44,11,23,8,25,36,17,,,,,,,,,1,297,24,321,483,Acta casilla,,
954,29044,29044,ZACATELCO,2016,20160605,287,1A SECCION TLATLACOLA,589,C01,,42,56,90,,48,11,15,13,36,66,37,,,,,,,,,2,416,17,433,639,Acta casilla,,
955,29044,29044,ZACATELCO,2016,20160605,287,1A SECCION TLATLACOLA,590,C01,,60,36,41,,71,15,32,20,35,27,0,,,,,,,,,2,339,13,352,630,Acta casilla,,
956,29044,29044,ZACATELCO,2016,20160605,287,1A SECCION TLATLACOLA,591,C01,,30,12,36,,21,24,12,14,10,28,12,,,,,,,,,0,199,7,206,295,Acta casilla,,
957,29044,29044,ZACATELCO,2016,20160605,287,1A SECCION TLATLACOLA,593,C01,,1,0,2,,0,0,0,1,0,0,2,,,,,,,,,0,6,0,6,14,Acta casilla,,
958,29044,29044,ZACATELCO,2016,20160605,287,1A SECCION TLATLACOLA,594,C01,,19,48,16,,30,12,10,39,11,0,12,,,,,,,,,0,197,7,204,339,Acta casilla,,
959,29044,29044,ZACATELCO,2016,20160605,287,1A SECCION TLATLACOLA,589,C02,,45,41,82,,57,14,30,24,14,46,59,,,,,,,,,0,412,16,428,639,Acta casilla,,
960,29044,29044,ZACATELCO,2016,20160605,287,1A SECCION TLATLACOLA,590,C02,,52,38,38,,48,16,17,15,46,25,59,,,,,,,,,0,354,20,374,629,Acta casilla,,
961,29044,29044,ZACATELCO,2016,20160605,287,1A SECCION TLATLACOLA,591,C02,,17,18,29,,8,14,13,9,7,16,9,,,,,,,,,0,140,10,150,240,Acta casilla,,
962,29044,29044,ZACATELCO,2016,20160605,287,1A SECCION TLATLACOLA,593,C02,,1,4,2,,4,0,0,0,1,0,0,,,,,,,,,0,12,1,13,21,Acta casilla,,
963,29044,29044,ZACATELCO,2016,20160605,287,1A SECCION TLATLACOLA,594,C02,,27,34,21,,31,18,4,28,11,10,11,,,,,,,,,0,195,5,200,313,Acta casilla,,
964,29044,29044,ZACATELCO,2016,20160605,287,1A SECCION TLATLACOLA,590,C03,,55,29,34,,56,15,17,17,28,48,40,,,,,,,,,0,339,15,354,629,Acta casilla,,
965,29044,29044,ZACATELCO,2016,20160605,287,1A SECCION TLATLACOLA,591,C03,,20,15,29,,14,16,10,4,13,21,29,,,,,,,,,0,171,8,179,271,Acta casilla,,
966,29044,29044,ZACATELCO,2016,20160605,287,1A SECCION TLATLACOLA,593,C03,,0,0,0,,0,0,0,0,1,0,0,,,,,,,,,0,1,0,1,5,Acta casilla,,
967,29044,29044,ZACATELCO,2016,20160605,287,1A SECCION TLATLACOLA,590,C04,,59,28,41,,47,28,19,28,41,23,44,,,,,,,,,0,358,19,377,629,Acta casilla,,
968,29044,29044,ZACATELCO,2016,20160605,288,2A SECCION,588,B,,2,27,4,5,8,11,1,1,3,6,0,,,,,,,,,0,68,1,69,106,Acta casilla,,
969,29044,29044,ZACATELCO,2016,20160605,288,2A SECCION,591,B,,32,26,22,11,50,19,2,22,7,24,16,,,,,,,,,1,232,13,245,405,Acta casilla,,
970,29044,29044,ZACATELCO,2016,20160605,288,2A SECCION,592,B,,26,28,79,17,42,34,59,44,24,28,16,,,,,,,,,0,397,18,415,664,Acta casilla,,
971,29044,29044,ZACATELCO,2016,20160605,288,2A SECCION,593,B,,41,12,57,34,43,48,18,19,14,43,12,,,,,,,,,0,341,16,357,561,Acta casilla,,
972,29044,29044,ZACATELCO,2016,20160605,288,2A SECCION,594,B,,1,2,1,2,0,1,0,1,4,7,1,,,,,,,,,0,20,0,20,30,Acta casilla,,
973,29044,29044,ZACATELCO,2016,20160605,288,2A SECCION,595,B,,7,0,13,20,15,10,7,6,11,12,14,,,,,,,,,1,116,5,121,243,Acta casilla,,
974,29044,29044,ZACATELCO,2016,20160605,288,2A SECCION,588,C01,,5,28,2,0,11,3,2,2,1,5,2,,,,,,,,,0,61,3,64,105,Acta casilla,,
975,29044,29044,ZACATELCO,2016,20160605,288,2A SECCION,591,C01,,13,15,24,14,60,20,7,10,10,6,9,,,,,,,,,0,188,4,192,325,Acta casilla,,
976,29044,29044,ZACATELCO,2016,20160605,288,2A SECCION,592,C01,,21,29,63,35,50,28,39,71,25,29,14,,,,,,,,,0,404,19,423,663,Acta casilla,,
977,29044,29044,ZACATELCO,2016,20160605,288,2A SECCION,593,C01,,29,22,55,42,30,33,14,29,22,29,15,,,,,,,,,0,320,19,339,578,Acta casilla,,
978,29044,29044,ZACATELCO,2016,20160605,288,2A SECCION,594,C01,,2,0,3,8,5,3,3,1,2,6,5,,,,,,,,,1,39,0,39,56,Acta casilla,,
979,29044,29044,ZACATELCO,2016,20160605,288,2A SECCION,595,C01,,11,7,17,14,8,14,1,7,18,12,1,,,,,,,,,0,110,3,113,187,Acta casilla,,
980,29044,29044,ZACATELCO,2016,20160605,288,2A SECCION,591,C02,,25,29,25,17,49,6,6,27,10,27,10,,,,,,,,,0,231,9,240,379,Acta casilla,,
981,29044,29044,ZACATELCO,2016,20160605,288,2A SECCION,592,C02,,27,22,72,39,34,29,46,43,21,25,9,,,,,,,,,0,367,19,386,664,Acta casilla,,
982,29044,29044,ZACATELCO,2016,20160605,288,2A SECCION,593,C02,,45,15,45,33,41,43,29,24,24,32,26,,,,,,,,,0,357,15,372,571,Acta casilla,,
983,29044,29044,ZACATELCO,2016,20160605,288,2A SECCION,594,C02,,2,1,2,5,11,4,1,0,1,7,2,,,,,,,,,1,37,1,38,68,Acta casilla,,
984,29044,29044,ZACATELCO,2016,20160605,288,2A SECCION,595,C02,,11,9,13,16,17,10,5,20,35,7,4,,,,,,,,,0,147,6,153,236,Acta casilla,,
985,29044,29044,ZACATELCO,2016,20160605,288,2A SECCION,591,C03,,15,13,29,7,49,18,12,9,15,12,13,,,,,,,,,0,192,9,201,348,Acta casilla,,
986,29044,29044,ZACATELCO,2016,20160605,288,2A SECCION,592,C03,,28,29,61,34,37,27,64,49,27,23,22,,,,,,,,,0,401,15,416,664,Acta casilla,,
987,29044,29044,ZACATELCO,2016,20160605,288,2A SECCION,593,C03,,42,14,43,71,42,37,19,39,25,22,12,,,,,,,,,0,366,17,383,587,Acta casilla,,
988,29044,29044,ZACATELCO,2016,20160605,288,2A SECCION,592,C04,,25,38,70,44,39,25,68,29,21,34,15,,,,,,,,,0,408,15,423,664,Acta casilla,,
989,29044,29044,ZACATELCO,2016,20160605,289,BARRIO DE EXQUITLA,594,B,,16,9,2,7,2,7,,19,18,12,20,,,,,,,,,0,112,8,120,213,Acta casilla,,
990,29044,29044,ZACATELCO,2016,20160605,289,BARRIO DE EXQUITLA,595,B,,44,27,16,24,1,40,,37,28,31,32,,,,,,,,,1,281,16,297,455,Acta casilla,,
991,29044,29044,ZACATELCO,2016,20160605,289,BARRIO DE EXQUITLA,594,C01,,48,3,3,8,1,9,,11,27,12,33,,,,,,,,,0,155,3,158,244,Acta casilla,,
992,29044,29044,ZACATELCO,2016,20160605,289,BARRIO DE EXQUITLA,595,C01,,54,18,9,27,1,23,,43,51,28,32,,,,,,,,,0,286,12,298,510,Acta casilla,,
993,29044,29044,ZACATELCO,2016,20160605,289,BARRIO DE EXQUITLA,594,C02,,28,6,2,2,2,8,,36,37,12,18,,,,,,,,,0,151,4,155,258,Acta casilla,,
994,29044,29044,ZACATELCO,2016,20160605,289,BARRIO DE EXQUITLA,595,C02,,58,13,10,21,3,27,,54,32,45,29,,,,,,,,,0,292,5,297,461,Acta casilla,,
995,29044,29044,ZACATELCO,2016,20160605,290,3A SECCION BARRIO DE XOCHICALCO,596,B,,102,32,80,33,,14,0,95,22,27,7,,,,,,,,,0,412,5,417,597,Acta casilla,,
996,29044,29044,ZACATELCO,2016,20160605,290,3A SECCION BARRIO DE XOCHICALCO,597,B,,108,37,82,8,,13,5,65,27,26,13,,,,,,,,,0,384,11,395,558,Acta casilla,,
997,29044,29044,ZACATELCO,2016,20160605,290,3A SECCION BARRIO DE XOCHICALCO,596,C01,,123,26,71,23,,12,4,77,15,26,13,,,,,,,,,0,390,23,413,597,Acta casilla,,
998,29044,29044,ZACATELCO,2016,20160605,290,3A SECCION BARRIO DE XOCHICALCO,597,C01,,83,41,51,23,,14,2,64,26,37,16,,,,,,,,,0,357,12,369,558,Acta casilla,,
999,29044,29044,ZACATELCO,2016,20160605,290,3A SECCION BARRIO DE XOCHICALCO,597,C02,,84,42,82,24,,26,5,54,15,22,24,,,,,,,,,0,378,17,395,557,Acta casilla,,
1000,29044,29044,ZACATELCO,2016,20160605,291,4A SECCION BARRIO DE MANANTIALES,598,B,,75,15,66,14,,20,,42,78,48,80,,,,,,,,,0,438,8,446,664,Acta casilla,,
1001,29044,29044,ZACATELCO,2016,20160605,291,4A SECCION BARRIO DE MANANTIALES,599,B,,62,53,49,15,,22,,20,94,34,88,,,,,,,,,0,437,29,466,729,Acta casilla,,
1002,29044,29044,ZACATELCO,2016,20160605,291,4A SECCION BARRIO DE MANANTIALES,598,C01,,74,14,53,5,,32,,42,61,38,48,,,,,,,,,0,367,22,389,664,Acta casilla,,
1003,29044,29044,ZACATELCO,2016,20160605,291,4A SECCION BARRIO DE MANANTIALES,599,C01,,82,50,39,12,,24,,21,87,31,71,,,,,,,,,0,417,20,437,726,Acta casilla,,
1004,29044,29044,ZACATELCO,2016,20160605,291,4A SECCION BARRIO DE MANANTIALES,598,C02,,99,16,68,25,,24,,37,51,38,57,,,,,,,,,0,415,23,438,663,Acta casilla,,
1005,29044,29044,ZACATELCO,2016,20160605,291,4A SECCION BARRIO DE MANANTIALES,599,C02,,67,49,45,6,,21,,20,100,23,71,,,,,,,,,0,402,23,425,721,Acta casilla,,
1006,29044,29044,ZACATELCO,2016,20160605,292,8A SECCION BARRIO DE XITOTOTLA,599,B,,1,0,1,,,,0,0,0,0,0,,,,,,,,,0,2,0,2,619,Acta casilla,,
1007,29044,29044,ZACATELCO,2016,20160605,292,8A SECCION BARRIO DE XITOTOTLA,601,B,,77,95,81,,,,26,17,32,56,20,,,,,,,,,0,404,17,421,619,Acta casilla,,
1008,29044,29044,ZACATELCO,2016,20160605,292,8A SECCION BARRIO DE XITOTOTLA,599,C01,,2,0,0,,,,0,0,0,1,0,,,,,,,,,0,3,0,3,619,Acta casilla,,
1009,29044,29044,ZACATELCO,2016,20160605,292,8A SECCION BARRIO DE XITOTOTLA,601,C01,,83,83,83,,,,33,16,24,73,14,,,,,,,,,0,409,13,422,5,Acta casilla,,
1010,29044,29044,ZACATELCO,2016,20160605,292,8A SECCION BARRIO DE XITOTOTLA,599,C02,,1,1,0,,,,0,0,0,2,0,,,,,,,,,0,4,0,4,619,Acta casilla,,
1011,29044,29044,ZACATELCO,2016,20160605,292,8A SECCION BARRIO DE XITOTOTLA,601,C02,,103,85,94,,,,28,20,11,62,14,,,,,,,,,0,417,0,417,6,Acta casilla,,
1012,29044,29044,ZACATELCO,2016,20160605,292,8A SECCION BARRIO DE XITOTOTLA,601,C03,,94,78,101,,,,33,12,15,69,18,,,,,,,,,0,420,8,428,13,Acta casilla,,
1013,29044,29044,ZACATELCO,2016,20160605,293,7A SECCION DE BARRIO DE GUARDIA,600,B,,15,47,57,,19,51,,103,91,69,29,,,,,,,,,0,481,17,498,741,Acta casilla,,
1014,29044,29044,ZACATELCO,2016,20160605,293,7A SECCION DE BARRIO DE GUARDIA,600,C01,,13,54,50,,21,72,,87,95,40,21,,,,,,,,,1,454,15,469,741,Acta casilla,,
1015,29044,29044,ZACATELCO,2016,20160605,293,7A SECCION DE BARRIO DE GUARDIA,600,C02,,8,55,77,,13,68,,82,75,59,31,,,,,,,,,0,468,16,484,741,Acta casilla,,
1016,29044,29044,ZACATELCO,2016,20160605,293,7A SECCION DE BARRIO DE GUARDIA,600,C03,,14,44,53,,27,66,,77,117,62,27,,,,,,,,,0,487,19,506,740,Acta casilla,,
1017,29059,29046,SANTA CRUZ QUILEHTLA,2016,20160605,294,SANTA CRUZ QUILEHTLA,313,B,,,50,42,,,98,94,64,,,38,,,,,,,,,1,387,20,407,568,Recuento,,
1018,29059,29046,SANTA CRUZ QUILEHTLA,2016,20160605,294,SANTA CRUZ QUILEHTLA,314,B,,,48,32,,,52,83,56,,,50,,,,,,,,,0,321,19,340,501,Acta casilla,,
1019,29059,29046,SANTA CRUZ QUILEHTLA,2016,20160605,294,SANTA CRUZ QUILEHTLA,313,C01,,,55,56,,,80,103,83,,,19,,,,,,,,,0,396,16,412,567,Acta casilla,,
1020,29059,29046,SANTA CRUZ QUILEHTLA,2016,20160605,294,SANTA CRUZ QUILEHTLA,314,C01,,,37,52,,,56,85,67,,,28,,,,,,,,,0,325,10,335,500,Acta casilla,,
1021,29059,29046,SANTA CRUZ QUILEHTLA,2016,20160605,294,SANTA CRUZ QUILEHTLA,313,C02,,,39,45,,,73,114,69,,,45,,,,,,,,,1,386,17,403,567,Acta casilla,,
1022,29059,29046,SANTA CRUZ QUILEHTLA,2016,20160605,294,SANTA CRUZ QUILEHTLA,314,C02,,,34,50,,,60,76,71,,,35,,,,,,,,,0,326,12,338,500,Recuento,,
1023,29059,29046,SANTA CRUZ QUILEHTLA,2016,20160605,295,SANTIAGO AYOMETITLA,315,B,,,86,215,,,,7,9,,,,,,,,,,,,132,449,17,466,665,Acta casilla,,
1024,29059,29046,SANTA CRUZ QUILEHTLA,2016,20160605,295,SANTIAGO AYOMETITLA,315,C01,,,59,255,,,,4,12,,,,,,,,,,,,164,494,17,511,665,Acta casilla,,
1025,29058,29048,SANTA CATARINA AYOMETLA,2016,20160605,296,BARRIO DE TLAXCALTECATLA,602,B,,94,100,65,12,,17,,,,32,52,,,,,,,,,58,430,13,443,589,Acta casilla,,
1026,29058,29048,SANTA CATARINA AYOMETLA,2016,20160605,296,BARRIO DE TLAXCALTECATLA,602,C01,,106,91,95,12,,15,,,,39,45,,,,,,,,,25,428,9,437,589,Acta casilla,,
1027,29058,29048,SANTA CATARINA AYOMETLA,2016,20160605,296,BARRIO DE TLAXCALTECATLA,602,C02,,98,85,72,18,,17,,,,41,56,,,,,,,,,21,408,19,427,588,Acta casilla,,
1028,29058,29048,SANTA CATARINA AYOMETLA,2016,20160605,297,COLONIA ESTOCAPA,603,B,,213,30,63,46,,,,25,,2,76,,,,,,,,,0,455,22,477,635,Acta casilla,,
1029,29058,29048,SANTA CATARINA AYOMETLA,2016,20160605,297,COLONIA ESTOCAPA,603,C01,,200,13,83,31,,,,38,,5,89,,,,,,,,,0,459,17,476,635,Acta casilla,,
1030,29058,29048,SANTA CATARINA AYOMETLA,2016,20160605,298,BARRIO DE TLAPAYATLA,605,B,,39,103,108,0,,,,99,,,,,,,,,,,,17,366,20,386,547,Recuento,,
1031,29058,29048,SANTA CATARINA AYOMETLA,2016,20160605,298,BARRIO DE TLAPAYATLA,605,C01,,56,84,103,8,,,,115,,,,,,,,,,,,15,381,19,400,547,Recuento,,
1032,29046,29054,EMILIANO ZAPATA,2016,20160605,299,COLONIA GUSTAVO DIAZ ORDAZ,400,B,,48,,,,,,14,,24,,,,,,,,,,,0,86,3,89,102,Acta casilla,,
1033,29046,29054,EMILIANO ZAPATA,2016,20160605,299,COLONIA GUSTAVO DIAZ ORDAZ,608,B,,329,,,,,,94,,167,,,,,,,,,,,0,590,17,607,715,Acta casilla,,
1034,29001,29001,AMAXAC DE GUERRERO,2021,20210606,1,SAN DAMIAN TLACOCALPAN,4,B,,,114,19,,,24,,,,207,168,22,,,9,,,,,0,563,12,575,701,ACTA DE CASILLA,,
1035,29002,29002,APETATITLAN DE ANTONIO CARVAJAL,2021,20210606,2,TLATEMPA,5,B,,67,13,30,6,,46,32,9,54,147,31,,2,,42,,,,,0,479,11,490,659,ACTA DE CASILLA,,
1036,29002,29002,APETATITLAN DE ANTONIO CARVAJAL,2021,20210606,2,TLATEMPA,5,C,,59,27,33,13,,77,33,9,52,127,29,,4,,25,,,,,0,488,10,498,659,ACTA DE CASILLA,,
1037,29002,29002,APETATITLAN DE ANTONIO CARVAJAL,2021,20210606,2,TLATEMPA,5,C,,107,14,33,11,,43,32,3,51,124,31,,5,,43,,,,,0,497,16,513,658,ACTA DE CASILLA,,
1038,29002,29002,APETATITLAN DE ANTONIO CARVAJAL,2021,20210606,2,TLATEMPA,5,C,,67,21,31,14,,51,23,5,56,104,33,,4,,38,,,,,0,447,12,459,658,ACTA DE CASILLA,,
1039,29002,29002,APETATITLAN DE ANTONIO CARVAJAL,2021,20210606,3,SAN MATIAS TEPETOMATITLAN,9,B,,120,37,,9,,88,10,22,7,76,5,,9,,8,,,,,0,391,11,402,636,ACTA DE CASILLA,,
1040,29002,29002,APETATITLAN DE ANTONIO CARVAJAL,2021,20210606,3,SAN MATIAS TEPETOMATITLAN,9,C,,132,42,,13,,98,9,35,3,88,5,,8,,7,,,,,0,440,12,452,635,ACTA DE CASILLA,,
1041,29002,29002,APETATITLAN DE ANTONIO CARVAJAL,2021,20210606,3,SAN MATIAS TEPETOMATITLAN,9,C,,137,39,,7,,118,5,29,12,97,0,,2,,5,,,,,0,451,6,457,635,ACTA DE CASILLA,,
1042,29002,29002,APETATITLAN DE ANTONIO CARVAJAL,2021,20210606,3,SAN MATIAS TEPETOMATITLAN,9,C,,131,52,,17,,92,5,33,9,81,4,,4,,10,,,,,0,438,11,449,635,ACTA DE CASILLA,,
1043,29002,29002,APETATITLAN DE ANTONIO CARVAJAL,2021,20210606,4,BELEN ATZITZIMITITLAN,10,B,,152,53,,30,,12,24,,55,87,12,,50,,,,,,,0,475,10,485,681,ACTA DE CASILLA,,
1044,29002,29002,APETATITLAN DE ANTONIO CARVAJAL,2021,20210606,4,BELEN ATZITZIMITITLAN,10,C,,177,32,,15,,6,18,,48,85,25,,50,,,,,,,0,456,11,467,681,ACTA DE CASILLA,,
1045,29002,29002,APETATITLAN DE ANTONIO CARVAJAL,2021,20210606,4,BELEN ATZITZIMITITLAN,10,C,,169,44,,19,,11,20,,88,89,8,,87,,,,,,,0,535,9,544,680,ACTA DE CASILLA,,
1046,29002,29002,APETATITLAN DE ANTONIO CARVAJAL,2021,20210606,4,BELEN ATZITZIMITITLAN,10,C,,176,54,,18,,15,22,,32,85,15,,64,,,,,,,0,481,9,490,680,ACTA DE CASILLA,,
1047,29002,29002,APETATITLAN DE ANTONIO CARVAJAL,2021,20210606,5,BARRIO DE TECOLOTLA,11,B,,66,100,3,6,,23,21,,8,60,5,,12,,28,,,,,0,332,4,336,462,ACTA DE CASILLA,,
1048,29002,29002,APETATITLAN DE ANTONIO CARVAJAL,2021,20210606,5,BARRIO DE TECOLOTLA,11,C,,60,104,4,12,,18,16,,9,60,2,,11,,43,,,,,0,339,5,344,461,ACTA DE CASILLA,,
1049,29005,29003,APIZACO,2021,20210606,6,COLONIA CERRITO DE GUADALUPE,13,B,,46,26,36,6,14,15,59,5,28,30,18,8,33,13,30,,,,,12,379,8,387,568,ACTA DE CASILLA,,
1050,29005,29003,APIZACO,2021,20210606,6,COLONIA CERRITO DE GUADALUPE,13,C,,32,16,25,6,21,8,44,7,26,32,19,3,21,25,27,,,,,14,326,13,339,567,ACTA DE CASILLA,,
1051,29005,29003,APIZACO,2021,20210606,6,COLONIA CERRITO DE GUADALUPE,13,C,,26,26,33,9,31,1,38,4,20,51,25,8,28,15,22,,,,,15,352,8,360,567,ACTA DE CASILLA,,
1052,29005,29003,APIZACO,2021,20210606,6,COLONIA CERRITO DE GUADALUPE,13,C,,28,22,32,11,19,6,53,15,33,28,28,8,26,17,35,,,,,17,378,13,391,567,ACTA DE CASILLA,,
1053,29005,29003,APIZACO,2021,20210606,7,SAN LUIS APIZAQUITO,14,B,,17,95,4,5,,,16,47,4,50,9,16,,29,4,115,indep,,,1,412,15,427,681,ACTA DE CASILLA,,
1054,29005,29003,APIZACO,2021,20210606,7,SAN LUIS APIZAQUITO,14,C,,15,98,9,7,,,18,38,2,49,11,20,,20,10,94,indep,,,0,391,15,406,681,ACTA DE CASILLA,,
1055,29005,29003,APIZACO,2021,20210606,7,SAN LUIS APIZAQUITO,14,C,,22,105,2,3,,,13,55,4,45,12,13,,5,12,133,indep,,,0,424,17,441,681,ACTA DE CASILLA,,
1056,29005,29003,APIZACO,2021,20210606,7,SAN LUIS APIZAQUITO,14,C,,22,53,0,3,,,19,57,3,56,15,21,,29,9,112,indep,,,0,399,14,413,681,ACTA DE CASILLA,,
1057,29005,29003,APIZACO,2021,20210606,7,SAN LUIS APIZAQUITO,14,C,,29,67,3,2,,,16,52,1,45,11,17,,21,13,101,indep,,,0,378,12,390,681,ACTA DE CASILLA,,
1058,29005,29003,APIZACO,2021,20210606,7,SAN LUIS APIZAQUITO,14,C,,16,92,5,1,,,21,54,2,54,5,17,,24,10,96,indep,,,0,397,7,404,680,ACTA DE CASILLA,,
1059,29005,29003,APIZACO,2021,20210606,7,SAN LUIS APIZAQUITO,14,C,,21,83,11,1,,,4,59,3,48,9,18,,19,11,111,indep,,,0,398,10,408,680,ACTA DE CASILLA,,
1060,29005,29003,APIZACO,2021,20210606,8,COLONIA JOSE MARIA MORELOS,38,B,,92,77,121,2,9,10,,,,5,5,5,9,7,47,,,,,1,390,90,480,501,ACTA DE CASILLA,,
1061,29005,29003,APIZACO,2021,20210606,8,COLONIA JOSE MARIA MORELOS,38,C,,134,55,129,3,3,9,,,,3,1,2,4,11,27,,,,,0,381,11,392,501,ACTA DE CASILLA,,
1062,29005,29003,APIZACO,2021,20210606,9,GUADALUPE TEXCALAC,39,B,,138,22,8,,1,8,,,4,36,8,4,,39,0,,,,,46,314,80,394,607,ACTA DE CASILLA,,
1063,29005,29003,APIZACO,2021,20210606,9,GUADALUPE TEXCALAC,39,C,,120,22,32,,0,0,,,2,33,6,4,,50,0,,,,,76,345,43,388,606,ACTA DE CASILLA,,
1064,29005,29003,APIZACO,2021,20210606,10,SANTA MARIA TEXCALAC,40,B,,57,20,7,,,11,,16,68,137,12,48,2,24,,,,,,0,402,15,417,650,ACTA DE CASILLA,,
1065,29005,29003,APIZACO,2021,20210606,10,SANTA MARIA TEXCALAC,41,B,,127,28,4,,,13,,11,70,96,26,11,1,19,,,,,,20,426,7,433,642,ACTA DE CASILLA,,
1066,29005,29003,APIZACO,2021,20210606,10,SANTA MARIA TEXCALAC,40,C,,62,31,6,,,21,,9,58,106,15,36,1,25,,,,,,12,382,12,394,650,ACTA DE CASILLA,,
1067,29005,29003,APIZACO,2021,20210606,10,SANTA MARIA TEXCALAC,40,C,,49,29,2,,,16,,16,74,100,15,38,0,29,,,,,,17,385,2,387,649,ACTA DE CASILLA,,
1068,29005,29003,APIZACO,2021,20210606,10,SANTA MARIA TEXCALAC,40,C,,63,23,5,,,18,,27,26,103,26,40,1,38,,,,,,6,376,15,391,649,ACTA DE CASILLA,,
1069,29005,29003,APIZACO,2021,20210606,10,SANTA MARIA TEXCALAC,41,C,,105,35,11,,,0,,8,89,84,30,19,4,23,,,,,,7,415,5,420,642,ACTA DE CASILLA,,
1070,29005,29003,APIZACO,2021,20210606,10,SANTA MARIA TEXCALAC,41,C,,123,30,6,,,9,,19,74,97,18,19,1,8,,,,,,6,410,7,417,642,ACTA DE CASILLA,,
1071,29005,29003,APIZACO,2021,20210606,10,SANTA MARIA TEXCALAC,41,C,,108,33,5,,,16,,7,65,90,21,18,4,16,,,,,,9,392,5,397,642,ACTA DE CASILLA,,
1072,29005,29003,APIZACO,2021,20210606,10,SANTA MARIA TEXCALAC,41,C,,105,35,11,,,0,,8,89,84,30,19,4,23,,,,,,6,414,7,421,641,ACTA DE CASILLA,,
1073,29005,29003,APIZACO,2021,20210606,11,SANTA ANITA HUILOAC,42,B,,50,30,26,23,24,9,5,3,4,69,13,49,8,18,6,,,,,0,337,17,354,621,ACTA DE CASILLA,,
1074,29005,29003,APIZACO,2021,20210606,11,SANTA ANITA HUILOAC,43,B,,69,42,17,35,13,18,2,9,20,102,10,15,0,44,17,,,,,2,415,14,429,746,ACTA DE CASILLA,,
1075,29005,29003,APIZACO,2021,20210606,11,SANTA ANITA HUILOAC,44,B,,88,23,37,38,6,13,0,3,18,89,7,13,1,77,13,,,,,0,426,12,438,731,ACTA DE CASILLA,,
1076,29005,29003,APIZACO,2021,20210606,11,SANTA ANITA HUILOAC,45,B,,22,66,16,22,4,3,2,9,6,55,4,36,3,14,16,,,,,0,278,10,288,445,ACTA DE CASILLA,,
1077,29005,29003,APIZACO,2021,20210606,11,SANTA ANITA HUILOAC,43,C,,53,41,20,28,16,17,2,6,23,99,4,12,5,25,26,,,,,2,379,16,395,746,ACTA DE CASILLA,,
1078,29005,29003,APIZACO,2021,20210606,11,SANTA ANITA HUILOAC,43,C,,56,42,29,31,10,23,5,10,32,95,10,26,2,43,16,,,,,0,430,13,443,746,ACTA DE CASILLA,,
1079,29005,29003,APIZACO,2021,20210606,11,SANTA ANITA HUILOAC,43,C,,98,21,32,38,16,20,1,11,15,119,6,8,5,53,18,,,,,0,461,12,473,745,ACTA DE CASILLA,,
1080,29005,29003,APIZACO,2021,20210606,11,SANTA ANITA HUILOAC,43,C,,75,51,20,43,7,27,6,5,17,72,7,3,1,66,23,,,,,0,423,13,436,745,ACTA DE CASILLA,,
1081,29005,29003,APIZACO,2021,20210606,11,SANTA ANITA HUILOAC,44,C,,98,22,32,38,16,20,1,11,15,118,5,8,5,53,0,,,,,0,442,11,453,731,ACTA DE CASILLA,,
1082,29005,29003,APIZACO,2021,20210606,11,SANTA ANITA HUILOAC,44,C,,106,12,34,32,11,18,3,4,37,100,16,15,3,82,10,,,,,0,483,10,493,731,ACTA DE CASILLA,,
1083,29005,29003,APIZACO,2021,20210606,12,COLONIA SAN ISIDRO APIZAQUITO,46,B,,64,27,3,27,,56,,16,46,77,26,5,,12,21,,,,,0,380,0,380,640,ACTA DE CASILLA,,
1084,29005,29003,APIZACO,2021,20210606,12,COLONIA SAN ISIDRO APIZAQUITO,46,C,,62,30,14,23,,34,,13,70,62,31,3,,11,25,,,,,1,379,18,397,639,ACTA DE CASILLA,,
1085,29005,29003,APIZACO,2021,20210606,12,COLONIA SAN ISIDRO APIZAQUITO,46,C,,78,23,15,19,,30,,0,83,58,23,4,,19,23,,,,,0,375,8,383,639,ACTA DE CASILLA,,
1086,29003,29004,ATLANGATEPEC,2021,20210606,13,SANTA CLARA OZUMBA,50,B,,127,131,,,,,,,46,5,,,,,3,,,,,0,312,3,315,369,ACTA DE CASILLA,,
1087,29003,29004,ATLANGATEPEC,2021,20210606,14,SANTIAGO VILLALTA,51,B,,16,81,63,,,,69,,11,16,,,,,30,,,,,0,286,4,290,353,ACTA DE CASILLA,,
1088,29003,29004,ATLANGATEPEC,2021,20211128,15,COLONIA AGRICOLA SAN LUIS,52,B,extra,29,,,,,2,48,,,26,,,,,,,,,,0,105,2,107,134,ACTA DE CASILLA,,EXTRAORDINARIA 2021
1089,29003,29004,ATLANGATEPEC,2021,20210606,16,ZUMPANGO,53,B,,,71,,,85,,35,47,66,38,,,7,,49,,,,,0,398,21,419,571,ACTA DE CASILLA,,
1090,29003,29004,ATLANGATEPEC,2021,20210606,16,ZUMPANGO,53,C,,,68,,,78,,35,44,41,44,,,10,,69,,,,,0,389,12,401,570,ACTA DE CASILLA,,
1091,29003,29004,ATLANGATEPEC,2021,20210606,17,BENITO JUAREZ TEZOYO,54,B,,2,49,1,,4,,90,7,49,89,,,,,31,,,,,0,322,6,328,432,ACTA DE CASILLA,,
1092,29003,29004,ATLANGATEPEC,2021,20210606,18,COLONIA LA TRASQUILA,55,B,,19,27,58,,4,,6,,38,5,,4,,,46,,,,,0,207,5,212,350,ACTA DE CASILLA,,
1093,29003,29004,ATLANGATEPEC,2021,20210606,19,SAN PEDRO ECACTEPEC,56,B,,160,115,2,,12,,,22,35,49,,,4,,38,,,,,0,437,11,448,622,ACTA DE CASILLA,,
1094,29003,29004,ATLANGATEPEC,2021,20210606,19,SAN PEDRO ECACTEPEC,56,C,,121,98,17,,48,,,18,31,50,,,17,,49,,,,,0,449,12,461,621,ACTA DE CASILLA,,
1095,29003,29004,ATLANGATEPEC,2021,20210606,20,COLONIA VILLA DE LAS FLORES,57,B,,48,70,,,,,98,,,,,,,,11,,,,,0,227,3,230,284,ACTA DE CASILLA,,
1096,29004,29005,ATLTZAYANCA  ,2021,20210606,21,BARRIO DE GUADALUPE,59,B,,38,32,22,,23,,,23,31,13,,,,5,,,,,,1,188,11,199,279,ACTA DE CASILLA,,
1097,29004,29005,ATLTZAYANCA  ,2021,20210606,21,BARRIO DE GUADALUPE,59,C,,,,,,,,,,,,,,,,,,,,,0,0,0,0,301,ACTA DENTRO DEL PAQUETE ELECTORAL,,
1098,29004,29005,ATLTZAYANCA  ,2021,20210606,22,BARRIO DE LA CONCEPCION,59,B,,27,50,34,41,,,,,,10,,,,20,,,,,,0,182,5,187,230,ACTA DE CASILLA,,
1099,29004,29005,ATLTZAYANCA  ,2021,20210606,22,BARRIO DE LA CONCEPCION,59,C,,41,50,28,9,,,,,,9,,,,13,,,,,,0,150,6,156,208,ACTA DE CASILLA,,
1100,29004,29005,ATLTZAYANCA  ,2021,20210606,23,BARRIO DE SANTIAGO,60,B,,,,,,,,,,,,,,,,,,,,,0,0,0,0,358,ACTA DENTRO DEL PAQUETE ELECTORAL,,
1101,29004,29005,ATLTZAYANCA  ,2021,20210606,23,BARRIO DE SANTIAGO,60,C,,44,27,15,22,68,,,,,14,,,15,67,,,,,,0,272,14,286,373,ACTA DE CASILLA,,
1102,29004,29005,ATLTZAYANCA  ,2021,20210606,24,LA GARITA,61,B,,19,53,1,74,21,,,,67,23,,,,8,,,,,,0,266,13,279,377,ACTA DE CASILLA,,
1103,29004,29005,ATLTZAYANCA  ,2021,20210606,25,SAN JOSE BUENAVISTA,61,E,,6,17,8,48,44,,,7,,24,,,,2,,,,,,0,156,4,160,196,ACTA DE CASILLA,,
1104,29004,29005,ATLTZAYANCA  ,2021,20210606,26,LAZARO CARDENAS,62,B,,99,44,11,130,3,,,,1,4,,,,,,,,,,0,292,12,304,344,ACTA DE CASILLA,,
1105,29004,29005,ATLTZAYANCA  ,2021,20210606,27,SAN ANTONIO TECOPILCO,63,B,,21,38,74,,47,,,34,,78,,,,,,,,,,0,292,9,301,351,ACTA DE CASILLA,,
1106,29004,29005,ATLTZAYANCA  ,2021,20210606,28,SAN JUAN OCOTITLA,64,B,,9,37,21,21,25,,,,,34,,,,39,,,,,,0,186,5,191,219,ACTA DE CASILLA,,
1107,29004,29005,ATLTZAYANCA  ,2021,20210606,29,SAN JOSE PILANCON,65,B,,46,40,53,54,6,,,,0,10,,,,,,,,,,0,209,2,211,242,ACTA DE CASILLA,,
1108,29004,29005,ATLTZAYANCA  ,2021,20210606,30,XALTITLA,60,B,,0,0,0,0,0,,,0,0,0,,,,0,,0,indep,,,0,0,0,0,20,ACTA DE CASILLA,,
1109,29004,29005,ATLTZAYANCA  ,2021,20210606,30,XALTITLA,66,B,,61,46,73,16,56,,,31,1,43,,,,37,,34,indep,,,0,398,19,417,531,ACTA DE CASILLA,,
1110,29004,29005,ATLTZAYANCA  ,2021,20210606,30,XALTITLA,72,B,,0,0,0,0,0,,,0,0,0,,,,0,,0,indep,,,0,0,0,0,42,ACTA DE CASILLA,,
1111,29004,29005,ATLTZAYANCA  ,2021,20210606,30,XALTITLA,60,C,,0,0,0,0,0,,,0,0,0,,,,0,,0,indep,,,0,0,0,0,5,ACTA DE CASILLA,,
1112,29004,29005,ATLTZAYANCA  ,2021,20210606,31,MESA REDONDA,67,B,,11,85,78,,1,,,,,32,,,,,,,,,,0,207,6,213,239,ACTA DE CASILLA,,
1113,29004,29005,ATLTZAYANCA  ,2021,20210606,32,CONCEPCION HIDALGO,68,B,,102,50,113,,122,,4,7,27,39,,,,17,,,,,,0,481,19,500,689,ACTA DE CASILLA,,
1114,29004,29005,ATLTZAYANCA  ,2021,20210606,32,CONCEPCION HIDALGO,68,C,,96,49,100,,155,,12,15,13,27,,,,18,,,,,,0,485,25,510,689,ACTA DE CASILLA,,
1115,29004,29005,ATLTZAYANCA  ,2021,20210606,32,CONCEPCION HIDALGO,68,C,,83,44,87,,185,,2,11,30,47,,,,27,,,,,,0,516,15,531,688,ACTA DE CASILLA,,
1116,29004,29005,ATLTZAYANCA  ,2021,20210606,33,FELIPE CARRILLO PUERTO,69,B,,65,84,83,,85,,,,,28,,,,,,,,,,0,345,4,349,425,ACTA DE CASILLA,,
1117,29004,29005,ATLTZAYANCA  ,2021,20210606,33,FELIPE CARRILLO PUERTO,69,C,,46,69,69,,75,,,,,45,,,,,,,,,,0,304,10,314,424,ACTA DE CASILLA,,
1118,29004,29005,ATLTZAYANCA  ,2021,20210606,34,NEXNOPALA,70,B,,12,101,57,114,16,,,5,,106,,,,,,,,,,2,413,16,429,545,ACTA DE CASILLA,,
1119,29004,29005,ATLTZAYANCA  ,2021,20210606,35,RANCHERIA POCITOS,71,B,,,,,,,,,,,,,,,,,,,,,0,0,0,0,498,ACTA DENTRO DEL PAQUETE ELECTORAL,,
1120,29004,29005,ATLTZAYANCA  ,2021,20210606,35,RANCHERIA POCITOS,71,C,,39,132,2,,23,,,4,,165,,,,,,,,,,0,365,13,378,498,ACTA DE CASILLA,,
1121,29004,29005,ATLTZAYANCA  ,2021,20210606,36,SANTA MARIA LAS CUEVAS,72,B,,0,0,0,,0,0,,0,,0,,,,0,,,,,,0,0,0,0,670,ACTA DENTRO DEL PAQUETE ELECTORAL,,
1122,29004,29005,ATLTZAYANCA  ,2021,20210606,37,NAZARETH,73,B,,1,8,3,,7,66,,,48,14,,,,49,0,21,indep,,,0,217,9,226,287,ACTA DE CASILLA,,
1123,29004,29005,ATLTZAYANCA  ,2021,20210606,38,SANTA CRUZ POCITOS,74,B,,2,173,35,,22,,,,,66,,,,97,,,,,,0,395,24,419,534,ACTA DE CASILLA,,
1124,29004,29005,ATLTZAYANCA  ,2021,20210606,38,SANTA CRUZ POCITOS,74,C,,2,154,34,,19,,,,,92,,,,121,,,,,,0,422,23,445,533,ACTA DE CASILLA,,
1125,29004,29005,ATLTZAYANCA  ,2021,20210606,39,LOMAS DE JUNGUITO,76,B,,0,79,16,,0,,,36,,0,,,,,,28,indep,,,0,159,4,163,189,ACTA DE CASILLA,,
1126,29004,29005,ATLTZAYANCA  ,2021,20210606,40,BARRIO DE SAN ANTONIO,77,B,,0,0,0,0,0,,,0,,0,,,0,0,,,,,,0,0,0,0,722,ACTA DENTRO DEL PAQUETE ELECTORAL,,
1127,29004,29005,ATLTZAYANCA  ,2021,20210606,40,BARRIO DE SAN ANTONIO,77,C,,0,0,0,0,0,,,0,,0,,,0,0,,,,,,0,0,0,0,722,ACTA DENTRO DEL PAQUETE ELECTORAL,,SOLO SE CUENTA CON RESULTADOS POR COMUNIDAD
1128,29006,29006,CALPULALPAN,2021,20210606,41,COLONIA ALFONSO ESPEJEL,78,B,,52,19,25,1,1,7,,30,49,82,5,1,7,25,26,,,,,0,330,13,343,741,ACTA DE CASILLA,,
1129,29006,29006,CALPULALPAN,2021,20210606,41,COLONIA ALFONSO ESPEJEL,78,C,,30,20,22,7,4,3,,28,75,93,6,0,0,26,50,,,,,0,364,12,376,740,ACTA DE CASILLA,,
1130,29006,29006,CALPULALPAN,2021,20210606,41,COLONIA ALFONSO ESPEJEL,78,C,,26,26,21,1,3,12,,31,64,107,12,4,7,33,33,,,,,0,380,21,401,740,ACTA DE CASILLA,,
1131,29006,29006,CALPULALPAN,2021,20210606,41,COLONIA ALFONSO ESPEJEL,78,C,,34,15,22,2,1,17,,30,79,96,13,2,6,26,24,,,,,0,367,10,377,740,ACTA DE CASILLA,,
1132,29006,29006,CALPULALPAN,2021,20210606,41,COLONIA ALFONSO ESPEJEL,78,C,,48,21,31,3,4,1,,20,56,83,3,1,6,27,27,,,,,0,331,15,346,740,ACTA DE CASILLA,,
1133,29006,29006,CALPULALPAN,2021,20210606,41,COLONIA ALFONSO ESPEJEL,78,C,,42,13,33,1,1,6,,27,56,112,8,1,8,31,39,,,,,3,381,11,392,740,ACTA DE CASILLA,,
1134,29006,29006,CALPULALPAN,2021,20210606,42,COLONIA EL MIRADOR,82,B,,2,6,4,,4,0,,3,2,5,1,4,1,,2,,,,,0,34,1,35,57,ACTA DE CASILLA,,
1135,29006,29006,CALPULALPAN,2021,20210606,42,COLONIA EL MIRADOR,83,B,,11,17,6,,6,2,,3,8,10,0,9,9,,3,,,,,1,85,4,89,195,ACTA DE CASILLA,,
1136,29006,29006,CALPULALPAN,2021,20210606,42,COLONIA EL MIRADOR,88,B,,3,7,17,,9,0,,5,0,9,0,15,8,,5,,,,,0,78,2,80,146,ACTA DE CASILLA,,
1137,29006,29006,CALPULALPAN,2021,20210606,42,COLONIA EL MIRADOR,89,B,,5,70,51,,32,16,,23,21,40,5,69,40,,36,,,,,3,411,13,424,734,ACTA DE CASILLA,,
1138,29006,29006,CALPULALPAN,2021,20210606,42,COLONIA EL MIRADOR,90,B,,4,9,22,,9,3,,4,6,8,3,13,4,,5,,,,,0,90,3,93,183,ACTA DE CASILLA,,
1139,29006,29006,CALPULALPAN,2021,20210606,42,COLONIA EL MIRADOR,82,C,,1,7,2,,4,1,,0,10,2,0,2,3,,0,,,,,1,33,1,34,57,ACTA DE CASILLA,,
1140,29006,29006,CALPULALPAN,2021,20210606,42,COLONIA EL MIRADOR,82,C,,1,6,1,,4,1,,2,2,3,0,6,0,,3,,,,,0,29,2,31,48,ACTA DE CASILLA,,
1141,29006,29006,CALPULALPAN,2021,20210606,42,COLONIA EL MIRADOR,82,C,,0,2,1,,1,1,,0,9,3,1,0,0,,2,,,,,1,21,0,21,41,ACTA DE CASILLA,,
1142,29006,29006,CALPULALPAN,2021,20210606,42,COLONIA EL MIRADOR,83,C,,7,27,19,,12,4,,8,10,11,1,10,10,,6,,,,,0,125,8,133,215,ACTA DE CASILLA,,
1143,29006,29006,CALPULALPAN,2021,20210606,42,COLONIA EL MIRADOR,83,C,,3,18,13,,9,0,,10,6,15,1,17,16,,2,,,,,0,110,4,114,230,ACTA DE CASILLA,,
1144,29006,29006,CALPULALPAN,2021,20210606,42,COLONIA EL MIRADOR,83,C,,10,29,15,,16,5,,10,7,11,2,9,3,,4,,,,,0,121,4,125,207,ACTA DE CASILLA,,
1145,29006,29006,CALPULALPAN,2021,20210606,42,COLONIA EL MIRADOR,88,C,,4,12,16,,6,2,,1,7,21,1,13,8,,3,,,,,0,94,1,95,147,ACTA DE CASILLA,,
1146,29006,29006,CALPULALPAN,2021,20210606,42,COLONIA EL MIRADOR,89,C,,7,73,52,,22,9,,25,15,56,3,72,57,,29,,,,,5,425,12,437,732,ACTA DE CASILLA,,
1147,29006,29006,CALPULALPAN,2021,20210606,42,COLONIA EL MIRADOR,89,C,,6,78,60,,22,16,,13,24,43,2,74,27,,31,,,,,3,399,11,410,731,ACTA DE CASILLA,,
1148,29006,29006,CALPULALPAN,2021,20210606,42,COLONIA EL MIRADOR,90,C,,3,15,19,,12,1,,5,5,12,3,12,0,,4,,,,,0,91,0,91,155,ACTA DE CASILLA,,
1149,29006,29006,CALPULALPAN,2021,20210606,42,COLONIA EL MIRADOR,90,C,,2,15,22,,10,6,,7,4,6,4,19,13,,8,,,,,0,116,1,117,197,ACTA DE CASILLA,,
1150,29006,29006,CALPULALPAN,2021,20210606,42,COLONIA EL MIRADOR,90,C,,2,11,11,,9,6,,7,4,22,2,15,10,,7,,,,,0,106,4,110,200,ACTA DE CASILLA,,
1151,29006,29006,CALPULALPAN,2021,20210606,42,COLONIA EL MIRADOR,90,C,,3,14,14,,23,4,,6,7,7,1,8,18,,5,,,,,1,111,1,112,203,ACTA DE CASILLA,,
1152,29006,29006,CALPULALPAN,2021,20210606,43,COLONIA FRANCISCO SARABIA,85,B,,7,98,79,,9,,,110,11,55,,,17,15,29,,,,,0,430,11,441,731,ACTA DE CASILLA,,
1153,29006,29006,CALPULALPAN,2021,20210606,43,COLONIA FRANCISCO SARABIA,86,B,,6,119,41,,16,,,65,12,59,,,29,24,16,,,,,0,387,15,402,628,ACTA DE CASILLA,,
1154,29006,29006,CALPULALPAN,2021,20210606,43,COLONIA FRANCISCO SARABIA,85,C,,9,64,105,,8,,,86,13,63,,,31,33,17,,,,,0,429,12,441,730,ACTA DE CASILLA,,
1155,29006,29006,CALPULALPAN,2021,20210606,43,COLONIA FRANCISCO SARABIA,85,C,,8,76,95,,16,,,93,15,60,,,17,18,20,,,,,0,418,12,430,730,ACTA DE CASILLA,,
1156,29006,29006,CALPULALPAN,2021,20210606,43,COLONIA FRANCISCO SARABIA,86,C,,12,99,48,,13,,,87,17,47,,,33,29,14,,,,,0,399,11,410,628,ACTA DE CASILLA,,
1157,29006,29006,CALPULALPAN,2021,20210606,43,COLONIA FRANCISCO SARABIA,86,C,,6,94,49,,21,,,96,16,68,,,34,16,8,,,,,0,408,10,418,628,ACTA DE CASILLA,,
1158,29006,29006,CALPULALPAN,2021,20210606,44,SAN MATEO ACTIPAN,91,B,,1,200,,,2,,1,,0,,,,7,,45,,,,,0,256,6,262,399,ACTA DE CASILLA,,
1159,29006,29006,CALPULALPAN,2021,20210606,44,SAN MATEO ACTIPAN,91,C,,3,213,,,6,,2,,1,,,,2,,38,,,,,0,265,4,269,398,ACTA DE CASILLA,,
1160,29006,29006,CALPULALPAN,2021,20210606,45,SAN CRISTOBAL ZACACALCO,96,B,,29,45,,2,30,,,82,107,,,0,,,,,,,,13,308,10,318,547,ACTA DE CASILLA,,
1161,29007,29007,CARMEN TEQUEXQUITLA--EL,2021,20210606,46,BARRIO DE GUADALUPE,103,B,,41,28,93,,,,,96,4,112,,,,32,,,,,,0,406,27,433,657,ACTA DE CASILLA,,
1162,29007,29007,CARMEN TEQUEXQUITLA--EL,2021,20210606,46,BARRIO DE GUADALUPE,103,C,,60,23,61,,,,,72,2,92,,,,51,,,,,,1,362,27,389,653,ACTA DE CASILLA,,
1163,29007,29007,CARMEN TEQUEXQUITLA--EL,2021,20210606,47,COLONIA MAZATEPEC,104,B,,106,32,25,,,,,126,,95,,,,50,,,,,,5,439,10,449,664,ACTA DE CASILLA,,
1164,29007,29007,CARMEN TEQUEXQUITLA--EL,2021,20210606,47,COLONIA MAZATEPEC,104,C,,73,22,47,,,,,247,,82,,,,46,,,,,,0,517,26,543,664,ACTA DE CASILLA,,
1165,29007,29007,CARMEN TEQUEXQUITLA--EL,2021,20210606,47,COLONIA MAZATEPEC,104,C,,87,20,27,,,,,121,,85,,,,68,,,,,,1,409,12,421,664,ACTA DE CASILLA,,
1166,29007,29007,CARMEN TEQUEXQUITLA--EL,2021,20210606,47,COLONIA MAZATEPEC,104,C,,75,30,28,,,,,103,,71,,,,75,,,,,,4,386,17,403,663,ACTA DE CASILLA,,
1167,29007,29007,CARMEN TEQUEXQUITLA--EL,2021,20210606,48,COLONIA LA SOLEDAD,105,B,,7,41,5,,,,,12,137,43,,,,102,,,,,,0,347,26,373,462,ACTA DE CASILLA,,
1168,29007,29007,CARMEN TEQUEXQUITLA--EL,2021,20210606,49,VICENTE GUERRERO,106,B,,11,5,1,100,,,,65,,0,,,,12,,,,,,0,194,9,203,235,ACTA DE CASILLA,,
1169,29008,29008,CUAPIAXTLA,2021,20210606,50,COLONIA IGNACIO ALLENDE,110,B,,60,85,13,26,,,,10,2,27,,,,82,52,,,,,0,357,15,372,469,ACTA DE CASILLA,,
1170,29008,29008,CUAPIAXTLA,2021,20210606,50,COLONIA IGNACIO ALLENDE,110,C,,64,100,8,5,,,,21,4,33,,,,63,68,,,,,0,366,14,380,490,ACTA DE CASILLA,,
1171,29008,29008,CUAPIAXTLA,2021,20210606,50,COLONIA IGNACIO ALLENDE,110,C,,49,102,10,15,,,,10,0,37,,,,70,96,,,,,0,389,19,408,484,ACTA DE CASILLA,,
1172,29008,29008,CUAPIAXTLA,2021,20210606,51,SANTA BEATRIZ LA NUEVA,111,B,,10,,2,1,,,,4,57,46,,,,3,114,,,,,0,237,5,242,274,ACTA DE CASILLA,,
1173,29008,29008,CUAPIAXTLA,2021,20210606,52,COLONIA LOMA BONITA,112,B,,3,44,3,8,,,53,0,,7,,,,5,3,,,,,0,126,1,127,156,ACTA DE CASILLA,,
1174,29008,29008,CUAPIAXTLA,2021,20210606,53,COLONIA MANUEL AVILA CAMACHO,113,B,,7,8,60,55,,,30,0,,39,,,,4,54,,,,,0,257,3,260,300,ACTA DE CASILLA,,
1175,29008,29008,CUAPIAXTLA,2021,20210606,54,SAN FRANCISCO CUEXCONTZI,114,B,,16,16,8,81,,,56,99,,7,,,11,4,39,,,,,0,337,15,352,434,ACTA DE CASILLA,,
1176,29008,29008,CUAPIAXTLA,2021,20210606,54,SAN FRANCISCO CUEXCONTZI,114,C,,23,35,9,100,,,65,79,,8,,,7,1,23,,,,,0,350,15,365,434,ACTA DE CASILLA,,
1177,29008,29008,CUAPIAXTLA,2021,20210606,55,COLONIA PLAN DE AYALA,115,B,,1,110,13,36,,,85,0,,17,,,,17,36,,,,,0,315,5,320,380,ACTA DE CASILLA,,
1178,29008,29008,CUAPIAXTLA,2021,20210606,56,COLONIA JOSE MARIA MORELOS,116,B,,1,115,7,3,,,,61,,4,,,,3,167,,,,,0,361,16,377,452,ACTA DE CASILLA,,
1179,29009,29009,CUAXOMULCO,2021,20210606,57,2A SECCION COAXOMULCO (TECUICUILCO),117,B,,141,4,,,,,,,,70,49,3,78,,49,57,indep,,,0,451,15,466,667,ACTA DE CASILLA,,
1180,29009,29009,CUAXOMULCO,2021,20210606,57,2A SECCION COAXOMULCO (TECUICUILCO),117,C,,119,15,,,,,,,,46,67,5,72,,74,55,indep,,,0,453,22,475,667,ACTA DE CASILLA,,
1181,29009,29009,CUAXOMULCO,2021,20210606,58,1A SECCION CUAXOMULCO (BARRIO DE ATENCO),118,B,,123,46,,3,46,,,,,55,0,45,,,70,32,indep,,,0,420,13,433,540,ACTA DE CASILLA,,
1182,29009,29009,CUAXOMULCO,2021,20210606,58,1A SECCION CUAXOMULCO (BARRIO DE ATENCO),118,C,,109,20,,2,61,,,,,38,3,40,,,60,48,indep,,,0,381,11,392,540,ACTA DE CASILLA,,
1183,29009,29009,CUAXOMULCO,2021,20210606,59,SAN MIGUEL BUENAVISTA,119,B,,121,188,,30,,,,,,20,85,,10,,36,,,,,0,490,14,504,627,ACTA DE CASILLA,,
1184,29009,29009,CUAXOMULCO,2021,20210606,60,ZACAMOLPA,120,B,,93,,,0,,,,,,0,8,,107,,15,,,,,0,223,2,225,270,ACTA DE CASILLA,,
1185,29009,29009,CUAXOMULCO,2021,20210606,61,SAN LORENZO XALTELULCO,121,B,,29,62,31,11,,,,,,51,142,,20,,68,47,indep,,,0,461,34,495,644,ACTA DE CASILLA,,
1186,29009,29009,CUAXOMULCO,2021,20210606,61,SAN LORENZO XALTELULCO,121,C,,27,25,15,7,,,,,,41,207,,15,,61,92,indep,,,0,490,18,508,644,ACTA DE CASILLA,,
1187,29010,29010,CHIAUTEMPAN,2021,20210606,62,COLONIA CHALMA,122,B,,18,15,35,41,10,59,16,18,23,99,42,3,,22,11,,,,,0,412,14,426,569,ACTA DE CASILLA,,
1188,29010,29010,CHIAUTEMPAN,2021,20210606,62,COLONIA CHALMA,123,B,,0,4,1,0,1,2,0,3,0,2,0,0,,0,0,,,,,0,13,0,13,38,ACTA DE CASILLA,,
1189,29010,29010,CHIAUTEMPAN,2021,20210606,62,COLONIA CHALMA,122,C,,11,19,51,47,13,39,11,18,14,79,25,11,,26,19,,,,,0,383,19,402,569,ACTA DE CASILLA,,
1190,29010,29010,CHIAUTEMPAN,2021,20210606,62,COLONIA CHALMA,122,C,,20,33,58,46,12,26,14,19,18,93,19,6,,11,18,,,,,0,393,11,404,569,ACTA DE CASILLA,,
1191,29010,29010,CHIAUTEMPAN,2021,20210606,62,COLONIA CHALMA,123,C,,2,0,0,0,1,0,0,1,0,6,0,0,,0,1,,,,,0,11,0,11,16,ACTA DE CASILLA,,
1192,29010,29010,CHIAUTEMPAN,2021,20210606,62,COLONIA CHALMA,123,C,,5,8,1,0,0,0,2,1,0,9,0,0,,2,0,,,,,0,28,1,29,40,ACTA DE CASILLA,,
1193,29010,29010,CHIAUTEMPAN,2021,20211128,63,SANTA CRUZ GUADALUPE,126,B,extra,,,65,,66,3,31,,,107,,,,,,,,,,0,272,5,277,571,ACTA DE CASILLA,,EXTRAORDINARIA 2021
1194,29010,29010,CHIAUTEMPAN,2021,20211128,63,SANTA CRUZ GUADALUPE,126,C,extra,,,70,,42,7,32,,,96,,,,,,,,,,0,247,2,249,570,ACTA DE CASILLA,,EXTRAORDINARIA 2021
1195,29010,29010,CHIAUTEMPAN,2021,20211128,63,SANTA CRUZ GUADALUPE,126,C,extra,,,88,,84,2,35,,,102,,,,,,,,,,0,311,3,314,570,ACTA DE CASILLA,,EXTRAORDINARIA 2021
1196,29010,29010,CHIAUTEMPAN,2021,20211128,63,SANTA CRUZ GUADALUPE,126,C,extra,,,64,,60,7,36,,,117,,,,,,,,,,0,284,1,285,570,ACTA DE CASILLA,,EXTRAORDINARIA 2021
1197,29010,29010,CHIAUTEMPAN,2021,20210606,64,COLONIA REFORMA,127,B,,10,51,23,60,60,25,,32,6,95,,17,,,28,,,,,0,407,22,429,692,ACTA DE CASILLA,,
1198,29010,29010,CHIAUTEMPAN,2021,20210606,64,COLONIA REFORMA,140,B,,16,45,30,41,59,35,,38,15,118,,26,,,22,,,,,1,446,12,458,600,ACTA DE CASILLA,,
1199,29010,29010,CHIAUTEMPAN,2021,20210606,64,COLONIA REFORMA,127,C,,8,50,22,86,52,26,,24,3,129,,10,,,21,,,,,1,432,18,450,692,ACTA DE CASILLA,,
1200,29010,29010,CHIAUTEMPAN,2021,20210606,64,COLONIA REFORMA,127,C,,13,50,24,81,42,28,,23,3,128,,18,,,19,,,,,2,431,25,456,692,ACTA DE CASILLA,,
1201,29010,29010,CHIAUTEMPAN,2021,20210606,64,COLONIA REFORMA,127,C,,13,50,24,81,42,28,,23,3,128,,18,,,19,,,,,2,431,25,456,692,ACTA DE CASILLA,,
1202,29010,29010,CHIAUTEMPAN,2021,20210606,64,COLONIA REFORMA,140,C,,19,48,71,17,53,13,,16,3,265,,15,,,27,,,,,0,547,17,564,600,ACTA DE CASILLA,,
1203,29010,29010,CHIAUTEMPAN,2021,20210606,64,COLONIA REFORMA,140,C,,15,31,35,31,55,20,,10,6,121,,10,,,18,,,,,0,352,12,364,600,ACTA DE CASILLA,,
1204,29010,29010,CHIAUTEMPAN,2021,20210606,65,COLONIA INDUSTRIAL,133,B,,48,65,15,,51,8,10,14,16,72,,10,16,,27,,,,,0,352,6,358,536,ACTA DE CASILLA,,
1205,29010,29010,CHIAUTEMPAN,2021,20210606,65,COLONIA INDUSTRIAL,133,C,,36,60,10,,70,8,25,28,7,82,,11,25,,24,,,,,0,386,11,397,536,ACTA DE CASILLA,,
1206,29010,29010,CHIAUTEMPAN,2021,20210606,66,COLONIA EL ALTO,137,B,,20,20,13,,32,8,80,15,4,76,,3,36,6,34,,,,,0,347,3,350,597,ACTA DE CASILLA,,
1207,29010,29010,CHIAUTEMPAN,2021,20210606,66,COLONIA EL ALTO,144,B,,26,44,31,,83,14,60,12,2,109,,7,10,6,37,,,,,0,441,10,451,692,ACTA DE CASILLA,,
1208,29010,29010,CHIAUTEMPAN,2021,20210606,66,COLONIA EL ALTO,137,C,,17,29,7,,33,6,104,11,5,91,,4,16,10,20,,,,,0,353,14,367,597,ACTA DE CASILLA,,
1209,29010,29010,CHIAUTEMPAN,2021,20210606,66,COLONIA EL ALTO,137,C,,23,51,23,,45,8,98,12,11,85,,3,15,3,30,,,,,0,407,9,416,596,ACTA DE CASILLA,,
1210,29010,29010,CHIAUTEMPAN,2021,20210606,66,COLONIA EL ALTO,137,C,,,,,,,,,,,,,,,,,,,,,0,0,0,0,596,ACTA DENTRO DEL PAQUETE ELECTORAL,,
1211,29010,29010,CHIAUTEMPAN,2021,20210606,66,COLONIA EL ALTO,144,C,,22,58,31,,62,13,68,12,8,92,,6,8,6,37,,,,,0,423,15,438,691,ACTA DE CASILLA,,
1212,29010,29010,CHIAUTEMPAN,2021,20210606,66,COLONIA EL ALTO,144,C,,25,91,32,,106,7,76,11,5,90,,6,39,12,55,,,,,0,555,11,566,691,ACTA DE CASILLA,,
1213,29010,29010,CHIAUTEMPAN,2021,20210606,66,COLONIA EL ALTO,144,C,,28,57,33,,43,12,83,6,4,88,,2,13,8,46,,,,,0,423,24,447,691,ACTA DE CASILLA,,
1214,29010,29010,CHIAUTEMPAN,2021,20210606,66,COLONIA EL ALTO,144,C,,34,42,35,,48,5,69,9,0,99,,7,7,13,39,,,,,1,408,16,424,691,ACTA DE CASILLA,,
1215,29010,29010,CHIAUTEMPAN,2021,20210606,67,BARRIO DE TEXCACOAC,141,B,,9,40,24,,56,51,5,20,13,78,,21,,,54,,,,,0,371,16,387,672,ACTA DE CASILLA,,
1216,29010,29010,CHIAUTEMPAN,2021,20210606,67,BARRIO DE TEXCACOAC,141,C,,,,,,,,,,,,,,,,,,,,,0,0,0,0,672,ACTA DENTRO DEL PAQUETE ELECTORAL,,
1217,29010,29010,CHIAUTEMPAN,2021,20210606,67,BARRIO DE TEXCACOAC,141,C,,15,61,18,,48,78,2,11,16,71,,37,,,63,,,,,1,421,6,427,672,ACTA DE CASILLA,,
1218,29010,29010,CHIAUTEMPAN,2021,20210606,67,BARRIO DE TEXCACOAC,141,C,,16,34,31,,63,84,4,18,7,59,,21,,,54,,,,,0,391,20,411,671,ACTA DE CASILLA,,
1219,29010,29010,CHIAUTEMPAN,2021,20210606,67,BARRIO DE TEXCACOAC,141,C,,9,47,25,,49,77,7,13,11,77,,30,,,52,,,,,2,399,22,421,671,ACTA DE CASILLA,,
1220,29010,29010,CHIAUTEMPAN,2021,20210606,67,BARRIO DE TEXCACOAC,141,C,,8,47,44,,41,76,8,14,14,73,,32,,,56,,,,,1,414,2,416,671,ACTA DE CASILLA,,
1221,29010,29010,CHIAUTEMPAN,2021,20210606,67,BARRIO DE TEXCACOAC,141,C,,5,71,16,,50,63,2,14,11,55,,48,,,87,,,,,0,422,11,433,671,ACTA DE CASILLA,,
1222,29010,29010,CHIAUTEMPAN,2021,20210606,68,BARRIO DE XAXALA,142,B,,,27,20,,36,27,19,18,5,107,28,17,,39,38,,,,,0,381,23,404,719,ACTA DENTRO DEL PAQUETE ELECTORAL,,SOLO SE CUENTA CON RESULTADOS POR COMUNIDAD
1223,29010,29010,CHIAUTEMPAN,2021,20210606,68,BARRIO DE XAXALA,142,C,,,0,0,,0,0,0,0,0,0,0,0,,0,0,,,,,0,0,0,0,719,ACTA DENTRO DEL PAQUETE ELECTORAL,,SOLO SE CUENTA CON RESULTADOS POR COMUNIDAD
1224,29010,29010,CHIAUTEMPAN,2021,20210606,68,BARRIO DE XAXALA,142,C,,,21,57,,47,28,17,13,,99,19,11,,45,52,,,,,0,409,20,429,718,ACTA DENTRO DEL PAQUETE ELECTORAL,,SOLO SE CUENTA CON RESULTADOS POR COMUNIDAD
1225,29011,29011,MUÑOZ DE DOMINGO ARENAS,2021,20210606,69,SAN JOSE CUAMATZINGO,162,B,,49,21,,45,,42,,27,9,,141,,20,,,,,,,0,354,9,363,518,ACTA DE CASILLA,,
1226,29011,29011,MUÑOZ DE DOMINGO ARENAS,2021,20210606,69,SAN JOSE CUAMATZINGO,162,C,,33,22,,49,,56,,7,19,,152,,23,,,,,,,0,361,15,376,517,ACTA DE CASILLA,,
1227,29011,29011,MUÑOZ DE DOMINGO ARENAS,2021,20210606,70,GUADALUPE CUAUHTEMOC,163,B,,11,,,,,,,50,30,101,11,,137,,,,,,,0,340,6,346,502,ACTA DE CASILLA,,
1228,29011,29011,MUÑOZ DE DOMINGO ARENAS,2021,20210606,71,COLONIA SAN ISIDRO CHIPILA,164,B,,83,89,,,,,,,,,,,46,,,,,,,0,218,8,226,279,ACTA DE CASILLA,,
1229,29013,29013,HUAMANTLA,2021,20210606,72,COLONIA EMILIANO ZAPATA,178,B,,17,9,13,,22,,,41,15,65,,25,,,,,,,,0,207,7,214,430,ACTA DE CASILLA,,
1230,29013,29013,HUAMANTLA,2021,20210606,72,COLONIA EMILIANO ZAPATA,178,C,,15,19,30,,23,,,17,11,83,,19,,,,,,,,1,218,7,225,424,ACTA DE CASILLA,,
1231,29013,29013,HUAMANTLA,2021,20210606,72,COLONIA EMILIANO ZAPATA,178,C,,36,19,25,,28,,,32,9,85,,17,,,,,,,,0,251,9,260,500,ACTA DE CASILLA,,
1232,29013,29013,HUAMANTLA,2021,20210606,72,COLONIA EMILIANO ZAPATA,178,C,,31,14,12,,29,,,29,26,105,,27,,,,,,,,0,273,6,279,452,ACTA DE CASILLA,,
1233,29013,29013,HUAMANTLA,2021,20210606,72,COLONIA EMILIANO ZAPATA,178,C,,0,0,0,,0,,,0,0,0,,0,,,,,,,,0,0,0,0,451,ACTA DE CASILLA,,
1234,29013,29013,HUAMANTLA,2021,20210606,72,COLONIA EMILIANO ZAPATA,178,C,,42,11,20,,30,,,32,10,102,,31,,,,,,,,0,278,3,281,483,ACTA DE CASILLA,,
1235,29013,29013,HUAMANTLA,2021,20210606,73,BARRIO DE SAN SEBASTIAN,179,B,,,,,,,,,,,,,,,,,,,,,0,0,0,0,559,ACTA DENTRO DEL PAQUETE ELECTORAL,,
1236,29013,29013,HUAMANTLA,2021,20210606,73,BARRIO DE SAN SEBASTIAN,180,B,,8,2,1,0,2,,,2,3,4,0,0,,,1,,,,,1,24,0,24,104,ACTA DE CASILLA,,
1237,29013,29013,HUAMANTLA,2021,20210606,73,BARRIO DE SAN SEBASTIAN,181,B,,12,1,0,2,20,,,3,8,16,3,1,,,1,,,,,12,79,3,82,179,ACTA DE CASILLA,,
1238,29013,29013,HUAMANTLA,2021,20210606,73,BARRIO DE SAN SEBASTIAN,187,B,,15,6,1,1,10,,,5,3,13,1,0,,,1,,,,,7,63,10,73,213,ACTA DE CASILLA,,
1239,29013,29013,HUAMANTLA,2021,20210606,73,BARRIO DE SAN SEBASTIAN,179,C,,45,33,4,2,32,,,20,15,43,3,9,,,7,,,,,20,233,3,236,544,ACTA DE CASILLA,,
1240,29013,29013,HUAMANTLA,2021,20210606,73,BARRIO DE SAN SEBASTIAN,179,C,,,,,,,,,,,,,,,,,,,,,0,0,0,0,544,ACTA DENTRO DEL PAQUETE ELECTORAL,,
1241,29013,29013,HUAMANTLA,2021,20210606,73,BARRIO DE SAN SEBASTIAN,179,C,,45,34,7,2,25,,,20,13,44,3,11,,,15,,,,,18,237,9,246,531,ACTA DE CASILLA,,
1242,29013,29013,HUAMANTLA,2021,20210606,73,BARRIO DE SAN SEBASTIAN,179,C,,37,49,1,3,35,,,18,12,49,6,9,,,7,,,,,20,246,13,259,519,ACTA DE CASILLA,,
1243,29013,29013,HUAMANTLA,2021,20210606,73,BARRIO DE SAN SEBASTIAN,179,C,,38,38,4,2,24,,,16,18,35,5,13,,,9,,,,,0,202,16,218,537,ACTA DE CASILLA,,
1244,29013,29013,HUAMANTLA,2021,20210606,73,BARRIO DE SAN SEBASTIAN,180,C,,29,13,0,1,9,,,6,5,19,3,5,,,3,,,,,0,93,6,99,174,ACTA DE CASILLA,,
1245,29013,29013,HUAMANTLA,2021,20210606,73,BARRIO DE SAN SEBASTIAN,180,C,,22,7,0,2,7,,,2,2,20,2,1,,,0,,,,,3,68,9,77,147,ACTA DE CASILLA,,
1246,29013,29013,HUAMANTLA,2021,20210606,73,BARRIO DE SAN SEBASTIAN,180,C,,26,8,1,2,8,,,0,3,12,5,3,,,3,,,,,2,73,5,78,135,ACTA DE CASILLA,,
1247,29013,29013,HUAMANTLA,2021,20210606,73,BARRIO DE SAN SEBASTIAN,180,C,,28,10,2,0,12,,,1,4,9,3,1,,,6,,,,,1,77,3,80,154,ACTA DE CASILLA,,
1248,29013,29013,HUAMANTLA,2021,20210606,73,BARRIO DE SAN SEBASTIAN,180,C,,39,10,1,0,15,,,4,4,11,0,1,,,0,,,,,4,89,0,89,154,ACTA DE CASILLA,,
1249,29013,29013,HUAMANTLA,2021,20210606,73,BARRIO DE SAN SEBASTIAN,181,C,,3,1,0,2,16,,,8,9,8,2,4,,,5,,,,,11,69,6,75,195,ACTA DE CASILLA,,
1250,29013,29013,HUAMANTLA,2021,20210606,73,BARRIO DE SAN SEBASTIAN,181,C,,2,9,0,0,11,,,6,8,10,0,5,,,4,,,,,13,68,6,74,203,ACTA DE CASILLA,,
1251,29013,29013,HUAMANTLA,2021,20210606,73,BARRIO DE SAN SEBASTIAN,187,C,,15,6,1,1,10,,,5,3,13,1,0,,,1,,,,,7,63,10,73,175,ACTA DE CASILLA,,
1252,29013,29013,HUAMANTLA,2021,20210606,73,BARRIO DE SAN SEBASTIAN,187,C,,13,5,1,0,18,,,3,1,9,0,1,,,1,,,,,15,67,10,77,221,ACTA DE CASILLA,,
1253,29013,29013,HUAMANTLA,2021,20210606,74,BARRIO DE SANTA ANITA,179,B,,,,,,,,,,,,,,,,,,,,,0,0,0,0,21,ACTA DENTRO DEL PAQUETE ELECTORAL,,
1254,29013,29013,HUAMANTLA,2021,20210606,74,BARRIO DE SANTA ANITA,180,B,,37,65,12,,67,,,10,,89,,8,,,,,,,,26,314,24,338,517,ACTA DE CASILLA,,
1255,29013,29013,HUAMANTLA,2021,20210606,74,BARRIO DE SANTA ANITA,179,C,,,,,,,,,,,,,,,,,,,,,0,0,0,0,11,ACTA DENTRO DEL PAQUETE ELECTORAL,,
1256,29013,29013,HUAMANTLA,2021,20210606,74,BARRIO DE SANTA ANITA,179,C,,,,,,,,,,,,,,,,,,,,,0,0,0,0,19,ACTA DENTRO DEL PAQUETE ELECTORAL,,
1257,29013,29013,HUAMANTLA,2021,20210606,74,BARRIO DE SANTA ANITA,179,C,,0,0,0,,0,,,0,,0,,0,,,,,,,,1,1,0,1,20,ACTA DE CASILLA,,
1258,29013,29013,HUAMANTLA,2021,20210606,74,BARRIO DE SANTA ANITA,179,C,,,,,,,,,,,,,,,,,,,,,0,0,0,0,30,ACTA DENTRO DEL PAQUETE ELECTORAL,,
1259,29013,29013,HUAMANTLA,2021,20210606,74,BARRIO DE SANTA ANITA,179,C,,0,1,0,,1,,,0,,1,,0,,,,,,,,0,3,0,3,17,ACTA DE CASILLA,,
1260,29013,29013,HUAMANTLA,2021,20210606,74,BARRIO DE SANTA ANITA,180,C,,30,64,7,,44,,,16,,80,,5,,,,,,,,5,251,19,270,453,ACTA DE CASILLA,,
1261,29013,29013,HUAMANTLA,2021,20210606,74,BARRIO DE SANTA ANITA,180,C,,42,54,11,,40,,,12,,97,,6,,,,,,,,24,286,19,305,476,ACTA DE CASILLA,,
1262,29013,29013,HUAMANTLA,2021,20210606,74,BARRIO DE SANTA ANITA,180,C,,31,59,14,,41,,,7,,72,,7,,,,,,,,35,266,9,275,473,ACTA DE CASILLA,,
1263,29013,29013,HUAMANTLA,2021,20210606,74,BARRIO DE SANTA ANITA,180,C,,50,77,6,,48,,,9,,57,,9,,,,,,,,36,292,11,303,462,ACTA DE CASILLA,,
1264,29013,29013,HUAMANTLA,2021,20210606,74,BARRIO DE SANTA ANITA,180,C,,29,46,6,,47,,,11,,96,,9,,,,,,,,29,273,8,281,460,ACTA DE CASILLA,,
1265,29013,29013,HUAMANTLA,2021,20210606,75,BARRIO DE SAN FRANCISCO YANCUITLALPAN,184,B,,37,18,9,,50,,,,47,38,,17,,,49,,,,,1,266,13,279,424,ACTA DE CASILLA,,
1266,29013,29013,HUAMANTLA,2021,20210606,75,BARRIO DE SAN FRANCISCO YANCUITLALPAN,217,B,,,,,,,,,,,,,,,,,,,,,0,0,0,0,217,ACTA DENTRO DEL PAQUETE ELECTORAL,,
1267,29013,29013,HUAMANTLA,2021,20210606,75,BARRIO DE SAN FRANCISCO YANCUITLALPAN,184,C,,40,19,8,,72,,,,29,64,,20,,,24,,,,,0,276,11,287,490,ACTA DE CASILLA,,
1268,29013,29013,HUAMANTLA,2021,20210606,75,BARRIO DE SAN FRANCISCO YANCUITLALPAN,217,C,,18,6,3,,21,,,,4,42,,14,,,19,,,,,0,127,4,131,251,ACTA DE CASILLA,,
1269,29013,29013,HUAMANTLA,2021,20210606,76,RANCHERIA DE LA CRUZ,184,B,,,,2,2,15,,,26,6,16,,,,,15,,,,,2,84,9,93,195,ACTA DE CASILLA,,
1270,29013,29013,HUAMANTLA,2021,20210606,76,RANCHERIA DE LA CRUZ,192,B,,,,0,2,2,,,5,1,10,,,,,2,,,,,0,22,2,24,51,ACTA DE CASILLA,,
1271,29013,29013,HUAMANTLA,2021,20210606,76,RANCHERIA DE LA CRUZ,218,B,,,,20,4,57,,,226,18,81,,,,,41,,,,,0,447,14,461,687,ACTA DE CASILLA,,
1272,29013,29013,HUAMANTLA,2021,20210606,76,RANCHERIA DE LA CRUZ,184,C,,,,4,0,8,,,19,8,15,,,,,17,,,,,0,71,2,73,182,ACTA DE CASILLA,,
1273,29013,29013,HUAMANTLA,2021,20210606,76,RANCHERIA DE LA CRUZ,192,C,,,,0,0,2,,,7,2,3,,,,,1,,,,,0,15,0,15,55,ACTA DE CASILLA,,
1274,29013,29013,HUAMANTLA,2021,20210606,76,RANCHERIA DE LA CRUZ,192,C,,,,1,0,4,,,8,0,4,,,,,4,,,,,0,21,4,25,56,ACTA DE CASILLA,,
1275,29013,29013,HUAMANTLA,2021,20210606,77,BARRIO DE SANTA MARIA YANCUITLALPAN,184,B,,31,4,12,8,14,,,4,,11,,,,,,,,,,0,84,6,90,111,ACTA DE CASILLA,,
1276,29013,29013,HUAMANTLA,2021,20210606,77,BARRIO DE SANTA MARIA YANCUITLALPAN,192,B,,0,1,1,3,1,,,3,,3,,,,,,,,,,0,12,3,15,29,ACTA DE CASILLA,,
1277,29013,29013,HUAMANTLA,2021,20210606,77,BARRIO DE SANTA MARIA YANCUITLALPAN,217,B,,19,33,62,13,8,,,16,,50,,,,,,,,,,1,202,6,208,283,ACTA DE CASILLA,,
1278,29013,29013,HUAMANTLA,2021,20210606,77,BARRIO DE SANTA MARIA YANCUITLALPAN,184,C,,15,7,6,8,15,,,0,,18,,,,,,,,,,0,69,0,69,62,ACTA DE CASILLA,,
1279,29013,29013,HUAMANTLA,2021,20210606,77,BARRIO DE SANTA MARIA YANCUITLALPAN,192,C,,1,2,1,0,0,,,2,,1,,,,,,,,,,0,7,2,9,13,ACTA DE CASILLA,,
1280,29013,29013,HUAMANTLA,2021,20210606,77,BARRIO DE SANTA MARIA YANCUITLALPAN,192,C,,0,1,1,1,0,,,3,,3,,,,,,,,,,0,9,1,10,17,ACTA DE CASILLA,,
1281,29013,29013,HUAMANTLA,2021,20210606,77,BARRIO DE SANTA MARIA YANCUITLALPAN,217,C,,15,36,47,10,7,,,5,,38,,,,,,,,,,0,158,9,167,248,ACTA DE CASILLA,,
1282,29013,29013,HUAMANTLA,2021,20210606,78,BARRIO DE SAN LUCAS,188,B,,27,47,21,14,84,24,,15,22,45,,45,,,,,,,,0,344,18,362,724,ACTA DE CASILLA,,
1283,29013,29013,HUAMANTLA,2021,20210606,78,BARRIO DE SAN LUCAS,195,B,,8,37,18,7,102,52,,8,23,59,,27,,,,,,,,0,341,20,361,707,ACTA DE CASILLA,,
1284,29013,29013,HUAMANTLA,2021,20210606,78,BARRIO DE SAN LUCAS,188,C,,24,45,16,11,103,15,,8,27,72,,38,,,,,,,,1,360,12,372,724,ACTA DE CASILLA,,
1285,29013,29013,HUAMANTLA,2021,20210606,78,BARRIO DE SAN LUCAS,188,C,,26,65,7,15,105,8,,27,24,56,,41,,,,,,,,0,374,15,389,724,ACTA DE CASILLA,,
1286,29013,29013,HUAMANTLA,2021,20210606,78,BARRIO DE SAN LUCAS,188,C,,26,53,14,11,102,23,,13,30,53,,29,,,,,,,,0,354,13,367,724,ACTA DE CASILLA,,
1287,29013,29013,HUAMANTLA,2021,20210606,78,BARRIO DE SAN LUCAS,188,C,,36,37,7,13,93,12,,2,25,77,,37,,,,,,,,0,339,20,359,723,ACTA DE CASILLA,,
1288,29013,29013,HUAMANTLA,2021,20210606,78,BARRIO DE SAN LUCAS,188,C,,38,47,20,17,93,21,,9,29,71,,37,,,,,,,,1,383,17,400,723,ACTA DE CASILLA,,
1289,29013,29013,HUAMANTLA,2021,20210606,78,BARRIO DE SAN LUCAS,195,C,,11,45,17,15,133,46,,9,34,57,,19,,,,,,,,0,386,28,414,706,ACTA DE CASILLA,,
1290,29013,29013,HUAMANTLA,2021,20210606,78,BARRIO DE SAN LUCAS,195,C,,10,36,20,28,118,48,,9,22,55,,18,,,,,,,,3,367,21,388,706,ACTA DE CASILLA,,
1291,29013,29013,HUAMANTLA,2021,20210606,79,BARRIO DE LA PRECIOSA,190,B,,2,12,,7,3,,0,1,0,3,,0,,6,,,,,,0,34,2,36,58,ACTA DE CASILLA,,
1292,29013,29013,HUAMANTLA,2021,20210606,79,BARRIO DE LA PRECIOSA,191,B,,33,29,,11,24,,18,13,15,19,,22,,17,,,,,,13,214,7,221,346,ACTA DE CASILLA,,
1293,29013,29013,HUAMANTLA,2021,20210606,79,BARRIO DE LA PRECIOSA,194,B,,11,5,,9,1,,14,4,3,13,,6,,3,,,,,,0,69,4,73,121,ACTA DE CASILLA,,
1294,29013,29013,HUAMANTLA,2021,20210606,79,BARRIO DE LA PRECIOSA,190,C,,0,5,,9,3,,0,3,1,2,,2,,4,,,,,,0,29,0,29,53,ACTA DE CASILLA,,
1295,29013,29013,HUAMANTLA,2021,20210606,79,BARRIO DE LA PRECIOSA,191,C,,23,34,,8,15,,31,14,10,18,,53,,28,,,,,,9,243,12,255,396,ACTA DE CASILLA,,
1296,29013,29013,HUAMANTLA,2021,20210606,79,BARRIO DE LA PRECIOSA,194,C,,8,20,,8,11,,0,6,2,14,,15,,10,,,,,,0,94,5,99,154,ACTA DE CASILLA,,
1297,29013,29013,HUAMANTLA,2021,20210606,79,BARRIO DE LA PRECIOSA,194,C,,2,12,,5,4,,0,3,0,16,,20,,3,,,,,,1,66,6,72,114,ACTA DE CASILLA,,
1298,29013,29013,HUAMANTLA,2021,20210606,79,BARRIO DE LA PRECIOSA,194,C,,16,5,,5,7,,4,1,1,10,,21,,11,,,,,,0,81,0,81,130,ACTA DE CASILLA,,
1299,29013,29013,HUAMANTLA,2021,20210606,80,BARRIO DE SAN ANTONIO,192,B,,2,,6,1,5,,,1,0,4,,0,,,1,,,,,0,20,0,20,36,ACTA DE CASILLA,,
1300,29013,29013,HUAMANTLA,2021,20210606,80,BARRIO DE SAN ANTONIO,194,B,,15,,35,11,68,,,10,4,40,,4,,,29,,,,,0,216,12,228,371,ACTA DE CASILLA,,
1301,29013,29013,HUAMANTLA,2021,20210606,80,BARRIO DE SAN ANTONIO,192,C,,2,,6,1,5,,,1,0,4,,0,,,1,,,,,0,20,0,20,44,ACTA DE CASILLA,,
1302,29013,29013,HUAMANTLA,2021,20210606,80,BARRIO DE SAN ANTONIO,192,C,,0,,0,0,1,,,2,0,18,,0,,,2,,,,,0,23,2,25,40,ACTA DE CASILLA,,
1303,29013,29013,HUAMANTLA,2021,20210606,80,BARRIO DE SAN ANTONIO,194,C,,23,,19,17,79,,,8,2,40,,4,,,19,,,,,0,211,7,218,325,ACTA DE CASILLA,,
1304,29013,29013,HUAMANTLA,2021,20210606,80,BARRIO DE SAN ANTONIO,194,C,,34,,13,5,45,,,16,1,27,,0,,,9,,,,,0,150,6,156,308,ACTA DE CASILLA,,
1305,29013,29013,HUAMANTLA,2021,20210606,80,BARRIO DE SAN ANTONIO,194,C,,37,,20,21,69,,,12,9,43,,2,,,14,,,,,0,227,7,234,414,ACTA DE CASILLA,,
1306,29013,29013,HUAMANTLA,2021,20210606,81,BARRIO DE SAN JOSE,192,B,,24,64,,56,22,26,,23,18,65,,,,,24,,,,,2,324,18,342,584,ACTA DE CASILLA,,
1307,29013,29013,HUAMANTLA,2021,20210606,81,BARRIO DE SAN JOSE,192,C,,17,66,,46,25,22,,40,7,71,,,,,18,,,,,2,314,15,329,587,ACTA DE CASILLA,,
1308,29013,29013,HUAMANTLA,2021,20210606,81,BARRIO DE SAN JOSE,192,C,,12,41,,46,13,11,,18,24,87,,,,,17,,,,,3,272,12,284,586,ACTA DE CASILLA,,
1309,29013,29013,HUAMANTLA,2021,20210606,82,COLONIA MARIANO MATAMOROS,193,B,,41,67,50,21,23,,,12,12,18,,,,,,,,,,70,314,14,328,460,ACTA DE CASILLA,,
1310,29013,29013,HUAMANTLA,2021,20210606,82,COLONIA MARIANO MATAMOROS,219,B,,9,4,5,1,10,,,1,10,7,,,,,,,,,,6,53,5,58,65,ACTA DE CASILLA,,
1311,29013,29013,HUAMANTLA,2021,20210606,82,COLONIA MARIANO MATAMOROS,193,C,,53,33,78,4,34,,,22,13,18,,,,,,,,,,59,314,22,336,461,ACTA DE CASILLA,,
1312,29013,29013,HUAMANTLA,2021,20210606,82,COLONIA MARIANO MATAMOROS,219,C,,8,9,5,0,0,,,1,7,4,,,,,,,,,,11,45,3,48,33,ACTA DE CASILLA,,
1313,29013,29013,HUAMANTLA,2021,20210606,83,HERMENEGILDO GALEANA,196,B,,38,34,8,2,89,,,3,1,58,,35,,,106,,,,,0,374,26,400,572,ACTA DE CASILLA,,
1314,29013,29013,HUAMANTLA,2021,20210606,83,HERMENEGILDO GALEANA,196,C,,57,27,19,1,58,,,5,5,57,,13,,,126,,,,,0,368,26,394,572,ACTA DE CASILLA,,
1315,29013,29013,HUAMANTLA,2021,20210606,84,RANCHERIA DE TORRES,197,B,,,85,9,,86,,,,,9,,,,,,,,,,17,206,3,209,263,ACTA DE CASILLA,,
1316,29013,29013,HUAMANTLA,2021,20210606,85,FRANCISCO I MADERO LA MESA,198,B,,38,,,,,,,,0,69,,,,,,,,,,0,107,2,109,151,ACTA DE CASILLA,,
1317,29013,29013,HUAMANTLA,2021,20210606,86,COLONIA FRANCISCO VILLA TECOAC,199,B,,85,,90,52,114,,,,56,137,,54,,,,,,,,0,588,16,604,740,ACTA DE CASILLA,,
1318,29013,29013,HUAMANTLA,2021,20210606,87,EL CARMEN XALPATALAHUAYA,200,B,,154,177,,,24,,,,20,93,,,,,31,,,,,42,541,10,551,732,ACTA DE CASILLA,,
1319,29013,29013,HUAMANTLA,2021,20210606,87,EL CARMEN XALPATALAHUAYA,200,C,,103,145,,,48,,,,18,140,,,,,28,,,,,42,524,9,533,731,ACTA DE CASILLA,,
1320,29013,29013,HUAMANTLA,2021,20210606,88,BENITO JUAREZ,201,B,,47,,65,100,38,,,,35,160,,41,,,,,,,,0,486,22,508,736,ACTA DE CASILLA,,
1321,29013,29013,HUAMANTLA,2021,20210606,88,BENITO JUAREZ,201,C,,63,,78,109,27,,,,41,139,,37,,,,,,,,0,494,19,513,736,ACTA DE CASILLA,,
1322,29013,29013,HUAMANTLA,2021,20210606,88,BENITO JUAREZ,201,C,,49,,97,111,21,,,,38,136,,34,,,,,,,,0,486,19,505,736,ACTA DE CASILLA,,
1323,29013,29013,HUAMANTLA,2021,20210606,88,BENITO JUAREZ,201,C,,96,,83,73,16,,,,40,141,,50,,,,,,,,0,499,23,522,736,ACTA DE CASILLA,,
1324,29013,29013,HUAMANTLA,2021,20210606,88,BENITO JUAREZ,201,C,,64,,83,101,32,,,,34,122,,43,,,,,,,,0,479,16,495,735,ACTA DE CASILLA,,
1325,29013,29013,HUAMANTLA,2021,20210606,89,FRANCISCO I MADERO TECOPILCO EL VALLE,202,B,,,,,,,,,,,,,,,,,,,,,0,0,0,0,566,ACTA DENTRO DEL PAQUETE ELECTORAL,,
1326,29013,29013,HUAMANTLA,2021,20210606,90,SAN JOSE XICOHTENCATL,203,B,,65,68,8,33,10,,,,,67,,16,,,138,,,,,0,405,19,424,678,ACTA DE CASILLA,,
1327,29013,29013,HUAMANTLA,2021,20210606,90,SAN JOSE XICOHTENCATL,204,B,,76,65,20,36,5,,,,,61,,3,,,67,,,,,1,334,22,356,630,ACTA DE CASILLA,,
1328,29013,29013,HUAMANTLA,2021,20210606,90,SAN JOSE XICOHTENCATL,203,C,,83,106,7,54,9,,,,,46,,10,,,112,,,,,1,428,20,448,678,ACTA DE CASILLA,,
1329,29013,29013,HUAMANTLA,2021,20210606,90,SAN JOSE XICOHTENCATL,203,C,,46,85,17,19,15,,,,,75,,11,,,146,,,,,0,414,8,422,678,ACTA DE CASILLA,,
1330,29013,29013,HUAMANTLA,2021,20210606,90,SAN JOSE XICOHTENCATL,204,C,,64,74,8,41,6,,,,,46,,3,,,88,,,,,0,330,26,356,629,ACTA DE CASILLA,,
1331,29013,29013,HUAMANTLA,2021,20210606,90,SAN JOSE XICOHTENCATL,204,C,,50,55,15,32,19,,,,,71,,13,,,102,,,,,0,357,20,377,629,ACTA DE CASILLA,,
1332,29013,29013,HUAMANTLA,2021,20210606,90,SAN JOSE XICOHTENCATL,204,C,,54,76,24,39,3,,,,,46,,7,,,91,,,,,0,340,20,360,629,ACTA DE CASILLA,,
1333,29013,29013,HUAMANTLA,2021,20210606,91,COLONIA ACASILLADOS SAN MARTIN NOTARIO,205,B,,70,64,1,,77,,,,1,42,,,,,,,,,,0,255,1,256,295,ACTA DE CASILLA,,
1334,29013,29013,HUAMANTLA,2021,20210606,92,LAZARO CARDENAS,206,B,,111,91,25,0,124,,,,4,23,,,,,59,,,,,0,437,9,446,507,ACTA DE CASILLA,,
1335,29013,29013,HUAMANTLA,2021,20210606,92,LAZARO CARDENAS,206,C,,110,50,21,0,129,,,,3,31,,,,,35,,,,,0,379,10,389,460,ACTA DE CASILLA,,
1336,29013,29013,HUAMANTLA,2021,20210606,93,COLONIA CHAPULTEPEC,207,B,,19,105,,,59,,,40,22,42,,,,,,,,,,0,287,8,295,393,ACTA DE CASILLA,,
1337,29013,29013,HUAMANTLA,2021,20210606,93,COLONIA CHAPULTEPEC,207,C,,10,115,,,32,,,40,23,51,,,,,,,,,,0,271,6,277,393,ACTA DE CASILLA,,
1338,29013,29013,HUAMANTLA,2021,20210606,94,COLONIA SAN FRANCISCO TECOAC,208,B,,,62,34,,,,,,24,27,,,,,,,,,,0,147,5,152,104,ACTA DE CASILLA,,
1339,29013,29013,HUAMANTLA,2021,20210606,94,COLONIA SAN FRANCISCO TECOAC,208,C,,,42,0,,,,,,23,30,,,,,,,,,,0,95,0,95,107,ACTA DE CASILLA,,
1340,29013,29013,HUAMANTLA,2021,20210606,95,NUEVO BARRIO FRANCISCO VILLA,208,B,,79,62,,5,,,,,24,27,,,,,,,,,,0,197,5,202,322,ACTA DE CASILLA,,
1341,29013,29013,HUAMANTLA,2021,20210606,95,NUEVO BARRIO FRANCISCO VILLA,208,C,,128,24,,4,,,,,15,19,,,,,,,,,,0,190,10,200,318,ACTA DE CASILLA,,
1342,29013,29013,HUAMANTLA,2021,20210606,96,COLONIA CUAUHTEMOC,209,B,,33,,11,76,104,,,,,161,,3,,,,,,,,0,388,12,400,417,ACTA DE CASILLA,,
1343,29013,29013,HUAMANTLA,2021,20210606,96,COLONIA CUAUHTEMOC,209,C,,24,,18,66,78,,,,,83,,11,,,,,,,,0,280,6,286,416,ACTA DE CASILLA,,
1344,29013,29013,HUAMANTLA,2021,20210606,97,COLONIA JOSE MARIA MORELOS,211,B,,26,,30,0,110,,,94,40,32,,18,,,,,,,,0,350,20,370,503,ACTA DE CASILLA,,
1345,29013,29013,HUAMANTLA,2021,20210606,97,COLONIA JOSE MARIA MORELOS,211,C,,40,,38,12,109,,,82,19,18,,16,,,,,,,,0,334,21,355,503,ACTA DE CASILLA,,
1346,29013,29013,HUAMANTLA,2021,20210606,98,COLONIA JOSE MARIA MORELOS,212,B,,84,,85,7,114,,,41,27,,,,,,,,,,,0,358,17,375,559,ACTA DE CASILLA,,
1347,29013,29013,HUAMANTLA,2021,20210606,99,IGNACIO ZARAGOZA,213,B,,63,,24,26,40,,,32,31,128,,43,,,8,,,,,0,395,11,406,602,ACTA DE CASILLA,,
1348,29013,29013,HUAMANTLA,2021,20210606,99,IGNACIO ZARAGOZA,214,B,,86,,40,23,38,,,37,15,156,,63,,,17,,,,,0,475,25,500,747,ACTA DE CASILLA,,
1349,29013,29013,HUAMANTLA,2021,20210606,99,IGNACIO ZARAGOZA,213,C,,83,,19,23,37,,,43,11,1113,,36,,,15,,,,,0,1380,20,1400,602,ACTA DE CASILLA,,
1350,29013,29013,HUAMANTLA,2021,20210606,99,IGNACIO ZARAGOZA,213,C,,66,,16,28,31,,,38,12,118,,31,,,0,,,,,0,340,11,351,601,ACTA DE CASILLA,,
1351,29013,29013,HUAMANTLA,2021,20210606,99,IGNACIO ZARAGOZA,213,C,,66,,16,50,25,,,30,14,113,,26,,,10,,,,,0,350,21,371,601,ACTA DE CASILLA,,
1352,29013,29013,HUAMANTLA,2021,20210606,99,IGNACIO ZARAGOZA,213,C,,66,,12,64,19,,,50,11,118,,22,,,9,,,,,0,371,17,388,601,ACTA DE CASILLA,,
1353,29013,29013,HUAMANTLA,2021,20210606,99,IGNACIO ZARAGOZA,214,C,,64,,25,35,51,,,20,15,180,,60,,,18,,,,,0,468,37,505,747,ACTA DE CASILLA,,
1354,29013,29013,HUAMANTLA,2021,20210606,99,IGNACIO ZARAGOZA,214,C,,62,,34,26,47,,,40,20,134,,45,,,29,,,,,0,437,26,463,747,ACTA DE CASILLA,,
1355,29013,29013,HUAMANTLA,2021,20210606,100,RANCHERIA ALTAMIRA DE GUADALUPE,215,B,,76,,5,108,27,,,,40,,,,,,,,,,,0,256,6,262,321,ACTA DE CASILLA,,
1356,29013,29013,HUAMANTLA,2021,20210606,101,RANCHERIA LOS PILARES,216,B,,28,,63,,99,,,25,,96,,,,,,,,,,0,311,18,329,498,ACTA DE CASILLA,,
1357,29013,29013,HUAMANTLA,2021,20210606,101,RANCHERIA LOS PILARES,216,C,,37,,44,,90,,,22,,106,,,,,,,,,,0,299,20,319,497,ACTA DE CASILLA,,
1358,29013,29013,HUAMANTLA,2021,20210606,102,RANCHERIA DE JESUS,219,B,,24,13,,1,30,,,,44,20,,,,,,,,,,51,183,19,202,393,ACTA DE CASILLA,,
1359,29013,29013,HUAMANTLA,2021,20210606,102,RANCHERIA DE JESUS,219,C,,52,13,,8,40,,,,57,10,,,,,,,,,,47,227,10,237,424,ACTA DE CASILLA,,
1360,29014,29014,HUEYOTLIPAN,2021,20210606,103,IGNACIO ZARAGOZA,222,B,,,177,,,,55,,19,3,192,,,,3,,,,,,0,449,7,456,604,ACTA DE CASILLA,,
1361,29014,29014,HUEYOTLIPAN,2021,20210606,103,IGNACIO ZARAGOZA,222,C,,,156,,,,43,,36,2,181,,,,10,,,,,,0,428,10,438,603,ACTA DE CASILLA,,
1362,29014,29014,HUEYOTLIPAN,2021,20210606,104,ADOLFO LOPEZ MATEOS,224,B,,32,64,,7,,28,,3,,0,,,,157,,,,,,0,291,7,298,378,ACTA DE CASILLA,,
1363,29014,29014,HUEYOTLIPAN,2021,20210606,104,ADOLFO LOPEZ MATEOS,224,C,,35,75,,19,,38,,3,,0,,,,129,,,,,,0,299,4,303,378,ACTA DE CASILLA,,
1364,29014,29014,HUEYOTLIPAN,2021,20210606,105,SAN LORENZO TECHALOTE,225,B,,18,45,0,44,,0,,4,,43,,,3,83,,,,,,0,240,4,244,301,ACTA DE CASILLA,,
1365,29014,29014,HUEYOTLIPAN,2021,20210606,106,SANTIAGO TLALPAN,227,B,,,90,,,,,,137,,36,,,24,197,,,,,,0,484,11,495,643,ACTA DE CASILLA,,
1366,29014,29014,HUEYOTLIPAN,2021,20210606,107,SAN SIMEON XIPETZINGO,228,B,,58,95,,,,43,,30,3,27,,,,124,,,,,,0,380,19,399,617,ACTA DE CASILLA,,
1367,29014,29014,HUEYOTLIPAN,2021,20210606,107,SAN SIMEON XIPETZINGO,228,C,,81,61,,,,42,,38,4,13,,,,146,,,,,,0,385,15,400,616,ACTA DE CASILLA,,
1368,29014,29014,HUEYOTLIPAN,2021,20210606,107,SAN SIMEON XIPETZINGO,228,C,,67,75,,,,54,,33,3,13,,,,139,,,,,,0,384,16,400,616,ACTA DE CASILLA,,
1369,29014,29014,HUEYOTLIPAN,2021,20210606,107,SAN SIMEON XIPETZINGO,228,C,,53,97,,,,60,,39,8,21,,,,119,,,,,,0,397,16,413,616,ACTA DE CASILLA,,
1370,29014,29014,HUEYOTLIPAN,2021,20210606,108,SAN MANUEL TLALPAN,229,B,,31,24,,,,2,,3,37,0,,,,54,,,,,,0,151,4,155,173,ACTA DE CASILLA,,
1371,29014,29014,HUEYOTLIPAN,2021,20210606,109,SANTA MARIA IXCOTLA,230,B,,149,143,,,,2,,,,33,,,,97,,,,,,0,424,14,438,556,ACTA DE CASILLA,,
1372,29015,29015,IXTACUIXTLA DE MARIANO MATAMOROS,2021,20210606,110,SAN FELIPE IXTACUIXTLA,232,B,,12,56,93,50,16,,,11,9,94,7,86,4,10,9,,,,,0,457,7,464,747,ACTA DE CASILLA,,
1373,29015,29015,IXTACUIXTLA DE MARIANO MATAMOROS,2021,20210606,110,SAN FELIPE IXTACUIXTLA,233,B,,11,61,34,34,12,,,10,13,101,13,48,15,29,4,,,,,0,385,8,393,627,ACTA DE CASILLA,,
1374,29015,29015,IXTACUIXTLA DE MARIANO MATAMOROS,2021,20210606,110,SAN FELIPE IXTACUIXTLA,234,B,,18,74,46,48,23,,,15,15,80,8,62,4,43,6,,,,,0,442,17,459,678,ACTA DE CASILLA,,
1375,29015,29015,IXTACUIXTLA DE MARIANO MATAMOROS,2021,20210606,110,SAN FELIPE IXTACUIXTLA,232,C,,6,81,75,48,27,,,3,12,99,5,82,5,14,8,,,,,0,465,9,474,747,ACTA DE CASILLA,,
1376,29015,29015,IXTACUIXTLA DE MARIANO MATAMOROS,2021,20210606,110,SAN FELIPE IXTACUIXTLA,232,C,,11,59,16,20,15,,,26,0,226,14,3,10,63,23,,,,,0,486,19,505,747,ACTA DE CASILLA,,
1377,29015,29015,IXTACUIXTLA DE MARIANO MATAMOROS,2021,20210606,110,SAN FELIPE IXTACUIXTLA,233,C,,11,60,44,34,15,,,6,12,120,6,38,10,31,9,,,,,0,396,7,403,627,ACTA DE CASILLA,,
1378,29015,29015,IXTACUIXTLA DE MARIANO MATAMOROS,2021,20210606,110,SAN FELIPE IXTACUIXTLA,233,C,,16,41,23,11,19,,,27,1,183,14,3,14,59,9,,,,,0,420,6,426,626,ACTA DE CASILLA,,
1379,29015,29015,IXTACUIXTLA DE MARIANO MATAMOROS,2021,20210606,110,SAN FELIPE IXTACUIXTLA,234,C,,17,93,48,50,21,,,6,16,99,11,62,5,32,6,,,,,0,466,12,478,677,ACTA DE CASILLA,,
1380,29015,29015,IXTACUIXTLA DE MARIANO MATAMOROS,2021,20210606,111,RANCHERIA LA SOLEDAD,235,B,,0,55,,,1,,,4,,33,,,45,6,5,,,,,0,149,6,155,211,ACTA DE CASILLA,,
1381,29015,29015,IXTACUIXTLA DE MARIANO MATAMOROS,2021,20210606,112,SAN ANTONIO ATOTONILCO,241,B,,63,,17,9,13,,,16,48,73,,12,23,32,14,,,,,0,320,16,336,615,ACTA DE CASILLA,,
1382,29015,29015,IXTACUIXTLA DE MARIANO MATAMOROS,2021,20210606,112,SAN ANTONIO ATOTONILCO,242,B,,27,,16,11,5,,,12,80,113,,11,34,35,36,,,,,0,380,16,396,745,ACTA DE CASILLA,,
1383,29015,29015,IXTACUIXTLA DE MARIANO MATAMOROS,2021,20210606,112,SAN ANTONIO ATOTONILCO,241,C,,34,,24,7,5,,,16,80,60,,6,11,42,16,,,,,0,301,19,320,615,ACTA DE CASILLA,,
1384,29015,29015,IXTACUIXTLA DE MARIANO MATAMOROS,2021,20210606,112,SAN ANTONIO ATOTONILCO,241,C,,49,,11,6,8,,,16,48,69,,11,21,28,23,,,,,0,290,16,306,615,ACTA DE CASILLA,,
1385,29015,29015,IXTACUIXTLA DE MARIANO MATAMOROS,2021,20210606,112,SAN ANTONIO ATOTONILCO,242,C,,29,,32,9,8,,,14,75,95,,9,25,23,38,,,,,0,357,21,378,744,ACTA DE CASILLA,,
1386,29015,29015,IXTACUIXTLA DE MARIANO MATAMOROS,2021,20210606,113,SAN MIGUEL LA PRESA,243,B,,,,78,,4,,,1,,134,,,91,,,,,,,0,308,3,311,362,ACTA DE CASILLA,,
1387,29015,29015,IXTACUIXTLA DE MARIANO MATAMOROS,2021,20210606,114,LA TRINIDAD TENEXYECAC,245,B,,27,69,64,3,16,,,83,18,64,,,21,17,13,,,,,0,395,13,408,601,ACTA DE CASILLA,,
1388,29015,29015,IXTACUIXTLA DE MARIANO MATAMOROS,2021,20210606,114,LA TRINIDAD TENEXYECAC,245,C,,27,42,100,4,20,,,97,23,89,,,19,8,6,,,,,1,436,13,449,601,ACTA DE CASILLA,,
1389,29015,29015,IXTACUIXTLA DE MARIANO MATAMOROS,2021,20210606,114,LA TRINIDAD TENEXYECAC,245,C,,36,31,95,1,12,,,52,44,127,,,13,11,3,,,,,1,426,14,440,601,ACTA DE CASILLA,,
1390,29015,29015,IXTACUIXTLA DE MARIANO MATAMOROS,2021,20210606,114,LA TRINIDAD TENEXYECAC,245,C,,28,57,98,1,24,,,76,24,68,,,12,4,8,,,,,1,401,16,417,601,ACTA DE CASILLA,,
1391,29015,29015,IXTACUIXTLA DE MARIANO MATAMOROS,2021,20210606,115,SAN ANTONIO TECOAC,246,B,,39,35,,,24,,,2,9,41,57,3,,,,,,,,74,284,4,288,387,ACTA DE CASILLA,,
1392,29015,29015,IXTACUIXTLA DE MARIANO MATAMOROS,2021,20210606,115,SAN ANTONIO TECOAC,246,C,,28,49,,,20,,,3,20,35,66,3,,,,,,,,79,303,11,314,386,ACTA DE CASILLA,,
1393,29015,29015,IXTACUIXTLA DE MARIANO MATAMOROS,2021,20210606,116,SAN ANTONIO TIZOSTOC,247,B,,10,,10,,48,,,72,83,41,93,6,3,,23,,,,,0,389,22,411,550,ACTA DE CASILLA,,
1394,29015,29015,IXTACUIXTLA DE MARIANO MATAMOROS,2021,20210606,116,SAN ANTONIO TIZOSTOC,247,C,,5,,20,,29,,,45,72,46,117,4,10,,18,,,,,0,366,27,393,550,ACTA DE CASILLA,,
1395,29015,29015,IXTACUIXTLA DE MARIANO MATAMOROS,2021,20210606,116,SAN ANTONIO TIZOSTOC,247,C,,9,,9,,20,,,82,72,48,103,5,6,,26,,,,,0,380,13,393,549,ACTA DE CASILLA,,
1396,29015,29015,IXTACUIXTLA DE MARIANO MATAMOROS,2021,20210606,117,SANTA CRUZ EL PORVENIR,248,B,,65,19,1,,37,,157,8,5,26,115,,1,45,,,,,,0,479,2,481,605,ACTA DE CASILLA,,
1397,29015,29015,IXTACUIXTLA DE MARIANO MATAMOROS,2021,20210606,117,SANTA CRUZ EL PORVENIR,248,C,,82,21,12,,15,,133,20,0,12,121,,0,41,,,,,,0,457,8,465,587,ACTA DE CASILLA,,
1398,29015,29015,IXTACUIXTLA DE MARIANO MATAMOROS,2021,20210606,118,ESPIRITU SANTO,249,B,,45,48,,60,,,,34,,123,,,6,,117,,,,,0,433,13,446,597,ACTA DE CASILLA,,
1399,29015,29015,IXTACUIXTLA DE MARIANO MATAMOROS,2021,20210606,119,SAN GABRIEL POPOCATLA,250,B,,71,67,,10,,,1,77,6,80,1,,23,,67,,,,,0,403,11,414,564,ACTA DE CASILLA,,
1400,29015,29015,IXTACUIXTLA DE MARIANO MATAMOROS,2021,20210606,119,SAN GABRIEL POPOCATLA,250,C,,49,45,,3,,,3,98,3,107,0,,30,,61,,,,,1,400,8,408,564,ACTA DE CASILLA,,
1401,29015,29015,IXTACUIXTLA DE MARIANO MATAMOROS,2021,20210606,120,SAN DIEGO XOCOYUCAN,251,B,,,85,17,82,19,,,21,69,69,,,6,32,,,,,,0,400,8,408,628,ACTA DE CASILLA,,
1402,29015,29015,IXTACUIXTLA DE MARIANO MATAMOROS,2021,20210606,120,SAN DIEGO XOCOYUCAN,251,C,,,102,8,119,28,,,30,33,63,,,0,79,,,,,,0,462,8,470,628,ACTA DE CASILLA,,
1403,29015,29015,IXTACUIXTLA DE MARIANO MATAMOROS,2021,20210606,120,SAN DIEGO XOCOYUCAN,251,C,,,61,17,96,11,,,29,27,87,,,7,62,,,,,,0,397,10,407,628,ACTA DE CASILLA,,
1404,29015,29015,IXTACUIXTLA DE MARIANO MATAMOROS,2021,20210606,120,SAN DIEGO XOCOYUCAN,251,C,,5,71,6,17,8,3,31,43,12,160,6,11,14,19,25,,,,,0,431,13,444,627,MODIFICADA,,TET-JE-150/2021
1405,29015,29015,IXTACUIXTLA DE MARIANO MATAMOROS,2021,20210606,120,SAN DIEGO XOCOYUCAN,251,C,,,82,24,63,22,,,43,30,68,,,11,45,,,,,,0,388,7,395,627,ACTA DE CASILLA,,
1406,29015,29015,IXTACUIXTLA DE MARIANO MATAMOROS,2021,20210606,121,SANTA INES TECUEXCOMAC,256,B,,5,71,1,3,123,,32,9,,85,3,75,49,,,,,,,0,456,23,479,719,ACTA DE CASILLA,,
1407,29015,29015,IXTACUIXTLA DE MARIANO MATAMOROS,2021,20210606,121,SANTA INES TECUEXCOMAC,257,B,,3,46,1,4,86,,30,2,,45,0,31,46,,,,,,,0,294,8,302,493,ACTA DE CASILLA,,
1408,29015,29015,IXTACUIXTLA DE MARIANO MATAMOROS,2021,20210606,121,SANTA INES TECUEXCOMAC,256,C,,4,80,2,4,110,,47,3,,88,0,66,40,,,,,,,0,444,16,460,719,ACTA DE CASILLA,,
1409,29015,29015,IXTACUIXTLA DE MARIANO MATAMOROS,2021,20210606,121,SANTA INES TECUEXCOMAC,257,C,,7,36,5,6,61,,26,4,,55,1,24,75,,,,,,,0,300,7,307,493,ACTA DE CASILLA,,
1410,29017,29017,MAZATECOCHCO DE JOSE MARIA MORELOS,2021,20210606,122,CUARTA SECCION,263,B,,44,73,56,,60,18,1,,,32,,97,,,,132,indep,,,0,513,15,528,720,ACTA DE CASILLA,,
1411,29017,29017,MAZATECOCHCO DE JOSE MARIA MORELOS,2021,20210606,122,CUARTA SECCION,263,C,,37,78,36,,61,31,4,,,28,,116,,,,143,indep,,,0,534,17,551,719,ACTA DE CASILLA,,
1412,29017,29017,MAZATECOCHCO DE JOSE MARIA MORELOS,2021,20210606,122,CUARTA SECCION,263,C,,46,76,32,,68,11,0,,,19,,125,,,,125,indep,,,0,502,18,520,719,ACTA DE CASILLA,,
1413,29017,29017,MAZATECOCHCO DE JOSE MARIA MORELOS,2021,20210606,123,TERCERA SECCION,264,B,,32,105,111,3,22,72,5,,,65,,16,,,,76,indep,,,0,507,13,520,709,ACTA DE CASILLA,,
1414,29017,29017,MAZATECOCHCO DE JOSE MARIA MORELOS,2021,20210606,123,TERCERA SECCION,264,C,,36,131,114,2,20,79,2,,,77,,9,,,,53,indep,,,0,523,13,536,709,ACTA DE CASILLA,,
1415,29017,29017,MAZATECOCHCO DE JOSE MARIA MORELOS,2021,20210606,123,TERCERA SECCION,264,C,,40,131,85,1,30,70,2,,,63,,17,,,,82,indep,,,0,521,11,532,709,ACTA DE CASILLA,,
1416,29017,29017,MAZATECOCHCO DE JOSE MARIA MORELOS,2021,20210606,124,SEGUNDA SECCION,265,B,,117,39,56,,31,60,2,,,44,,17,,,,107,indep,,,0,473,13,486,692,ACTA DE CASILLA,,
1417,29017,29017,MAZATECOCHCO DE JOSE MARIA MORELOS,2021,20210606,124,SEGUNDA SECCION,265,C,,109,57,88,,37,69,2,,,32,,19,,,,92,indep,,,0,505,9,514,692,ACTA DE CASILLA,,
1418,29017,29017,MAZATECOCHCO DE JOSE MARIA MORELOS,2021,20210606,124,SEGUNDA SECCION,265,C,,86,65,93,,58,43,2,,,46,,12,,,,109,indep,,,0,514,10,524,692,ACTA DE CASILLA,,
1419,29017,29017,MAZATECOCHCO DE JOSE MARIA MORELOS,2021,20210606,125,PRIMERA SECCION,266,B,,36,92,36,,16,6,,,,48,,85,,,,61,indep,,,0,380,9,389,536,ACTA DE CASILLA,,
1420,29017,29017,MAZATECOCHCO DE JOSE MARIA MORELOS,2021,20210606,125,PRIMERA SECCION,266,C,,34,109,37,,16,12,,,,46,,76,,,,50,indep,,,0,380,9,389,536,ACTA DE CASILLA,,
1421,29017,29017,MAZATECOCHCO DE JOSE MARIA MORELOS,2021,20210606,125,PRIMERA SECCION,266,C,,46,112,30,,21,8,,,,56,,57,,,,73,indep,,,1,404,10,414,535,ACTA DE CASILLA,,
1422,29018,29018,CONTLA DE JUAN CUAMATZI,2021,20210606,126,SECCION 1A SAN BERNARDINO,267,B,,41,21,44,32,,26,60,9,,101,,17,103,7,4,,,,,1,466,12,478,646,ACTA DE CASILLA,,
1423,29018,29018,CONTLA DE JUAN CUAMATZI,2021,20210606,126,SECCION 1A SAN BERNARDINO,273,B,,36,23,48,43,,63,59,4,,136,,16,70,15,8,,,,,0,521,11,532,714,ACTA DE CASILLA,,
1424,29018,29018,CONTLA DE JUAN CUAMATZI,2021,20210606,126,SECCION 1A SAN BERNARDINO,267,C,,25,16,23,31,,30,70,9,,136,,28,64,6,3,,,,,0,441,10,451,646,ACTA DE CASILLA,,
1425,29018,29018,CONTLA DE JUAN CUAMATZI,2021,20210606,126,SECCION 1A SAN BERNARDINO,267,C,,14,27,25,38,,30,46,14,,97,,9,91,15,2,,,,,1,409,16,425,645,ACTA DE CASILLA,,
1426,29018,29018,CONTLA DE JUAN CUAMATZI,2021,20210606,126,SECCION 1A SAN BERNARDINO,273,C,,37,22,43,55,,53,49,10,,112,,23,47,13,5,,,,,0,469,11,480,713,ACTA DE CASILLA,,
1427,29018,29018,CONTLA DE JUAN CUAMATZI,2021,20210606,126,SECCION 1A SAN BERNARDINO,273,C,,37,21,58,39,,57,58,6,,103,,26,39,10,6,,,,,0,460,10,470,713,ACTA DE CASILLA,,
1428,29018,29018,CONTLA DE JUAN CUAMATZI,2021,20210606,127,SECCION 6A TLACATECPA,268,B,,42,87,12,17,35,,45,34,24,119,,2,9,27,,,,,,0,453,14,467,660,ACTA DE CASILLA,,
1429,29018,29018,CONTLA DE JUAN CUAMATZI,2021,20210606,127,SECCION 6A TLACATECPA,269,B,,23,24,5,40,53,,12,69,10,124,,1,13,40,,,,,,0,414,10,424,593,ACTA DE CASILLA,,
1430,29018,29018,CONTLA DE JUAN CUAMATZI,2021,20210606,127,SECCION 6A TLACATECPA,268,C,,43,61,12,22,19,,37,33,22,115,,12,11,37,,,,,,0,424,11,435,660,ACTA DE CASILLA,,
1431,29018,29018,CONTLA DE JUAN CUAMATZI,2021,20210606,127,SECCION 6A TLACATECPA,268,C,,43,69,12,16,38,,41,29,15,109,,7,13,40,,,,,,0,432,8,440,659,ACTA DE CASILLA,,
1432,29018,29018,CONTLA DE JUAN CUAMATZI,2021,20210606,127,SECCION 6A TLACATECPA,268,C,,40,94,19,13,25,,66,13,24,113,,3,6,29,,,,,,1,446,15,461,659,ACTA DE CASILLA,,
1433,29018,29018,CONTLA DE JUAN CUAMATZI,2021,20210606,127,SECCION 6A TLACATECPA,269,C,,19,28,2,22,57,,19,43,10,125,,0,12,49,,,,,,1,387,8,395,593,ACTA DE CASILLA,,
1434,29018,29018,CONTLA DE JUAN CUAMATZI,2021,20210606,127,SECCION 6A TLACATECPA,269,C,,32,35,7,18,60,,17,25,10,104,,0,12,46,,,,,,0,366,14,380,592,ACTA DE CASILLA,,
1435,29018,29018,CONTLA DE JUAN CUAMATZI,2021,20210606,128,SECCION SEPTIMA,270,B,,19,42,17,20,,9,20,45,8,81,17,9,10,11,19,,,,,0,327,15,342,505,ACTA DE CASILLA,,
1436,29018,29018,CONTLA DE JUAN CUAMATZI,2021,20210606,128,SECCION SEPTIMA,271,B,,50,51,31,41,,20,13,34,12,93,8,9,10,13,20,,,,,0,405,12,417,619,ACTA DE CASILLA,,
1437,29018,29018,CONTLA DE JUAN CUAMATZI,2021,20210606,128,SECCION SEPTIMA,283,B,,62,63,18,20,,13,10,11,5,113,19,11,8,3,3,,,,,0,359,8,367,527,ACTA DE CASILLA,,
1438,29018,29018,CONTLA DE JUAN CUAMATZI,2021,20210606,128,SECCION SEPTIMA,270,C,,42,35,14,29,,10,19,48,12,70,8,11,9,12,16,,,,,1,336,12,348,505,ACTA DE CASILLA,,
1439,29018,29018,CONTLA DE JUAN CUAMATZI,2021,20210606,128,SECCION SEPTIMA,270,C,,29,53,24,34,,7,32,37,4,57,5,3,16,9,13,,,,,3,326,8,334,505,ACTA DE CASILLA,,
1440,29018,29018,CONTLA DE JUAN CUAMATZI,2021,20210606,128,SECCION SEPTIMA,271,C,,47,68,22,31,,8,8,41,24,95,15,10,8,4,21,,,,,1,403,8,411,619,ACTA DE CASILLA,,
1441,29018,29018,CONTLA DE JUAN CUAMATZI,2021,20210606,128,SECCION SEPTIMA,271,C,,46,80,14,43,,13,11,41,17,96,7,10,10,13,20,,,,,0,421,11,432,618,ACTA DE CASILLA,,
1442,29018,29018,CONTLA DE JUAN CUAMATZI,2021,20210606,128,SECCION SEPTIMA,283,C,,51,34,12,23,,4,10,23,8,105,15,13,14,7,12,,,,,0,331,12,343,527,ACTA DE CASILLA,,
1443,29018,29018,CONTLA DE JUAN CUAMATZI,2021,20210606,128,SECCION SEPTIMA,283,C,,57,54,15,26,,10,7,16,18,108,9,16,8,3,6,,,,,0,353,8,361,527,ACTA DE CASILLA,,
1444,29018,29018,CONTLA DE JUAN CUAMATZI,2021,20210606,129,SECCION SEGUNDA,272,B,,11,58,,142,,,,52,18,86,,,3,14,27,,,,,14,425,20,445,661,ACTA DE CASILLA,,
1445,29018,29018,CONTLA DE JUAN CUAMATZI,2021,20210606,129,SECCION SEGUNDA,272,C,,18,76,,102,,,,90,14,95,,,4,8,22,,,,,16,445,14,459,661,ACTA DE CASILLA,,
1446,29018,29018,CONTLA DE JUAN CUAMATZI,2021,20210606,129,SECCION SEGUNDA,272,C,,24,45,,136,,,,76,10,86,,,4,17,22,,,,,5,425,9,434,660,ACTA DE CASILLA,,
1447,29018,29018,CONTLA DE JUAN CUAMATZI,2021,20210606,129,SECCION SEGUNDA,272,C,,15,51,,116,,,,77,22,98,,,0,27,26,,,,,17,449,9,458,660,ACTA DE CASILLA,,
1448,29018,29018,CONTLA DE JUAN CUAMATZI,2021,20210606,129,SECCION SEGUNDA,272,C,,24,52,,136,,,,67,14,87,,,3,14,37,,,,,11,445,11,456,660,ACTA DE CASILLA,,
1449,29018,29018,CONTLA DE JUAN CUAMATZI,2021,20210606,130,SECCION 9A COLHUACA,274,B,,55,29,75,20,,20,,79,13,29,1,67,4,103,,,,,,0,495,5,500,652,ACTA DE CASILLA,,
1450,29018,29018,CONTLA DE JUAN CUAMATZI,2021,20210606,130,SECCION 9A COLHUACA,274,C,,49,25,94,16,,23,,123,14,24,5,48,2,39,,,,,,0,462,10,472,652,ACTA DE CASILLA,,
1451,29018,29018,CONTLA DE JUAN CUAMATZI,2021,20210606,131,SECCION 3A SAN MIGUEL XALTIPAN,275,B,,75,5,1,29,,,107,21,,53,,6,33,44,27,,,,,0,401,16,417,613,ACTA DE CASILLA,,
1452,29018,29018,CONTLA DE JUAN CUAMATZI,2021,20210606,131,SECCION 3A SAN MIGUEL XALTIPAN,276,B,,61,5,12,27,,,91,16,,78,,2,37,86,25,,,,,0,440,16,456,673,ACTA DE CASILLA,,
1453,29018,29018,CONTLA DE JUAN CUAMATZI,2021,20210606,131,SECCION 3A SAN MIGUEL XALTIPAN,275,C,,74,10,3,19,,,123,21,,63,,0,24,52,14,,,,,6,409,17,426,613,ACTA DE CASILLA,,
1454,29018,29018,CONTLA DE JUAN CUAMATZI,2021,20210606,131,SECCION 3A SAN MIGUEL XALTIPAN,275,C,,93,5,3,23,,,72,24,,75,,1,26,55,34,,,,,0,411,11,422,612,ACTA DE CASILLA,,
1455,29018,29018,CONTLA DE JUAN CUAMATZI,2021,20210606,131,SECCION 3A SAN MIGUEL XALTIPAN,276,C,,62,9,11,25,,,115,14,,81,,1,25,80,32,,,,,2,457,13,470,673,ACTA DE CASILLA,,
1456,29018,29018,CONTLA DE JUAN CUAMATZI,2021,20210606,131,SECCION 3A SAN MIGUEL XALTIPAN,276,C,,95,13,9,38,,,91,21,,93,,5,29,56,43,,,,,1,494,9,503,672,ACTA DE CASILLA,,
1457,29018,29018,CONTLA DE JUAN CUAMATZI,2021,20210606,132,SECCION 8A STA MARIA AQUIAHUAC,277,B,,11,47,103,0,56,16,,2,85,28,,34,,5,,,,,,1,388,16,404,516,ACTA DE CASILLA,,
1458,29019,29019,TEPETITLA DE LARDIZABAL,2021,20210606,133,VILLALTA,288,B,,,15,2,64,34,,12,80,40,81,,13,,,20,,,,,0,361,11,372,641,ACTA DE CASILLA,,
1459,29019,29019,TEPETITLA DE LARDIZABAL,2021,20210606,133,VILLALTA,289,B,,,18,0,49,31,,2,124,46,45,,21,,,30,,,,,0,366,13,379,556,ACTA DE CASILLA,,
1460,29019,29019,TEPETITLA DE LARDIZABAL,2021,20210606,133,VILLALTA,288,C,,,26,5,66,58,,11,70,46,73,,24,,,35,,,,,0,414,8,422,641,ACTA DE CASILLA,,
1461,29019,29019,TEPETITLA DE LARDIZABAL,2021,20210606,133,VILLALTA,288,C,,,28,2,69,37,,12,65,37,28,,18,,,0,,,,,0,296,12,308,641,ACTA DE CASILLA,,
1462,29019,29019,TEPETITLA DE LARDIZABAL,2021,20210606,133,VILLALTA,288,C,,,32,3,51,45,,11,74,47,74,,19,,,31,,,,,0,387,18,405,641,ACTA DE CASILLA,,
1463,29019,29019,TEPETITLA DE LARDIZABAL,2021,20210606,133,VILLALTA,288,C,,,26,6,69,46,,9,89,37,63,,22,,,17,,,,,0,384,15,399,641,ACTA DE CASILLA,,
1464,29019,29019,TEPETITLA DE LARDIZABAL,2021,20210606,133,VILLALTA,289,C,,,30,0,66,37,,7,107,46,51,,10,,,18,,,,,0,372,14,386,555,ACTA DE CASILLA,,
1465,29019,29019,TEPETITLA DE LARDIZABAL,2021,20210606,133,VILLALTA,289,C,,,29,1,60,26,,4,116,65,52,,19,,,13,,,,,0,385,10,395,555,ACTA DE CASILLA,,
1466,29019,29019,TEPETITLA DE LARDIZABAL,2021,20210606,134,SAN MATEO AYECAC,290,B,,112,,2,109,,7,90,9,33,112,,16,,,7,,,,,0,497,18,515,706,ACTA DE CASILLA,,
1467,29019,29019,TEPETITLA DE LARDIZABAL,2021,20210606,134,SAN MATEO AYECAC,291,B,,,,,,,,,,,,,,,,,,,,,0,0,0,0,68,ACTA DENTRO DEL PAQUETE ELECTORAL,,
1468,29019,29019,TEPETITLA DE LARDIZABAL,2021,20210606,134,SAN MATEO AYECAC,290,C,,99,,1,120,,8,124,15,21,76,,18,,,6,,,,,0,488,11,499,705,ACTA DE CASILLA,,
1469,29019,29019,TEPETITLA DE LARDIZABAL,2021,20210606,134,SAN MATEO AYECAC,290,C,,120,,2,115,,3,121,5,40,91,,22,,,12,,,,,0,531,18,549,705,ACTA DE CASILLA,,
1470,29019,29019,TEPETITLA DE LARDIZABAL,2021,20210606,134,SAN MATEO AYECAC,290,C,,96,,2,152,,11,107,6,28,90,,26,,,9,,,,,0,527,13,540,705,ACTA DE CASILLA,,
1471,29019,29019,TEPETITLA DE LARDIZABAL,2021,20211128,135,GUADALUPE VICTORIA,291,B,extra,29,,1,26,,40,,5,,88,,,,,,,,,,0,189,0,189,288,ACTA DE CASILLA,,EXTRAORDINARIA 2021
1472,29020,29020,SANCTORUM DE LAZARO CARDENAS,2021,20210606,136,LA PROVIDENCIA,293,B,,,66,,1,,,,,,57,,0,,1,,,,,,0,125,2,127,151,ACTA DE CASILLA,,
1473,29020,29020,SANCTORUM DE LAZARO CARDENAS,2021,20210606,137,FRANCISCO VILLA,297,B,,,99,58,66,,,,,57,141,,20,,29,,,,,,0,470,14,484,744,ACTA DE CASILLA,,
1474,29020,29020,SANCTORUM DE LAZARO CARDENAS,2021,20210606,137,FRANCISCO VILLA,298,B,,,62,45,23,,,,,54,99,,36,,23,,,,,,0,342,4,346,483,ACTA DE CASILLA,,
1475,29020,29020,SANCTORUM DE LAZARO CARDENAS,2021,20210606,137,FRANCISCO VILLA,297,C,,,127,74,44,,,,,80,165,,8,,38,,,,,,0,536,12,548,743,ACTA DE CASILLA,,
1476,29020,29020,SANCTORUM DE LAZARO CARDENAS,2021,20210606,137,FRANCISCO VILLA,298,C,,,40,44,9,,,,,39,125,,51,,14,,,,,,0,322,8,330,484,ACTA DE CASILLA,,
1477,29021,29021,NANACAMILPA DE MARIANO ARISTA,2021,20210606,138,FRANCISCO I MADERO,304,B,,,16,31,21,7,17,83,57,9,59,50,,,,,,,,,0,350,6,356,503,ACTA DE CASILLA,,
1478,29021,29021,NANACAMILPA DE MARIANO ARISTA,2021,20210606,138,FRANCISCO I MADERO,304,C,,,33,24,22,13,14,70,43,1,52,69,,,,,,,,,0,341,9,350,503,ACTA DE CASILLA,,
1479,29021,29021,NANACAMILPA DE MARIANO ARISTA,2021,20211128,139,TEPUENTE,306,B,extra,,47,3,,,39,,,,48,,,,,,,,,,0,137,1,138,173,ACTA DE CASILLA,,EXTRAORDINARIA 2021
1480,29021,29021,NANACAMILPA DE MARIANO ARISTA,2021,20210606,140,SAN FELIPE HIDALGO,308,B,,,36,212,115,8,13,,,4,99,,,,,,,,,,0,487,4,491,666,ACTA DE CASILLA,,
1481,29021,29021,NANACAMILPA DE MARIANO ARISTA,2021,20210606,140,SAN FELIPE HIDALGO,308,C,,,41,186,80,11,18,,,5,133,,,,,,,,,,0,474,14,488,666,ACTA DE CASILLA,,
1482,29022,29022,ACUAMANALA DE MIGUEL HIDALGO,2021,20210606,141,SECCION 1A ACUAMANALA,309,B,,,0,0,,,,0,,0,0,,,,0,,,,,,0,0,0,0,693,ACTA DENTRO DEL PAQUETE ELECTORAL,,
1483,29022,29022,ACUAMANALA DE MIGUEL HIDALGO,2021,20210606,141,SECCION 1A ACUAMANALA,309,C,,,58,59,,,,74,,290,65,,,,15,,,,,,0,561,7,568,693,ACTA DE CASILLA,,
1484,29022,29022,ACUAMANALA DE MIGUEL HIDALGO,2021,20210606,142,SECCION 3A CHIMALPA,310,B,,,53,3,,,16,65,,68,60,121,,,45,,,,,,0,431,12,443,505,ACTA DE CASILLA,,
1485,29022,29022,ACUAMANALA DE MIGUEL HIDALGO,2021,20210606,142,SECCION 3A CHIMALPA,310,C,,,58,9,,,8,63,,62,51,101,,,54,,,,,,0,406,11,417,504,ACTA DE CASILLA,,
1486,29022,29022,ACUAMANALA DE MIGUEL HIDALGO,2021,20210606,142,SECCION 3A CHIMALPA,310,C,,,0,0,,,0,0,,0,0,0,,,0,,,,,,0,0,0,0,504,ACTA DENTRO DEL PAQUETE ELECTORAL,,
1487,29022,29022,ACUAMANALA DE MIGUEL HIDALGO,2021,20210606,143,SECCION 2A GUADALUPE HIDALGO,311,B,,,,,,,,,,,,,,,,,,,,,0,0,0,0,621,ACTA DENTRO DEL PAQUETE ELECTORAL,,SOLO SE CUENTA CON RESULTADOS POR COMUNIDAD
1488,29022,29022,ACUAMANALA DE MIGUEL HIDALGO,2021,20210606,143,SECCION 2A GUADALUPE HIDALGO,311,C,,,63,87,,,,83,,103,62,,,,81,,,,,,0,479,10,489,621,ACTA DENTRO DEL PAQUETE ELECTORAL,,SOLO SE CUENTA CON RESULTADOS POR COMUNIDAD
1489,29022,29022,ACUAMANALA DE MIGUEL HIDALGO,2021,20210606,144,SECCION 4A OLEXTLA DE JUAREZ,312,B,,,0,0,,,0,0,,0,0,0,,,0,,,,,,0,0,0,0,730,ACTA DENTRO DEL PAQUETE ELECTORAL,,
1490,29023,29023,NATIVITAS,2021,20210606,145,SAN JOSE ATOYATENCO,325,B,,63,44,51,111,27,62,104,,7,9,,,,,,,,,,2,480,15,495,688,ACTA DE CASILLA,,
1491,29023,29023,NATIVITAS,2021,20210606,145,SAN JOSE ATOYATENCO,325,C,,52,56,53,101,20,62,110,,5,12,,,,,,,,,,0,471,0,471,687,ACTA DE CASILLA,,
1492,29023,29023,NATIVITAS,2021,20210606,146,SAN RAFAEL TENANYECAC,326,B,,2,48,37,39,15,0,10,57,18,89,,,60,,15,,,,,0,390,12,402,580,ACTA DE CASILLA,,
1493,29023,29023,NATIVITAS,2021,20210606,146,SAN RAFAEL TENANYECAC,326,C,,1,55,41,22,5,0,24,72,8,70,,,90,,30,,,,,0,418,6,424,580,ACTA DE CASILLA,,
1494,29023,29023,NATIVITAS,2021,20210606,146,SAN RAFAEL TENANYECAC,326,C,,4,52,32,35,6,3,36,58,6,67,,,88,,15,,,,,0,402,6,408,580,ACTA DE CASILLA,,
1495,29023,29023,NATIVITAS,2021,20210606,146,SAN RAFAEL TENANYECAC,326,C,,3,72,48,14,4,2,50,60,7,75,,,82,,17,,,,,0,434,7,441,579,ACTA DE CASILLA,,
1496,29023,29023,NATIVITAS,2021,20210606,147,SAN MIGUEL XOCHITECATITLA,327,B,,3,93,8,91,153,13,26,,11,8,,,,,,,,,,0,406,10,416,573,ACTA DE CASILLA,,
1497,29023,29023,NATIVITAS,2021,20210606,147,SAN MIGUEL XOCHITECATITLA,327,C,,1,91,18,85,136,17,16,,17,17,,,,,,,,,,0,398,11,409,572,ACTA DE CASILLA,,
1498,29023,29023,NATIVITAS,2021,20210606,147,SAN MIGUEL XOCHITECATITLA,327,C,,30,11,4,104,54,39,6,,42,49,,,,,,,,,,0,339,0,339,572,ACTA DE CASILLA,,
1499,29023,29023,NATIVITAS,2021,20210606,148,SANTIAGO MICHAC,329,B,,70,2,,99,27,53,22,71,15,36,,,,,,,,,,0,395,4,399,541,ACTA DE CASILLA,,
1500,29023,29023,NATIVITAS,2021,20210606,148,SANTIAGO MICHAC,330,B,,66,4,,114,8,74,63,90,10,16,,,,,,,,,,0,445,11,456,638,ACTA DE CASILLA,,
1501,29023,29023,NATIVITAS,2021,20210606,148,SANTIAGO MICHAC,329,C,,62,9,,83,18,56,34,61,7,29,,,,,,,,,,0,359,17,376,541,ACTA DE CASILLA,,
1502,29023,29023,NATIVITAS,2021,20210606,148,SANTIAGO MICHAC,329,C,,78,1,,114,0,35,43,50,18,29,,,,,,,,,,0,368,8,376,540,ACTA DE CASILLA,,
1503,29023,29023,NATIVITAS,2021,20210606,148,SANTIAGO MICHAC,330,C,,60,5,,116,14,64,61,85,9,19,,,,,,,,,,0,433,13,446,638,ACTA DE CASILLA,,
1504,29023,29023,NATIVITAS,2021,20210606,149,SAN MIGUEL ANALCO,331,B,,11,,27,58,8,106,1,47,,55,,,12,,75,,,,,0,400,24,424,676,ACTA DE CASILLA,,
1505,29023,29023,NATIVITAS,2021,20210606,149,SAN MIGUEL ANALCO,331,C,,10,,27,55,19,114,12,61,,49,,,9,,77,,,,,0,433,21,454,675,ACTA DE CASILLA,,
1506,29024,29024,PANOTLA,2021,20210606,150,COLONIA EMILIANO ZAPATA,335,B,,0,3,,1,,15,0,,2,6,0,1,12,11,14,,,,,0,65,1,66,86,ACTA DE CASILLA,,
1507,29024,29024,PANOTLA,2021,20210606,150,COLONIA EMILIANO ZAPATA,336,B,,2,14,,4,,50,4,,6,14,3,5,30,19,19,,,,,0,170,3,173,255,ACTA DE CASILLA,,
1508,29024,29024,PANOTLA,2021,20210606,150,COLONIA EMILIANO ZAPATA,336,C,,6,21,,14,,57,0,,7,38,7,6,30,26,32,,,,,0,244,0,244,373,ACTA DE CASILLA,,
1509,29024,29024,PANOTLA,2021,20210606,150,COLONIA EMILIANO ZAPATA,336,C,,4,29,,9,,64,6,,4,27,3,3,30,32,25,,,,,0,236,5,241,337,ACTA DE CASILLA,,
1510,29024,29024,PANOTLA,2021,20210606,150,COLONIA EMILIANO ZAPATA,336,C,,1,17,,3,,69,4,,17,27,3,3,27,35,25,,,,,1,232,3,235,354,ACTA DE CASILLA,,
1511,29024,29024,PANOTLA,2021,20210606,151,SAN TADEO HUILOAPAN,338,B,,11,42,,114,13,,58,10,5,67,5,37,,4,33,,,,,0,399,13,412,622,ACTA DE CASILLA,,
1512,29024,29024,PANOTLA,2021,20210606,151,SAN TADEO HUILOAPAN,338,C,,30,44,,96,13,,37,17,5,40,6,15,,3,44,,,,,1,351,23,374,622,ACTA DE CASILLA,,
1513,29024,29024,PANOTLA,2021,20210606,151,SAN TADEO HUILOAPAN,338,C,,21,44,,121,12,,43,5,8,53,6,10,,1,51,,,,,0,375,18,393,622,ACTA DE CASILLA,,
1514,29024,29024,PANOTLA,2021,20210606,151,SAN TADEO HUILOAPAN,338,C,,36,67,,85,18,,53,7,16,55,2,12,,4,26,,,,,2,383,19,402,622,ACTA DE CASILLA,,
1515,29024,29024,PANOTLA,2021,20210606,152,SANTA CATARINA APATLAHCO,341,B,,,6,,69,,,0,,0,5,56,1,0,,1,,,,,0,138,0,138,169,ACTA DE CASILLA,,
1516,29024,29024,PANOTLA,2021,20210606,153,SAN FRANCISCO TEMEZONTLA,342,B,,51,19,,14,,23,90,,3,51,88,4,2,28,71,,,,,0,444,18,462,625,ACTA DE CASILLA,,
1517,29024,29024,PANOTLA,2021,20210606,153,SAN FRANCISCO TEMEZONTLA,342,C,,20,12,,18,,41,97,,1,43,100,3,1,46,90,,,,,0,472,17,489,625,ACTA DE CASILLA,,
1518,29024,29024,PANOTLA,2021,20210606,153,SAN FRANCISCO TEMEZONTLA,342,C,,12,8,,10,,22,135,,0,40,86,3,2,47,63,,,,,0,428,13,441,625,ACTA DE CASILLA,,
1519,29024,29024,PANOTLA,2021,20210606,154,SAN AMBROSIO TEXANTLA,343,B,,,8,,,112,,1,3,141,127,8,35,87,,62,,,,,0,584,16,600,706,ACTA DE CASILLA,,
1520,29024,29024,PANOTLA,2021,20210606,155,JESUS ACATITLA,344,B,,,27,,,,11,21,,12,12,81,94,2,14,35,,,,,0,309,7,316,387,ACTA DE CASILLA,,
1521,29024,29024,PANOTLA,2021,20210606,155,JESUS ACATITLA,344,C,,,26,,,,7,37,,12,16,88,94,2,19,16,,,,,0,317,15,332,387,ACTA DE CASILLA,,
1522,29024,29024,PANOTLA,2021,20210606,156,SANTA CRUZ TECHACHALCO,345,B,,1,14,21,26,,40,,35,15,91,44,78,24,8,11,,,,,0,408,14,422,556,ACTA DE CASILLA,,
1523,29024,29024,PANOTLA,2021,20210606,156,SANTA CRUZ TECHACHALCO,345,C,,1,10,21,24,,25,,26,37,73,58,73,33,9,4,,,,,0,394,15,409,555,ACTA DE CASILLA,,
1524,29024,29024,PANOTLA,2021,20210606,156,SANTA CRUZ TECHACHALCO,345,C,,2,13,44,19,,51,,31,14,71,43,81,25,5,9,,,,,0,408,22,430,555,ACTA DE CASILLA,,
1525,29024,29024,PANOTLA,2021,20210606,157,SAN JORGE TEZOQUIPAN,346,B,,,38,,37,,,48,48,17,32,16,7,47,54,33,,,,,0,377,11,388,555,ACTA DE CASILLA,,
1526,29024,29024,PANOTLA,2021,20210606,157,SAN JORGE TEZOQUIPAN,347,B,,,11,,40,,,83,39,14,25,54,9,59,58,22,,,,,0,414,14,428,636,ACTA DE CASILLA,,
1527,29024,29024,PANOTLA,2021,20210606,157,SAN JORGE TEZOQUIPAN,346,C,,,20,,40,,,72,52,23,33,38,13,25,46,27,,,,,0,389,9,398,555,ACTA DE CASILLA,,
1528,29024,29024,PANOTLA,2021,20210606,157,SAN JORGE TEZOQUIPAN,346,C,,,30,,51,,,69,35,20,38,20,6,53,36,29,,,,,0,387,10,397,554,ACTA DE CASILLA,,
1529,29024,29024,PANOTLA,2021,20210606,157,SAN JORGE TEZOQUIPAN,347,C,,,23,,38,,,75,51,17,37,40,15,69,26,14,,,,,0,405,3,408,636,ACTA DE CASILLA,,
1530,29024,29024,PANOTLA,2021,20210606,157,SAN JORGE TEZOQUIPAN,347,C,,,22,,40,,,48,52,25,23,34,10,78,53,15,,,,,0,400,13,413,636,ACTA DE CASILLA,,
1531,29025,29025,SAN PABLO DEL MONTE,2021,20210606,158,BARRIO DE SAN COSME,348,B,,26,57,4,25,25,61,37,32,,42,24,101,28,,49,,,,,0,511,12,523,721,ACTA DE CASILLA,,
1532,29025,29025,SAN PABLO DEL MONTE,2021,20210606,158,BARRIO DE SAN COSME,348,C,,55,34,7,24,21,71,52,25,,26,25,72,12,,38,,,,,0,462,4,466,721,ACTA DE CASILLA,,
1533,29025,29025,SAN PABLO DEL MONTE,2021,20210606,158,BARRIO DE SAN COSME,348,C,,58,36,3,36,42,94,20,37,,22,18,113,16,,41,,,,,1,537,8,545,721,ACTA DE CASILLA,,
1534,29025,29025,SAN PABLO DEL MONTE,2021,20210606,158,BARRIO DE SAN COSME,348,C,,22,66,16,18,35,90,28,24,,27,19,73,13,,28,,,,,0,459,11,470,721,ACTA DE CASILLA,,
1535,29025,29025,SAN PABLO DEL MONTE,2021,20210606,158,BARRIO DE SAN COSME,348,C,,27,93,13,20,32,66,27,19,,38,17,89,11,,33,,,,,0,485,14,499,721,ACTA DE CASILLA,,
1536,29025,29025,SAN PABLO DEL MONTE,2021,20210606,159,BARRIO DE SANTIAGO,349,B,,2,88,15,46,65,17,89,14,24,39,26,72,11,,5,,,,,0,513,15,528,749,ACTA DE CASILLA,,
1537,29025,29025,SAN PABLO DEL MONTE,2021,20210606,159,BARRIO DE SANTIAGO,349,C,,4,67,21,24,95,33,41,6,24,57,31,93,12,,8,,,,,0,516,18,534,749,ACTA DE CASILLA,,
1538,29025,29025,SAN PABLO DEL MONTE,2021,20210606,159,BARRIO DE SANTIAGO,349,C,,7,68,21,19,49,29,42,5,39,42,53,72,8,,11,,,,,0,465,17,482,749,ACTA DE CASILLA,,
1539,29025,29025,SAN PABLO DEL MONTE,2021,20210606,159,BARRIO DE SANTIAGO,349,C,,2,95,8,27,57,5,87,3,42,50,32,61,26,,18,,,,,0,513,10,523,749,ACTA DE CASILLA,,
1540,29025,29025,SAN PABLO DEL MONTE,2021,20210606,159,BARRIO DE SANTIAGO,349,C,,4,65,79,18,44,21,86,13,27,41,40,62,10,,7,,,,,0,517,15,532,749,ACTA DE CASILLA,,
1541,29025,29025,SAN PABLO DEL MONTE,2021,20210606,160,BARRIO DE CRISTO,350,B,,7,87,7,39,,65,115,17,,88,1,14,2,,6,,,,,0,448,18,466,694,ACTA DE CASILLA,,
1542,29025,29025,SAN PABLO DEL MONTE,2021,20210606,160,BARRIO DE CRISTO,350,C,,6,84,8,76,,81,68,20,,136,0,3,1,,6,,,,,0,489,8,497,694,ACTA DE CASILLA,,
1543,29025,29025,SAN PABLO DEL MONTE,2021,20210606,160,BARRIO DE CRISTO,350,C,,3,91,7,67,,55,73,11,,94,1,3,4,,5,,,,,0,414,13,427,694,ACTA DE CASILLA,,
1544,29025,29025,SAN PABLO DEL MONTE,2021,20210606,160,BARRIO DE CRISTO,350,C,,6,63,9,38,,69,101,15,,90,1,4,4,,12,,,,,0,412,6,418,694,ACTA DE CASILLA,,
1545,29025,29025,SAN PABLO DEL MONTE,2021,20210606,160,BARRIO DE CRISTO,350,C,,6,87,9,68,,93,71,3,,77,2,5,3,,9,,,,,0,433,12,445,694,ACTA DE CASILLA,,
1546,29025,29025,SAN PABLO DEL MONTE,2021,20210606,160,BARRIO DE CRISTO,350,C,,1,75,21,52,,89,73,16,,99,1,10,2,,14,,,,,4,457,14,471,694,ACTA DE CASILLA,,
1547,29025,29025,SAN PABLO DEL MONTE,2021,20210606,160,BARRIO DE CRISTO,350,C,,3,98,13,44,,55,83,9,,116,3,14,1,,8,,,,,0,447,16,463,694,ACTA DE CASILLA,,
1548,29025,29025,SAN PABLO DEL MONTE,2021,20210606,161,BARRIO DE SAN NICOLAS,351,B,,6,139,94,9,,21,56,6,5,101,1,1,6,,2,,,,,0,447,12,459,675,ACTA DE CASILLA,,
1549,29025,29025,SAN PABLO DEL MONTE,2021,20210606,161,BARRIO DE SAN NICOLAS,352,B,,0,125,99,12,,69,67,3,2,84,4,0,6,,3,,,,,0,474,3,477,684,ACTA DE CASILLA,,
1550,29025,29025,SAN PABLO DEL MONTE,2021,20210606,161,BARRIO DE SAN NICOLAS,351,C,,3,158,66,18,,33,80,23,5,64,2,0,4,,1,,,,,0,457,16,473,675,ACTA DE CASILLA,,
1551,29025,29025,SAN PABLO DEL MONTE,2021,20210606,161,BARRIO DE SAN NICOLAS,351,C,,3,100,70,7,,22,90,5,4,97,0,1,4,,0,,,,,0,403,17,420,675,ACTA DE CASILLA,,
1552,29025,29025,SAN PABLO DEL MONTE,2021,20210606,161,BARRIO DE SAN NICOLAS,351,C,,2,120,60,3,,25,78,4,3,132,2,0,7,,2,,,,,0,438,9,447,675,ACTA DE CASILLA,,
1553,29025,29025,SAN PABLO DEL MONTE,2021,20210606,161,BARRIO DE SAN NICOLAS,351,C,,2,189,54,4,,24,76,1,3,117,2,0,1,,2,,,,,0,475,17,492,674,ACTA DE CASILLA,,
1554,29025,29025,SAN PABLO DEL MONTE,2021,20210606,161,BARRIO DE SAN NICOLAS,351,C,,1,116,82,3,,26,51,10,4,129,1,0,5,,1,,,,,0,429,5,434,674,ACTA DE CASILLA,,
1555,29025,29025,SAN PABLO DEL MONTE,2021,20210606,161,BARRIO DE SAN NICOLAS,352,C,,2,89,96,10,,60,78,1,6,55,1,1,6,,1,,,,,0,406,11,417,684,ACTA DE CASILLA,,
1556,29025,29025,SAN PABLO DEL MONTE,2021,20210606,161,BARRIO DE SAN NICOLAS,352,C,,4,107,103,6,,61,77,10,2,98,0,1,3,,1,,,,,0,473,6,479,684,ACTA DE CASILLA,,
1557,29025,29025,SAN PABLO DEL MONTE,2021,20210606,161,BARRIO DE SAN NICOLAS,352,C,,2,126,103,12,,36,76,2,3,99,0,0,2,,0,,,,,0,461,10,471,683,ACTA DE CASILLA,,
1558,29025,29025,SAN PABLO DEL MONTE,2021,20210606,162,BARRIO DE LA SANTISIMA,353,B,,8,54,110,8,15,30,2,5,13,179,10,0,0,,12,,,,,0,446,4,450,693,ACTA DE CASILLA,,
1559,29025,29025,SAN PABLO DEL MONTE,2021,20210606,162,BARRIO DE LA SANTISIMA,353,C,,8,54,110,8,15,30,2,5,13,179,10,0,0,,12,,,,,0,446,4,450,693,ACTA DE CASILLA,,
1560,29025,29025,SAN PABLO DEL MONTE,2021,20210606,162,BARRIO DE LA SANTISIMA,353,C,,12,61,88,4,15,52,11,5,5,134,6,2,6,,10,,,,,0,411,15,426,693,ACTA DE CASILLA,,
1561,29025,29025,SAN PABLO DEL MONTE,2021,20210606,162,BARRIO DE LA SANTISIMA,353,C,,6,60,106,5,15,32,8,2,12,155,9,2,1,,14,,,,,0,427,11,438,692,ACTA DE CASILLA,,
1562,29025,29025,SAN PABLO DEL MONTE,2021,20210606,162,BARRIO DE LA SANTISIMA,353,C,,5,93,125,4,22,35,8,1,9,126,11,6,3,,17,,,,,0,465,7,472,692,ACTA DE CASILLA,,
1563,29025,29025,SAN PABLO DEL MONTE,2021,20210606,163,BARRIO DE SAN MIGUEL,354,B,,99,44,71,8,38,43,79,19,,35,1,26,10,,4,,,,,0,477,11,488,682,ACTA DE CASILLA,,
1564,29025,29025,SAN PABLO DEL MONTE,2021,20210606,163,BARRIO DE SAN MIGUEL,354,C,,74,26,62,9,43,29,94,16,,26,3,43,7,,3,,,,,0,435,10,445,682,ACTA DE CASILLA,,
1565,29025,29025,SAN PABLO DEL MONTE,2021,20210606,163,BARRIO DE SAN MIGUEL,354,C,,82,31,58,3,25,64,80,14,,19,2,33,15,,4,,,,,0,430,9,439,682,ACTA DE CASILLA,,
1566,29025,29025,SAN PABLO DEL MONTE,2021,20210606,163,BARRIO DE SAN MIGUEL,354,C,,65,41,78,7,28,38,97,12,,29,0,29,19,,3,,,,,1,447,15,462,682,ACTA DE CASILLA,,
1567,29025,29025,SAN PABLO DEL MONTE,2021,20210606,163,BARRIO DE SAN MIGUEL,354,C,,101,27,87,8,20,35,62,16,,23,2,61,8,,6,,,,,0,456,8,464,682,ACTA DE CASILLA,,
1568,29025,29025,SAN PABLO DEL MONTE,2021,20210606,164,BARRIO DE JESUS,355,B,,11,78,33,16,68,17,9,59,2,50,3,49,10,,45,,,,,0,450,9,459,692,ACTA DE CASILLA,,
1569,29025,29025,SAN PABLO DEL MONTE,2021,20210606,164,BARRIO DE JESUS,355,C,,8,89,24,23,39,26,9,40,2,39,10,59,12,,62,,,,,1,443,12,455,692,ACTA DE CASILLA,,
1570,29025,29025,SAN PABLO DEL MONTE,2021,20210606,164,BARRIO DE JESUS,355,C,,4,111,39,18,51,15,11,41,1,37,0,62,2,,73,,,,,0,465,12,477,692,ACTA DE CASILLA,,
1571,29025,29025,SAN PABLO DEL MONTE,2021,20210606,164,BARRIO DE JESUS,355,C,,6,73,17,31,69,15,10,39,0,55,1,84,21,,68,,,,,0,489,7,496,691,ACTA DE CASILLA,,
1572,29025,29025,SAN PABLO DEL MONTE,2021,20210606,165,BARRIO DE SAN SEBASTIAN,356,B,,2,54,53,71,,38,21,20,12,49,21,33,35,,5,,,,,1,415,14,429,646,ACTA DE CASILLA,,
1573,29025,29025,SAN PABLO DEL MONTE,2021,20210606,165,BARRIO DE SAN SEBASTIAN,356,C,,7,35,37,68,,31,43,21,16,54,59,14,16,,6,,,,,0,407,14,421,645,ACTA DE CASILLA,,
1574,29025,29025,SAN PABLO DEL MONTE,2021,20210606,165,BARRIO DE SAN SEBASTIAN,356,C,,4,43,25,64,,45,23,43,16,73,27,15,23,,7,,,,,0,408,5,413,645,ACTA DE CASILLA,,
1575,29025,29025,SAN PABLO DEL MONTE,2021,20210606,165,BARRIO DE SAN SEBASTIAN,356,C,,3,50,38,106,,28,33,13,37,39,25,27,12,,4,,,,,0,415,7,422,645,ACTA DE CASILLA,,
1576,29025,29025,SAN PABLO DEL MONTE,2021,20210606,165,BARRIO DE SAN SEBASTIAN,356,C,,2,51,35,73,,46,33,22,12,61,48,10,23,,2,,,,,0,418,13,431,645,ACTA DE CASILLA,,
1577,29025,29025,SAN PABLO DEL MONTE,2021,20210606,165,BARRIO DE SAN SEBASTIAN,356,C,,8,39,19,77,,31,35,32,20,45,74,21,20,,3,,,,,0,424,8,432,645,ACTA DE CASILLA,,
1578,29025,29025,SAN PABLO DEL MONTE,2021,20210606,166,BARRIO DE SAN BARTOLOME,357,B,,3,122,40,65,7,11,43,4,47,70,5,1,,,36,,,,,1,455,6,461,713,ACTA DE CASILLA,,
1579,29025,29025,SAN PABLO DEL MONTE,2021,20210606,166,BARRIO DE SAN BARTOLOME,358,B,,3,102,43,49,11,9,91,6,41,38,3,2,,,18,,,,,7,423,9,432,690,ACTA DE CASILLA,,
1580,29025,29025,SAN PABLO DEL MONTE,2021,20210606,166,BARRIO DE SAN BARTOLOME,357,C,,2,136,28,64,8,15,48,4,26,52,3,0,,,27,,,,,1,414,10,424,713,ACTA DE CASILLA,,
1581,29025,29025,SAN PABLO DEL MONTE,2021,20210606,166,BARRIO DE SAN BARTOLOME,357,C,,3,158,22,59,7,18,50,6,35,53,3,1,,,39,,,,,0,454,15,469,713,ACTA DE CASILLA,,
1582,29025,29025,SAN PABLO DEL MONTE,2021,20210606,166,BARRIO DE SAN BARTOLOME,357,C,,3,145,39,67,10,19,73,3,28,55,2,3,,,14,,,,,0,461,16,477,712,ACTA DE CASILLA,,
1583,29025,29025,SAN PABLO DEL MONTE,2021,20210606,166,BARRIO DE SAN BARTOLOME,358,C,,5,114,38,70,22,21,51,5,29,32,4,1,,,15,,,,,5,412,14,426,690,ACTA DE CASILLA,,
1584,29025,29025,SAN PABLO DEL MONTE,2021,20210606,166,BARRIO DE SAN BARTOLOME,358,C,,3,96,71,93,13,18,53,5,35,35,1,1,,,25,,,,,0,449,10,459,690,ACTA DE CASILLA,,
1585,29025,29025,SAN PABLO DEL MONTE,2021,20210606,166,BARRIO DE SAN BARTOLOME,358,C,,5,103,43,96,17,17,48,2,27,39,6,0,,,25,,,,,3,431,17,448,690,ACTA DE CASILLA,,
1586,29025,29025,SAN PABLO DEL MONTE,2021,20210606,166,BARRIO DE SAN BARTOLOME,358,C,,8,91,67,77,7,17,62,5,32,36,3,2,,,16,,,,,0,423,14,437,689,ACTA DE CASILLA,,
1587,29025,29025,SAN PABLO DEL MONTE,2021,20210606,167,BARRIO DE SAN PEDRO,359,B,,9,66,6,77,33,13,61,6,,46,49,4,12,,16,,,,,0,398,9,407,633,ACTA DE CASILLA,,
1588,29025,29025,SAN PABLO DEL MONTE,2021,20210606,167,BARRIO DE SAN PEDRO,360,B,,18,58,7,84,20,15,67,10,,13,67,0,8,,13,,,,,0,380,17,397,592,ACTA DE CASILLA,,
1589,29025,29025,SAN PABLO DEL MONTE,2021,20210606,167,BARRIO DE SAN PEDRO,359,C,,8,44,6,83,35,18,54,9,,27,68,0,3,,7,,,,,0,362,10,372,633,ACTA DE CASILLA,,
1590,29025,29025,SAN PABLO DEL MONTE,2021,20210606,167,BARRIO DE SAN PEDRO,359,C,,18,43,4,95,36,11,37,10,,38,46,1,12,,18,,,,,0,369,12,381,633,ACTA DE CASILLA,,
1591,29025,29025,SAN PABLO DEL MONTE,2021,20210606,167,BARRIO DE SAN PEDRO,359,C,,27,42,11,60,61,10,94,5,,31,26,0,8,,11,,,,,0,386,11,397,633,ACTA DE CASILLA,,
1592,29025,29025,SAN PABLO DEL MONTE,2021,20210606,167,BARRIO DE SAN PEDRO,360,C,,18,44,5,66,25,13,36,15,,8,66,0,8,,6,,,,,0,310,18,328,591,ACTA DE CASILLA,,
1593,29025,29025,SAN PABLO DEL MONTE,2021,20210606,167,BARRIO DE SAN PEDRO,360,C,,24,48,7,78,24,16,54,9,,14,42,0,3,,28,,,,,0,347,10,357,591,ACTA DE CASILLA,,
1594,29025,29025,SAN PABLO DEL MONTE,2021,20210606,167,BARRIO DE SAN PEDRO,360,C,,13,56,7,87,34,9,39,14,,21,42,0,3,,14,,,,,0,339,8,347,591,ACTA DE CASILLA,,
1595,29025,29025,SAN PABLO DEL MONTE,2021,20210606,168,BARRIO DE TLALTEPANGO,361,B,,24,85,20,25,66,42,69,78,,32,5,49,1,,3,,,,,0,499,7,506,624,ACTA DE CASILLA,,
1596,29025,29025,SAN PABLO DEL MONTE,2021,20210606,168,BARRIO DE TLALTEPANGO,362,B,,23,54,7,36,47,42,54,13,,36,18,63,1,,3,,,,,0,397,15,412,710,ACTA DE CASILLA,,
1597,29025,29025,SAN PABLO DEL MONTE,2021,20210606,168,BARRIO DE TLALTEPANGO,361,C,,35,101,17,23,52,26,50,20,,30,3,35,0,,2,,,,,0,394,8,402,624,ACTA DE CASILLA,,
1598,29025,29025,SAN PABLO DEL MONTE,2021,20210606,168,BARRIO DE TLALTEPANGO,361,C,,22,95,30,15,54,34,48,16,,35,2,39,0,,2,,,,,0,392,7,399,624,ACTA DE CASILLA,,
1599,29025,29025,SAN PABLO DEL MONTE,2021,20210606,168,BARRIO DE TLALTEPANGO,361,C,,20,72,13,34,66,21,51,19,,53,6,41,0,,0,,,,,0,396,6,402,624,ACTA DE CASILLA,,
1600,29025,29025,SAN PABLO DEL MONTE,2021,20210606,168,BARRIO DE TLALTEPANGO,361,C,,39,94,23,21,72,30,48,19,,32,5,16,1,,5,,,,,0,405,15,420,623,ACTA DE CASILLA,,
1601,29025,29025,SAN PABLO DEL MONTE,2021,20210606,168,BARRIO DE TLALTEPANGO,362,C,,31,87,13,45,47,49,41,15,,32,21,28,0,,5,,,,,0,414,24,438,710,ACTA DE CASILLA,,
1602,29025,29025,SAN PABLO DEL MONTE,2021,20210606,168,BARRIO DE TLALTEPANGO,362,C,,14,39,20,36,37,39,45,34,,37,18,53,0,,3,,,,,0,375,18,393,710,ACTA DE CASILLA,,
1603,29025,29025,SAN PABLO DEL MONTE,2021,20210606,168,BARRIO DE TLALTEPANGO,362,C,,30,54,13,25,59,51,37,23,,33,8,60,3,,2,,,,,0,398,16,414,709,ACTA DE CASILLA,,
1604,29025,29025,SAN PABLO DEL MONTE,2021,20210606,168,BARRIO DE TLALTEPANGO,362,C,,18,62,14,49,47,35,37,21,,57,7,45,2,,1,,,,,0,395,1,396,709,ACTA DE CASILLA,,
1605,29025,29025,SAN PABLO DEL MONTE,2021,20210606,168,BARRIO DE TLALTEPANGO,362,C,,40,74,4,45,31,55,36,16,,32,23,27,0,,2,,,,,0,385,11,396,709,ACTA DE CASILLA,,
1606,29025,29025,SAN PABLO DEL MONTE,2021,20210606,169,BARRIO DE SAN ISIDRO BUENSUCESO,363,B,,20,22,99,57,5,28,34,7,,64,4,30,6,,1,,,,,0,377,19,396,743,ACTA DE CASILLA,,
1607,29025,29025,SAN PABLO DEL MONTE,2021,20210606,169,BARRIO DE SAN ISIDRO BUENSUCESO,364,B,,15,7,87,73,9,13,66,4,,70,1,8,0,,0,,,,,0,353,15,368,690,ACTA DE CASILLA,,
1608,29025,29025,SAN PABLO DEL MONTE,2021,20210606,169,BARRIO DE SAN ISIDRO BUENSUCESO,363,C,,11,20,110,38,4,31,29,2,,71,2,50,26,,1,,,,,0,395,22,417,743,ACTA DE CASILLA,,
1609,29025,29025,SAN PABLO DEL MONTE,2021,20210606,169,BARRIO DE SAN ISIDRO BUENSUCESO,363,C,,15,18,102,40,7,25,20,6,,79,2,37,18,,0,,,,,0,369,38,407,743,ACTA DE CASILLA,,
1610,29025,29025,SAN PABLO DEL MONTE,2021,20210606,169,BARRIO DE SAN ISIDRO BUENSUCESO,363,C,,17,22,119,35,8,38,28,8,,51,4,42,7,,0,,,,,0,379,31,410,742,ACTA DE CASILLA,,
1611,29025,29025,SAN PABLO DEL MONTE,2021,20210606,169,BARRIO DE SAN ISIDRO BUENSUCESO,363,C,,18,17,112,56,4,42,25,2,,60,2,40,13,,3,,,,,0,394,29,423,742,ACTA DE CASILLA,,
1612,29025,29025,SAN PABLO DEL MONTE,2021,20210606,169,BARRIO DE SAN ISIDRO BUENSUCESO,363,C,,16,21,90,56,9,19,26,0,,71,4,53,12,,0,,,,,0,377,21,398,742,ACTA DE CASILLA,,
1613,29025,29025,SAN PABLO DEL MONTE,2021,20210606,169,BARRIO DE SAN ISIDRO BUENSUCESO,364,C,,20,11,86,29,3,26,55,3,,41,6,20,4,,0,,,,,0,304,0,304,690,ACTA DE CASILLA,,
1614,29025,29025,SAN PABLO DEL MONTE,2021,20210606,169,BARRIO DE SAN ISIDRO BUENSUCESO,364,C,,17,11,95,59,4,31,43,1,,82,1,25,4,,3,,,,,0,376,10,386,690,ACTA DE CASILLA,,
1615,29025,29025,SAN PABLO DEL MONTE,2021,20210606,169,BARRIO DE SAN ISIDRO BUENSUCESO,364,C,,17,5,94,41,5,21,45,7,,66,2,18,6,,0,,,,,0,327,16,343,689,ACTA DE CASILLA,,
1616,29026,29026,SANTA CRUZ TLAXCALA,2021,20210606,170,SAN MIGUEL CONTLA,365,B,,,,,,,,,,,,,,,,,,,,,0,0,0,0,653,ACTA DENTRO DEL PAQUETE ELECTORAL,,
1617,29026,29026,SANTA CRUZ TLAXCALA,2021,20210606,170,SAN MIGUEL CONTLA,366,B,,,47,,9,91,56,,,39,67,,,,4,,0,indep,,,74,387,12,399,578,ACTA DE CASILLA,,
1618,29026,29026,SANTA CRUZ TLAXCALA,2021,20210606,170,SAN MIGUEL CONTLA,609,B,,,,,,,,,,,,,,,,,,,,,0,0,0,0,619,ACTA DENTRO DEL PAQUETE ELECTORAL,,
1619,29026,29026,SANTA CRUZ TLAXCALA,2021,20210606,170,SAN MIGUEL CONTLA,365,C,,,32,,35,56,49,,,17,77,,,,12,,30,indep,,,0,308,13,321,653,ACTA DE CASILLA,,
1620,29026,29026,SANTA CRUZ TLAXCALA,2021,20210606,170,SAN MIGUEL CONTLA,365,C,,,,,,,,,,,,,,,,,0,indep,,,0,0,0,0,653,ACTA DENTRO DEL PAQUETE ELECTORAL,,
1621,29026,29026,SANTA CRUZ TLAXCALA,2021,20210606,170,SAN MIGUEL CONTLA,366,C,,,43,,9,89,71,,,27,44,,,,4,,97,indep,,,0,384,7,391,578,ACTA DE CASILLA,,
1622,29026,29026,SANTA CRUZ TLAXCALA,2021,20210606,170,SAN MIGUEL CONTLA,366,C,,,26,,12,100,43,,,26,55,,,,4,,82,indep,,,0,348,10,358,578,ACTA DE CASILLA,,
1623,29026,29026,SANTA CRUZ TLAXCALA,2021,20210606,170,SAN MIGUEL CONTLA,366,C,,,,,,,,,,,,,,,,,,,,,0,0,0,0,578,ACTA DENTRO DEL PAQUETE ELECTORAL,,
1624,29026,29026,SANTA CRUZ TLAXCALA,2021,20210606,170,SAN MIGUEL CONTLA,365,E,,,,,,,,,,,,,,,,,0,indep,,,0,0,0,0,484,ACTA DENTRO DEL PAQUETE ELECTORAL,,
1625,29026,29026,SANTA CRUZ TLAXCALA,2021,20210606,171,SAN LUCAS TLACOCHCALCO,369,B,,21,85,,,27,11,14,27,27,59,,34,,11,43,,,,,0,359,20,379,580,ACTA DE CASILLA,,
1626,29026,29026,SANTA CRUZ TLAXCALA,2021,20210606,171,SAN LUCAS TLACOCHCALCO,369,C,,23,84,,,15,24,14,42,28,59,,45,,15,43,,,,,0,392,17,409,580,ACTA DE CASILLA,,
1627,29026,29026,SANTA CRUZ TLAXCALA,2021,20210606,171,SAN LUCAS TLACOCHCALCO,369,C,,19,42,,,11,26,19,55,36,39,,13,,16,53,,,,,0,329,12,341,579,ACTA DE CASILLA,,
1628,29026,29026,SANTA CRUZ TLAXCALA,2021,20210606,171,SAN LUCAS TLACOCHCALCO,369,C,,23,99,,,28,21,16,31,35,50,,25,,12,53,,,,,0,393,11,404,579,ACTA DE CASILLA,,
1629,29026,29026,SANTA CRUZ TLAXCALA,2021,20210606,172,JESUS HUIZNAHUAC,370,B,,38,32,26,,34,21,,72,91,46,,,,23,,,,,,0,383,22,405,545,ACTA DE CASILLA,,
1630,29026,29026,SANTA CRUZ TLAXCALA,2021,20210606,172,JESUS HUIZNAHUAC,370,C,,32,60,28,,29,28,,89,97,41,,,,27,,,,,,1,432,11,443,545,ACTA DE CASILLA,,
1631,29026,29026,SANTA CRUZ TLAXCALA,2021,20210606,173,GUADALUPE TLACHCO,371,B,,,,,,,,,,,,,,,,,,,,,0,0,0,0,675,ACTA DENTRO DEL PAQUETE ELECTORAL,,
1632,29026,29026,SANTA CRUZ TLAXCALA,2021,20210606,173,GUADALUPE TLACHCO,371,C,,21,53,,99,25,5,,,15,139,43,,,44,,,,,,15,459,17,476,674,ACTA DE CASILLA,,
1633,29026,29026,SANTA CRUZ TLAXCALA,2021,20210606,173,GUADALUPE TLACHCO,371,C,,26,73,,113,6,3,,,21,119,48,,,54,,,,,,3,466,21,487,674,ACTA DE CASILLA,,
1634,29026,29026,SANTA CRUZ TLAXCALA,2021,20210606,173,GUADALUPE TLACHCO,371,C,,19,42,,90,25,10,,,28,124,38,,,67,,,,,,0,443,23,466,674,ACTA DE CASILLA,,
1635,29028,29028,TEOLOCHOLCO,2021,20210606,174,SECCION 1A TECAHUALOYA,378,B,,36,33,44,48,34,12,,54,,140,,,0,9,24,,,,,0,434,14,448,586,ACTA DE CASILLA,,
1636,29028,29028,TEOLOCHOLCO,2021,20210606,174,SECCION 1A TECAHUALOYA,384,B,,20,21,97,76,33,12,,32,,110,,,2,9,8,,,,,0,420,11,431,600,ACTA DE CASILLA,,
1637,29028,29028,TEOLOCHOLCO,2021,20210606,174,SECCION 1A TECAHUALOYA,378,C,,38,29,60,20,26,15,,54,,144,,,0,18,17,,,,,0,421,9,430,586,ACTA DE CASILLA,,
1638,29028,29028,TEOLOCHOLCO,2021,20210606,174,SECCION 1A TECAHUALOYA,378,C,,34,25,64,30,36,3,,70,,149,,,2,10,11,,,,,0,434,11,445,586,ACTA DE CASILLA,,
1639,29028,29028,TEOLOCHOLCO,2021,20210606,174,SECCION 1A TECAHUALOYA,384,C,,28,24,87,49,37,10,,30,,150,,,3,7,3,,,,,0,428,18,446,600,ACTA DE CASILLA,,
1640,29028,29028,TEOLOCHOLCO,2021,20210606,174,SECCION 1A TECAHUALOYA,384,C,,17,26,81,59,58,5,,36,,153,,,0,11,4,,,,,0,450,12,462,600,ACTA DE CASILLA,,
1641,29028,29028,TEOLOCHOLCO,2021,20210606,175,SECCION 2A TEOLOCHOLCO,379,B,,15,32,61,42,99,12,,20,,114,,,,18,25,,,,,0,438,16,454,613,ACTA DE CASILLA,,
1642,29028,29028,TEOLOCHOLCO,2021,20210606,175,SECCION 2A TEOLOCHOLCO,379,C,,25,24,56,46,80,25,,31,,113,,,,17,14,,,,,0,431,16,447,613,ACTA DE CASILLA,,
1643,29028,29028,TEOLOCHOLCO,2021,20210606,175,SECCION 2A TEOLOCHOLCO,379,C,,18,27,44,61,64,26,,27,,105,,,,16,29,,,,,1,418,12,430,613,ACTA DE CASILLA,,
1644,29028,29028,TEOLOCHOLCO,2021,20210606,175,SECCION 2A TEOLOCHOLCO,379,C,,26,38,50,59,86,8,,32,,111,,,,19,20,,,,,0,449,9,458,612,ACTA DE CASILLA,,
1645,29028,29028,TEOLOCHOLCO,2021,20210606,176,SECCION 3A BARRIO DE CONTLA,380,B,,15,95,48,59,53,53,,42,,80,,,,25,17,,,,,0,487,9,496,690,ACTA DE CASILLA,,
1646,29028,29028,TEOLOCHOLCO,2021,20210606,176,SECCION 3A BARRIO DE CONTLA,380,C,,10,94,56,76,57,32,,55,,56,,,,27,21,,,,,0,484,14,498,690,ACTA DE CASILLA,,
1647,29028,29028,TEOLOCHOLCO,2021,20210606,176,SECCION 3A BARRIO DE CONTLA,380,C,,9,84,54,64,61,34,,44,,69,,,,28,15,,,,,0,462,16,478,690,ACTA DE CASILLA,,
1648,29028,29028,TEOLOCHOLCO,2021,20210606,176,SECCION 3A BARRIO DE CONTLA,380,C,,13,89,52,69,55,38,,43,,82,,,,27,16,,,,,0,484,7,491,690,ACTA DE CASILLA,,
1649,29028,29028,TEOLOCHOLCO,2021,20210606,176,SECCION 3A BARRIO DE CONTLA,380,C,,3,44,37,78,83,56,,80,,51,,,,15,26,,,,,0,473,16,489,689,ACTA DE CASILLA,,
1650,29028,29028,TEOLOCHOLCO,2021,20210606,176,SECCION 3A BARRIO DE CONTLA,380,C,,14,87,35,63,59,37,,42,,90,,,,46,15,,,,,0,488,23,511,689,ACTA DE CASILLA,,
1651,29028,29028,TEOLOCHOLCO,2021,20210606,177,ACXOTLA DEL MONTE,381,B,,1,129,6,43,84,18,1,2,,135,,,3,,22,,,,,0,444,33,477,655,ACTA DE CASILLA,,
1652,29028,29028,TEOLOCHOLCO,2021,20210606,177,ACXOTLA DEL MONTE,381,C,,2,117,7,30,111,21,1,7,,122,,,4,,22,,,,,0,444,18,462,654,ACTA DE CASILLA,,
1653,29028,29028,TEOLOCHOLCO,2021,20210606,177,ACXOTLA DEL MONTE,381,C,,4,98,4,42,70,13,1,2,,172,,,1,,43,,,,,0,450,25,475,654,ACTA DE CASILLA,,
1654,29028,29028,TEOLOCHOLCO,2021,20210606,178,SECCION 5A ACTIPAC,382,B,,40,40,35,48,50,15,,29,,66,,,,19,29,,,,,0,371,15,386,525,ACTA DE CASILLA,,
1655,29028,29028,TEOLOCHOLCO,2021,20210606,178,SECCION 5A ACTIPAC,382,C,,26,46,26,90,56,21,,23,,69,,,,7,26,,,,,0,390,11,401,524,ACTA DE CASILLA,,
1656,29028,29028,TEOLOCHOLCO,2021,20210606,178,SECCION 5A ACTIPAC,382,C,,47,32,31,51,59,40,,29,,68,,,,13,40,,,,,0,410,20,430,524,ACTA DE CASILLA,,
1657,29028,29028,TEOLOCHOLCO,2021,20210606,179,SECCION 6A CUAUHTLA,383,B,,30,32,41,32,69,40,,49,,119,,,,14,17,,,,,0,443,6,449,555,ACTA DE CASILLA,,
1658,29028,29028,TEOLOCHOLCO,2021,20210606,179,SECCION 6A CUAUHTLA,383,C,,8,18,79,26,75,19,,36,,96,,,,16,30,,,,,0,403,8,411,554,ACTA DE CASILLA,,
1659,29028,29028,TEOLOCHOLCO,2021,20210606,179,SECCION 6A CUAUHTLA,383,C,,15,38,79,13,84,35,,36,,110,,,,5,26,,,,,0,441,3,444,554,ACTA DE CASILLA,,
1660,29028,29028,TEOLOCHOLCO,2021,20210606,180,CUAXINCA,385,B,,5,82,20,8,6,24,0,79,,70,,,,,46,,,,,0,340,10,350,399,ACTA DE CASILLA,,
1661,29028,29028,TEOLOCHOLCO,2021,20210606,181,EL CARMEN AZTAMA,386,B,,,107,109,84,20,6,6,33,,139,,,,21,0,,,,,0,525,10,535,710,ACTA DE CASILLA,,
1662,29028,29028,TEOLOCHOLCO,2021,20210606,181,EL CARMEN AZTAMA,386,C,,,120,73,97,19,14,8,32,,157,,,,9,7,,,,,0,536,8,544,710,ACTA DE CASILLA,,
1663,29028,29028,TEOLOCHOLCO,2021,20210606,181,EL CARMEN AZTAMA,386,C,,,75,92,86,62,13,3,42,,164,,,,5,4,,,,,0,546,11,557,710,ACTA DE CASILLA,,
1664,29029,29029,TEPEYANCO,2021,20210606,182,SANTIAGO TLACOCHCALCO,390,B,,,61,5,31,,29,94,,,,,,,117,,,,,,0,337,9,346,458,ACTA DE CASILLA,,
1665,29029,29029,TEPEYANCO,2021,20210606,182,SANTIAGO TLACOCHCALCO,390,C,,,34,3,41,,35,100,,,,,,,126,,,,,,0,339,7,346,457,ACTA DE CASILLA,,
1666,29029,29029,TEPEYANCO,2021,20210606,183,LA AURORA,393,B,,,,91,97,,15,3,,78,,,,,45,,,,,,9,338,4,342,450,ACTA DE CASILLA,,
1667,29029,29029,TEPEYANCO,2021,20210606,183,LA AURORA,393,C,,,,63,118,,14,8,,95,,,,,25,,,,,,0,323,6,329,450,ACTA DE CASILLA,,
1668,29029,29029,TEPEYANCO,2021,20210606,184,SAN COSME ATLAMAXAC,394,B,,,109,79,28,,10,95,9,,194,,,,,,,,,,0,524,0,524,678,ACTA DE CASILLA,,
1669,29029,29029,TEPEYANCO,2021,20210606,184,SAN COSME ATLAMAXAC,394,C,,,124,78,12,,12,139,12,,167,,,,,,,,,,0,544,14,558,678,ACTA DE CASILLA,,
1670,29029,29029,TEPEYANCO,2021,20210606,184,SAN COSME ATLAMAXAC,394,C,,,134,99,10,,12,122,11,,167,,,,,,,,,,0,555,0,555,678,ACTA DE CASILLA,,
1671,29029,29029,TEPEYANCO,2021,20210606,185,SAN PEDRO XACALTZINGO,397,B,,,,19,13,,18,150,54,2,86,,,,,63,,,,,0,405,10,415,592,ACTA DE CASILLA,,
1672,29029,29029,TEPEYANCO,2021,20210606,185,SAN PEDRO XACALTZINGO,397,C,,,,31,8,,5,153,80,3,123,,,,,45,,,,,0,448,8,456,592,ACTA DE CASILLA,,
1673,29029,29029,TEPEYANCO,2021,20210606,185,SAN PEDRO XACALTZINGO,397,C,,,,23,11,,6,165,85,1,84,,,,,56,,,,,0,431,9,440,592,ACTA DE CASILLA,,
1674,29030,29030,TERRENATE,2021,20210606,186,CHIPILO,399,B,,,54,23,,161,,,52,28,82,,,,,,,,,,0,400,26,426,556,ACTA DE CASILLA,,
1675,29030,29030,TERRENATE,2021,20210606,186,CHIPILO,399,C,,,62,68,,155,,,46,24,66,,,,,,,,,,0,421,25,446,556,ACTA DE CASILLA,,
1676,29030,29030,TERRENATE,2021,20210606,186,CHIPILO,399,C,,,63,22,,157,,,56,37,104,,,,,,,,,,0,439,16,455,556,ACTA DE CASILLA,,
1677,29030,29030,TERRENATE,2021,20210606,187,VILLAREAL,403,B,,,157,6,,,,2,52,77,71,,,,,,,,,,31,396,27,423,606,ACTA DE CASILLA,,
1678,29030,29030,TERRENATE,2021,20210606,187,VILLAREAL,403,C,,,151,18,,,,9,62,85,57,,,,,,,,,,61,443,17,460,605,ACTA DE CASILLA,,
1679,29030,29030,TERRENATE,2021,20210606,188,TOLUCA DE GUADALUPE,404,B,,104,8,4,2,9,,,10,200,45,66,,11,,,,,,,0,459,20,479,638,ACTA DE CASILLA,,
1680,29030,29030,TERRENATE,2021,20210606,188,TOLUCA DE GUADALUPE,404,C,,99,16,3,4,24,,,19,144,48,88,,13,,,,,,,0,458,22,480,638,ACTA DE CASILLA,,
1681,29030,29030,TERRENATE,2021,20210606,188,TOLUCA DE GUADALUPE,404,C,,105,33,6,15,6,,,42,187,37,51,,12,,,,,,,0,494,20,514,637,ACTA DE CASILLA,,
1682,29030,29030,TERRENATE,2021,20210606,188,TOLUCA DE GUADALUPE,404,C,,112,28,4,11,19,,,30,149,37,74,,18,,,,,,,0,482,12,494,637,ACTA DE CASILLA,,
1683,29030,29030,TERRENATE,2021,20210606,189,COLONIA EL CAPULIN,406,B,,65,19,,104,54,,,57,51,32,,,,,,,,,,0,382,7,389,467,ACTA DE CASILLA,,
1684,29030,29030,TERRENATE,2021,20210606,190,COLONIA GUADALUPE VICTORIA,407,B,,,7,,189,183,,,93,105,,7,,,,,,,,,0,584,6,590,719,ACTA DE CASILLA,,
1685,29030,29030,TERRENATE,2021,20210606,191,NICOLAS BRAVO,408,B,,,121,,,20,,,20,202,124,,,27,,,,,,,6,520,10,530,670,ACTA DE CASILLA,,
1686,29030,29030,TERRENATE,2021,20210606,191,NICOLAS BRAVO,408,C,,,184,,,19,,,27,175,96,,,11,,,,,,,8,520,14,534,670,ACTA DE CASILLA,,
1687,29031,29031,TETLA DE LA SOLIDARIDAD,2021,20210606,192,COLONIA AGRICOLA DE DOLORES,409,B,,19,27,41,18,,,,,76,114,10,18,,24,,54,indep,,,0,401,8,409,736,ACTA DE CASILLA,,
1688,29031,29031,TETLA DE LA SOLIDARIDAD,2021,20210606,192,COLONIA AGRICOLA DE DOLORES,409,C,,32,130,44,33,,,,,62,86,9,25,,11,,68,indep,,,0,500,12,512,735,ACTA DE CASILLA,,
1689,29031,29031,TETLA DE LA SOLIDARIDAD,2021,20210606,193,SECCION 4A CHIAUTZINGO,410,B,,23,110,,66,,,,,86,77,,,,8,25,62,indep,,,0,457,5,462,645,ACTA DE CASILLA,,
1690,29031,29031,TETLA DE LA SOLIDARIDAD,2021,20210606,193,SECCION 4A CHIAUTZINGO,410,C,,120,101,,79,,,,,82,66,,,,4,20,76,indep,,,0,548,14,562,645,ACTA DE CASILLA,,
1691,29031,29031,TETLA DE LA SOLIDARIDAD,2021,20210606,194,SECCION 1A ACTIPAN INFONAVIT,411,B,,18,23,11,46,,,,,100,87,,15,,9,3,56,indep,28,indep2,0,396,14,410,709,ACTA DE CASILLA,,
1692,29031,29031,TETLA DE LA SOLIDARIDAD,2021,20210606,194,SECCION 1A ACTIPAN INFONAVIT,414,B,,22,21,7,55,,,,,33,44,,2,,4,15,14,indep,4,indep2,1,222,5,227,391,ACTA DE CASILLA,,
1693,29031,29031,TETLA DE LA SOLIDARIDAD,2021,20210606,194,SECCION 1A ACTIPAN INFONAVIT,415,B,,28,21,12,78,,,,,67,52,,6,,7,30,15,indep,12,indep2,0,328,8,336,556,ACTA DE CASILLA,,
1694,29031,29031,TETLA DE LA SOLIDARIDAD,2021,20210606,194,SECCION 1A ACTIPAN INFONAVIT,411,C,,25,33,3,31,,,,,128,73,,17,,12,10,82,indep,0,indep2,0,414,8,422,709,ACTA DE CASILLA,,
1695,29031,29031,TETLA DE LA SOLIDARIDAD,2021,20210606,194,SECCION 1A ACTIPAN INFONAVIT,411,C,,19,32,8,46,,,,,103,74,,14,,9,7,95,indep,24,indep2,0,431,11,442,709,ACTA DE CASILLA,,
1696,29031,29031,TETLA DE LA SOLIDARIDAD,2021,20210606,194,SECCION 1A ACTIPAN INFONAVIT,411,C,,19,27,15,29,,,,,90,82,,22,,10,16,36,indep,72,indep2,0,418,15,433,708,ACTA DE CASILLA,,
1697,29031,29031,TETLA DE LA SOLIDARIDAD,2021,20210606,194,SECCION 1A ACTIPAN INFONAVIT,414,C,,31,12,7,64,,,,,44,34,,6,,13,5,22,indep,4,indep2,1,243,9,252,390,ACTA DE CASILLA,,
1698,29031,29031,TETLA DE LA SOLIDARIDAD,2021,20210606,194,SECCION 1A ACTIPAN INFONAVIT,415,C,,29,17,18,69,,,,,58,45,,4,,3,43,21,indep,12,indep2,0,319,7,326,556,ACTA DE CASILLA,,
1699,29031,29031,TETLA DE LA SOLIDARIDAD,2021,20210606,195,SECCION 2A TEOTLALPAN,412,B,,20,27,10,16,,,,,66,137,,22,,20,18,50,indep,,,0,386,14,400,634,ACTA DE CASILLA,,
1700,29031,29031,TETLA DE LA SOLIDARIDAD,2021,20210606,195,SECCION 2A TEOTLALPAN,412,C,,9,33,12,26,,,,,77,142,,18,,19,8,43,indep,,,0,387,8,395,634,ACTA DE CASILLA,,
1701,29031,29031,TETLA DE LA SOLIDARIDAD,2021,20210606,195,SECCION 2A TEOTLALPAN,412,C,,18,23,14,22,,,,,65,124,,25,,18,33,43,indep,,,1,386,10,396,634,ACTA DE CASILLA,,
1702,29031,29031,TETLA DE LA SOLIDARIDAD,2021,20210606,195,SECCION 2A TEOTLALPAN,412,C,,25,39,13,14,,,,,64,121,,23,,22,21,40,indep,,,0,382,9,391,634,ACTA DE CASILLA,,
1703,29031,29031,TETLA DE LA SOLIDARIDAD,2021,20210606,195,SECCION 2A TEOTLALPAN,412,C,,15,23,14,16,,,,,70,112,,19,,17,19,38,indep,,,0,343,12,355,633,ACTA DE CASILLA,,
1704,29031,29031,TETLA DE LA SOLIDARIDAD,2021,20210606,196,SECCION 3A OCOTITLA,413,B,,65,39,,21,4,,,,80,54,,29,,33,27,75,indep,,,0,427,16,443,677,ACTA DE CASILLA,,
1705,29031,29031,TETLA DE LA SOLIDARIDAD,2021,20210606,196,SECCION 3A OCOTITLA,413,C,,63,27,,39,0,,,,53,43,,41,,57,38,71,indep,,,0,432,16,448,676,ACTA DE CASILLA,,
1706,29031,29031,TETLA DE LA SOLIDARIDAD,2021,20210606,197,SANTA MARIA CAPULAC,416,B,,14,48,,88,,,,,118,28,,4,,61,,66,indep,,,0,427,11,438,590,ACTA DE CASILLA,,
1707,29031,29031,TETLA DE LA SOLIDARIDAD,2021,20210606,197,SANTA MARIA CAPULAC,416,C,,14,48,,78,,,,,135,28,,0,,60,,66,indep,,,0,429,18,447,589,ACTA DE CASILLA,,
1708,29031,29031,TETLA DE LA SOLIDARIDAD,2021,20210606,198,SANTA FE LA TROJE,417,B,,1,41,,64,,,,,68,45,,,,,,58,indep,,,0,277,8,285,331,ACTA DE CASILLA,,
1709,29031,29031,TETLA DE LA SOLIDARIDAD,2021,20210606,199,COLONIA PLAN DE AYALA,418,B,,39,51,80,,,,,,83,51,,36,,,,,,,,0,340,13,353,456,ACTA DE CASILLA,,
1710,29031,29031,TETLA DE LA SOLIDARIDAD,2021,20210606,200,JOSE MARIA MORELOS Y PAVON,419,B,,46,14,,6,,,,,253,175,,,,0,,0,indep,,,0,494,7,501,664,ACTA DE CASILLA,,
1711,29031,29031,TETLA DE LA SOLIDARIDAD,2021,20210606,201,SAN FRANCISCO ATEXCATZINGO,420,B,,19,11,,121,,,,,25,126,,5,,25,8,25,indep,,,0,365,12,377,675,ACTA DE CASILLA,,
1712,29031,29031,TETLA DE LA SOLIDARIDAD,2021,20210606,201,SAN FRANCISCO ATEXCATZINGO,421,B,,26,16,,74,,,,,25,138,,5,,17,15,15,indep,,,3,334,19,353,603,ACTA DE CASILLA,,
1713,29031,29031,TETLA DE LA SOLIDARIDAD,2021,20210606,201,SAN FRANCISCO ATEXCATZINGO,420,C,,14,18,,148,,,,,35,79,,15,,24,24,57,indep,,,0,414,17,431,675,ACTA DE CASILLA,,
1714,29031,29031,TETLA DE LA SOLIDARIDAD,2021,20210606,201,SAN FRANCISCO ATEXCATZINGO,420,C,,25,4,,131,,,,,19,117,,5,,24,15,41,indep,,,0,381,16,397,674,ACTA DE CASILLA,,
1715,29031,29031,TETLA DE LA SOLIDARIDAD,2021,20210606,201,SAN FRANCISCO ATEXCATZINGO,421,C,,16,17,,87,,,,,19,162,,7,,15,16,23,indep,,,0,362,9,371,603,ACTA DE CASILLA,,
1716,29031,29031,TETLA DE LA SOLIDARIDAD,2021,20210606,201,SAN FRANCISCO ATEXCATZINGO,421,C,,19,8,,104,,,,,24,126,,1,,21,14,33,indep,,,0,350,19,369,603,ACTA DE CASILLA,,
1717,29031,29031,TETLA DE LA SOLIDARIDAD,2021,20210606,201,SAN FRANCISCO ATEXCATZINGO,421,C,,13,12,,70,,,,,22,139,,2,,16,22,25,indep,,,0,321,19,340,603,ACTA DE CASILLA,,
1718,29031,29031,TETLA DE LA SOLIDARIDAD,2021,20210606,202,SAN BARTOLOME MATLALOHCAN,422,B,,15,19,6,17,,,,,56,40,1,41,,12,10,107,indep,,,0,324,11,335,645,ACTA DE CASILLA,,
1719,29031,29031,TETLA DE LA SOLIDARIDAD,2021,20210606,202,SAN BARTOLOME MATLALOHCAN,422,C,,28,16,13,16,,,,,68,63,3,52,,12,6,97,indep,,,1,375,16,391,645,ACTA DE CASILLA,,
1720,29031,29031,TETLA DE LA SOLIDARIDAD,2021,20210606,202,SAN BARTOLOME MATLALOHCAN,422,C,,16,14,6,13,,,,,64,49,4,55,,13,5,154,indep,,,5,398,9,407,645,ACTA DE CASILLA,,
1721,29031,29031,TETLA DE LA SOLIDARIDAD,2021,20210606,202,SAN BARTOLOME MATLALOHCAN,422,C,,14,20,13,17,,,,,48,74,0,36,,27,3,73,indep,,,0,325,14,339,645,ACTA DE CASILLA,,
1722,29031,29031,TETLA DE LA SOLIDARIDAD,2021,20210606,202,SAN BARTOLOME MATLALOHCAN,422,C,,16,15,4,26,,,,,49,52,5,55,,18,6,96,indep,,,2,344,11,355,644,ACTA DE CASILLA,,
1723,29031,29031,TETLA DE LA SOLIDARIDAD,2021,20210606,202,SAN BARTOLOME MATLALOHCAN,422,C,,18,28,12,3,,,,,82,43,0,33,,15,11,103,indep,,,1,349,15,364,644,ACTA DE CASILLA,,
1724,29031,29031,TETLA DE LA SOLIDARIDAD,2021,20210606,203,SAN ISIDRO PIEDRAS NEGRAS,423,B,,11,10,,55,,,,,48,17,,1,,18,,44,indep,,,0,204,5,209,235,ACTA DE CASILLA,,
1725,29031,29032,TETLATLAHUCA,2021,20210606,204,SAN BARTOLOME TENANGO,424,B,,,,,,,,,,,,,,,,,,,,,0,0,0,0,507,ACTA DENTRO DEL PAQUETE ELECTORAL,,
1726,29031,29032,TETLATLAHUCA,2021,20210606,204,SAN BARTOLOME TENANGO,424,C,,,4,,54,104,,,166,0,,17,,,,,,,,,19,364,6,370,507,ACTA DE CASILLA,,
1727,29031,29032,TETLATLAHUCA,2021,20210606,204,SAN BARTOLOME TENANGO,424,C,,,4,,59,101,,,148,10,,20,,,,,,,,,19,361,5,366,507,ACTA DE CASILLA,,
1728,29031,29032,TETLATLAHUCA,2021,20210606,205,SANTA CRUZ AQUIAHUAC,425,B,,,31,,110,,,1,,3,,249,,,,,,,,,0,394,1,395,514,ACTA DE CASILLA,,
1729,29031,29032,TETLATLAHUCA,2021,20210606,205,SANTA CRUZ AQUIAHUAC,426,B,,,37,,139,,,5,,5,,299,,,,,,,,,0,485,7,492,720,ACTA DE CASILLA,,
1730,29031,29032,TETLATLAHUCA,2021,20210606,205,SANTA CRUZ AQUIAHUAC,425,C,,,24,,117,,,10,,2,,238,,,,,,,,,0,391,4,395,513,ACTA DE CASILLA,,
1731,29031,29032,TETLATLAHUCA,2021,20210606,205,SANTA CRUZ AQUIAHUAC,425,C,,,30,,97,,,5,,3,,246,,,,,,,,,0,381,0,381,513,ACTA DE CASILLA,,
1732,29031,29032,TETLATLAHUCA,2021,20210606,205,SANTA CRUZ AQUIAHUAC,426,C,,,35,,139,,,6,,5,,327,,,,,,,,,0,512,8,520,720,ACTA DE CASILLA,,
1733,29031,29032,TETLATLAHUCA,2021,20210606,206,SANTA ISABEL TETLATLAHUCA,427,B,,,47,35,101,,,37,20,39,,30,84,25,,,,,,,0,418,10,428,647,ACTA DE CASILLA,,
1734,29031,29032,TETLATLAHUCA,2021,20210606,206,SANTA ISABEL TETLATLAHUCA,428,B,,,56,63,89,,,57,29,31,,29,16,3,,,,,,,0,373,6,379,510,ACTA DE CASILLA,,
1735,29031,29032,TETLATLAHUCA,2021,20210606,206,SANTA ISABEL TETLATLAHUCA,427,C,,,41,59,97,,,45,28,54,,19,80,20,,,,,,,0,443,9,452,647,ACTA DE CASILLA,,
1736,29031,29032,TETLATLAHUCA,2021,20210606,206,SANTA ISABEL TETLATLAHUCA,427,C,,,47,59,80,,,44,19,37,,37,74,17,,,,,,,0,414,15,429,647,ACTA DE CASILLA,,
1737,29031,29032,TETLATLAHUCA,2021,20210606,206,SANTA ISABEL TETLATLAHUCA,428,C,,,37,64,70,,,68,21,22,,22,19,3,,,,,,,0,326,4,330,509,ACTA DE CASILLA,,
1738,29031,29032,TETLATLAHUCA,2021,20210606,206,SANTA ISABEL TETLATLAHUCA,428,C,,,24,82,65,,,44,30,24,,30,30,10,,,,,,,0,339,13,352,509,ACTA DE CASILLA,,
1739,29031,29032,TETLATLAHUCA,2021,20210606,207,SAN ANDRES CUAMILPA,431,B,,,3,,220,,,,164,18,,7,,,,,,,,,0,412,6,418,559,ACTA DE CASILLA,,
1740,29031,29032,TETLATLAHUCA,2021,20210606,207,SAN ANDRES CUAMILPA,431,C,,,1,,261,,,,124,8,,0,,,,,,,,,0,394,6,400,558,ACTA DE CASILLA,,
1741,29033,29033,TLAXCALA,2021,20210606,208,SAN ESTEBAN TIZATLAN,435,B,,69,112,58,11,,13,9,10,3,78,,,,13,,,,,,0,376,9,385,603,ACTA DE CASILLA,,
1742,29033,29033,TLAXCALA,2021,20210606,208,SAN ESTEBAN TIZATLAN,436,B,,100,115,49,4,,16,52,20,4,47,,,,10,,,,,,0,417,21,438,658,ACTA DE CASILLA,,
1743,29033,29033,TLAXCALA,2021,20210606,208,SAN ESTEBAN TIZATLAN,437,B,,94,130,56,12,,11,45,23,5,64,,,,8,,,,,,0,448,9,457,721,ACTA DE CASILLA,,
1744,29033,29033,TLAXCALA,2021,20210606,208,SAN ESTEBAN TIZATLAN,435,C,,77,88,12,5,,8,2,6,1,112,,,,4,,,,,,0,315,9,324,602,ACTA DE CASILLA,,
1745,29033,29033,TLAXCALA,2021,20210606,208,SAN ESTEBAN TIZATLAN,435,C,,65,101,65,2,,13,29,23,1,86,,,,28,,,,,,0,413,11,424,602,ACTA DE CASILLA,,
1746,29033,29033,TLAXCALA,2021,20210606,208,SAN ESTEBAN TIZATLAN,436,C,,77,115,35,4,,10,67,19,0,71,,,,7,,,,,,1,406,12,418,658,ACTA DE CASILLA,,
1747,29033,29033,TLAXCALA,2021,20210606,208,SAN ESTEBAN TIZATLAN,436,C,,113,110,41,1,,24,61,15,1,64,,,,2,,,,,,0,432,8,440,657,ACTA DE CASILLA,,
1748,29033,29033,TLAXCALA,2021,20210606,208,SAN ESTEBAN TIZATLAN,437,C,,114,89,81,8,,10,79,15,1,75,,,,9,,,,,,0,481,8,489,721,ACTA DE CASILLA,,
1749,29033,29033,TLAXCALA,2021,20210606,209,SANTA MARIA IXTULCO,438,B,,76,30,45,25,33,9,2,6,3,49,8,,,12,85,,,,,0,383,15,398,568,ACTA DE CASILLA,,
1750,29033,29033,TLAXCALA,2021,20210606,209,SANTA MARIA IXTULCO,439,B,,83,81,26,51,25,9,1,10,7,65,34,,,4,19,,,,,0,415,14,429,590,ACTA DE CASILLA,,
1751,29033,29033,TLAXCALA,2021,20210606,209,SANTA MARIA IXTULCO,438,C,,100,26,52,27,50,5,3,7,1,68,8,,,5,57,,,,,0,409,11,420,567,ACTA DE CASILLA,,
1752,29033,29033,TLAXCALA,2021,20210606,209,SANTA MARIA IXTULCO,438,C,,83,27,42,19,38,4,2,7,12,63,8,,,14,78,,,,,0,397,9,406,567,ACTA DE CASILLA,,
1753,29033,29033,TLAXCALA,2021,20210606,209,SANTA MARIA IXTULCO,439,C,,65,67,19,62,36,13,1,9,9,71,33,,,4,31,,,,,0,420,16,436,589,ACTA DE CASILLA,,
1754,29033,29033,TLAXCALA,2021,20210606,209,SANTA MARIA IXTULCO,439,C,,86,61,17,51,27,13,2,16,5,47,26,,,12,40,,,,,0,403,9,412,589,ACTA DE CASILLA,,
1755,29033,29033,TLAXCALA,2021,20210606,209,SANTA MARIA IXTULCO,439,C,,68,93,21,51,33,9,2,10,5,58,43,,,0,24,,,,,0,417,11,428,589,ACTA DE CASILLA,,
1756,29033,29033,TLAXCALA,2021,20210606,210,SAN BUENAVENTURA ATEMPAN,440,B,,41,79,0,46,,48,3,20,114,49,,8,24,9,,,,,,0,441,8,449,621,ACTA DE CASILLA,,
1757,29033,29033,TLAXCALA,2021,20210606,210,SAN BUENAVENTURA ATEMPAN,440,C,,49,63,2,36,,57,4,8,138,52,,7,19,0,,,,,,2,437,12,449,621,ACTA DE CASILLA,,
1758,29033,29033,TLAXCALA,2021,20210606,210,SAN BUENAVENTURA ATEMPAN,440,C,,48,52,3,35,,58,0,11,139,55,,6,29,20,,,,,,0,456,2,458,620,ACTA DE CASILLA,,
1759,29033,29033,TLAXCALA,2021,20210606,211,OCOTLAN,444,B,,42,62,43,6,26,11,12,41,20,100,12,,3,12,19,,,,,0,409,16,425,671,ACTA DE CASILLA,,
1760,29033,29033,TLAXCALA,2021,20210606,211,OCOTLAN,445,B,,38,51,69,10,23,9,49,49,32,81,18,,3,24,19,,,,,0,475,11,486,750,ACTA DE CASILLA,,
1761,29033,29033,TLAXCALA,2021,20210606,211,OCOTLAN,453,B,,40,60,20,8,15,24,24,20,43,96,22,,9,15,19,,,,,0,415,14,429,715,ACTA DE CASILLA,,
1762,29033,29033,TLAXCALA,2021,20210606,211,OCOTLAN,458,B,,3,6,0,1,3,0,0,1,0,8,3,,0,0,0,,,,,0,25,0,25,57,ACTA DE CASILLA,,
1763,29033,29033,TLAXCALA,2021,20210606,211,OCOTLAN,444,C,,37,47,41,11,24,18,16,41,16,95,17,,5,14,20,,,,,1,403,8,411,671,ACTA DE CASILLA,,
1764,29033,29033,TLAXCALA,2021,20210606,211,OCOTLAN,444,C,,49,58,34,12,13,17,14,50,8,92,31,,2,4,19,,,,,0,403,21,424,671,ACTA DE CASILLA,,
1765,29033,29033,TLAXCALA,2021,20210606,211,OCOTLAN,444,C,,42,73,48,8,13,15,17,47,20,97,10,,3,14,17,,,,,0,424,8,432,670,ACTA DE CASILLA,,
1766,29033,29033,TLAXCALA,2021,20210606,211,OCOTLAN,444,C,,43,61,50,8,19,24,17,39,13,106,9,,4,14,19,,,,,0,426,10,436,670,ACTA DE CASILLA,,
1767,29033,29033,TLAXCALA,2021,20210606,211,OCOTLAN,444,C,,34,75,49,11,21,17,22,40,13,107,13,,2,16,15,,,,,0,435,11,446,670,ACTA DE CASILLA,,
1768,29033,29033,TLAXCALA,2021,20210606,211,OCOTLAN,445,C,,57,47,70,8,22,10,49,40,40,93,13,,1,23,16,,,,,0,489,7,496,750,ACTA DE CASILLA,,
1769,29033,29033,TLAXCALA,2021,20210606,211,OCOTLAN,453,C,,24,52,29,7,12,26,19,33,47,100,23,,1,12,12,,,,,0,397,14,411,719,ACTA DE CASILLA,,
1770,29033,29033,TLAXCALA,2021,20210606,211,OCOTLAN,453,C,,28,61,36,10,17,20,23,25,45,88,26,,6,11,11,,,,,3,410,5,415,719,ACTA DE CASILLA,,
1771,29033,29033,TLAXCALA,2021,20210606,211,OCOTLAN,453,C,,28,38,29,13,12,16,26,23,56,81,27,,6,5,18,,,,,2,380,14,394,713,ACTA DE CASILLA,,
1772,29033,29033,TLAXCALA,2021,20210606,211,OCOTLAN,453,C,,33,55,43,8,19,19,33,22,38,39,28,,3,9,10,,,,,0,359,1,360,718,ACTA DE CASILLA,,
1773,29033,29033,TLAXCALA,2021,20210606,211,OCOTLAN,453,C,,20,56,35,17,6,18,39,41,49,80,19,,3,9,11,,,,,1,404,14,418,720,ACTA DE CASILLA,,
1774,29033,29033,TLAXCALA,2021,20210606,211,OCOTLAN,453,C,,24,47,35,13,12,32,37,27,40,98,21,,7,6,9,,,,,0,408,9,417,714,ACTA DE CASILLA,,
1775,29033,29033,TLAXCALA,2021,20210606,211,OCOTLAN,453,C,,36,59,22,5,14,20,27,24,37,105,15,,6,9,20,,,,,3,402,13,415,715,ACTA DE CASILLA,,
1776,29033,29033,TLAXCALA,2021,20210606,211,OCOTLAN,453,C,,27,54,20,11,12,25,26,38,42,86,16,,3,3,13,,,,,2,378,13,391,712,ACTA DE CASILLA,,
1777,29033,29033,TLAXCALA,2021,20210606,211,OCOTLAN,453,C,,22,45,35,9,16,45,20,33,44,107,17,,11,9,11,,,,,0,424,7,431,716,ACTA DE CASILLA,,
1778,29033,29033,TLAXCALA,2021,20210606,211,OCOTLAN,458,C,,5,7,2,1,2,0,2,3,2,5,2,,0,0,1,,,,,0,32,2,34,71,ACTA DE CASILLA,,
1779,29033,29033,TLAXCALA,2021,20210606,211,OCOTLAN,458,C,,2,5,3,0,4,0,0,1,1,7,2,,0,1,2,,,,,0,28,6,34,69,ACTA DE CASILLA,,
1780,29033,29033,TLAXCALA,2021,20210606,211,OCOTLAN,458,C,,3,4,0,1,2,0,1,3,1,17,1,,0,1,1,,,,,0,35,0,35,82,ACTA DE CASILLA,,
1781,29033,29033,TLAXCALA,2021,20210606,211,OCOTLAN,458,C,,1,4,3,0,6,0,2,1,1,9,1,,1,0,1,,,,,0,30,2,32,67,ACTA DE CASILLA,,
1782,29033,29033,TLAXCALA,2021,20210606,211,OCOTLAN,458,C,,1,1,0,0,1,1,0,0,0,5,1,,0,0,0,,,,,0,10,0,10,70,ACTA DE CASILLA,,
1783,29033,29033,TLAXCALA,2021,20210606,212,SAN HIPOLITO CHIMALPA,448,B,,42,23,11,,,,,52,75,117,,,44,3,,,,,,0,367,12,379,584,ACTA DE CASILLA,,
1784,29033,29033,TLAXCALA,2021,20210606,212,SAN HIPOLITO CHIMALPA,448,C,,32,34,11,,,,,66,65,113,,,51,4,,,,,,2,378,9,387,583,ACTA DE CASILLA,,
1785,29033,29033,TLAXCALA,2021,20210606,212,SAN HIPOLITO CHIMALPA,448,C,,53,17,18,,,,,45,79,129,,,39,3,,,,,,0,383,8,391,583,ACTA DE CASILLA,,
1786,29033,29033,TLAXCALA,2021,20210606,212,SAN HIPOLITO CHIMALPA,448,C,,36,16,9,,,,,59,105,113,,,33,4,,,,,,0,375,5,380,583,ACTA DE CASILLA,,
1787,29033,29033,TLAXCALA,2021,20210606,213,SAN GABRIEL CUAUHTLA,451,B,,48,39,,4,,26,,43,3,66,4,13,122,,16,,,,,1,385,10,395,648,ACTA DE CASILLA,,
1788,29033,29033,TLAXCALA,2021,20210606,213,SAN GABRIEL CUAUHTLA,452,B,,8,6,,2,,8,,1,1,12,1,0,19,,6,,,,,0,64,3,67,79,ACTA DE CASILLA,,
1789,29033,29033,TLAXCALA,2021,20210606,213,SAN GABRIEL CUAUHTLA,453,B,,40,60,,8,,26,,33,47,100,23,0,1,,12,,,,,0,350,14,364,8,ACTA DE CASILLA,,
1790,29033,29033,TLAXCALA,2021,20210606,213,SAN GABRIEL CUAUHTLA,459,B,,51,79,,2,,20,,23,7,100,11,13,41,,14,,,,,0,361,9,370,482,ACTA DE CASILLA,,
1791,29033,29033,TLAXCALA,2021,20210606,213,SAN GABRIEL CUAUHTLA,464,B,,26,17,,1,,4,,4,1,32,0,1,6,,7,,,,,0,99,2,101,166,ACTA DE CASILLA,,
1792,29033,29033,TLAXCALA,2021,20210606,213,SAN GABRIEL CUAUHTLA,451,C,,61,24,,1,,26,,46,14,70,3,17,102,,14,,,,,1,379,13,392,648,ACTA DE CASILLA,,
1793,29033,29033,TLAXCALA,2021,20210606,213,SAN GABRIEL CUAUHTLA,451,C,,48,22,,1,,20,,53,4,57,6,14,149,,13,,,,,1,388,8,396,648,ACTA DE CASILLA,,
1794,29033,29033,TLAXCALA,2021,20210606,213,SAN GABRIEL CUAUHTLA,452,C,,11,1,,0,,6,,2,0,4,0,0,10,,9,,,,,0,43,1,44,68,ACTA DE CASILLA,,
1795,29033,29033,TLAXCALA,2021,20210606,213,SAN GABRIEL CUAUHTLA,452,C,,16,1,,0,,4,,4,0,8,0,1,15,,6,,,,,0,55,0,55,84,ACTA DE CASILLA,,
1796,29033,29033,TLAXCALA,2021,20210606,213,SAN GABRIEL CUAUHTLA,453,C,,24,52,,7,,26,,33,47,100,23,0,1,,12,,,,,0,325,14,339,4,ACTA DE CASILLA,,
1797,29033,29033,TLAXCALA,2021,20210606,213,SAN GABRIEL CUAUHTLA,453,C,,28,61,,10,,20,,25,45,88,26,0,6,,11,,,,,3,323,5,328,4,ACTA DE CASILLA,,
1798,29033,29033,TLAXCALA,2021,20210606,213,SAN GABRIEL CUAUHTLA,453,C,,,,,,,,,,,,,,,,,,,,,0,0,0,0,10,ACTA DENTRO DEL PAQUETE ELECTORAL,,
1799,29033,29033,TLAXCALA,2021,20210606,213,SAN GABRIEL CUAUHTLA,453,C,,,,,,,,,,,,,,,,,,,,,0,0,0,0,5,ACTA DENTRO DEL PAQUETE ELECTORAL,,
1800,29033,29033,TLAXCALA,2021,20210606,213,SAN GABRIEL CUAUHTLA,453,C,,,,,,,,,,,,,,,,,,,,,0,0,0,0,3,ACTA DENTRO DEL PAQUETE ELECTORAL,,
1801,29033,29033,TLAXCALA,2021,20210606,213,SAN GABRIEL CUAUHTLA,453,C,,,,,,,,,,,,,,,,,,,,,0,0,0,0,8,ACTA DENTRO DEL PAQUETE ELECTORAL,,
1802,29033,29033,TLAXCALA,2021,20210606,213,SAN GABRIEL CUAUHTLA,453,C,,,,,,,,,,,,,,,,,,,,,0,0,0,0,7,ACTA DENTRO DEL PAQUETE ELECTORAL,,
1803,29033,29033,TLAXCALA,2021,20210606,213,SAN GABRIEL CUAUHTLA,453,C,,,,,,,,,,,,,,,,,,,,,0,0,0,0,9,ACTA DENTRO DEL PAQUETE ELECTORAL,,
1804,29033,29033,TLAXCALA,2021,20210606,213,SAN GABRIEL CUAUHTLA,453,C,,,,,,,,,,,,,,,,,,,,,0,0,0,0,6,ACTA DENTRO DEL PAQUETE ELECTORAL,,
1805,29033,29033,TLAXCALA,2021,20210606,213,SAN GABRIEL CUAUHTLA,459,C,,29,52,,5,,13,,27,5,59,6,9,40,,11,,,,,0,256,6,262,471,ACTA DE CASILLA,,
1806,29033,29033,TLAXCALA,2021,20210606,213,SAN GABRIEL CUAUHTLA,459,C,,27,42,,6,,16,,48,12,67,4,7,37,,4,,,,,0,270,4,274,476,ACTA DE CASILLA,,
1807,29033,29033,TLAXCALA,2021,20210606,213,SAN GABRIEL CUAUHTLA,464,C,,18,15,,2,,2,,5,0,18,3,0,4,,4,,,,,0,71,0,71,130,ACTA DE CASILLA,,
1808,29033,29033,TLAXCALA,2021,20210606,213,SAN GABRIEL CUAUHTLA,464,C,,12,20,,0,,4,,6,2,21,0,1,2,,4,,,,,0,72,2,74,132,ACTA DE CASILLA,,
1809,29033,29033,TLAXCALA,2021,20210606,213,SAN GABRIEL CUAUHTLA,464,C,,11,13,,3,,6,,7,0,19,1,0,10,,0,,,,,0,70,3,73,129,ACTA DE CASILLA,,
1810,29033,29033,TLAXCALA,2021,20210606,213,SAN GABRIEL CUAUHTLA,464,C,,12,10,,0,,5,,5,0,30,3,2,4,,3,,,,,0,74,1,75,138,ACTA DE CASILLA,,
1811,29033,29033,TLAXCALA,2021,20210606,213,SAN GABRIEL CUAUHTLA,464,C,,25,11,,2,,2,,8,1,26,1,1,6,,2,,,,,0,85,4,89,150,ACTA DE CASILLA,,
1812,29033,29033,TLAXCALA,2021,20210606,213,SAN GABRIEL CUAUHTLA,464,C,,21,11,,0,,3,,9,0,26,1,1,9,,5,,,,,0,86,3,89,151,ACTA DE CASILLA,,
1813,29033,29033,TLAXCALA,2021,20210606,213,SAN GABRIEL CUAUHTLA,458,E,,49,63,,10,,9,,20,4,100,9,12,42,,15,,,,,0,333,15,348,446,ACTA DE CASILLA,,
1814,29033,29033,TLAXCALA,2021,20210606,213,SAN GABRIEL CUAUHTLA,458,E,,36,37,,6,,18,,24,8,73,2,4,53,,15,,,,,0,276,10,286,484,ACTA DE CASILLA,,
1815,29033,29033,TLAXCALA,2021,20210606,213,SAN GABRIEL CUAUHTLA,458,E,,54,47,,14,,22,,27,4,94,4,6,41,,16,,,,,1,330,13,343,463,ACTA DE CASILLA,,
1816,29033,29033,TLAXCALA,2021,20210606,214,LA TRINIDAD TEPEHITEC,461,B,,0,1,4,1,,0,2,1,0,2,,1,,,0,,,,,0,12,1,13,47,ACTA DE CASILLA,,
1817,29033,29033,TLAXCALA,2021,20210606,214,LA TRINIDAD TEPEHITEC,462,B,,31,116,112,12,,12,27,30,7,102,,28,,,5,,,,,1,483,14,497,714,ACTA DE CASILLA,,
1818,29033,29033,TLAXCALA,2021,20210606,214,LA TRINIDAD TEPEHITEC,463,B,,1,2,1,1,,1,0,2,0,7,,0,,,0,,,,,0,15,3,18,36,ACTA DE CASILLA,,
1819,29033,29033,TLAXCALA,2021,20210606,214,LA TRINIDAD TEPEHITEC,461,C,,1,1,3,0,,0,2,3,0,5,,0,,,0,,,,,0,15,0,15,45,ACTA DE CASILLA,,
1820,29033,29033,TLAXCALA,2021,20210606,214,LA TRINIDAD TEPEHITEC,461,C,,1,7,3,0,,0,2,0,0,5,,0,,,0,,,,,0,18,3,21,40,ACTA DE CASILLA,,
1821,29033,29033,TLAXCALA,2021,20210606,214,LA TRINIDAD TEPEHITEC,462,C,,50,116,84,14,,6,42,20,11,80,,24,,,3,,,,,1,451,7,458,714,ACTA DE CASILLA,,
1822,29033,29033,TLAXCALA,2021,20210606,214,LA TRINIDAD TEPEHITEC,462,C,,28,113,107,19,,10,30,20,9,113,,32,,,1,,,,,0,482,19,501,713,ACTA DE CASILLA,,
1823,29033,29033,TLAXCALA,2021,20210606,214,LA TRINIDAD TEPEHITEC,463,C,,1,2,1,0,,0,2,1,0,18,,0,,,0,,,,,1,26,1,27,48,ACTA DE CASILLA,,
1824,29033,29033,TLAXCALA,2021,20210606,214,LA TRINIDAD TEPEHITEC,463,C,,2,3,0,0,,1,0,1,0,10,,0,,,1,,,,,0,18,1,19,35,ACTA DE CASILLA,,
1825,29033,29033,TLAXCALA,2021,20210606,215,SANTA MARIA ACUITLAPILCO,464,B,,16,55,1,5,15,,2,21,0,58,0,3,1,5,13,,,,,0,195,8,203,368,ACTA DE CASILLA,,
1826,29033,29033,TLAXCALA,2021,20210606,215,SANTA MARIA ACUITLAPILCO,465,B,,18,35,1,16,56,,10,74,0,158,6,6,1,9,14,,,,,1,405,4,409,660,ACTA DE CASILLA,,
1827,29033,29033,TLAXCALA,2021,20210606,215,SANTA MARIA ACUITLAPILCO,466,B,,24,23,0,33,32,,5,76,6,204,4,11,3,5,8,,,,,0,434,13,447,745,ACTA DE CASILLA,,
1828,29033,29033,TLAXCALA,2021,20210606,215,SANTA MARIA ACUITLAPILCO,464,C,,22,16,0,6,7,,3,23,1,75,1,5,1,4,0,,,,,0,164,4,168,324,ACTA DE CASILLA,,
1829,29033,29033,TLAXCALA,2021,20210606,215,SANTA MARIA ACUITLAPILCO,464,C,,11,38,1,10,11,,5,32,0,64,4,3,1,8,4,,,,,0,192,8,200,366,ACTA DE CASILLA,,
1830,29033,29033,TLAXCALA,2021,20210606,215,SANTA MARIA ACUITLAPILCO,464,C,,19,35,3,6,7,,6,19,0,63,2,2,1,5,6,,,,,0,174,7,181,344,ACTA DE CASILLA,,
1831,29033,29033,TLAXCALA,2021,20210606,215,SANTA MARIA ACUITLAPILCO,464,C,,13,25,2,7,7,,4,7,1,66,1,0,1,6,3,,,,,2,145,5,150,302,ACTA DE CASILLA,,
1832,29033,29033,TLAXCALA,2021,20210606,215,SANTA MARIA ACUITLAPILCO,464,C,,17,22,3,7,7,,1,9,1,73,5,4,4,5,8,,,,,0,166,7,173,315,ACTA DE CASILLA,,
1833,29033,29033,TLAXCALA,2021,20210606,215,SANTA MARIA ACUITLAPILCO,464,C,,15,39,2,7,7,,2,19,0,66,7,3,0,9,2,,,,,1,179,6,185,328,ACTA DE CASILLA,,
1834,29033,29033,TLAXCALA,2021,20210606,215,SANTA MARIA ACUITLAPILCO,465,C,,19,37,0,25,110,,3,68,2,146,6,10,4,8,7,,,,,0,445,16,461,664,ACTA DE CASILLA,,
1835,29033,29033,TLAXCALA,2021,20210606,215,SANTA MARIA ACUITLAPILCO,465,C,,32,53,2,18,57,,3,46,1,152,15,0,2,3,13,,,,,0,397,14,411,660,ACTA DE CASILLA,,
1836,29033,29033,TLAXCALA,2021,20210606,215,SANTA MARIA ACUITLAPILCO,465,C,,17,39,4,18,65,,3,69,1,123,8,2,3,4,8,,,,,0,364,14,378,659,ACTA DE CASILLA,,
1837,29033,29033,TLAXCALA,2021,20210606,215,SANTA MARIA ACUITLAPILCO,465,C,,22,37,3,36,58,,3,51,0,129,9,0,0,4,18,,,,,0,370,14,384,662,ACTA DE CASILLA,,
1838,29033,29033,TLAXCALA,2021,20210606,215,SANTA MARIA ACUITLAPILCO,465,C,,51,32,8,35,45,,3,60,3,136,16,3,3,5,14,,,,,0,414,8,422,659,ACTA DE CASILLA,,
1839,29033,29033,TLAXCALA,2021,20210606,215,SANTA MARIA ACUITLAPILCO,465,C,,30,35,1,21,59,,9,71,2,144,5,11,9,2,15,,,,,0,414,10,424,654,ACTA DE CASILLA,,
1840,29033,29033,TLAXCALA,2021,20210606,215,SANTA MARIA ACUITLAPILCO,466,C,,20,18,2,43,42,,10,98,3,177,0,16,3,11,4,,,,,0,447,13,460,745,ACTA DE CASILLA,,
1841,29033,29033,TLAXCALA,2021,20210606,215,SANTA MARIA ACUITLAPILCO,466,C,,21,24,1,34,42,,17,81,4,177,1,19,6,4,5,,,,,0,436,12,448,745,ACTA DE CASILLA,,
1842,29033,29033,TLAXCALA,2021,20210606,215,SANTA MARIA ACUITLAPILCO,466,C,,20,17,2,43,42,,9,76,10,185,6,11,0,8,4,,,,,0,433,6,439,745,ACTA DE CASILLA,,
1843,29033,29033,TLAXCALA,2021,20210606,215,SANTA MARIA ACUITLAPILCO,466,C,,21,26,0,34,31,,16,99,7,260,4,10,0,10,1,,,,,0,519,14,533,745,ACTA DE CASILLA,,
1844,29033,29033,TLAXCALA,2021,20210606,215,SANTA MARIA ACUITLAPILCO,466,C,,24,28,3,37,37,,6,98,3,192,4,17,2,4,7,,,,,0,462,15,477,744,ACTA DE CASILLA,,
1845,29033,29033,TLAXCALA,2021,20210606,216,SAN LUCAS CUAHTELULPAN,468,B,,61,135,15,23,40,1,,32,6,47,13,6,28,4,28,,,,,0,439,7,446,649,ACTA DE CASILLA,,
1846,29033,29033,TLAXCALA,2021,20210606,216,SAN LUCAS CUAHTELULPAN,469,B,,53,61,4,21,93,1,,16,13,22,15,13,39,2,36,,,,,0,389,14,403,543,ACTA DE CASILLA,,
1847,29033,29033,TLAXCALA,2021,20210606,216,SAN LUCAS CUAHTELULPAN,468,C,,45,87,11,18,65,5,,47,0,53,24,4,22,4,22,,,,,0,407,9,416,649,ACTA DE CASILLA,,
1848,29033,29033,TLAXCALA,2021,20210606,216,SAN LUCAS CUAHTELULPAN,468,C,,44,107,25,21,73,1,,11,8,61,14,15,11,8,18,,,,,0,417,11,428,649,ACTA DE CASILLA,,
1849,29033,29033,TLAXCALA,2021,20210606,216,SAN LUCAS CUAHTELULPAN,468,C,,52,82,17,22,56,2,,25,3,61,14,14,24,12,25,,,,,0,409,13,422,649,ACTA DE CASILLA,,
1850,29033,29033,TLAXCALA,2021,20210606,216,SAN LUCAS CUAHTELULPAN,469,C,,47,81,4,27,98,0,,10,5,21,21,4,44,1,32,,,,,0,395,8,403,543,ACTA DE CASILLA,,
1851,29033,29033,TLAXCALA,2021,20210606,216,SAN LUCAS CUAHTELULPAN,469,C,,27,70,2,15,108,1,,14,7,24,35,1,39,3,45,,,,,0,391,8,399,543,ACTA DE CASILLA,,
1852,29034,29034,TLAXCO,2021,20210606,217,6A SECCION,470,B,,61,69,46,14,,4,,,,,,,,35,,,,,,1,230,9,239,541,ACTA DE CASILLA,,
1853,29034,29034,TLAXCO,2021,20210606,217,6A SECCION,470,C,,39,46,151,28,,0,,,,,,,,38,,,,,,0,302,14,316,540,ACTA DE CASILLA,,
1854,29034,29034,TLAXCO,2021,20210606,218,EL SABINAL,471,B,,99,48,165,,,,8,40,3,17,,,,29,,,,,,0,409,21,430,726,ACTA DE CASILLA,,
1855,29034,29034,TLAXCO,2021,20210606,218,EL SABINAL,471,C,,51,35,148,,,,3,106,54,27,,,,15,,,,,,0,439,17,456,725,ACTA DE CASILLA,,
1856,29034,29034,TLAXCO,2021,20210606,219,COLONIA ITURBIDE,472,B,,62,36,100,,,,31,77,46,34,,,,20,,,,,,0,406,14,420,677,ACTA DE CASILLA,,
1857,29034,29034,TLAXCO,2021,20210606,219,COLONIA ITURBIDE,472,C,,60,37,95,,,,59,65,34,37,,,,29,,,,,,0,416,13,429,676,ACTA DE CASILLA,,
1858,29034,29034,TLAXCO,2021,20210606,220,QUINTA SECCION BARRIO CHICO,473,B,,47,26,62,,,,142,19,16,34,,,,23,,,,,,0,369,16,385,572,ACTA DE CASILLA,,
1859,29034,29034,TLAXCO,2021,20210606,220,QUINTA SECCION BARRIO CHICO,473,C,,33,36,57,,,,118,30,22,36,,,,24,,,,,,0,356,8,364,572,ACTA DE CASILLA,,
1860,29034,29034,TLAXCO,2021,20210606,221,COLONIA TEPATLAXCO,474,B,,76,41,103,38,,,21,16,,42,,,,24,,,,,,0,361,9,370,617,ACTA DE CASILLA,,
1861,29034,29034,TLAXCO,2021,20210606,221,COLONIA TEPATLAXCO,474,C,,67,43,91,47,,,28,20,,31,,,,33,,,,,,0,360,9,369,626,ACTA DE CASILLA,,
1862,29034,29034,TLAXCO,2021,20210606,221,COLONIA TEPATLAXCO,474,C,,72,76,93,24,,,28,36,,28,,,,19,,,,,,0,376,5,381,624,ACTA DE CASILLA,,
1863,29034,29034,TLAXCO,2021,20210606,222,COLONIA POSTAL Y VISTA HERMOSA,476,B,,97,56,134,,24,,10,15,21,,,,,16,,,,,,0,373,17,390,617,ACTA DE CASILLA,,
1864,29034,29034,TLAXCO,2021,20210606,222,COLONIA POSTAL Y VISTA HERMOSA,476,C,,87,47,145,,13,,14,13,18,,,,,17,,,,,,0,354,22,376,617,ACTA DE CASILLA,,
1865,29034,29034,TLAXCO,2021,20210606,222,COLONIA POSTAL Y VISTA HERMOSA,476,C,,109,47,128,,26,,9,18,0,,,,,13,,,,,,1,351,10,361,617,ACTA DE CASILLA,,
1866,29034,29034,TLAXCO,2021,20210606,222,COLONIA POSTAL Y VISTA HERMOSA,476,C,,65,61,168,,26,,10,20,13,,,,,13,,,,,,0,376,13,389,617,ACTA DE CASILLA,,
1867,29034,29034,TLAXCO,2021,20210606,222,COLONIA POSTAL Y VISTA HERMOSA,476,C,,91,36,140,,28,,9,27,12,,,,,8,,,,,,0,351,24,375,616,ACTA DE CASILLA,,
1868,29034,29034,TLAXCO,2021,20210606,223,COLONIA EJIDAL,477,B,,63,42,120,,,,,55,,79,,,,37,,,,,,0,396,15,411,552,ACTA DE CASILLA,,
1869,29034,29034,TLAXCO,2021,20210606,223,COLONIA EJIDAL,477,C,,67,42,110,,,,,36,,71,,,,39,,,,,,2,367,8,375,551,ACTA DE CASILLA,,
1870,29034,29034,TLAXCO,2021,20210606,224,COLONIA SAN JUAN,478,B,,84,41,98,,,,23,,,53,,,,37,,,,,,0,336,10,346,493,ACTA DE CASILLA,,
1871,29034,29034,TLAXCO,2021,20210606,225,ACOPINALCO DEL PEÑON,481,B,,48,144,82,,,,24,12,2,117,,,,46,,,,,,0,475,17,492,678,ACTA DE CASILLA,,
1872,29034,29034,TLAXCO,2021,20210606,225,ACOPINALCO DEL PEÑON,481,C,,35,134,54,,,,24,9,5,136,,,,50,,,,,,0,447,20,467,677,ACTA DE CASILLA,,
1873,29034,29034,TLAXCO,2021,20210606,225,ACOPINALCO DEL PEÑON,481,C,,33,140,94,,,,27,4,2,89,,,,38,,,,,,0,427,11,438,677,ACTA DE CASILLA,,
1874,29034,29034,TLAXCO,2021,20210606,226,EL ROSARIO,482,B,,96,97,55,,,,4,65,1,,,,30,7,,,,,,0,355,13,368,647,ACTA DE CASILLA,,
1875,29034,29034,TLAXCO,2021,20210606,226,EL ROSARIO,482,C,,104,83,64,,,,10,42,3,,,,37,10,,,,,,0,353,24,377,646,ACTA DE CASILLA,,
1876,29034,29034,TLAXCO,2021,20210606,226,EL ROSARIO,482,C,,81,128,75,,,,5,48,0,,,,25,26,,,,,,0,388,10,398,646,ACTA DE CASILLA,,
1877,29034,29034,TLAXCO,2021,20210606,227,UNION EJIDAL TIERRA Y LIBERTAD,484,B,,106,45,103,,,,,16,81,,,,,,,0,indep,,,0,351,12,363,591,ACTA DE CASILLA,,
1878,29034,29034,TLAXCO,2021,20210606,227,UNION EJIDAL TIERRA Y LIBERTAD,484,C,,85,49,90,,,,,23,100,,,,,,,0,indep,,,3,350,8,358,591,ACTA DE CASILLA,,
1879,29034,29034,TLAXCO,2021,20210606,227,UNION EJIDAL TIERRA Y LIBERTAD,484,C,,123,58,83,,,,,11,51,,,,,,,21,indep,,,0,347,19,366,590,ACTA DE CASILLA,,
1880,29034,29034,TLAXCO,2021,20210606,228,MARIANO MATAMOROS,485,B,,40,142,52,,,,76,,11,137,,,,,,,,,,0,458,12,470,716,ACTA DE CASILLA,,
1881,29034,29034,TLAXCO,2021,20210606,229,ASERRADERO CASA BLANCA,486,B,,142,23,65,,,,,,84,8,,,,83,,,,,,0,405,10,415,632,ACTA DE CASILLA,,
1882,29034,29034,TLAXCO,2021,20210606,230,LAGUNILLAS,488,B,,46,85,42,,,,,5,95,35,,,,64,,,,,,0,372,19,391,683,ACTA DE CASILLA,,
1883,29034,29034,TLAXCO,2021,20210606,230,LAGUNILLAS,488,C,,35,93,35,,,,,5,113,43,,,,55,,,,,,0,379,20,399,682,ACTA DE CASILLA,,
1884,29034,29034,TLAXCO,2021,20210606,231,LA CIENEGA,490,B,,68,39,12,,,,,,3,13,,,,,,,,,,0,135,3,138,190,ACTA DE CASILLA,,
1885,29034,29034,TLAXCO,2021,20210606,232,ATOTONILCO,491,B,,57,14,153,,,6,,76,,74,,,18,9,,,,,,0,407,27,434,663,ACTA DE CASILLA,,
1886,29034,29034,TLAXCO,2021,20210606,232,ATOTONILCO,491,C,,51,9,143,,,4,,76,,88,,,30,8,,,,,,0,409,22,431,662,ACTA DE CASILLA,,
1887,29034,29034,TLAXCO,2021,20210606,232,ATOTONILCO,491,C,,53,8,154,,,23,,72,,73,,,16,5,,,,,,0,404,15,419,662,ACTA DE CASILLA,,
1888,29034,29034,TLAXCO,2021,20210606,232,ATOTONILCO,491,C,,45,21,211,,,6,,70,,80,,,14,10,,,,,,0,457,11,468,662,ACTA DE CASILLA,,
1889,29034,29034,TLAXCO,2021,20210606,233,SAN PEDRO LA CUEVA,492,B,,,33,74,,,,36,,,,,,19,31,,,,,,0,193,4,197,236,ACTA DE CASILLA,,
1890,29034,29034,TLAXCO,2021,20210606,234,SAN ANTONIO HUEXOTITLA,493,B,,,105,31,,,,,,75,67,,,,,,,,,,0,278,7,285,425,ACTA DE CASILLA,,
1891,29034,29034,TLAXCO,2021,20210606,235,SAN JOSE TEPEYAHUALCO,494,B,,,87,71,,,,,94,17,,,,,,,,,,,0,269,13,282,445,ACTA DE CASILLA,,
1892,29034,29034,TLAXCO,2021,20210606,235,SAN JOSE TEPEYAHUALCO,494,C,,,97,59,,,,,103,10,,,,,,,,,,,0,269,15,284,444,ACTA DE CASILLA,,
1893,29034,29034,TLAXCO,2021,20210606,236,SAN LORENZO SOLTEOPEC,495,B,,37,50,30,,,,,,,201,,,,,,,,,,0,318,8,326,430,ACTA DE CASILLA,,
1894,29034,29034,TLAXCO,2021,20210606,236,SAN LORENZO SOLTEOPEC,495,C,,49,80,27,,,,,,,160,,,,,,,,,,0,316,6,322,429,ACTA DE CASILLA,,
1895,29034,29034,TLAXCO,2021,20210606,237,LA PALMA,497,B,,129,9,68,,,,,,,,,,,,,,,,,0,206,2,208,244,ACTA DE CASILLA,,
1896,29034,29034,TLAXCO,2021,20210606,238,LA ROSA,497,E,,2,56,103,,,,7,,,,,,,,,,,,,0,168,4,172,221,ACTA DE CASILLA,,
1897,29034,29034,TLAXCO,2021,20210606,239,RANCHERIA LAS MESAS,498,B,,,29,38,,,,,,15,29,,,,,,70,indep,,,0,181,3,184,211,ACTA DE CASILLA,,
1898,29034,29034,TLAXCO,2021,20210606,240,COLONIA MAXIMO ROJAS XALOSTOC,499,B,,98,62,42,,,,44,68,,65,,,,,,,,,,5,384,10,394,476,ACTA DE CASILLA,,
1899,29034,29034,TLAXCO,2021,20210606,240,COLONIA MAXIMO ROJAS XALOSTOC,499,C,,70,41,39,,,,46,104,,48,,,,,,,,,,1,349,12,361,475,ACTA DE CASILLA,,
1900,29034,29034,TLAXCO,2021,20210606,241,LA MAGDALENA SOLTEPEC,500,B,,111,149,108,,,,,,0,,,,,,,,,,,1,369,14,383,487,ACTA DE CASILLA,,
1901,29034,29034,TLAXCO,2021,20210606,242,COLONIA JOSE MARIA MORELOS BUENAVISTA,501,B,,45,105,63,,,,,47,178,26,,,,,,,,,,0,464,15,479,703,ACTA DE CASILLA,,
1902,29034,29034,TLAXCO,2021,20210606,242,COLONIA JOSE MARIA MORELOS BUENAVISTA,501,C,,95,85,50,,,,,37,199,52,,,,,,,,,,0,518,0,518,702,ACTA DE CASILLA,,
1903,29034,29034,TLAXCO,2021,20210606,243,SANTA MARIA ZOTOLUCA,502,B,,56,37,54,82,,,16,,24,,,,,18,,,,,,0,287,5,292,347,ACTA DE CASILLA,,
1904,29034,29034,TLAXCO,2021,20210606,244,CAPILLA DE TEPEYAHUALCO,503,B,,14,8,72,,,,,,,23,,,,,,,,,,0,117,3,120,154,ACTA DE CASILLA,,
1905,29034,29034,TLAXCO,2021,20210606,245,RANCHERIA OJO DE AGUA,504,B,,26,13,32,,,,,,38,61,,,,,,,,,,0,170,6,176,218,ACTA DE CASILLA,,
1906,29035,29035,TOCATLAN,2021,20210606,246,SANTACRUZ VENUSTIANO CARRANZA,507,B,,,63,,28,35,,,,,32,,,22,150,131,49,indep,,,0,510,8,518,653,ACTA DE CASILLA,,
1907,29036,29036,TOTOLAC,2021,20210606,247,LOS REYES QUIAHUIXTLAN,508,B,,9,14,57,7,34,,28,16,10,61,2,19,24,20,15,,,,,0,316,9,325,440,ACTA DE CASILLA,,
1908,29036,29036,TOTOLAC,2021,20210606,247,LOS REYES QUIAHUIXTLAN,509,B,,15,22,27,2,39,,57,17,52,60,6,10,45,27,43,,,,,0,422,12,434,597,ACTA DE CASILLA,,
1909,29036,29036,TOTOLAC,2021,20210606,247,LOS REYES QUIAHUIXTLAN,508,C,,3,9,51,3,33,,37,16,8,63,11,23,17,16,24,,,,,0,314,15,329,439,ACTA DE CASILLA,,
1910,29036,29036,TOTOLAC,2021,20210606,247,LOS REYES QUIAHUIXTLAN,509,C,,25,14,36,4,50,,63,10,34,68,5,24,29,44,38,,,,,0,444,7,451,596,ACTA DE CASILLA,,
1911,29036,29036,TOTOLAC,2021,20211128,248,LA CANDELARIA TEOTLALPAN,511,B,extra,,,1,82,,20,57,20,,51,,,,,,,,,,0,231,1,232,473,ACTA DE CASILLA,,EXTRAORDINARIA 2021
1912,29036,29036,TOTOLAC,2021,20211128,248,LA CANDELARIA TEOTLALPAN,511,C,extra,,,4,90,,10,89,22,,59,,,,,,,,,,0,274,4,278,472,ACTA DE CASILLA,,EXTRAORDINARIA 2021
1913,29036,29036,TOTOLAC,2021,20210606,249,SAN FRANCISCO OCOTELULCO,512,B,,24,17,16,41,56,,13,69,,52,21,0,1,29,35,,,,,0,374,8,382,608,ACTA DE CASILLA,,
1914,29036,29036,TOTOLAC,2021,20210606,249,SAN FRANCISCO OCOTELULCO,512,C,,10,16,10,29,68,,23,73,,50,7,4,0,24,51,,,,,0,365,18,383,607,ACTA DE CASILLA,,
1915,29036,29036,TOTOLAC,2021,20210606,249,SAN FRANCISCO OCOTELULCO,512,C,,13,11,19,55,105,,30,49,,32,12,2,1,40,26,,,,,0,395,9,404,607,ACTA DE CASILLA,,
1916,29036,29036,TOTOLAC,2021,20210606,250,ACXOTLA DEL RIO,513,B,,,18,,74,38,48,4,71,21,44,34,2,,16,6,,,,,0,376,10,386,576,ACTA DE CASILLA,,
1917,29036,29036,TOTOLAC,2021,20210606,250,ACXOTLA DEL RIO,513,C,,,25,,46,47,62,7,53,12,34,34,4,,34,14,,,,,0,372,16,388,576,ACTA DE CASILLA,,
1918,29036,29036,TOTOLAC,2021,20210606,250,ACXOTLA DEL RIO,513,C,,,17,,70,46,64,3,52,14,40,67,4,,23,11,,,,,0,411,11,422,576,ACTA DE CASILLA,,
1919,29036,29036,TOTOLAC,2021,20210606,250,ACXOTLA DEL RIO,513,C,,,27,,64,34,57,2,63,8,48,46,3,,13,19,,,,,0,384,12,396,575,ACTA DE CASILLA,,
1920,29036,29036,TOTOLAC,2021,20210606,251,SAN MIGUEL TLAMAHUCO,514,B,,,32,16,,,,17,37,32,89,45,55,2,,54,,,,,0,379,14,393,561,ACTA DE CASILLA,,
1921,29036,29036,TOTOLAC,2021,20210606,251,SAN MIGUEL TLAMAHUCO,611,B,,,7,2,,,,4,1,0,14,3,1,0,,2,,,,,0,34,2,36,58,ACTA DE CASILLA,,
1922,29036,29036,TOTOLAC,2021,20210606,251,SAN MIGUEL TLAMAHUCO,514,C,,,39,34,,,,29,29,22,75,43,49,5,,48,,,,,0,373,12,385,560,ACTA DE CASILLA,,
1923,29036,29036,TOTOLAC,2021,20210606,252,SAN JUAN TOTOLAC,515,B,,93,48,,2,15,2,18,72,14,53,39,4,17,36,27,,,,,1,441,11,452,695,ACTA DE CASILLA,,
1924,29036,29036,TOTOLAC,2021,20210606,252,SAN JUAN TOTOLAC,516,B,,82,28,,1,23,5,13,53,22,77,17,24,31,50,34,,,,,0,460,11,471,636,ACTA DE CASILLA,,
1925,29036,29036,TOTOLAC,2021,20210606,252,SAN JUAN TOTOLAC,517,B,,43,49,,1,8,4,19,31,36,52,34,22,16,16,21,,,,,0,352,13,365,516,ACTA DE CASILLA,,
1926,29036,29036,TOTOLAC,2021,20210606,252,SAN JUAN TOTOLAC,515,C,,85,38,,5,15,5,19,122,12,47,35,4,10,37,27,,,,,0,461,13,474,694,ACTA DE CASILLA,,
1927,29036,29036,TOTOLAC,2021,20210606,252,SAN JUAN TOTOLAC,515,C,,101,53,,4,10,3,24,76,11,50,37,3,24,49,26,,,,,0,471,12,483,694,ACTA DE CASILLA,,
1928,29036,29036,TOTOLAC,2021,20210606,252,SAN JUAN TOTOLAC,516,C,,57,28,,7,9,3,9,60,16,97,25,8,39,41,28,,,,,1,428,11,439,636,ACTA DE CASILLA,,
1929,29036,29036,TOTOLAC,2021,20210606,252,SAN JUAN TOTOLAC,516,C,,95,40,,1,8,1,6,66,10,62,29,8,20,42,44,,,,,1,433,12,445,636,ACTA DE CASILLA,,
1930,29036,29036,TOTOLAC,2021,20210606,252,SAN JUAN TOTOLAC,517,C,,26,35,,9,18,6,12,57,14,59,18,18,27,15,35,,,,,0,349,11,360,516,ACTA DE CASILLA,,
1931,29036,29036,TOTOLAC,2021,20210606,252,SAN JUAN TOTOLAC,517,C,,37,34,,3,14,1,21,35,29,57,23,23,32,18,35,,,,,1,363,9,372,516,ACTA DE CASILLA,,
1932,29036,29036,TOTOLAC,2021,20210606,253,BARRIO DE ZARAGOZA,518,B,,,75,133,19,10,,14,,,,52,,7,46,40,,,,,1,397,5,402,554,ACTA DE CASILLA,,
1933,29036,29036,TOTOLAC,2021,20210606,253,BARRIO DE ZARAGOZA,519,B,,,,,,,,,,,,,,,,,,,,,0,0,0,0,389,ACTA DENTRO DEL PAQUETE ELECTORAL,,
1934,29036,29036,TOTOLAC,2021,20210606,253,BARRIO DE ZARAGOZA,518,C,,,60,78,12,13,,10,,,,64,,6,35,49,,,,,0,327,12,339,553,ACTA DE CASILLA,,
1935,29036,29036,TOTOLAC,2021,20210606,253,BARRIO DE ZARAGOZA,518,C,,,67,78,19,17,,6,,,,73,,7,39,45,,,,,2,353,13,366,553,ACTA DE CASILLA,,
1936,29036,29036,TOTOLAC,2021,20210606,253,BARRIO DE ZARAGOZA,519,C,,,,,,,,,,,,,,,,,,,,,0,0,0,0,388,ACTA DENTRO DEL PAQUETE ELECTORAL,,
1937,29037,29037,ZITLALTEPEC DE TRINIDAD SANCHEZ SANTOS,2021,20210606,254,SAN JUAN BAUTISTA MIER,524,B,,76,,76,5,,67,10,13,26,5,,99,41,,,,,,,0,418,1,419,592,ACTA DE CASILLA,,
1938,29037,29037,ZITLALTEPEC DE TRINIDAD SANCHEZ SANTOS,2021,20210606,255,COLONIA FRANCISCO JAVIER MINA,525,B,,,101,,105,,0,68,,,79,1,0,,,,,,,,0,354,15,369,463,ACTA DE CASILLA,,
1939,29037,29037,ZITLALTEPEC DE TRINIDAD SANCHEZ SANTOS,2021,20210606,255,COLONIA FRANCISCO JAVIER MINA,525,C,,,105,,104,,1,61,,,80,2,4,,,,,,,,0,357,20,377,462,ACTA DE CASILLA,,
1940,29038,29038,TZOMPANTEPEC,2021,20210606,256,SAN ANDRES AHUASHUASTEPEC,613,B,,36,54,9,5,,31,,26,9,97,21,5,4,24,10,53,indep,,,0,384,17,401,747,ACTA DE CASILLA,,
1941,29038,29038,TZOMPANTEPEC,2021,20210606,256,SAN ANDRES AHUASHUASTEPEC,614,B,,64,59,55,35,,28,,11,2,104,4,2,18,26,29,26,indep,,,0,463,15,478,689,ACTA DE CASILLA,,
1942,29038,29038,TZOMPANTEPEC,2021,20210606,256,SAN ANDRES AHUASHUASTEPEC,615,B,,44,30,42,8,,26,,33,8,89,28,6,0,9,10,38,indep,,,0,371,18,389,670,ACTA DE CASILLA,,
1943,29038,29038,TZOMPANTEPEC,2021,20210606,256,SAN ANDRES AHUASHUASTEPEC,616,B,,60,70,37,10,,32,,39,2,39,7,4,33,27,40,18,indep,,,0,418,12,430,622,ACTA DE CASILLA,,
1944,29038,29038,TZOMPANTEPEC,2021,20210606,256,SAN ANDRES AHUASHUASTEPEC,613,C,,44,55,8,9,,21,,31,3,95,23,9,7,26,9,38,indep,,,0,378,18,396,747,ACTA DE CASILLA,,
1945,29038,29038,TZOMPANTEPEC,2021,20210606,256,SAN ANDRES AHUASHUASTEPEC,613,C,,52,60,15,9,,17,,38,5,75,13,15,11,17,9,69,indep,,,0,405,22,427,746,ACTA DE CASILLA,,
1946,29038,29038,TZOMPANTEPEC,2021,20210606,256,SAN ANDRES AHUASHUASTEPEC,614,C,,37,70,41,38,,34,,27,7,82,0,4,29,31,22,30,indep,,,0,452,21,473,689,ACTA DE CASILLA,,
1947,29038,29038,TZOMPANTEPEC,2021,20210606,256,SAN ANDRES AHUASHUASTEPEC,614,C,,56,48,53,18,,51,,25,6,57,4,1,27,24,33,18,indep,,,0,421,13,434,689,ACTA DE CASILLA,,
1948,29038,29038,TZOMPANTEPEC,2021,20210606,256,SAN ANDRES AHUASHUASTEPEC,615,C,,43,37,32,12,,16,,16,8,80,21,7,11,25,12,27,indep,,,0,347,5,352,670,ACTA DE CASILLA,,
1949,29038,29038,TZOMPANTEPEC,2021,20210606,256,SAN ANDRES AHUASHUASTEPEC,615,C,,24,48,38,5,,16,,39,7,103,23,0,4,30,6,32,indep,,,0,375,7,382,669,ACTA DE CASILLA,,
1950,29038,29038,TZOMPANTEPEC,2021,20210606,256,SAN ANDRES AHUASHUASTEPEC,616,C,,32,80,44,14,,28,,50,1,36,5,11,18,29,38,16,indep,,,0,402,13,415,622,ACTA DE CASILLA,,
1951,29038,29038,TZOMPANTEPEC,2021,20210606,256,SAN ANDRES AHUASHUASTEPEC,616,C,,65,73,52,11,,30,,46,1,28,4,3,39,30,43,18,indep,,,0,443,12,455,622,ACTA DE CASILLA,,
1952,29038,29038,TZOMPANTEPEC,2021,20210606,257,SAN SALVADOR TZOMPANTEPEC,529,B,,89,27,106,23,44,11,,29,,8,,26,3,,,,,,,1,367,15,382,517,ACTA DE CASILLA,,
1953,29038,29038,TZOMPANTEPEC,2021,20210606,257,SAN SALVADOR TZOMPANTEPEC,529,C,,52,32,132,30,18,14,,23,,21,,56,13,,,,,,,0,391,12,403,516,ACTA DE CASILLA,,
1954,29038,29038,TZOMPANTEPEC,2021,20210606,257,SAN SALVADOR TZOMPANTEPEC,529,C,,66,26,125,47,43,6,,25,,20,,39,14,,,,,,,0,411,13,424,516,ACTA DE CASILLA,,
1955,29038,29038,TZOMPANTEPEC,2021,20210606,258,SAN JUAN QUETZALCOALPAN,530,B,,15,41,59,3,,7,,16,,131,16,2,21,11,60,62,indep,,,0,444,6,450,639,ACTA DE CASILLA,,
1956,29038,29038,TZOMPANTEPEC,2021,20210606,258,SAN JUAN QUETZALCOALPAN,530,C,,24,46,50,0,,17,,16,,88,9,6,11,21,64,78,indep,,,0,430,10,440,638,ACTA DE CASILLA,,
1957,29038,29038,TZOMPANTEPEC,2021,20210606,259,XALTIANQUISCO SECCION 3A,536,B,,67,62,115,,,28,,124,,100,6,1,65,0,1,,,,,0,569,7,576,745,ACTA DE CASILLA,,
1958,29038,29038,TZOMPANTEPEC,2021,20210606,260,SAN MATEO INOPHIL,537,B,,26,69,6,5,,23,,11,,17,,26,24,11,3,,,,,0,221,4,225,254,ACTA DE CASILLA,,
1959,29039,29039,XALOZTOC,2021,20210606,261,GUADALUPE TEXMOLAC,538,B,,33,65,47,52,9,13,10,62,6,66,19,,5,2,,,,,,0,389,13,402,588,ACTA DE CASILLA,,
1960,29039,29039,XALOZTOC,2021,20210606,261,GUADALUPE TEXMOLAC,538,C,,15,63,68,52,13,9,23,50,3,62,13,,8,5,,,,,,0,384,10,394,587,ACTA DE CASILLA,,
1961,29039,29039,XALOZTOC,2021,20210606,261,GUADALUPE TEXMOLAC,538,C,,24,54,64,44,15,10,15,57,4,77,2,,15,4,,,,,,1,386,8,394,587,ACTA DE CASILLA,,
1962,29039,29039,XALOZTOC,2021,20210606,261,GUADALUPE TEXMOLAC,538,C,,16,77,37,44,16,4,12,55,4,77,3,,9,2,,,,,,0,356,12,368,587,ACTA DE CASILLA,,
1963,29039,29039,XALOZTOC,2021,20210606,262,COLONIA SANTA MARTHA SECCION TERCERA,539,B,,45,49,45,42,79,122,14,,16,31,61,,6,28,,,,,,1,539,15,554,718,ACTA DE CASILLA,,
1964,29039,29039,XALOZTOC,2021,20210606,262,COLONIA SANTA MARTHA SECCION TERCERA,539,C,,50,37,48,50,70,117,20,,12,33,51,,14,20,,,,,,0,522,14,536,718,ACTA DE CASILLA,,
1965,29039,29039,XALOZTOC,2021,20210606,262,COLONIA SANTA MARTHA SECCION TERCERA,539,C,,36,51,43,53,60,137,6,,23,34,82,,22,9,,,,,,0,556,11,567,717,ACTA DE CASILLA,,
1966,29039,29039,XALOZTOC,2021,20210606,263,SAN COSME XALOSTOC HUIZNAHUAC 1A SECCION,540,B,,73,25,33,66,22,72,22,14,9,35,22,,20,31,,,,,,0,444,15,459,685,ACTA DE CASILLA,,
1967,29039,29039,XALOZTOC,2021,20210606,263,SAN COSME XALOSTOC HUIZNAHUAC 1A SECCION,540,C,,74,40,32,48,22,63,26,15,7,22,25,,18,40,,,,,,1,433,23,456,685,ACTA DE CASILLA,,
1968,29039,29039,XALOZTOC,2021,20210606,263,SAN COSME XALOSTOC HUIZNAHUAC 1A SECCION,540,C,,82,24,16,84,34,69,26,17,7,27,38,,17,47,,,,,,1,489,13,502,685,ACTA DE CASILLA,,
1969,29039,29039,XALOZTOC,2021,20210606,263,SAN COSME XALOSTOC HUIZNAHUAC 1A SECCION,540,C,,81,39,28,44,30,42,31,20,19,28,21,,10,45,,,,,,1,439,12,451,685,ACTA DE CASILLA,,
1970,29039,29039,XALOZTOC,2021,20210606,263,SAN COSME XALOSTOC HUIZNAHUAC 1A SECCION,540,C,,58,37,21,48,23,64,56,22,13,38,27,,17,39,,,,,,0,463,15,478,684,ACTA DE CASILLA,,
1971,29039,29039,XALOZTOC,2021,20210606,264,SAN COSME XALOZTOC 2A SECCION,541,B,,24,24,46,32,68,42,10,,18,57,95,,31,25,,,,,,0,472,19,491,703,ACTA DE CASILLA,,
1972,29039,29039,XALOZTOC,2021,20210606,264,SAN COSME XALOZTOC 2A SECCION,541,C,,23,32,38,10,80,45,7,,16,74,67,,63,43,,,,,,0,498,12,510,703,ACTA DE CASILLA,,
1973,29039,29039,XALOZTOC,2021,20210606,264,SAN COSME XALOZTOC 2A SECCION,541,C,,22,24,44,25,69,32,2,,26,68,53,,45,32,,,,,,0,442,14,456,703,ACTA DE CASILLA,,
1974,29039,29039,XALOZTOC,2021,20210606,264,SAN COSME XALOZTOC 2A SECCION,541,C,,19,42,63,18,47,41,0,,28,74,98,,19,30,,,,,,0,479,17,496,703,ACTA DE CASILLA,,
1975,29039,29039,XALOZTOC,2021,20210606,265,SAN PEDRO TLACOTEPEC,542,B,,20,5,11,30,17,89,,34,30,12,14,,97,17,43,,,,,0,419,13,432,647,ACTA DE CASILLA,,
1976,29039,29039,XALOZTOC,2021,20210606,265,SAN PEDRO TLACOTEPEC,542,C,,30,13,30,33,7,96,,19,19,19,13,,92,32,22,,,,,1,426,15,441,647,ACTA DE CASILLA,,
1977,29039,29039,XALOZTOC,2021,20210606,265,SAN PEDRO TLACOTEPEC,542,C,,50,8,12,38,6,102,,10,21,22,4,,82,23,26,,,,,0,404,7,411,646,ACTA DE CASILLA,,
1978,29039,29039,XALOZTOC,2021,20210606,265,SAN PEDRO TLACOTEPEC,542,C,,54,8,11,42,12,77,,3,18,21,8,,102,20,23,,,,,0,399,4,403,646,ACTA DE CASILLA,,
1979,29039,29039,XALOZTOC,2021,20210606,266,COLONIA VENUSTIANO CARRANZA,543,B,,69,40,2,99,44,65,2,15,25,31,19,,61,38,,,,,,0,510,12,522,731,ACTA DE CASILLA,,
1980,29039,29039,XALOZTOC,2021,20210606,266,COLONIA VENUSTIANO CARRANZA,543,C,,116,53,6,86,43,61,4,5,25,22,15,,32,33,,,,,,0,501,13,514,731,ACTA DE CASILLA,,
1981,29039,29039,XALOZTOC,2021,20210606,266,COLONIA VENUSTIANO CARRANZA,543,C,,64,60,4,86,44,49,6,10,17,33,14,,63,35,,,,,,0,485,16,501,730,ACTA DE CASILLA,,
1982,29039,29039,XALOZTOC,2021,20210606,267,COLONIA VELASCO,544,B,,135,141,4,19,28,24,,29,,8,62,,10,67,,,,,,0,527,11,538,643,ACTA DE CASILLA,,
1983,29039,29039,XALOZTOC,2021,20210606,268,COLONIA JOSE LOPEZ PORTILLO,545,B,,44,23,77,63,11,39,,8,,53,28,,17,57,,,,,,0,420,6,426,618,ACTA DE CASILLA,,
1984,29039,29039,XALOZTOC,2021,20210606,269,SANTA CRUZ ZACATZONTETLA,546,B,,14,81,7,88,20,47,,,,15,,,26,4,,,,,,0,302,6,308,397,ACTA DE CASILLA,,
1985,29039,29039,XALOZTOC,2021,20210606,269,SANTA CRUZ ZACATZONTETLA,546,C,,5,84,2,86,43,14,,,,18,,,37,6,,,,,,0,295,4,299,397,ACTA DE CASILLA,,
1986,29040,29040,XALTOCAN,2021,20210606,270,TOPILCO DE JUAREZ,548,B,,74,,,19,80,,,33,21,42,91,,3,58,,,,,,0,421,27,448,675,ACTA DE CASILLA,,
1987,29040,29040,XALTOCAN,2021,20210606,270,TOPILCO DE JUAREZ,548,C,,76,,,14,102,,,20,23,44,124,,4,44,,,,,,8,459,20,479,675,ACTA DE CASILLA,,
1988,29040,29040,XALTOCAN,2021,20210606,270,TOPILCO DE JUAREZ,548,C,,61,,,22,89,,,18,20,66,115,,2,73,,,,,,0,466,18,484,674,ACTA DE CASILLA,,
1989,29040,29040,XALTOCAN,2021,20210606,271,SAN JOSE TEXOPA,553,B,,14,115,,,56,,,,62,,,,1,1,,,,,,0,249,8,257,332,ACTA DE CASILLA,,
1990,29040,29040,XALTOCAN,2021,20210606,272,LAS MESAS,554,B,,23,,,,41,,,52,11,7,,,0,0,,,,,,0,134,1,135,175,ACTA DE CASILLA,,
1991,29040,29040,XALTOCAN,2021,20210606,273,SANTA BARBARA ACUIZCUIZTEPEC,555,B,,49,159,,,,,,100,32,57,4,,50,35,,,,,,1,487,24,511,703,ACTA DE CASILLA,,
1992,29040,29040,XALTOCAN,2021,20210606,274,CUATLA,556,B,,72,,,,37,,2,,,26,2,,,103,,,,,,56,298,8,306,409,ACTA DE CASILLA,,
1993,29040,29040,XALTOCAN,2021,20210606,274,CUATLA,556,C,,67,,,,44,,1,,,31,11,,,98,,,,,,21,273,11,284,408,ACTA DE CASILLA,,
1994,29040,29040,XALTOCAN,2021,20210606,275,LA ASCENCION HUIZCOLOTEPEC,557,B,,,,,,,,,,,,,,,,,,,,,0,0,0,0,388,ACTA DENTRO DEL PAQUETE ELECTORAL,,
1995,29040,29040,XALTOCAN,2021,20210606,275,LA ASCENCION HUIZCOLOTEPEC,557,C,,35,,,,20,51,,28,,53,,,20,62,4,,,,,1,274,20,294,387,ACTA DE CASILLA,,
1996,29041,29041,PAPALOTLA DE XICOHTENCATL,2021,20210606,276,SAN BUENAVENTURA ,563,B,,17,54,,20,2,160,,,,70,17,132,,,,,,,,0,472,4,476,707,ACTA DE CASILLA,,
1997,29041,29041,PAPALOTLA DE XICOHTENCATL,2021,20210606,276,SAN BUENAVENTURA ,563,C,,6,62,,30,6,123,,,,39,12,176,,,,,,,,0,454,14,468,706,ACTA DE CASILLA,,
1998,29041,29041,PAPALOTLA DE XICOHTENCATL,2021,20210606,276,SAN BUENAVENTURA ,563,C,,18,51,,38,5,153,,,,54,7,150,,,,,,,,0,476,16,492,706,ACTA DE CASILLA,,
1999,29041,29041,PAPALOTLA DE XICOHTENCATL,2021,20210606,277,PANZACOLA,564,B,,,56,,76,25,15,,50,,80,2,1,,55,17,,,,,0,377,15,392,678,ACTA DE CASILLA,,
2000,29041,29041,PAPALOTLA DE XICOHTENCATL,2021,20210606,277,PANZACOLA,565,B,,,20,,38,26,7,,55,,61,6,1,,27,7,,,,,0,248,7,255,501,ACTA DE CASILLA,,
2001,29041,29041,PAPALOTLA DE XICOHTENCATL,2021,20210606,277,PANZACOLA,564,C,,,71,,87,23,9,,45,,98,9,3,,44,24,,,,,0,413,9,422,678,ACTA DE CASILLA,,
2002,29041,29041,PAPALOTLA DE XICOHTENCATL,2021,20210606,277,PANZACOLA,564,C,,,62,,89,32,20,,40,,86,4,1,,56,17,,,,,0,407,15,422,677,ACTA DE CASILLA,,
2003,29041,29041,PAPALOTLA DE XICOHTENCATL,2021,20210606,277,PANZACOLA,565,C,,,24,,41,24,14,,44,,67,3,2,,26,16,,,,,0,261,10,271,501,ACTA DE CASILLA,,
2004,29041,29041,PAPALOTLA DE XICOHTENCATL,2021,20210606,277,PANZACOLA,565,C,,,33,,43,22,12,,49,,74,13,0,,30,8,,,,,1,285,13,298,500,ACTA DE CASILLA,,
2005,29041,29041,PAPALOTLA DE XICOHTENCATL,2021,20210606,278,SAN MARCOS CONTLA,566,B,,,90,4,99,80,,3,,,43,70,,,102,,,,,,0,491,34,525,710,ACTA DE CASILLA,,
2006,29041,29041,PAPALOTLA DE XICOHTENCATL,2021,20210606,278,SAN MARCOS CONTLA,567,B,,,47,0,61,25,,2,,,44,224,,,90,,,,,,0,493,21,514,712,ACTA DE CASILLA,,
2007,29041,29041,PAPALOTLA DE XICOHTENCATL,2021,20210606,278,SAN MARCOS CONTLA,566,C,,,78,7,71,118,,1,,,60,72,,,91,,,,,,0,498,22,520,710,ACTA DE CASILLA,,
2008,29041,29041,PAPALOTLA DE XICOHTENCATL,2021,20210606,278,SAN MARCOS CONTLA,567,C,,,48,1,62,45,,0,,,60,199,,,69,,,,,,0,484,19,503,712,ACTA DE CASILLA,,
2009,29043,29043,YAUHQUEMEHCAN ,2021,20210606,279,SAN FRANCISCO TLACUILOHCAN,575,B,,4,8,4,3,2,,,0,0,1,4,0,,,2,,,,,0,28,0,28,73,ACTA DE CASILLA,,
2010,29043,29043,YAUHQUEMEHCAN ,2021,20210606,279,SAN FRANCISCO TLACUILOHCAN,576,B,,4,6,1,2,3,,,5,0,18,1,0,,,1,,,,,0,41,0,41,49,ACTA DE CASILLA,,
2011,29043,29043,YAUHQUEMEHCAN ,2021,20210606,279,SAN FRANCISCO TLACUILOHCAN,579,B,,13,123,21,16,95,,,19,1,78,66,5,,,11,,,,,0,448,12,460,650,ACTA DE CASILLA,,
2012,29043,29043,YAUHQUEMEHCAN ,2021,20210606,279,SAN FRANCISCO TLACUILOHCAN,575,C,,4,16,2,1,8,,,2,0,7,14,0,,,2,,,,,0,56,3,59,101,ACTA DE CASILLA,,
2013,29043,29043,YAUHQUEMEHCAN ,2021,20210606,279,SAN FRANCISCO TLACUILOHCAN,575,C,,2,7,1,7,10,,,1,0,7,9,0,,,2,,,,,0,46,1,47,76,ACTA DE CASILLA,,
2014,29043,29043,YAUHQUEMEHCAN ,2021,20210606,279,SAN FRANCISCO TLACUILOHCAN,575,C,,6,15,2,2,1,,,2,0,2,10,0,,,1,,,,,0,41,3,44,65,ACTA DE CASILLA,,
2015,29043,29043,YAUHQUEMEHCAN ,2021,20210606,279,SAN FRANCISCO TLACUILOHCAN,576,C,,0,10,0,1,4,,,1,1,5,6,2,,,0,,,,,0,30,2,32,69,ACTA DE CASILLA,,
2016,29043,29043,YAUHQUEMEHCAN ,2021,20210606,279,SAN FRANCISCO TLACUILOHCAN,576,C,,3,11,0,0,2,,,1,1,10,7,0,,,0,,,,,0,35,1,36,53,ACTA DE CASILLA,,
2017,29043,29043,YAUHQUEMEHCAN ,2021,20210606,279,SAN FRANCISCO TLACUILOHCAN,579,C,,12,130,17,20,85,,,11,1,68,48,6,,,22,,,,,0,420,12,432,649,ACTA DE CASILLA,,
2018,29043,29043,YAUHQUEMEHCAN ,2021,20210606,280,SAN LORENZO TLACUALOYAN,577,B,,31,57,,16,28,,79,18,100,22,55,4,,130,9,,,,,0,549,9,558,748,ACTA DE CASILLA,,
2019,29043,29043,YAUHQUEMEHCAN ,2021,20210606,281,OCOTOXCO,578,B,,11,94,,70,,,1,71,142,152,11,,,,1,,,,,0,553,15,568,722,ACTA DE CASILLA,,
2020,29043,29043,YAUHQUEMEHCAN ,2021,20210606,282,SANTA MARIA ATLIHUETZIA,585,B,,,,,,,,,,,,,,,,,,,,,0,0,0,0,714,ACTA DENTRO DEL PAQUETE ELECTORAL,,
2021,29043,29043,YAUHQUEMEHCAN ,2021,20210606,282,SANTA MARIA ATLIHUETZIA,585,C,,121,39,,7,,,,97,,125,2,3,,34,52,,,,,0,480,10,490,714,ACTA DE CASILLA,,
2022,29043,29043,YAUHQUEMEHCAN ,2021,20210606,282,SANTA MARIA ATLIHUETZIA,585,C,,121,32,,17,,,,93,,105,5,1,,32,37,,,,,0,443,11,454,713,ACTA DE CASILLA,,
2023,29043,29043,YAUHQUEMEHCAN ,2021,20210606,282,SANTA MARIA ATLIHUETZIA,585,C,,135,42,,9,,,,106,,95,6,0,,30,53,,,,,0,476,7,483,713,ACTA DE CASILLA,,
2024,29043,29043,YAUHQUEMEHCAN ,2021,20210606,282,SANTA MARIA ATLIHUETZIA,578,E,,80,20,,4,,,,21,,76,9,1,,39,10,,,,,0,260,13,273,411,ACTA DE CASILLA,,
2025,29043,29043,YAUHQUEMEHCAN ,2021,20210606,283,SAN JOSE TETEL,580,B,,,,,,,,,,,,,,,,,,,,,0,0,0,0,526,ACTA DENTRO DEL PAQUETE ELECTORAL,,
2026,29043,29043,YAUHQUEMEHCAN ,2021,20210606,283,SAN JOSE TETEL,581,B,,,,,,,,,,,,,,,,,,,,,0,0,0,0,462,ACTA DENTRO DEL PAQUETE ELECTORAL,,
2027,29043,29043,YAUHQUEMEHCAN ,2021,20210606,283,SAN JOSE TETEL,580,C,,53,39,3,12,9,,,65,21,83,12,7,,28,17,,,,,0,349,5,354,515,ACTA DE CASILLA,,
2028,29043,29043,YAUHQUEMEHCAN ,2021,20210606,283,SAN JOSE TETEL,580,C,,59,27,3,4,12,,,40,22,51,18,4,,31,19,,,,,0,290,4,294,554,ACTA DE CASILLA,,
2029,29043,29043,YAUHQUEMEHCAN ,2021,20210606,283,SAN JOSE TETEL,580,C,,68,44,2,4,15,,,78,16,65,6,10,,26,14,,,,,0,348,10,358,516,ACTA DE CASILLA,,
2030,29043,29043,YAUHQUEMEHCAN ,2021,20210606,283,SAN JOSE TETEL,581,C,,56,38,7,5,15,,,36,17,52,21,2,,30,19,,,,,0,298,1,299,495,ACTA DE CASILLA,,
2031,29043,29043,YAUHQUEMEHCAN ,2021,20210606,283,SAN JOSE TETEL,581,C,,55,17,10,13,11,,,22,9,71,4,6,,22,8,,,,,0,248,10,258,466,ACTA DE CASILLA,,
2032,29043,29043,YAUHQUEMEHCAN ,2021,20210606,283,SAN JOSE TETEL,581,C,,42,17,7,1,8,,,19,13,75,19,8,,37,12,,,,,0,258,8,266,487,ACTA DE CASILLA,,
2033,29043,29043,YAUHQUEMEHCAN ,2021,20210606,283,SAN JOSE TETEL,581,C,,65,26,6,9,11,,,26,12,46,15,2,,26,2,,,,,0,246,12,258,502,ACTA DE CASILLA,,
2034,29043,29043,YAUHQUEMEHCAN ,2021,20210606,283,SAN JOSE TETEL,581,C,,,,,,,,,,,,,,,,,,,,,0,0,0,0,483,ACTA DENTRO DEL PAQUETE ELECTORAL,,
2035,29043,29043,YAUHQUEMEHCAN ,2021,20210606,284,SANTA URSULA ZIMATEPEC,580,B,,69,40,5,5,11,,,60,18,70,13,2,,28,11,,,,,0,332,5,337,16,ACTA DE CASILLA,,
2036,29043,29043,YAUHQUEMEHCAN ,2021,20210606,284,SANTA URSULA ZIMATEPEC,581,B,,55,19,6,6,18,,,22,22,65,19,5,,31,17,,,,,0,285,7,292,32,ACTA DE CASILLA,,
2037,29043,29043,YAUHQUEMEHCAN ,2021,20210606,284,SANTA URSULA ZIMATEPEC,582,B,,48,48,8,15,15,,,7,35,71,30,26,,53,15,,,,,0,371,11,382,705,ACTA DE CASILLA,,
2038,29043,29043,YAUHQUEMEHCAN ,2021,20210606,284,SANTA URSULA ZIMATEPEC,580,C,,,,,,,,,,,,,,,,,,,,,0,0,0,0,27,ACTA DENTRO DEL PAQUETE ELECTORAL,,
2039,29043,29043,YAUHQUEMEHCAN ,2021,20210606,284,SANTA URSULA ZIMATEPEC,580,C,,,,,,,,,,,,,,,,,,,,,0,0,0,0,16,ACTA DENTRO DEL PAQUETE ELECTORAL,,
2040,29043,29043,YAUHQUEMEHCAN ,2021,20210606,284,SANTA URSULA ZIMATEPEC,580,C,,,,,,,,,,,,,,,,,,,,,0,0,0,0,24,ACTA DENTRO DEL PAQUETE ELECTORAL,,
2041,29043,29043,YAUHQUEMEHCAN ,2021,20210606,284,SANTA URSULA ZIMATEPEC,581,C,,,,,,,,,,,,,,,,,,,,,0,0,0,0,32,ACTA DENTRO DEL PAQUETE ELECTORAL,,
2042,29043,29043,YAUHQUEMEHCAN ,2021,20210606,284,SANTA URSULA ZIMATEPEC,581,C,,,,,,,,,,,,,,,,,,,,,0,0,0,0,26,ACTA DENTRO DEL PAQUETE ELECTORAL,,
2043,29043,29043,YAUHQUEMEHCAN ,2021,20210606,284,SANTA URSULA ZIMATEPEC,581,C,,,,,,,,,,,,,,,,,,,,,0,0,0,0,40,ACTA DENTRO DEL PAQUETE ELECTORAL,,
2044,29043,29043,YAUHQUEMEHCAN ,2021,20210606,284,SANTA URSULA ZIMATEPEC,581,C,,,,,,,,,,,,,,,,,,,,,0,0,0,0,23,ACTA DENTRO DEL PAQUETE ELECTORAL,,
2045,29043,29043,YAUHQUEMEHCAN ,2021,20210606,284,SANTA URSULA ZIMATEPEC,581,C,,42,32,5,4,21,,,34,17,68,22,3,,27,12,,,,,0,287,7,294,36,ACTA DE CASILLA,,
2046,29043,29043,YAUHQUEMEHCAN ,2021,20210606,284,SANTA URSULA ZIMATEPEC,582,C,,53,47,6,13,16,,,11,40,58,39,31,,62,14,,,,,0,390,9,399,705,ACTA DE CASILLA,,
2047,29043,29043,YAUHQUEMEHCAN ,2021,20210606,284,SANTA URSULA ZIMATEPEC,582,C,,42,57,5,10,11,,,3,29,45,48,26,,56,18,,,,,0,350,12,362,705,ACTA DE CASILLA,,
2048,29043,29043,YAUHQUEMEHCAN ,2021,20210606,284,SANTA URSULA ZIMATEPEC,582,C,,61,36,3,9,15,,,8,43,51,29,36,,65,9,,,,,0,365,19,384,705,ACTA DE CASILLA,,
2049,29043,29043,YAUHQUEMEHCAN ,2021,20210606,284,SANTA URSULA ZIMATEPEC,582,C,,39,56,6,14,7,,,9,41,58,35,58,,64,9,,,,,0,396,7,403,705,ACTA DE CASILLA,,
2050,29043,29043,YAUHQUEMEHCAN ,2021,20210606,284,SANTA URSULA ZIMATEPEC,582,C,,50,75,7,8,13,,,13,35,46,52,45,,59,8,,,,,0,411,6,417,705,ACTA DE CASILLA,,
2051,29043,29043,YAUHQUEMEHCAN ,2021,20210606,284,SANTA URSULA ZIMATEPEC,582,C,,48,53,3,9,11,,,8,29,52,81,36,,52,8,,,,,0,390,15,405,704,ACTA DE CASILLA,,
2052,29043,29043,YAUHQUEMEHCAN ,2021,20210606,285,SAN BENITO XALTOCAN,583,B,,24,28,47,11,20,7,,37,4,64,45,,,,19,,,,,0,306,9,315,641,ACTA DE CASILLA,,
2053,29043,29043,YAUHQUEMEHCAN ,2021,20210606,285,SAN BENITO XALTOCAN,583,C,,29,24,27,19,32,9,,33,0,69,32,,,,27,,,,,0,301,13,314,641,ACTA DE CASILLA,,
2054,29043,29043,YAUHQUEMEHCAN ,2021,20210606,285,SAN BENITO XALTOCAN,583,C,,,,,,,,,,,,,,,,,,,,,0,0,0,0,641,ACTA DENTRO DEL PAQUETE ELECTORAL,,
2055,29043,29043,YAUHQUEMEHCAN ,2021,20210606,285,SAN BENITO XALTOCAN,583,C,,28,41,22,7,28,14,,37,2,69,30,,,,24,,,,,0,302,17,319,641,ACTA DE CASILLA,,
2056,29043,29043,YAUHQUEMEHCAN ,2021,20210606,285,SAN BENITO XALTOCAN,583,C,,25,28,32,20,17,14,,58,2,70,47,,,,30,,,,,0,343,14,357,640,ACTA DE CASILLA,,
2057,29043,29043,YAUHQUEMEHCAN ,2021,20210606,286,BARRIO DE HUACALTZINGO,584,B,,56,35,,,31,40,41,124,2,41,2,,,21,22,,,,,0,415,15,430,724,ACTA DE CASILLA,,
2058,29043,29043,YAUHQUEMEHCAN ,2021,20210606,286,BARRIO DE HUACALTZINGO,584,C,,,,,,,,,,,,,,,,,,,,,0,0,0,0,724,ACTA DENTRO DEL PAQUETE ELECTORAL,,
2059,29044,29044,ZACATELCO,2021,20210606,287,1A SECCION TLATLACOLA,588,B,,7,17,7,4,4,0,2,4,1,20,,,0,,4,4,indep,0,indep2,0,74,0,74,545,ACTA DE CASILLA,,
2060,29044,29044,ZACATELCO,2021,20210606,287,1A SECCION TLATLACOLA,589,B,,48,85,24,15,5,9,39,33,16,129,,,13,,35,19,indep,10,indep2,0,480,21,501,733,ACTA DE CASILLA,,
2061,29044,29044,ZACATELCO,2021,20210606,287,1A SECCION TLATLACOLA,590,B,,37,22,41,34,5,7,47,39,28,104,,,13,,20,22,indep,33,indep2,0,452,13,465,711,ACTA DE CASILLA,,
2062,29044,29044,ZACATELCO,2021,20210606,287,1A SECCION TLATLACOLA,591,B,,18,21,8,11,2,2,7,5,13,37,,,4,,5,3,indep,2,indep2,0,138,14,152,225,ACTA DE CASILLA,,
2063,29044,29044,ZACATELCO,2021,20210606,287,1A SECCION TLATLACOLA,593,B,,1,1,1,0,0,3,3,0,4,3,,,0,,2,0,indep,0,indep2,0,18,0,18,25,ACTA DE CASILLA,,
2064,29044,29044,ZACATELCO,2021,20210606,287,1A SECCION TLATLACOLA,594,B,,,,,,,,,,,,,,,,,,,,,0,0,0,0,350,ACTA DENTRO DEL PAQUETE ELECTORAL,,
2065,29044,29044,ZACATELCO,2021,20210606,287,1A SECCION TLATLACOLA,588,C,,42,48,5,17,5,3,44,21,16,83,,,16,,14,47,indep,14,indep2,0,375,18,393,550,ACTA DE CASILLA,,
2066,29044,29044,ZACATELCO,2021,20210606,287,1A SECCION TLATLACOLA,589,C,,61,63,30,18,7,1,33,34,16,140,,,5,,46,16,indep,3,indep2,0,473,15,488,732,ACTA DE CASILLA,,
2067,29044,29044,ZACATELCO,2021,20210606,287,1A SECCION TLATLACOLA,589,C,,61,51,24,24,6,5,37,34,17,118,,,22,,27,30,indep,0,indep2,0,456,17,473,732,ACTA DE CASILLA,,
2068,29044,29044,ZACATELCO,2021,20210606,287,1A SECCION TLATLACOLA,590,C,,41,36,34,17,8,6,56,33,25,101,,,11,,18,26,indep,20,indep2,0,432,9,441,710,ACTA DE CASILLA,,
2069,29044,29044,ZACATELCO,2021,20210606,287,1A SECCION TLATLACOLA,590,C,,45,33,42,31,7,14,36,45,21,102,,,9,,27,18,indep,16,indep2,0,446,24,470,710,ACTA DE CASILLA,,
2070,29044,29044,ZACATELCO,2021,20210606,287,1A SECCION TLATLACOLA,590,C,,31,38,37,25,3,15,37,30,20,87,,,11,,28,24,indep,27,indep2,0,413,29,442,710,ACTA DE CASILLA,,
2071,29044,29044,ZACATELCO,2021,20210606,287,1A SECCION TLATLACOLA,590,C,,48,35,48,32,6,9,31,37,12,83,,,11,,32,17,indep,31,indep2,0,432,13,445,710,ACTA DE CASILLA,,
2072,29044,29044,ZACATELCO,2021,20210606,287,1A SECCION TLATLACOLA,591,C,,37,18,20,16,3,1,8,10,17,48,,,3,,9,7,indep,9,indep2,0,206,6,212,307,ACTA DE CASILLA,,
2073,29044,29044,ZACATELCO,2021,20210606,287,1A SECCION TLATLACOLA,591,C,,17,28,11,8,0,2,14,3,11,41,,,3,,5,4,indep,6,indep2,0,153,3,156,252,ACTA DE CASILLA,,
2074,29044,29044,ZACATELCO,2021,20210606,287,1A SECCION TLATLACOLA,591,C,,22,32,9,18,4,6,9,11,11,53,,,7,,6,5,indep,14,indep2,0,207,13,220,272,ACTA DE CASILLA,,
2075,29044,29044,ZACATELCO,2021,20210606,287,1A SECCION TLATLACOLA,593,C,,2,1,1,0,0,1,0,0,0,0,,,0,,1,0,indep,0,indep2,0,6,0,6,11,ACTA DE CASILLA,,
2076,29044,29044,ZACATELCO,2021,20210606,287,1A SECCION TLATLACOLA,593,C,,2,0,0,0,0,1,1,0,0,3,,,0,,2,0,indep,0,indep2,0,9,0,9,19,ACTA DE CASILLA,,
2077,29044,29044,ZACATELCO,2021,20210606,287,1A SECCION TLATLACOLA,593,C,,8,35,41,44,11,21,17,31,16,58,,,9,,29,43,indep,0,indep2,1,364,15,379,10,ACTA DE CASILLA,,
2078,29044,29044,ZACATELCO,2021,20210606,287,1A SECCION TLATLACOLA,594,C,,14,14,4,7,2,3,13,16,13,33,,,1,,13,2,indep,15,indep2,0,150,7,157,262,ACTA DE CASILLA,,
2079,29044,29044,ZACATELCO,2021,20210606,287,1A SECCION TLATLACOLA,594,C,,15,12,7,10,1,2,18,12,26,12,,,0,,25,4,indep,17,indep2,0,161,2,163,287,ACTA DE CASILLA,,
2080,29044,29044,ZACATELCO,2021,20210606,287,1A SECCION TLATLACOLA,594,C,,2,3,3,0,0,0,2,0,4,2,,,0,,1,0,indep,0,indep2,0,17,0,17,292,ACTA DE CASILLA,,
2081,29044,29044,ZACATELCO,2021,20210606,288,2A SECCION,588,B,,31,70,13,8,3,6,14,16,20,85,,,11,,10,52,indep,,,1,340,12,352,119,ACTA DE CASILLA,,
2082,29044,29044,ZACATELCO,2021,20210606,288,2A SECCION,591,B,,5,65,18,31,6,6,15,10,21,52,,,7,,19,11,indep,,,0,266,12,278,437,ACTA DE CASILLA,,
2083,29044,29044,ZACATELCO,2021,20210606,288,2A SECCION,592,B,,19,53,62,53,22,33,30,22,29,72,,,7,,38,37,indep,,,0,477,12,489,748,ACTA DE CASILLA,,
2084,29044,29044,ZACATELCO,2021,20210606,288,2A SECCION,593,B,,1,1,1,0,0,3,3,0,4,3,,,0,,2,0,indep,,,0,18,0,18,590,ACTA DE CASILLA,,
2085,29044,29044,ZACATELCO,2021,20210606,288,2A SECCION,594,B,,1,2,2,1,1,0,4,1,0,4,,,0,,2,0,indep,,,0,18,0,18,24,ACTA DE CASILLA,,
2086,29044,29044,ZACATELCO,2021,20210606,288,2A SECCION,595,B,,2,13,43,2,8,5,2,4,12,18,,,0,,12,7,indep,,,0,128,5,133,181,ACTA DE CASILLA,,
2087,29044,29044,ZACATELCO,2021,20210606,288,2A SECCION,588,C,,42,48,5,17,5,3,34,21,16,83,,,16,,14,47,indep,,,14,365,18,383,113,ACTA DE CASILLA,,
2088,29044,29044,ZACATELCO,2021,20210606,288,2A SECCION,591,C,,6,55,19,11,9,9,20,2,19,45,,,1,,18,6,indep,,,1,221,8,229,355,ACTA DE CASILLA,,
2089,29044,29044,ZACATELCO,2021,20210606,288,2A SECCION,591,C,,17,33,11,23,9,3,14,9,19,70,,,8,,24,19,indep,,,0,259,9,268,410,ACTA DE CASILLA,,
2090,29044,29044,ZACATELCO,2021,20210606,288,2A SECCION,591,C,,9,53,30,21,5,4,8,7,0,54,,,5,,0,13,indep,,,0,209,8,217,389,ACTA DE CASILLA,,
2091,29044,29044,ZACATELCO,2021,20210606,288,2A SECCION,592,C,,6,56,74,62,17,35,26,27,19,70,,,3,,33,24,indep,,,2,454,16,470,748,ACTA DE CASILLA,,
2092,29044,29044,ZACATELCO,2021,20210606,288,2A SECCION,592,C,,17,40,61,32,15,41,27,18,16,80,,,7,,44,21,indep,,,0,419,18,437,749,ACTA DE CASILLA,,
2093,29044,29044,ZACATELCO,2021,20210606,288,2A SECCION,592,C,,15,68,55,60,19,13,31,33,39,81,,,5,,25,35,indep,,,1,480,9,489,747,ACTA DE CASILLA,,
2094,29044,29044,ZACATELCO,2021,20210606,288,2A SECCION,592,C,,12,39,56,41,23,42,28,25,19,98,,,8,,39,35,indep,,,1,466,16,482,749,ACTA DE CASILLA,,
2095,29044,29044,ZACATELCO,2021,20210606,288,2A SECCION,593,C,,2,1,1,0,0,1,0,0,0,0,,,0,,1,0,indep,,,0,6,0,6,604,ACTA DE CASILLA,,
2096,29044,29044,ZACATELCO,2021,20210606,288,2A SECCION,593,C,,2,0,0,0,0,1,1,0,0,3,,,0,,2,0,indep,,,0,9,0,9,596,ACTA DE CASILLA,,
2097,29044,29044,ZACATELCO,2021,20210606,288,2A SECCION,593,C,,8,35,41,44,11,21,17,31,16,58,,,9,,29,43,indep,,,1,364,13,377,604,ACTA DE CASILLA,,
2098,29044,29044,ZACATELCO,2021,20210606,288,2A SECCION,594,C,,14,14,4,7,2,3,13,16,13,33,,,1,,13,2,indep,,,15,150,7,157,35,ACTA DE CASILLA,,
2099,29044,29044,ZACATELCO,2021,20210606,288,2A SECCION,594,C,,3,2,10,2,2,0,5,1,13,6,,,2,,3,5,indep,,,0,54,0,54,72,ACTA DE CASILLA,,
2100,29044,29044,ZACATELCO,2021,20210606,288,2A SECCION,594,C,,2,3,3,0,0,0,2,0,4,2,,,0,,1,0,indep,,,0,17,0,17,26,ACTA DE CASILLA,,
2101,29044,29044,ZACATELCO,2021,20210606,288,2A SECCION,595,C,,1,12,31,11,6,15,10,2,0,0,,,0,,7,3,indep,,,0,98,0,98,176,ACTA DE CASILLA,,
2102,29044,29044,ZACATELCO,2021,20210606,288,2A SECCION,595,C,,4,6,25,7,3,3,3,8,4,21,,,0,,2,5,indep,,,0,91,4,95,155,ACTA DE CASILLA,,
2103,29044,29044,ZACATELCO,2021,20210606,288,2A SECCION,595,C,,8,10,41,7,8,4,7,5,4,17,,,3,,6,12,indep,,,0,132,16,148,212,ACTA DE CASILLA,,
2104,29044,29044,ZACATELCO,2021,20210606,289,BARRIO DE EXQUITLA,594,B,,,,,,,,,,,,,,,,,,,,,0,0,0,0,192,ACTA DENTRO DEL PAQUETE ELECTORAL,,
2105,29044,29044,ZACATELCO,2021,20210606,289,BARRIO DE EXQUITLA,595,B,,,,,,,,,,,,,,,,,,,,,0,0,0,0,394,ACTA DENTRO DEL PAQUETE ELECTORAL,,
2106,29044,29044,ZACATELCO,2021,20210606,289,BARRIO DE EXQUITLA,594,C,,,,,,,,,,,,,,,,,,,,,0,0,0,0,269,ACTA DENTRO DEL PAQUETE ELECTORAL,,
2107,29044,29044,ZACATELCO,2021,20210606,289,BARRIO DE EXQUITLA,594,C,,,25,11,8,2,1,11,14,11,20,,12,,,3,,,,,1,119,4,123,206,ACTA DE CASILLA,,
2108,29044,29044,ZACATELCO,2021,20210606,289,BARRIO DE EXQUITLA,594,C,,,,,,,,,,,,,,,,,,,,,0,0,0,0,247,ACTA DENTRO DEL PAQUETE ELECTORAL,,
2109,29044,29044,ZACATELCO,2021,20210606,289,BARRIO DE EXQUITLA,595,C,,,62,24,4,3,4,43,13,37,53,,11,,,19,,,,,0,273,8,281,399,ACTA DE CASILLA,,
2110,29044,29044,ZACATELCO,2021,20210606,289,BARRIO DE EXQUITLA,595,C,,,6,25,7,3,3,3,8,4,21,,0,,,2,,,,,0,82,9,91,420,ACTA DE CASILLA,,
2111,29044,29044,ZACATELCO,2021,20210606,289,BARRIO DE EXQUITLA,595,C,,,,,,,,,,,,,,,,,,,,,0,0,0,0,362,ACTA DENTRO DEL PAQUETE ELECTORAL,,
2112,29044,29044,ZACATELCO,2021,20210606,290,3A SECCION BARRIO DE XOCHICALCO,596,B,,10,40,21,11,20,23,74,20,24,66,,,70,,42,45,indep,,,7,473,14,487,651,ACTA DE CASILLA,,
2113,29044,29044,ZACATELCO,2021,20210606,290,3A SECCION BARRIO DE XOCHICALCO,597,B,,10,35,21,5,23,31,72,24,11,53,,,47,,19,59,indep,,,5,415,16,431,606,ACTA DE CASILLA,,
2114,29044,29044,ZACATELCO,2021,20210606,290,3A SECCION BARRIO DE XOCHICALCO,596,C,,10,45,16,15,24,22,66,27,26,53,,,31,,45,56,indep,,,10,446,15,461,651,ACTA DE CASILLA,,
2115,29044,29044,ZACATELCO,2021,20210606,290,3A SECCION BARRIO DE XOCHICALCO,597,C,,7,52,20,12,21,31,60,39,12,46,,,40,,16,36,indep,,,0,392,18,410,606,ACTA DE CASILLA,,
2116,29044,29044,ZACATELCO,2021,20210606,290,3A SECCION BARRIO DE XOCHICALCO,597,C,,10,42,33,15,33,28,78,30,5,42,,,34,,20,40,indep,,,1,411,10,421,606,ACTA DE CASILLA,,
2117,29044,29044,ZACATELCO,2021,20210606,291,4A SECCION BARRIO DE MANANTIALES,598,B,,17,32,16,16,9,49,89,8,99,57,,21,21,,14,1,indep,,,1,450,14,464,728,ACTA DE CASILLA,,
2118,29044,29044,ZACATELCO,2021,20210606,291,4A SECCION BARRIO DE MANANTIALES,599,B,,15,20,10,20,2,18,100,7,93,37,,2,10,,14,6,indep,,,0,354,12,366,618,ACTA DE CASILLA,,
2119,29044,29044,ZACATELCO,2021,20210606,291,4A SECCION BARRIO DE MANANTIALES,598,C,,17,21,18,12,13,45,86,8,95,73,,23,12,,10,12,indep,,,0,445,12,457,727,ACTA DE CASILLA,,
2120,29044,29044,ZACATELCO,2021,20210606,291,4A SECCION BARRIO DE MANANTIALES,598,C,,22,22,22,21,8,52,94,9,78,57,,46,16,,20,13,indep,,,0,480,20,500,727,ACTA DE CASILLA,,
2121,29044,29044,ZACATELCO,2021,20210606,291,4A SECCION BARRIO DE MANANTIALES,599,C,,11,15,13,45,1,22,63,9,80,49,,14,14,,16,10,indep,,,0,362,6,368,614,ACTA DE CASILLA,,
2122,29044,29044,ZACATELCO,2021,20210606,291,4A SECCION BARRIO DE MANANTIALES,599,C,,20,27,18,20,4,28,87,10,61,34,,8,16,,18,6,indep,,,0,357,14,371,617,ACTA DE CASILLA,,
2123,29044,29044,ZACATELCO,2021,20210606,291,4A SECCION BARRIO DE MANANTIALES,599,C,,0,0,0,0,3,0,3,0,0,0,,0,0,,0,0,indep,,,0,6,0,6,609,ACTA DE CASILLA,,
2124,29044,29044,ZACATELCO,2021,20210606,292,8A SECCION BARRIO DE XITOTOTLA,599,B,,,20,10,20,2,18,100,,7,37,,,,,11,6,indep,,,0,231,12,243,5,ACTA DE CASILLA,,
2125,29044,29044,ZACATELCO,2021,20210606,292,8A SECCION BARRIO DE XITOTOTLA,601,B,,,,,,,,,,,,,,,,,,,,,0,0,0,0,693,ACTA DENTRO DEL PAQUETE ELECTORAL,,
2126,29044,29044,ZACATELCO,2021,20210606,292,8A SECCION BARRIO DE XITOTOTLA,599,C,,,,,,,,,,,,,,,,,,,,,0,0,0,0,7,ACTA DENTRO DEL PAQUETE ELECTORAL,,
2127,29044,29044,ZACATELCO,2021,20210606,292,8A SECCION BARRIO DE XITOTOTLA,599,C,,,,,,,,,,,,,,,,,,,,,0,0,0,0,4,ACTA DENTRO DEL PAQUETE ELECTORAL,,
2128,29044,29044,ZACATELCO,2021,20210606,292,8A SECCION BARRIO DE XITOTOTLA,599,C,,,,,,,,,,,,,,,,,,,,,0,0,0,0,13,ACTA DENTRO DEL PAQUETE ELECTORAL,,
2129,29044,29044,ZACATELCO,2021,20210606,292,8A SECCION BARRIO DE XITOTOTLA,601,C,,,26,4,52,58,64,73,,16,102,,,,,56,12,indep,,,0,463,12,475,692,ACTA DE CASILLA,,
2130,29044,29044,ZACATELCO,2021,20210606,292,8A SECCION BARRIO DE XITOTOTLA,601,C,,,28,10,42,45,57,94,,19,92,,,,,68,13,indep,,,0,468,10,478,692,ACTA DE CASILLA,,
2131,29044,29044,ZACATELCO,2021,20210606,292,8A SECCION BARRIO DE XITOTOTLA,601,C,,,30,1,67,26,56,90,,9,91,,,,,62,33,indep,,,0,465,6,471,692,ACTA DE CASILLA,,
2132,29044,29044,ZACATELCO,2021,20210606,293,7A SECCION DE BARRIO DE GUARDIA,600,B,,21,32,78,49,6,19,101,11,103,43,,,,,15,,,,,0,478,10,488,672,ACTA DE CASILLA,,
2133,29044,29044,ZACATELCO,2021,20210606,293,7A SECCION DE BARRIO DE GUARDIA,600,C,,17,28,70,51,7,10,104,19,94,48,,,,,15,,,,,1,464,12,476,672,ACTA DE CASILLA,,
2134,29044,29044,ZACATELCO,2021,20210606,293,7A SECCION DE BARRIO DE GUARDIA,600,C,,12,39,78,43,5,14,88,18,71,58,,,,,21,,,,,0,447,8,455,672,ACTA DE CASILLA,,
2135,29044,29044,ZACATELCO,2021,20210606,293,7A SECCION DE BARRIO DE GUARDIA,600,C,,15,24,71,47,9,13,107,20,81,57,,,,,23,,,,,1,468,8,476,672,ACTA DE CASILLA,,
2136,29044,29044,ZACATELCO,2021,20210606,293,7A SECCION DE BARRIO DE GUARDIA,600,C,,14,32,63,47,8,9,112,12,103,52,,,,,19,,,,,1,472,8,480,671,ACTA DE CASILLA,,
2137,29059,29046,SANTA CRUZ QUILEHTLA,2021,20210606,294,SANTA CRUZ QUILEHTLA,313,B,,,,23,15,99,121,,85,,88,,,,13,2,,,,,0,446,15,461,630,ACTA DE CASILLA,,
2138,29059,29046,SANTA CRUZ QUILEHTLA,2021,20210606,294,SANTA CRUZ QUILEHTLA,314,B,,,,30,17,127,105,,47,,65,,,,11,2,,,,,0,404,15,419,600,ACTA DE CASILLA,,
2139,29059,29046,SANTA CRUZ QUILEHTLA,2021,20210606,294,SANTA CRUZ QUILEHTLA,313,C,,,,26,31,103,112,,89,,91,,,,12,1,,,,,0,465,13,478,629,ACTA DE CASILLA,,
2140,29059,29046,SANTA CRUZ QUILEHTLA,2021,20210606,294,SANTA CRUZ QUILEHTLA,313,C,,,,22,23,95,133,,59,,84,,,,20,2,,,,,0,438,11,449,629,ACTA DE CASILLA,,
2141,29059,29046,SANTA CRUZ QUILEHTLA,2021,20210606,294,SANTA CRUZ QUILEHTLA,314,C,,,,23,12,104,85,,71,,103,,,,10,3,,,,,0,411,11,422,600,ACTA DE CASILLA,,
2142,29059,29046,SANTA CRUZ QUILEHTLA,2021,20210606,294,SANTA CRUZ QUILEHTLA,314,C,,,,24,22,111,121,,52,,85,,,,7,1,,,,,0,423,11,434,599,ACTA DE CASILLA,,
2143,29059,29046,SANTA CRUZ QUILEHTLA,2021,20210606,295,SANTIAGO AYOMETITLA,315,B,,,,205,269,4,,0,2,,8,,,,,40,,,,,0,528,15,543,741,ACTA DE CASILLA,,
2144,29059,29046,SANTA CRUZ QUILEHTLA,2021,20210606,295,SANTIAGO AYOMETITLA,315,C,,,,218,286,1,,0,2,,7,,,,,50,,,,,0,564,5,569,741,ACTA DE CASILLA,,
2145,29058,29048,SANTA CATARINA AYOMETLA,2021,20210606,296,BARRIO DE TLAXCALTECATLA,602,B,,,66,88,73,,60,60,,,27,,64,2,46,,,,,,0,486,17,503,648,ACTA DE CASILLA,,
2146,29058,29048,SANTA CATARINA AYOMETLA,2021,20210606,296,BARRIO DE TLAXCALTECATLA,602,C,,,32,91,56,,92,44,,,28,,91,4,28,,,,,,0,466,4,470,648,ACTA DE CASILLA,,
2147,29058,29048,SANTA CATARINA AYOMETLA,2021,20210606,296,BARRIO DE TLAXCALTECATLA,602,C,,,25,75,62,,58,87,,,28,,93,9,50,,,,,,0,487,11,498,648,ACTA DE CASILLA,,
2148,29058,29048,SANTA CATARINA AYOMETLA,2021,20210606,297,COLONIA ESTOCAPA,603,B,,,19,55,106,,47,146,,,52,,23,40,22,,,,,,0,510,18,528,672,ACTA DE CASILLA,,
2149,29058,29048,SANTA CATARINA AYOMETLA,2021,20210606,297,COLONIA ESTOCAPA,603,C,,,24,23,110,,46,165,,,56,,28,27,18,,,,,,0,497,22,519,672,ACTA DE CASILLA,,
2150,29058,29048,SANTA CATARINA AYOMETLA,2021,20210606,298,BARRIO DE TLAPAYATLA,605,B,,,86,120,30,,23,29,58,,20,,,,37,,,,,,0,403,25,428,577,ACTA DE CASILLA,,
2151,29058,29048,SANTA CATARINA AYOMETLA,2021,20210606,298,BARRIO DE TLAPAYATLA,605,C,,,70,105,39,,28,37,79,,32,,,,29,,,,,,1,420,11,431,576,ACTA DE CASILLA,,
2152,29046,29054,EMILIANO ZAPATA,2021,20210606,299,COLONIA GUSTAVO DIAZ ORDAZ,400,B,,0,50,1,,9,,,4,16,4,,,,,13,,,,,0,97,1,98,106,ACTA DE CASILLA,,
2153,29046,29054,EMILIANO ZAPATA,2021,20210606,299,COLONIA GUSTAVO DIAZ ORDAZ,608,B,,0,89,18,,34,,,18,54,75,,,,,36,,,,,0,324,10,334,394,ACTA DE CASILLA,,
2154,29046,29054,EMILIANO ZAPATA,2021,20210606,299,COLONIA GUSTAVO DIAZ ORDAZ,608,C,,0,103,16,,40,,,22,60,35,,,,,39,,,,,0,315,6,321,394,ACTA DE CASILLA,,
2155,29001,29001,AMAXAC DE GUERRERO,2024,20240602,1,SAN DAMIAN TLACOCALPAN,4,C,,0,11,21,0,50,0,0,7,,137,,,,73,6,,,,,0,305,10,315,379,GRUPO DE RECUENTO,,
2156,29002,29002,APETATITLAN DE ANTONIO CARVAJAL,2024,20240602,2,TLATEMPA,5,B,,161,0,0,2,138,32,0,72,,52,,,,0,63,,,,,0,520,16,536,695,ACTA CASILLA,,
2157,29002,29002,APETATITLAN DE ANTONIO CARVAJAL,2024,20240602,2,TLATEMPA,5,C,,154,0,0,4,158,52,0,55,,47,,,,0,53,,,,,0,523,10,533,695,GRUPO DE RECUENTO,,
2158,29002,29002,APETATITLAN DE ANTONIO CARVAJAL,2024,20240602,2,TLATEMPA,5,C,,138,0,0,5,128,54,0,60,,102,,,,0,60,,,,,0,547,21,568,695,GRUPO DE RECUENTO,,
2159,29002,29002,APETATITLAN DE ANTONIO CARVAJAL,2024,20240602,2,TLATEMPA,5,C,,141,0,0,8,123,56,0,51,,68,,,,0,65,,,,,0,512,16,528,695,ACTA CASILLA,,
2160,29002,29002,APETATITLAN DE ANTONIO CARVAJAL,2024,20240602,3,SAN MATIAS TEPETOMATITLAN,9,B,,104,0,10,7,24,69,0,127,,102,,,,0,0,,,,,0,443,17,460,696,GRUPO DE RECUENTO,,
2161,29002,29002,APETATITLAN DE ANTONIO CARVAJAL,2024,20240602,3,SAN MATIAS TEPETOMATITLAN,9,C,,129,0,15,7,24,67,0,159,,110,,,,0,0,,,,,0,511,21,532,695,ACTA CASILLA,,
2162,29002,29002,APETATITLAN DE ANTONIO CARVAJAL,2024,20240602,3,SAN MATIAS TEPETOMATITLAN,9,C,,112,0,14,7,22,75,0,131,,104,,,,0,0,,,,,1,465,22,488,695,GRUPO DE RECUENTO,,
2163,29002,29002,APETATITLAN DE ANTONIO CARVAJAL,2024,20240602,3,SAN MATIAS TEPETOMATITLAN,9,C,,151,0,9,4,41,80,0,121,,90,,,,0,0,,,,,0,496,24,520,695,ACTA CASILLA,,
2164,29002,29002,APETATITLAN DE ANTONIO CARVAJAL,2024,20240602,4,BELEN ATZITZIMITITLAN,0,A,,0,0,0,0,0,0,0,0,,0,,,,0,0,,,,,0,0,0,0,1,GRUPO DE RECUENTO,,
2165,29002,29002,APETATITLAN DE ANTONIO CARVAJAL,2024,20240602,4,BELEN ATZITZIMITITLAN,10,B,,160,0,0,22,63,18,0,149,,69,,,,0,5,,,,,0,486,7,493,605,GRUPO DE RECUENTO,,
2166,29002,29002,APETATITLAN DE ANTONIO CARVAJAL,2024,20240602,4,BELEN ATZITZIMITITLAN,10,C,,139,0,0,40,53,28,0,151,,44,,,,0,8,,,,,1,463,11,475,604,GRUPO DE RECUENTO,,
2167,29002,29002,APETATITLAN DE ANTONIO CARVAJAL,2024,20240602,4,BELEN ATZITZIMITITLAN,10,C,,149,0,0,23,64,10,0,159,,51,,,,0,8,,,,,0,464,18,482,604,GRUPO DE RECUENTO,,
2168,29002,29002,APETATITLAN DE ANTONIO CARVAJAL,2024,20240602,4,BELEN ATZITZIMITITLAN,10,C,,148,0,0,15,56,0,0,177,,41,,,,0,20,,,,,0,457,17,474,604,ACTA CASILLA,,
2169,29002,29002,APETATITLAN DE ANTONIO CARVAJAL,2024,20240602,4,BELEN ATZITZIMITITLAN,10,C,,154,0,0,17,50,13,0,187,,36,,,,0,6,,,,,2,463,10,475,604,ACTA CASILLA,,
2170,29002,29002,APETATITLAN DE ANTONIO CARVAJAL,2024,20240602,5,BARRIO DE TECOLOTLA,11,B,,129,64,0,0,8,45,0,46,,67,,,,3,0,,,,,0,362,14,376,475,GRUPO DE RECUENTO,,
2171,29002,29002,APETATITLAN DE ANTONIO CARVAJAL,2024,20240602,5,BARRIO DE TECOLOTLA,11,C,,115,84,0,0,6,41,0,64,,62,,,,0,0,,,,,0,372,9,381,475,GRUPO DE RECUENTO,,
2172,29005,29003,APIZACO,2024,20240602,6,COLONIA CERRITO DE GUADALUPE,13,B,,105,65,65,7,24,5,0,22,,47,,,,2,50,55,indep,,,0,447,15,462,613,GRUPO DE RECUENTO,,
2173,29005,29003,APIZACO,2024,20240602,6,COLONIA CERRITO DE GUADALUPE,13,C,,77,61,56,6,24,6,0,21,,55,,,,2,54,42,indep,,,0,404,14,418,613,GRUPO DE RECUENTO,,
2174,29005,29003,APIZACO,2024,20240602,6,COLONIA CERRITO DE GUADALUPE,13,C,,82,66,42,4,19,5,0,25,,45,,,,0,56,69,indep,,,0,413,15,428,613,GRUPO DE RECUENTO,,
2175,29005,29003,APIZACO,2024,20240602,6,COLONIA CERRITO DE GUADALUPE,13,C,,85,69,37,13,13,16,0,18,,66,,,,0,61,57,indep,,,0,435,23,458,612,GRUPO DE RECUENTO,,
2176,29005,29003,APIZACO,2024,20240602,7,SAN LUIS APIZAQUITO,0,A,,0,0,0,0,0,0,0,0,,1,,,,0,0,0,indep,,,0,1,0,1,2,GRUPO DE RECUENTO,,
2177,29005,29003,APIZACO,2024,20240602,7,SAN LUIS APIZAQUITO,14,B,,227,0,63,3,4,8,0,64,,93,,,,2,0,19,indep,,,3,483,14,500,742,GRUPO DE RECUENTO,,
2178,29005,29003,APIZACO,2024,20240602,7,SAN LUIS APIZAQUITO,14,C,,193,0,77,9,12,12,0,66,,88,,,,1,0,15,indep,,,0,473,10,483,742,GRUPO DE RECUENTO,,
2179,29005,29003,APIZACO,2024,20240602,7,SAN LUIS APIZAQUITO,14,C,,220,0,70,11,11,7,0,61,,89,,,,0,0,19,indep,,,0,488,17,505,742,GRUPO DE RECUENTO,,
2180,29005,29003,APIZACO,2024,20240602,7,SAN LUIS APIZAQUITO,14,C,,212,0,66,12,3,12,0,59,,100,,,,2,0,23,indep,,,0,489,10,499,742,GRUPO DE RECUENTO,,
2181,29005,29003,APIZACO,2024,20240602,7,SAN LUIS APIZAQUITO,14,C,,216,0,77,6,4,9,0,69,,94,,,,2,0,17,indep,,,2,494,10,506,742,GRUPO DE RECUENTO,,
2182,29005,29003,APIZACO,2024,20240602,7,SAN LUIS APIZAQUITO,14,C,,223,0,51,13,9,10,0,82,,88,,,,0,0,25,indep,,,0,501,16,517,742,GRUPO DE RECUENTO,,
2183,29005,29003,APIZACO,2024,20240602,7,SAN LUIS APIZAQUITO,14,C,,203,0,67,3,6,4,0,63,,106,,,,1,0,21,indep,,,0,474,26,500,742,GRUPO DE RECUENTO,,
2184,29005,29003,APIZACO,2024,20240602,8,COLONIA JOSE MARIA MORELOS,38,B,,2,3,134,25,0,15,106,12,,83,,,,4,0,,,,,0,384,10,394,557,ACTA CASILLA,,
2185,29005,29003,APIZACO,2024,20240602,8,COLONIA JOSE MARIA MORELOS,38,C,,6,3,141,52,0,7,106,0,,48,,,,0,0,,,,,0,363,25,388,557,ACTA CASILLA,,
2186,29005,29003,APIZACO,2024,20240602,9,GUADALUPE TEXCALAC,39,B,,10,60,1,153,0,49,0,88,,84,,,,0,0,,,,,0,445,23,468,638,GRUPO DE RECUENTO,,
2187,29005,29003,APIZACO,2024,20240602,9,GUADALUPE TEXCALAC,39,C,,8,28,1,174,0,51,0,113,,69,,,,0,0,,,,,0,444,18,462,637,GRUPO DE RECUENTO,,
2188,29005,29003,APIZACO,2024,20240602,10,SANTA MARIA TEXCALAC,0,A,,0,0,0,0,0,0,0,0,,1,,,,0,0,0,indep,,,0,1,0,1,1,ACTA CASILLA,,
2189,29005,29003,APIZACO,2024,20240602,10,SANTA MARIA TEXCALAC,40,B,,137,11,70,10,0,8,0,48,,144,,,,6,0,37,indep,,,0,471,22,493,702,GRUPO DE RECUENTO,,
2190,29005,29003,APIZACO,2024,20240602,10,SANTA MARIA TEXCALAC,618,B,,103,8,109,9,0,0,0,17,,87,,,,2,0,54,indep,,,0,389,13,402,543,GRUPO DE RECUENTO,,
2191,29005,29003,APIZACO,2024,20240602,10,SANTA MARIA TEXCALAC,619,B,,103,21,91,11,0,0,0,11,,92,,,,1,0,36,indep,,,0,366,18,384,628,GRUPO DE RECUENTO,,
2192,29005,29003,APIZACO,2024,20240602,10,SANTA MARIA TEXCALAC,40,C,,145,12,74,7,0,3,0,24,,144,,,,1,0,36,indep,,,0,446,16,462,702,GRUPO DE RECUENTO,,
2193,29005,29003,APIZACO,2024,20240602,10,SANTA MARIA TEXCALAC,40,C,,150,17,52,12,0,10,0,41,,134,,,,3,0,36,indep,,,0,455,19,474,701,GRUPO DE RECUENTO,,
2194,29005,29003,APIZACO,2024,20240602,10,SANTA MARIA TEXCALAC,40,C,,112,19,85,17,0,12,0,24,,163,,,,3,0,29,indep,,,0,464,14,478,701,GRUPO DE RECUENTO,,
2195,29005,29003,APIZACO,2024,20240602,10,SANTA MARIA TEXCALAC,618,C,,95,13,77,22,0,7,0,20,,108,,,,1,0,37,indep,,,3,380,12,395,543,GRUPO DE RECUENTO,,
2196,29005,29003,APIZACO,2024,20240602,10,SANTA MARIA TEXCALAC,618,C,,112,12,84,26,0,3,0,31,,106,,,,2,0,20,indep,,,1,396,8,405,542,GRUPO DE RECUENTO,,
2197,29005,29003,APIZACO,2024,20240602,10,SANTA MARIA TEXCALAC,619,C,,115,19,92,5,0,7,0,29,,131,,,,4,0,11,indep,,,3,413,13,429,628,GRUPO DE RECUENTO,,
2198,29005,29003,APIZACO,2024,20240602,10,SANTA MARIA TEXCALAC,619,C,,117,13,91,7,0,11,0,25,,131,,,,1,0,20,indep,,,2,416,12,430,627,GRUPO DE RECUENTO,,
2199,29005,29003,APIZACO,2024,20240602,11,SANTA ANITA HUILOAC,42,B,,39,19,2,38,8,66,0,12,,121,,,,22,0,54,indep,,,0,381,25,406,646,GRUPO DE RECUENTO,,
2200,29005,29003,APIZACO,2024,20240602,11,SANTA ANITA HUILOAC,43,B,,37,29,2,39,19,51,0,34,,148,,,,8,0,68,indep,,,0,435,21,456,692,GRUPO DE RECUENTO,,
2201,29005,29003,APIZACO,2024,20240602,11,SANTA ANITA HUILOAC,44,B,,23,8,1,72,3,82,0,17,,93,,,,31,0,70,indep,,,0,400,11,411,619,GRUPO DE RECUENTO,,
2202,29005,29003,APIZACO,2024,20240602,11,SANTA ANITA HUILOAC,45,B,,46,20,6,15,10,21,0,23,,96,,,,1,0,43,indep,,,0,281,13,294,464,GRUPO DE RECUENTO,,
2203,29005,29003,APIZACO,2024,20240602,11,SANTA ANITA HUILOAC,43,C,,59,36,0,30,14,58,0,43,,91,,,,11,0,67,indep,,,0,409,23,432,692,ACTA CASILLA,,
2204,29005,29003,APIZACO,2024,20240602,11,SANTA ANITA HUILOAC,43,C,,60,22,3,51,16,67,0,28,,105,,,,5,0,67,indep,,,1,424,16,441,692,GRUPO DE RECUENTO,,
2205,29005,29003,APIZACO,2024,20240602,11,SANTA ANITA HUILOAC,43,C,,59,25,5,31,13,86,0,30,,93,,,,9,0,80,indep,,,0,431,23,454,692,GRUPO DE RECUENTO,,
2206,29005,29003,APIZACO,2024,20240602,11,SANTA ANITA HUILOAC,43,C,,70,19,3,44,17,80,0,22,,96,,,,7,0,72,indep,,,0,430,14,444,692,ACTA CASILLA,,
2207,29005,29003,APIZACO,2024,20240602,11,SANTA ANITA HUILOAC,43,C,,48,33,5,59,7,67,0,39,,87,,,,8,0,90,indep,,,0,443,17,460,692,GRUPO DE RECUENTO,,
2208,29005,29003,APIZACO,2024,20240602,11,SANTA ANITA HUILOAC,44,C,,36,8,1,68,6,92,0,15,,77,,,,23,0,88,indep,,,0,414,14,428,619,GRUPO DE RECUENTO,,
2209,29005,29003,APIZACO,2024,20240602,11,SANTA ANITA HUILOAC,44,C,,34,16,1,34,8,94,0,32,,126,,,,23,0,59,indep,,,0,427,11,438,619,ACTA CASILLA,,
2210,29005,29003,APIZACO,2024,20240602,11,SANTA ANITA HUILOAC,44,C,,22,11,2,76,2,147,0,24,,90,,,,16,0,69,indep,,,0,459,12,471,619,ACTA CASILLA,,
2211,29005,29003,APIZACO,2024,20240602,12,COLONIA SAN ISIDRO APIZAQUITO,0,A,,0,0,0,1,0,0,0,0,,0,,,,0,0,,,,,0,1,0,1,1,ACTA CASILLA,,
2212,29005,29003,APIZACO,2024,20240602,12,COLONIA SAN ISIDRO APIZAQUITO,46,B,,147,98,1,39,23,0,0,26,,140,,,,1,0,,,,,0,475,14,489,690,GRUPO DE RECUENTO,,
2213,29005,29003,APIZACO,2024,20240602,12,COLONIA SAN ISIDRO APIZAQUITO,46,C,,162,108,2,38,21,0,0,28,,77,,,,6,0,,,,,0,442,25,467,690,ACTA CASILLA,,
2214,29005,29003,APIZACO,2024,20240602,12,COLONIA SAN ISIDRO APIZAQUITO,46,C,,201,100,3,24,19,0,0,39,,71,,,,3,0,,,,,0,460,17,477,689,ACTA CASILLA,,
2215,29003,29004,ATLANGATEPEC,2024,20240602,13,SANTA CLARA OZUMBA,50,B,,0,133,0,0,0,120,6,0,,45,,,,0,3,,,,,0,307,6,313,388,ACTA CASILLA,,
2216,29003,29004,ATLANGATEPEC,2024,20240602,14,SANTIAGO VILLALTA,51,B,,0,78,0,3,0,111,0,0,,34,,,,0,55,,,,,0,281,0,281,373,GRUPO DE RECUENTO,,
2217,29003,29004,ATLANGATEPEC,2024,20240602,15,COLONIA AGRICOLA SAN LUIS,52,B,,1,0,0,0,0,65,39,0,,0,,,,0,0,,,,,0,105,1,106,120,ACTA CASILLA,,
2218,29003,29004,ATLANGATEPEC,2024,20240602,16,ZUMPANGO,53,B,,0,94,0,0,99,72,27,0,,33,,,,0,110,,,,,0,435,8,443,602,GRUPO DE RECUENTO,,
2219,29003,29004,ATLANGATEPEC,2024,20240602,16,ZUMPANGO,53,C,,0,98,0,0,89,100,18,0,,32,,,,0,77,,,,,1,414,21,436,601,GRUPO DE RECUENTO,,
2220,29003,29004,ATLANGATEPEC,2024,20240602,17,BENITO JUAREZ TEZOYO,54,B,,0,88,0,0,0,91,0,0,,156,,,,0,12,,,,,0,347,5,352,462,ACTA CASILLA,,
2221,29003,29004,ATLANGATEPEC,2024,20240602,18,COLONIA LA TRASQUILA,55,B,,8,35,0,30,0,33,40,0,,34,,,,0,88,,,,,0,268,10,278,385,GRUPO DE RECUENTO,,
2222,29003,29004,ATLANGATEPEC,2024,20240602,19,SAN PEDRO ECACTEPEC,0,A,,0,0,0,0,0,0,0,0,,0,,,,0,0,,,,,0,0,1,1,1,GRUPO DE RECUENTO,,
2223,29003,29004,ATLANGATEPEC,2024,20240602,19,SAN PEDRO ECACTEPEC,56,B,,0,76,0,24,0,155,90,0,,82,,,,0,52,,,,,0,479,26,505,659,ACTA CASILLA,,
2224,29003,29004,ATLANGATEPEC,2024,20240602,19,SAN PEDRO ECACTEPEC,56,C,,0,94,0,19,0,129,87,0,,138,,,,0,21,,,,,0,488,14,502,658,GRUPO DE RECUENTO,,
2225,29003,29004,ATLANGATEPEC,2024,20240602,20,COLONIA VILLA DE LAS FLORES,57,B,,76,2,0,0,0,64,0,0,,36,,,,0,53,,,,,0,231,12,243,337,GRUPO DE RECUENTO,,
2226,29004,29005,ATLTZAYANCA  ,2024,20240602,21,BARRIO DE GUADALUPE,0,A,,0,1,0,0,0,0,0,0,,0,,,,0,0,,,,,0,1,0,1,1,ACTA CASILLA,,
2227,29004,29005,ATLTZAYANCA  ,2024,20240602,21,BARRIO DE GUADALUPE,59,B,,76,27,0,19,12,3,5,23,,16,,,,41,12,,,,,0,234,4,238,281,GRUPO DE RECUENTO,,
2228,29004,29005,ATLTZAYANCA  ,2024,20240602,21,BARRIO DE GUADALUPE,59,C,,112,111,0,8,9,9,10,11,,57,,,,42,17,,,,,0,386,14,400,318,GRUPO DE RECUENTO,,
2229,29004,29005,ATLTZAYANCA  ,2024,20240602,22,BARRIO DE LA CONCEPCION,59,B,,64,67,0,0,0,7,4,0,,40,,,,0,0,,,,,6,182,5,193,250,GRUPO DE RECUENTO,,
2230,29004,29005,ATLTZAYANCA  ,2024,20240602,22,BARRIO DE LA CONCEPCION,59,C,,43,63,0,0,0,7,3,0,,40,,,,0,0,,,,,0,156,7,163,212,ACTA CASILLA,,
2231,29004,29005,ATLTZAYANCA  ,2024,20240602,23,BARRIO DE SANTIAGO,60,B,,106,50,0,3,32,36,10,2,,53,,,,5,0,,,,,0,297,12,309,385,ACTA CASILLA,,
2232,29004,29005,ATLTZAYANCA  ,2024,20240602,23,BARRIO DE SANTIAGO,60,C,,106,39,0,0,52,29,7,7,,52,,,,4,0,,,,,0,296,12,308,408,GRUPO DE RECUENTO,,
2233,29004,29005,ATLTZAYANCA  ,2024,20240602,24,LA GARITA,61,B,,1,87,0,7,0,24,71,21,,45,,,,0,0,,,,,0,256,17,273,354,GRUPO DE RECUENTO,,
2234,29004,29005,ATLTZAYANCA  ,2024,20240602,25,SAN JOSE BUENAVISTA,61,E,,6,67,0,0,0,13,0,0,,70,,,,0,0,,,,,0,156,4,160,200,GRUPO DE RECUENTO,,
2235,29004,29005,ATLTZAYANCA  ,2024,20240602,26,LAZARO CARDENAS,62,B,,4,130,0,2,0,27,21,2,,111,,,,0,4,,,,,0,301,10,311,366,ACTA CASILLA,,
2236,29004,29005,ATLTZAYANCA  ,2024,20240602,27,SAN ANTONIO TECOPILCO,63,B,,5,106,0,4,11,5,0,13,,143,,,,0,17,,,,,0,304,19,323,385,ACTA CASILLA,,
2237,29004,29005,ATLTZAYANCA  ,2024,20240602,28,SAN JUAN OCOTITLA,64,B,,58,0,0,0,0,92,0,0,,42,,,,0,0,,,,,0,192,6,198,233,ACTA CASILLA,,
2238,29004,29005,ATLTZAYANCA  ,2024,20240602,29,SAN JOSE PILANCON,65,B,,0,13,0,66,0,3,0,41,,90,,,,0,0,,,,,0,213,8,221,247,ACTA CASILLA,,
2239,29004,29005,ATLTZAYANCA  ,2024,20240602,30,XALTITLA,60,B,,0,0,0,0,0,0,0,0,,0,,,,0,0,,,,,0,0,0,0,30,GRUPO DE RECUENTO,,
2240,29004,29005,ATLTZAYANCA  ,2024,20240602,30,XALTITLA,66,B,,29,57,0,10,120,25,18,33,,94,,,,0,0,,,,,0,386,20,406,543,ACTA CASILLA,,
2241,29004,29005,ATLTZAYANCA  ,2024,20240602,30,XALTITLA,72,B,,5,4,0,0,1,2,0,1,,7,,,,0,0,,,,,0,20,2,22,32,GRUPO DE RECUENTO,,
2242,29004,29005,ATLTZAYANCA  ,2024,20240602,30,XALTITLA,60,C,,4,0,0,1,1,0,1,0,,4,,,,0,0,,,,,0,11,1,12,7,ACTA CASILLA,,
2243,29004,29005,ATLTZAYANCA  ,2024,20240602,30,XALTITLA,72,C,,3,0,0,2,3,0,0,0,,3,,,,0,0,,,,,0,11,0,11,17,GRUPO DE RECUENTO,,
2244,29004,29005,ATLTZAYANCA  ,2024,20240602,31,MESA REDONDA,67,B,,2,5,0,0,0,15,0,106,,93,,,,0,0,,,,,0,221,5,226,261,ACTA CASILLA,,
2245,29004,29005,ATLTZAYANCA  ,2024,20240602,32,CONCEPCION HIDALGO,68,B,,174,78,0,35,15,42,0,0,,82,,,,0,3,,,,,0,429,17,446,564,GRUPO DE RECUENTO,,
2246,29004,29005,ATLTZAYANCA  ,2024,20240602,32,CONCEPCION HIDALGO,68,C,,272,36,0,13,16,31,0,0,,32,,,,0,14,,,,,0,414,13,427,564,GRUPO DE RECUENTO,,
2247,29004,29005,ATLTZAYANCA  ,2024,20240602,32,CONCEPCION HIDALGO,68,C,,167,47,0,53,24,23,0,0,,64,,,,0,5,,,,,0,383,15,398,563,GRUPO DE RECUENTO,,
2248,29004,29005,ATLTZAYANCA  ,2024,20240602,32,CONCEPCION HIDALGO,68,C,,244,42,0,17,15,29,0,0,,46,,,,0,24,,,,,0,417,14,431,563,GRUPO DE RECUENTO,,
2249,29004,29005,ATLTZAYANCA  ,2024,20240602,33,FELIPE CARRILLO PUERTO,69,B,,3,0,0,5,3,257,25,0,,67,,,,0,0,,,,,0,360,8,368,469,ACTA CASILLA,,
2250,29004,29005,ATLTZAYANCA  ,2024,20240602,33,FELIPE CARRILLO PUERTO,69,C,,1,0,0,6,6,238,24,0,,76,,,,1,0,,,,,0,352,12,364,468,GRUPO DE RECUENTO,,
2251,29004,29005,ATLTZAYANCA  ,2024,20240602,34,NEXNOPALA,70,B,,20,79,0,111,62,113,0,0,,65,,,,0,0,,,,,0,450,13,463,567,GRUPO DE RECUENTO,,
2252,29004,29005,ATLTZAYANCA  ,2024,20240602,35,RANCHERIA POCITOS,71,B,,36,93,0,2,150,43,0,4,,70,,,,0,0,,,,,0,398,24,422,535,GRUPO DE RECUENTO,,
2253,29004,29005,ATLTZAYANCA  ,2024,20240602,35,RANCHERIA POCITOS,71,C,,42,74,0,10,121,80,0,3,,45,,,,0,0,,,,,0,375,18,393,535,ACTA CASILLA,,
2254,29004,29005,ATLTZAYANCA  ,2024,20240602,36,SANTA MARIA LAS CUEVAS,72,B,,8,16,0,8,2,93,71,2,,80,,,,0,0,,,,,0,280,14,294,364,GRUPO DE RECUENTO,,
2255,29004,29005,ATLTZAYANCA  ,2024,20240602,36,SANTA MARIA LAS CUEVAS,72,C,,0,6,0,8,6,90,108,2,,82,,,,0,0,,,,,0,302,16,318,378,GRUPO DE RECUENTO,,
2256,29004,29005,ATLTZAYANCA  ,2024,20240602,37,NAZARETH,73,B,,18,70,0,0,0,4,0,49,,19,,,,0,67,,,,,0,227,12,239,314,GRUPO DE RECUENTO,,
2257,29004,29005,ATLTZAYANCA  ,2024,20240602,38,SANTA CRUZ POCITOS,0,A,,0,0,0,0,0,0,0,0,,1,,,,0,0,,,,,0,1,0,1,1,ACTA CASILLA,,
2258,29004,29005,ATLTZAYANCA  ,2024,20240602,38,SANTA CRUZ POCITOS,74,B,,9,160,0,10,7,131,0,0,,140,,,,0,0,,,,,0,457,21,478,590,GRUPO DE RECUENTO,,
2259,29004,29005,ATLTZAYANCA  ,2024,20240602,38,SANTA CRUZ POCITOS,74,C,,3,136,0,18,3,151,0,0,,118,,,,0,0,,,,,0,429,14,443,590,GRUPO DE RECUENTO,,
2260,29004,29005,ATLTZAYANCA  ,2024,20240602,39,LOMAS DE JUNGUITO,76,B,,93,76,0,0,0,3,0,0,,1,,,,0,0,,,,,0,173,6,179,211,ACTA CASILLA,,
2261,29004,29005,ATLTZAYANCA  ,2024,20240602,40,BARRIO DE SAN ANTONIO,0,A,,0,0,0,0,0,0,0,1,,0,,,,0,0,,,,,0,1,0,1,1,ACTA CASILLA,,
2262,29004,29005,ATLTZAYANCA  ,2024,20240602,40,BARRIO DE SAN ANTONIO,77,B,,68,0,0,13,21,12,0,43,,230,,,,0,8,,,,,0,395,12,407,519,ACTA CASILLA,,
2263,29004,29005,ATLTZAYANCA  ,2024,20240602,40,BARRIO DE SAN ANTONIO,77,C,,78,0,0,14,19,10,0,45,,229,,,,0,10,,,,,0,405,17,422,519,GRUPO DE RECUENTO,,
2264,29004,29005,ATLTZAYANCA  ,2024,20240602,40,BARRIO DE SAN ANTONIO,77,C,,66,0,0,18,14,6,0,62,,226,,,,0,14,,,,,0,406,9,415,519,ACTA CASILLA,,
2265,29006,29006,CALPULALPAN,2024,20240602,41,COLONIA ALFONSO ESPEJEL,78,B,,0,28,17,16,47,0,38,20,,97,,,,13,96,,,,,0,372,24,396,694,GRUPO DE RECUENTO,,
2266,29006,29006,CALPULALPAN,2024,20240602,41,COLONIA ALFONSO ESPEJEL,78,C,,0,36,14,21,70,0,37,17,,85,,,,15,78,,,,,0,373,23,396,694,GRUPO DE RECUENTO,,
2267,29006,29006,CALPULALPAN,2024,20240602,41,COLONIA ALFONSO ESPEJEL,78,C,,0,24,19,25,45,0,27,19,,107,,,,16,84,,,,,0,366,26,392,694,GRUPO DE RECUENTO,,
2268,29006,29006,CALPULALPAN,2024,20240602,41,COLONIA ALFONSO ESPEJEL,78,C,,0,24,10,19,54,0,53,12,,125,,,,14,71,,,,,0,382,15,397,693,GRUPO DE RECUENTO,,
2269,29006,29006,CALPULALPAN,2024,20240602,41,COLONIA ALFONSO ESPEJEL,78,C,,0,20,28,23,50,0,36,19,,130,,,,14,59,,,,,0,379,26,405,693,GRUPO DE RECUENTO,,
2270,29006,29006,CALPULALPAN,2024,20240602,41,COLONIA ALFONSO ESPEJEL,78,C,,0,23,16,20,53,0,34,14,,93,,,,15,81,,,,,0,349,22,371,693,GRUPO DE RECUENTO,,
2271,29006,29006,CALPULALPAN,2024,20240602,41,COLONIA ALFONSO ESPEJEL,78,C,,0,28,20,32,39,0,31,12,,100,,,,6,78,,,,,1,346,25,372,693,GRUPO DE RECUENTO,,
2272,29006,29006,CALPULALPAN,2024,20240602,42,COLONIA EL MIRADOR,82,B,,0,1,1,8,0,0,0,10,,9,,,,2,0,,,,,0,31,2,33,58,GRUPO DE RECUENTO,,
2273,29006,29006,CALPULALPAN,2024,20240602,42,COLONIA EL MIRADOR,83,B,,8,14,7,32,0,0,0,21,,25,,,,1,3,,,,,0,111,9,120,191,GRUPO DE RECUENTO,,
2274,29006,29006,CALPULALPAN,2024,20240602,42,COLONIA EL MIRADOR,88,B,,1,9,5,30,0,0,0,19,,19,,,,2,2,,,,,0,87,6,93,150,ACTA CASILLA,,
2275,29006,29006,CALPULALPAN,2024,20240602,42,COLONIA EL MIRADOR,89,B,,6,9,20,122,0,0,0,81,,97,,,,10,6,,,,,2,351,21,374,575,GRUPO DE RECUENTO,,
2276,29006,29006,CALPULALPAN,2024,20240602,42,COLONIA EL MIRADOR,90,B,,5,5,13,46,0,0,0,13,,34,,,,6,0,,,,,0,122,9,131,209,GRUPO DE RECUENTO,,
2277,29006,29006,CALPULALPAN,2024,20240602,42,COLONIA EL MIRADOR,82,C,,2,0,1,8,0,0,0,7,,14,,,,0,0,,,,,0,32,0,32,64,ACTA CASILLA,,
2278,29006,29006,CALPULALPAN,2024,20240602,42,COLONIA EL MIRADOR,82,C,,0,0,0,7,0,0,0,7,,13,,,,0,0,,,,,0,27,2,29,48,ACTA CASILLA,,
2279,29006,29006,CALPULALPAN,2024,20240602,42,COLONIA EL MIRADOR,82,C,,0,0,0,11,0,0,0,2,,5,,,,0,1,,,,,0,19,0,19,38,ACTA CASILLA,,
2280,29006,29006,CALPULALPAN,2024,20240602,42,COLONIA EL MIRADOR,83,C,,1,16,3,43,0,0,0,28,,38,,,,0,0,,,,,0,129,16,145,205,GRUPO DE RECUENTO,,
2281,29006,29006,CALPULALPAN,2024,20240602,42,COLONIA EL MIRADOR,83,C,,6,8,4,31,0,0,0,36,,36,,,,0,0,,,,,0,121,4,125,216,GRUPO DE RECUENTO,,
2282,29006,29006,CALPULALPAN,2024,20240602,42,COLONIA EL MIRADOR,83,C,,3,14,15,24,0,0,0,28,,41,,,,3,4,,,,,1,132,7,140,207,GRUPO DE RECUENTO,,
2283,29006,29006,CALPULALPAN,2024,20240602,42,COLONIA EL MIRADOR,88,C,,3,7,5,32,0,0,0,17,,35,,,,1,2,,,,,0,102,6,108,148,GRUPO DE RECUENTO,,
2284,29006,29006,CALPULALPAN,2024,20240602,42,COLONIA EL MIRADOR,89,C,,6,13,12,129,0,0,0,95,,88,,,,13,4,,,,,0,360,28,388,574,ACTA CASILLA,,
2285,29006,29006,CALPULALPAN,2024,20240602,42,COLONIA EL MIRADOR,89,C,,9,7,14,143,0,0,0,84,,103,,,,6,5,,,,,0,371,13,384,574,GRUPO DE RECUENTO,,
2286,29006,29006,CALPULALPAN,2024,20240602,42,COLONIA EL MIRADOR,89,C,,7,15,18,115,0,0,0,66,,86,,,,7,4,,,,,0,318,3,321,574,GRUPO DE RECUENTO,,
2287,29006,29006,CALPULALPAN,2024,20240602,42,COLONIA EL MIRADOR,90,C,,4,3,12,32,0,0,0,24,,27,,,,10,1,,,,,0,113,6,119,181,GRUPO DE RECUENTO,,
2288,29006,29006,CALPULALPAN,2024,20240602,42,COLONIA EL MIRADOR,90,C,,2,7,10,64,0,0,0,30,,33,,,,3,2,,,,,0,151,10,161,232,GRUPO DE RECUENTO,,
2289,29006,29006,CALPULALPAN,2024,20240602,42,COLONIA EL MIRADOR,90,C,,3,3,14,60,0,0,0,22,,34,,,,1,4,,,,,0,141,7,148,223,GRUPO DE RECUENTO,,
2290,29006,29006,CALPULALPAN,2024,20240602,42,COLONIA EL MIRADOR,90,C,,8,5,13,48,0,0,0,33,,45,,,,2,3,,,,,0,157,4,161,240,GRUPO DE RECUENTO,,
2291,29006,29006,CALPULALPAN,2024,20240602,43,COLONIA FRANCISCO SARABIA,85,B,,4,73,17,104,0,0,0,61,,80,,,,8,1,,,,,0,348,20,368,573,GRUPO DE RECUENTO,,
2292,29006,29006,CALPULALPAN,2024,20240602,43,COLONIA FRANCISCO SARABIA,86,B,,8,96,15,186,0,0,0,65,,76,,,,6,7,,,,,0,459,20,479,718,GRUPO DE RECUENTO,,
2293,29006,29006,CALPULALPAN,2024,20240602,43,COLONIA FRANCISCO SARABIA,85,C,,4,78,17,119,0,0,0,54,,81,,,,4,2,,,,,0,359,19,378,573,GRUPO DE RECUENTO,,
2294,29006,29006,CALPULALPAN,2024,20240602,43,COLONIA FRANCISCO SARABIA,85,C,,4,73,9,91,0,0,0,79,,79,,,,6,2,,,,,0,343,14,357,573,GRUPO DE RECUENTO,,
2295,29006,29006,CALPULALPAN,2024,20240602,43,COLONIA FRANCISCO SARABIA,85,C,,7,85,16,109,0,0,0,63,,72,,,,6,2,,,,,0,360,18,378,572,GRUPO DE RECUENTO,,
2296,29006,29006,CALPULALPAN,2024,20240602,43,COLONIA FRANCISCO SARABIA,86,C,,6,77,16,190,0,0,0,68,,89,,,,11,2,,,,,1,459,18,478,718,GRUPO DE RECUENTO,,
2297,29006,29006,CALPULALPAN,2024,20240602,43,COLONIA FRANCISCO SARABIA,86,C,,9,72,19,230,0,0,0,60,,82,,,,9,5,,,,,0,486,22,508,718,GRUPO DE RECUENTO,,
2298,29006,29006,CALPULALPAN,2024,20240602,44,SAN MATEO ACTIPAN,91,B,,0,20,71,68,0,0,0,12,,60,,,,36,0,,,,,1,267,13,281,412,GRUPO DE RECUENTO,,
2299,29006,29006,CALPULALPAN,2024,20240602,44,SAN MATEO ACTIPAN,91,C,,0,13,49,67,0,0,0,18,,87,,,,48,0,,,,,2,282,6,290,412,ACTA CASILLA,,
2300,29006,29006,CALPULALPAN,2024,20240602,45,SAN CRISTOBAL ZACACALCO,96,B,,127,0,12,6,0,0,27,133,,93,,,,0,0,,,,,0,398,20,418,557,GRUPO DE RECUENTO,,
2301,29007,29007,CARMEN TEQUEXQUITLA--EL,2024,20240602,46,BARRIO DE GUADALUPE,103,B,,0,0,0,0,99,0,0,140,,178,,,,62,0,,,,,0,479,19,498,690,ACTA CASILLA,,
2302,29007,29007,CARMEN TEQUEXQUITLA--EL,2024,20240602,46,BARRIO DE GUADALUPE,103,C,,0,0,0,0,117,0,0,106,,150,,,,64,0,,,,,0,437,28,465,692,GRUPO DE RECUENTO,,
2303,29007,29007,CARMEN TEQUEXQUITLA--EL,2024,20240602,47,COLONIA MAZATEPEC,104,B,,0,0,0,0,23,0,0,205,,198,,,,43,0,,,,,2,469,23,494,712,GRUPO DE RECUENTO,,
2304,29007,29007,CARMEN TEQUEXQUITLA--EL,2024,20240602,47,COLONIA MAZATEPEC,104,C,,0,0,0,0,21,0,0,209,,160,,,,30,0,,,,,0,420,26,446,711,GRUPO DE RECUENTO,,
2305,29007,29007,CARMEN TEQUEXQUITLA--EL,2024,20240602,47,COLONIA MAZATEPEC,104,C,,0,0,0,0,23,0,0,184,,167,,,,45,0,,,,,0,419,32,451,711,GRUPO DE RECUENTO,,
2306,29007,29007,CARMEN TEQUEXQUITLA--EL,2024,20240602,47,COLONIA MAZATEPEC,104,C,,0,0,0,0,22,0,0,185,,179,,,,23,0,,,,,0,409,34,443,711,GRUPO DE RECUENTO,,
2307,29007,29007,CARMEN TEQUEXQUITLA--EL,2024,20240602,48,COLONIA LA SOLEDAD,105,B,,0,0,0,0,17,0,0,51,,83,,,,14,0,,,,,185,165,23,373,491,ACTA CASILLA,,
2308,29007,29007,CARMEN TEQUEXQUITLA--EL,2024,20240602,49,VICENTE GUERRERO,106,B,,0,0,0,0,134,0,0,39,,3,,,,9,0,,,,,0,185,6,191,240,ACTA CASILLA,,
2309,29008,29008,CUAPIAXTLA,2024,20240602,50,COLONIA IGNACIO ALLENDE,0,A,,0,0,0,0,0,0,0,0,,0,,,,0,1,,,,,0,1,0,1,1,ACTA CASILLA,,
2310,29008,29008,CUAPIAXTLA,2024,20240602,50,COLONIA IGNACIO ALLENDE,110,B,,31,4,25,24,0,155,0,19,,25,,,,0,16,,,,,0,299,25,324,487,GRUPO DE RECUENTO,,
2311,29008,29008,CUAPIAXTLA,2024,20240602,50,COLONIA IGNACIO ALLENDE,110,C,,39,9,113,44,0,130,0,18,,22,,,,0,15,,,,,0,390,11,401,524,GRUPO DE RECUENTO,,
2312,29008,29008,CUAPIAXTLA,2024,20240602,50,COLONIA IGNACIO ALLENDE,110,C,,40,7,100,28,0,170,0,9,,31,,,,0,25,,,,,0,410,15,425,506,GRUPO DE RECUENTO,,
2313,29008,29008,CUAPIAXTLA,2024,20240602,51,SANTA BEATRIZ LA NUEVA,111,B,,47,70,9,4,0,5,0,5,,106,,,,0,1,,,,,0,247,5,252,291,GRUPO DE RECUENTO,,
2314,29008,29008,CUAPIAXTLA,2024,20240602,52,COLONIA LOMA BONITA,112,B,,12,3,74,4,0,44,0,0,,0,,,,0,0,,,,,0,137,8,145,167,GRUPO DE RECUENTO,,
2315,29008,29008,CUAPIAXTLA,2024,20240602,53,COLONIA MANUEL AVILA CAMACHO,113,B,,99,3,46,0,0,75,0,47,,5,,,,0,0,,,,,0,275,7,282,320,ACTA CASILLA,,
2316,29008,29008,CUAPIAXTLA,2024,20240602,54,SAN FRANCISCO CUEXCONTZI,0,A,,0,0,0,0,0,1,0,0,,0,,,,0,0,,,,,0,1,0,1,1,ACTA CASILLA,,
2317,29008,29008,CUAPIAXTLA,2024,20240602,54,SAN FRANCISCO CUEXCONTZI,114,B,,37,17,5,34,70,93,0,72,,13,,,,0,28,,,,,0,369,18,387,466,GRUPO DE RECUENTO,,
2318,29008,29008,CUAPIAXTLA,2024,20240602,54,SAN FRANCISCO CUEXCONTZI,114,C,,46,26,11,21,76,109,0,53,,14,,,,0,19,,,,,0,375,20,395,465,GRUPO DE RECUENTO,,
2319,29008,29008,CUAPIAXTLA,2024,20240602,55,COLONIA PLAN DE AYALA,115,B,,80,0,3,6,79,103,0,15,,0,,,,0,57,,,,,0,343,12,355,411,GRUPO DE RECUENTO,,
2320,29008,29008,CUAPIAXTLA,2024,20240602,56,COLONIA JOSE MARIA MORELOS,116,B,,6,104,27,160,0,0,0,1,,3,,,,0,93,,,,,0,394,19,413,504,GRUPO DE RECUENTO,,
2321,29009,29009,CUAXOMULCO,2024,20240602,57,2A SECCION COAXOMULCO (TECUICUILCO),0,A,,0,1,0,0,0,0,0,0,,0,,,,0,0,,,,,0,1,0,1,1,GRUPO DE RECUENTO,,
2322,29009,29009,CUAXOMULCO,2024,20240602,57,2A SECCION COAXOMULCO (TECUICUILCO),117,B,,72,47,0,0,37,137,24,41,,106,,,,12,42,,,,,0,518,13,531,728,ACTA CASILLA,,
2323,29009,29009,CUAXOMULCO,2024,20240602,57,2A SECCION COAXOMULCO (TECUICUILCO),117,C,,82,60,0,0,26,115,38,52,,81,,,,6,68,,,,,0,528,23,551,728,ACTA CASILLA,,
2324,29009,29009,CUAXOMULCO,2024,20240602,58,1A SECCION CUAXOMULCO (BARRIO DE ATENCO),118,B,,23,7,0,0,0,23,48,107,,94,,,,9,123,,,,,0,434,16,450,568,GRUPO DE RECUENTO,,
2325,29009,29009,CUAXOMULCO,2024,20240602,58,1A SECCION CUAXOMULCO (BARRIO DE ATENCO),118,C,,47,11,0,0,2,15,60,119,,62,,,,2,89,,,,,0,407,15,422,568,ACTA CASILLA,,
2326,29009,29009,CUAXOMULCO,2024,20240602,59,SAN MIGUEL BUENAVISTA,119,B,,53,84,0,0,6,89,58,29,,45,,,,139,6,,,,,3,509,13,525,628,GRUPO DE RECUENTO,,
2327,29009,29009,CUAXOMULCO,2024,20240602,60,ZACAMOLPA,120,B,,0,0,0,98,0,0,0,15,,4,,,,96,22,,,,,0,235,10,245,294,GRUPO DE RECUENTO,,
2328,29009,29009,CUAXOMULCO,2024,20240602,61,SAN LORENZO XALTELULCO,121,B,,37,67,0,0,162,12,29,17,,33,,,,55,91,,,,,0,503,28,531,726,ACTA CASILLA,,
2329,29009,29009,CUAXOMULCO,2024,20240602,61,SAN LORENZO XALTELULCO,121,C,,19,62,0,0,156,22,42,6,,38,,,,79,113,,,,,0,537,12,549,725,ACTA CASILLA,,
2330,29010,29010,CHIAUTEMPAN,2024,20240602,62,COLONIA CHALMA,122,B,,58,36,61,49,38,14,45,11,,77,,,,38,12,,,,,0,439,15,454,604,GRUPO DE RECUENTO,,
2331,29010,29010,CHIAUTEMPAN,2024,20240602,62,COLONIA CHALMA,123,B,,0,0,0,0,0,0,0,0,,0,,,,0,0,,,,,0,0,0,0,39,GRUPO DE RECUENTO,,
2332,29010,29010,CHIAUTEMPAN,2024,20240602,62,COLONIA CHALMA,122,C,,54,17,39,52,32,12,49,21,,79,,,,18,13,,,,,0,386,2,388,603,GRUPO DE RECUENTO,,
2333,29010,29010,CHIAUTEMPAN,2024,20240602,62,COLONIA CHALMA,122,C,,70,28,53,50,63,20,56,14,,72,,,,9,18,,,,,0,453,9,462,603,GRUPO DE RECUENTO,,
2334,29010,29010,CHIAUTEMPAN,2024,20240602,62,COLONIA CHALMA,123,C,,2,0,0,0,1,0,0,0,,5,,,,0,0,,,,,0,8,0,8,20,GRUPO DE RECUENTO,,
2335,29010,29010,CHIAUTEMPAN,2024,20240602,62,COLONIA CHALMA,123,C,,4,6,1,2,4,2,0,1,,8,,,,1,0,,,,,0,29,0,29,44,GRUPO DE RECUENTO,,
2336,29010,29010,CHIAUTEMPAN,2024,20240602,63,SANTA CRUZ GUADALUPE,126,B,,0,71,77,20,13,62,5,67,,79,,,,0,9,,,,,1,403,23,427,627,GRUPO DE RECUENTO,,
2337,29010,29010,CHIAUTEMPAN,2024,20240602,63,SANTA CRUZ GUADALUPE,126,C,,0,107,68,19,12,61,6,41,,73,,,,0,13,,,,,0,400,18,418,627,GRUPO DE RECUENTO,,
2338,29010,29010,CHIAUTEMPAN,2024,20240602,63,SANTA CRUZ GUADALUPE,126,C,,0,99,80,15,8,81,2,48,,111,,,,0,13,,,,,0,457,15,472,627,GRUPO DE RECUENTO,,
2339,29010,29010,CHIAUTEMPAN,2024,20240602,63,SANTA CRUZ GUADALUPE,126,C,,0,90,81,15,8,81,11,45,,110,,,,0,7,,,,,0,448,16,464,626,ACTA CASILLA,,
2340,29010,29010,CHIAUTEMPAN,2024,20240602,64,COLONIA REFORMA,127,B,,32,93,51,22,37,16,52,0,,102,,,,7,41,,,,,11,453,32,496,729,GRUPO DE RECUENTO,,
2341,29010,29010,CHIAUTEMPAN,2024,20240602,64,COLONIA REFORMA,140,B,,20,40,30,25,48,23,62,0,,118,,,,7,18,,,,,6,391,28,425,660,ACTA CASILLA,,
2342,29010,29010,CHIAUTEMPAN,2024,20240602,64,COLONIA REFORMA,127,C,,27,81,35,13,36,28,58,0,,135,,,,12,12,,,,,16,437,31,484,729,GRUPO DE RECUENTO,,
2343,29010,29010,CHIAUTEMPAN,2024,20240602,64,COLONIA REFORMA,127,C,,33,86,35,13,49,39,54,0,,140,,,,12,15,,,,,18,476,31,525,729,GRUPO DE RECUENTO,,
2344,29010,29010,CHIAUTEMPAN,2024,20240602,64,COLONIA REFORMA,127,C,,28,76,37,7,42,27,51,0,,149,,,,10,34,,,,,17,461,28,506,729,GRUPO DE RECUENTO,,
2345,29010,29010,CHIAUTEMPAN,2024,20240602,64,COLONIA REFORMA,140,C,,21,46,47,28,45,37,66,0,,100,,,,2,26,,,,,9,418,28,455,659,ACTA CASILLA,,
2346,29010,29010,CHIAUTEMPAN,2024,20240602,64,COLONIA REFORMA,140,C,,17,47,42,27,42,49,52,0,,99,,,,11,24,,,,,13,410,21,444,659,GRUPO DE RECUENTO,,
2347,29010,29010,CHIAUTEMPAN,2024,20240602,65,COLONIA INDUSTRIAL,133,B,,57,122,38,43,25,53,0,0,,73,,,,0,0,,,,,0,411,12,423,544,ACTA CASILLA,,
2348,29010,29010,CHIAUTEMPAN,2024,20240602,65,COLONIA INDUSTRIAL,133,C,,58,94,52,55,28,37,0,0,,71,,,,0,0,,,,,1,395,12,408,544,GRUPO DE RECUENTO,,
2349,29010,29010,CHIAUTEMPAN,2024,20240602,66,COLONIA EL ALTO,0,A,,0,0,0,0,0,1,0,0,,0,,,,0,0,,,,,0,1,0,1,1,GRUPO DE RECUENTO,,
2350,29010,29010,CHIAUTEMPAN,2024,20240602,66,COLONIA EL ALTO,137,B,,22,85,24,21,85,36,24,32,,93,,,,3,20,,,,,0,445,17,462,621,GRUPO DE RECUENTO,,
2351,29010,29010,CHIAUTEMPAN,2024,20240602,66,COLONIA EL ALTO,144,B,,12,75,25,29,138,32,35,46,,97,,,,2,18,,,,,0,509,12,521,744,GRUPO DE RECUENTO,,
2352,29010,29010,CHIAUTEMPAN,2024,20240602,66,COLONIA EL ALTO,137,C,,12,41,36,15,138,27,22,32,,70,,,,3,11,,,,,0,407,22,429,621,ACTA CASILLA,,
2353,29010,29010,CHIAUTEMPAN,2024,20240602,66,COLONIA EL ALTO,137,C,,21,73,24,27,81,25,41,43,,110,,,,3,10,,,,,0,458,6,464,621,ACTA CASILLA,,
2354,29010,29010,CHIAUTEMPAN,2024,20240602,66,COLONIA EL ALTO,137,C,,14,67,37,26,101,36,28,50,,87,,,,2,8,,,,,0,456,11,467,621,ACTA CASILLA,,
2355,29010,29010,CHIAUTEMPAN,2024,20240602,66,COLONIA EL ALTO,144,C,,18,85,31,22,116,35,36,42,,104,,,,2,8,,,,,0,499,18,517,744,ACTA CASILLA,,
2356,29010,29010,CHIAUTEMPAN,2024,20240602,66,COLONIA EL ALTO,144,C,,20,112,18,39,133,43,23,48,,70,,,,0,6,,,,,1,512,13,526,744,GRUPO DE RECUENTO,,
2357,29010,29010,CHIAUTEMPAN,2024,20240602,66,COLONIA EL ALTO,144,C,,18,106,18,27,136,28,44,50,,81,,,,7,6,,,,,0,521,15,536,744,GRUPO DE RECUENTO,,
2358,29010,29010,CHIAUTEMPAN,2024,20240602,66,COLONIA EL ALTO,144,C,,15,78,31,34,136,34,25,55,,95,,,,3,9,,,,,0,515,19,534,744,ACTA CASILLA,,
2359,29010,29010,CHIAUTEMPAN,2024,20240602,67,BARRIO DE TEXCACOAC,141,B,,50,45,67,0,91,34,43,0,,77,,,,13,21,,,,,0,441,20,461,714,GRUPO DE RECUENTO,,
2360,29010,29010,CHIAUTEMPAN,2024,20240602,67,BARRIO DE TEXCACOAC,141,C,,40,46,71,0,87,40,51,0,,75,,,,22,13,,,,,0,445,25,470,714,GRUPO DE RECUENTO,,
2361,29010,29010,CHIAUTEMPAN,2024,20240602,67,BARRIO DE TEXCACOAC,141,C,,52,54,96,0,86,58,39,0,,52,,,,17,23,,,,,0,477,23,500,714,GRUPO DE RECUENTO,,
2362,29010,29010,CHIAUTEMPAN,2024,20240602,67,BARRIO DE TEXCACOAC,141,C,,51,25,76,0,116,47,21,0,,65,,,,21,20,,,,,3,442,24,469,714,GRUPO DE RECUENTO,,
2363,29010,29010,CHIAUTEMPAN,2024,20240602,67,BARRIO DE TEXCACOAC,141,C,,74,49,92,0,70,37,31,0,,73,,,,20,28,,,,,1,474,17,492,714,GRUPO DE RECUENTO,,
2364,29010,29010,CHIAUTEMPAN,2024,20240602,67,BARRIO DE TEXCACOAC,141,C,,92,51,62,0,78,57,32,0,,75,,,,11,27,,,,,0,485,23,508,714,GRUPO DE RECUENTO,,
2365,29010,29010,CHIAUTEMPAN,2024,20240602,67,BARRIO DE TEXCACOAC,141,C,,53,33,109,0,107,44,42,0,,59,,,,10,14,,,,,0,471,19,490,713,GRUPO DE RECUENTO,,
2366,29010,29010,CHIAUTEMPAN,2024,20240602,68,BARRIO DE XAXALA,142,B,,77,48,34,25,42,19,29,0,,61,,,,2,42,,,,,0,379,19,398,596,GRUPO DE RECUENTO,,
2367,29010,29010,CHIAUTEMPAN,2024,20240602,68,BARRIO DE XAXALA,142,C,,85,42,27,26,24,12,44,0,,58,,,,0,66,,,,,0,384,16,400,596,GRUPO DE RECUENTO,,
2368,29010,29010,CHIAUTEMPAN,2024,20240602,68,BARRIO DE XAXALA,142,C,,61,48,42,17,41,12,32,0,,77,,,,1,49,,,,,0,380,20,400,596,GRUPO DE RECUENTO,,
2369,29010,29010,CHIAUTEMPAN,2024,20240602,68,BARRIO DE XAXALA,142,C,,67,48,27,41,25,18,39,0,,58,,,,1,50,,,,,0,374,21,395,596,GRUPO DE RECUENTO,,
2370,29011,29011,MUÑOZ DE DOMINGO ARENAS,2024,20240602,69,SAN JOSE CUAMATZINGO,162,B,,98,54,0,0,128,0,0,0,,22,,,,24,17,,,,,0,343,11,354,543,GRUPO DE RECUENTO,,
2371,29011,29011,MUÑOZ DE DOMINGO ARENAS,2024,20240602,69,SAN JOSE CUAMATZINGO,162,C,,91,55,0,0,115,0,0,0,,29,,,,29,17,,,,,0,336,21,357,543,GRUPO DE RECUENTO,,
2372,29011,29011,MUÑOZ DE DOMINGO ARENAS,2024,20240602,70,GUADALUPE CUAUHTEMOC,163,B,,0,0,0,0,27,0,3,0,,226,,,,0,89,,,,,11,345,5,361,524,ACTA CASILLA,,
2373,29011,29011,MUÑOZ DE DOMINGO ARENAS,2024,20240602,71,COLONIA SAN ISIDRO CHIPILA,164,B,,0,0,0,0,0,0,5,0,,128,,,,96,0,,,,,0,229,22,251,312,GRUPO DE RECUENTO,,
2374,29013,29013,HUAMANTLA,2024,20240602,72,COLONIA EMILIANO ZAPATA,178,B,,46,11,0,24,42,45,49,0,,113,,,,5,6,,,,,0,341,31,372,477,ACTA CASILLA,,
2375,29013,29013,HUAMANTLA,2024,20240602,72,COLONIA EMILIANO ZAPATA,178,C,,30,20,0,33,43,40,34,0,,129,,,,4,5,,,,,0,338,8,346,461,ACTA CASILLA,,
2376,29013,29013,HUAMANTLA,2024,20240602,72,COLONIA EMILIANO ZAPATA,178,C,,71,15,0,43,32,60,41,0,,116,,,,4,5,,,,,0,387,9,396,555,ACTA CASILLA,,
2377,29013,29013,HUAMANTLA,2024,20240602,72,COLONIA EMILIANO ZAPATA,178,C,,57,28,0,43,42,52,40,0,,106,,,,5,8,,,,,0,381,12,393,500,ACTA CASILLA,,
2378,29013,29013,HUAMANTLA,2024,20240602,72,COLONIA EMILIANO ZAPATA,178,C,,43,19,0,42,40,52,39,0,,120,,,,1,1,,,,,0,357,22,379,485,ACTA CASILLA,,
2379,29013,29013,HUAMANTLA,2024,20240602,72,COLONIA EMILIANO ZAPATA,178,C,,83,16,0,42,65,45,42,0,,85,,,,3,10,,,,,1,391,15,407,512,GRUPO DE RECUENTO,,
2380,29013,29013,HUAMANTLA,2024,20240602,73,BARRIO DE SAN SEBASTIAN,179,B,,31,21,0,16,27,97,43,5,,101,,,,0,27,,,,,0,368,13,381,597,GRUPO DE RECUENTO,,
2381,29013,29013,HUAMANTLA,2024,20240602,73,BARRIO DE SAN SEBASTIAN,180,B,,10,12,0,1,11,6,4,3,,14,,,,0,9,,,,,0,70,4,74,116,GRUPO DE RECUENTO,,
2382,29013,29013,HUAMANTLA,2024,20240602,73,BARRIO DE SAN SEBASTIAN,181,B,,4,18,0,0,10,21,14,0,,20,,,,0,4,,,,,0,91,5,96,183,GRUPO DE RECUENTO,,
2383,29013,29013,HUAMANTLA,2024,20240602,73,BARRIO DE SAN SEBASTIAN,187,B,,6,23,0,9,9,24,14,8,,53,,,,0,7,,,,,1,153,3,157,226,GRUPO DE RECUENTO,,
2384,29013,29013,HUAMANTLA,2024,20240602,73,BARRIO DE SAN SEBASTIAN,179,C,,22,28,0,19,29,91,46,6,,91,,,,0,35,,,,,0,367,0,367,612,GRUPO DE RECUENTO,,
2385,29013,29013,HUAMANTLA,2024,20240602,73,BARRIO DE SAN SEBASTIAN,179,C,,16,24,0,16,37,78,38,5,,99,,,,0,22,,,,,0,335,19,354,594,GRUPO DE RECUENTO,,
2386,29013,29013,HUAMANTLA,2024,20240602,73,BARRIO DE SAN SEBASTIAN,179,C,,26,27,0,20,26,68,46,11,,86,,,,0,25,,,,,0,335,13,348,590,GRUPO DE RECUENTO,,
2387,29013,29013,HUAMANTLA,2024,20240602,73,BARRIO DE SAN SEBASTIAN,180,C,,11,23,0,1,5,31,22,11,,22,,,,0,6,,,,,0,132,4,136,193,GRUPO DE RECUENTO,,
2388,29013,29013,HUAMANTLA,2024,20240602,73,BARRIO DE SAN SEBASTIAN,180,C,,10,14,0,0,4,34,12,2,,10,,,,0,5,,,,,0,91,3,94,152,GRUPO DE RECUENTO,,
2389,29013,29013,HUAMANTLA,2024,20240602,73,BARRIO DE SAN SEBASTIAN,180,C,,15,17,0,1,3,28,11,3,,19,,,,0,4,,,,,0,101,1,102,138,GRUPO DE RECUENTO,,
2390,29013,29013,HUAMANTLA,2024,20240602,73,BARRIO DE SAN SEBASTIAN,180,C,,11,30,0,3,4,29,11,2,,12,,,,0,2,,,,,0,104,0,104,158,GRUPO DE RECUENTO,,
2391,29013,29013,HUAMANTLA,2024,20240602,73,BARRIO DE SAN SEBASTIAN,180,C,,8,15,0,1,4,33,12,6,,22,,,,0,6,,,,,0,107,6,113,169,GRUPO DE RECUENTO,,
2392,29013,29013,HUAMANTLA,2024,20240602,73,BARRIO DE SAN SEBASTIAN,181,C,,17,16,0,4,16,33,24,3,,32,,,,0,3,,,,,0,148,8,156,214,GRUPO DE RECUENTO,,
2393,29013,29013,HUAMANTLA,2024,20240602,73,BARRIO DE SAN SEBASTIAN,181,C,,8,23,0,1,13,10,11,4,,32,,,,0,6,,,,,0,108,7,115,222,GRUPO DE RECUENTO,,
2394,29013,29013,HUAMANTLA,2024,20240602,73,BARRIO DE SAN SEBASTIAN,187,C,,3,11,0,2,1,5,8,2,,20,,,,0,1,,,,,1,53,7,61,189,ACTA CASILLA,,
2395,29013,29013,HUAMANTLA,2024,20240602,73,BARRIO DE SAN SEBASTIAN,187,C,,2,8,0,3,7,12,12,0,,46,,,,0,1,,,,,0,91,4,95,221,GRUPO DE RECUENTO,,
2396,29013,29013,HUAMANTLA,2024,20240602,73,BARRIO DE SAN SEBASTIAN,179,E,,34,18,0,5,14,67,11,9,,63,,,,0,5,,,,,0,226,4,230,355,GRUPO DE RECUENTO,,
2397,29013,29013,HUAMANTLA,2024,20240602,73,BARRIO DE SAN SEBASTIAN,179,EC,,22,9,0,3,16,90,21,4,,48,,,,0,6,,,,,0,219,9,228,328,GRUPO DE RECUENTO,,
2398,29013,29013,HUAMANTLA,2024,20240602,73,BARRIO DE SAN SEBASTIAN,179,EC,,28,17,0,3,16,77,29,13,,39,,,,0,6,,,,,0,228,14,242,354,GRUPO DE RECUENTO,,
2399,29013,29013,HUAMANTLA,2024,20240602,74,BARRIO DE SANTA ANITA,179,B,,1,1,0,0,3,2,3,0,,3,,,,0,0,,,,,0,13,0,13,30,GRUPO DE RECUENTO,,
2400,29013,29013,HUAMANTLA,2024,20240602,74,BARRIO DE SANTA ANITA,180,B,,24,108,0,44,130,25,10,0,,52,,,,2,0,,,,,3,395,9,407,582,GRUPO DE RECUENTO,,
2401,29013,29013,HUAMANTLA,2024,20240602,74,BARRIO DE SANTA ANITA,179,C,,0,0,0,0,0,0,0,0,,2,,,,0,0,,,,,0,2,0,2,22,GRUPO DE RECUENTO,,
2402,29013,29013,HUAMANTLA,2024,20240602,74,BARRIO DE SANTA ANITA,179,C,,0,0,0,0,0,0,0,0,,0,,,,0,0,,,,,0,0,0,0,39,GRUPO DE RECUENTO,,
2403,29013,29013,HUAMANTLA,2024,20240602,74,BARRIO DE SANTA ANITA,179,C,,2,0,0,0,2,2,0,0,,2,,,,1,0,,,,,0,9,0,9,35,GRUPO DE RECUENTO,,
2404,29013,29013,HUAMANTLA,2024,20240602,74,BARRIO DE SANTA ANITA,180,C,,20,92,0,31,94,18,8,0,,64,,,,2,0,,,,,1,329,11,341,507,GRUPO DE RECUENTO,,
2405,29013,29013,HUAMANTLA,2024,20240602,74,BARRIO DE SANTA ANITA,180,C,,18,126,0,36,109,33,9,0,,45,,,,1,0,,,,,2,377,19,398,547,GRUPO DE RECUENTO,,
2406,29013,29013,HUAMANTLA,2024,20240602,74,BARRIO DE SANTA ANITA,180,C,,22,108,0,44,104,26,8,0,,69,,,,4,0,,,,,0,385,13,398,543,GRUPO DE RECUENTO,,
2407,29013,29013,HUAMANTLA,2024,20240602,74,BARRIO DE SANTA ANITA,180,C,,41,115,0,24,105,21,8,0,,57,,,,0,0,,,,,0,371,13,384,533,GRUPO DE RECUENTO,,
2408,29013,29013,HUAMANTLA,2024,20240602,74,BARRIO DE SANTA ANITA,180,C,,16,95,0,30,105,22,8,0,,51,,,,1,0,,,,,3,328,9,340,518,GRUPO DE RECUENTO,,
2409,29013,29013,HUAMANTLA,2024,20240602,75,BARRIO DE SAN FRANCISCO YANCUITLALPAN,184,B,,22,22,0,14,68,2,21,0,,44,,,,0,0,,,,,0,193,8,201,329,GRUPO DE RECUENTO,,
2410,29013,29013,HUAMANTLA,2024,20240602,75,BARRIO DE SAN FRANCISCO YANCUITLALPAN,217,B,,9,17,0,18,35,4,11,0,,43,,,,0,0,,,,,0,137,12,149,240,GRUPO DE RECUENTO,,
2411,29013,29013,HUAMANTLA,2024,20240602,75,BARRIO DE SAN FRANCISCO YANCUITLALPAN,184,C,,21,20,0,17,81,4,15,0,,35,,,,0,0,,,,,0,193,12,205,310,GRUPO DE RECUENTO,,
2412,29013,29013,HUAMANTLA,2024,20240602,75,BARRIO DE SAN FRANCISCO YANCUITLALPAN,184,C,,10,22,0,18,103,3,26,0,,64,,,,0,0,,,,,3,246,14,263,398,GRUPO DE RECUENTO,,
2413,29013,29013,HUAMANTLA,2024,20240602,75,BARRIO DE SAN FRANCISCO YANCUITLALPAN,217,C,,8,76,0,35,106,14,68,0,,83,,,,0,0,,,,,0,390,21,411,287,GRUPO DE RECUENTO,,
2414,29013,29013,HUAMANTLA,2024,20240602,76,RANCHERIA DE LA CRUZ,184,B,,13,4,0,0,12,5,33,0,,16,,,,0,0,,,,,0,83,2,85,135,GRUPO DE RECUENTO,,
2415,29013,29013,HUAMANTLA,2024,20240602,76,RANCHERIA DE LA CRUZ,192,B,,2,0,0,0,0,9,13,0,,13,,,,0,0,,,,,0,37,2,39,63,GRUPO DE RECUENTO,,
2416,29013,29013,HUAMANTLA,2024,20240602,76,RANCHERIA DE LA CRUZ,218,B,,76,6,1,0,27,50,49,0,,76,,,,0,5,,,,,0,290,8,298,376,GRUPO DE RECUENTO,,
2417,29013,29013,HUAMANTLA,2024,20240602,76,RANCHERIA DE LA CRUZ,184,C,,30,3,0,0,10,9,44,0,,18,,,,0,1,,,,,0,115,4,119,185,GRUPO DE RECUENTO,,
2418,29013,29013,HUAMANTLA,2024,20240602,76,RANCHERIA DE LA CRUZ,184,C,,3,2,0,0,7,8,39,0,,6,,,,0,0,,,,,0,65,2,67,108,GRUPO DE RECUENTO,,
2419,29013,29013,HUAMANTLA,2024,20240602,76,RANCHERIA DE LA CRUZ,192,C,,6,0,0,0,2,11,12,0,,5,,,,0,1,,,,,0,37,2,39,45,GRUPO DE RECUENTO,,
2420,29013,29013,HUAMANTLA,2024,20240602,76,RANCHERIA DE LA CRUZ,192,C,,2,5,0,0,4,5,11,0,,5,,,,0,1,,,,,0,33,4,37,65,GRUPO DE RECUENTO,,
2421,29013,29013,HUAMANTLA,2024,20240602,76,RANCHERIA DE LA CRUZ,218,C,,50,10,2,0,29,26,49,0,,94,,,,0,3,,,,,0,263,11,274,375,GRUPO DE RECUENTO,,
2422,29013,29013,HUAMANTLA,2024,20240602,77,BARRIO DE SANTA MARIA YANCUITLALPAN,184,B,,0,17,0,0,29,8,15,0,,22,,,,0,1,,,,,0,92,6,98,87,GRUPO DE RECUENTO,,
2423,29013,29013,HUAMANTLA,2024,20240602,77,BARRIO DE SANTA MARIA YANCUITLALPAN,192,B,,0,2,0,0,4,1,1,0,,9,,,,0,1,,,,,0,18,1,19,29,GRUPO DE RECUENTO,,
2424,29013,29013,HUAMANTLA,2024,20240602,77,BARRIO DE SANTA MARIA YANCUITLALPAN,217,B,,0,58,0,0,53,14,39,0,,46,,,,0,3,,,,,0,213,6,219,323,GRUPO DE RECUENTO,,
2425,29013,29013,HUAMANTLA,2024,20240602,77,BARRIO DE SANTA MARIA YANCUITLALPAN,184,C,,0,8,0,0,13,2,10,0,,8,,,,0,2,,,,,0,43,0,43,56,GRUPO DE RECUENTO,,
2426,29013,29013,HUAMANTLA,2024,20240602,77,BARRIO DE SANTA MARIA YANCUITLALPAN,184,C,,0,5,0,0,12,0,7,0,,5,,,,0,0,,,,,0,29,0,29,44,GRUPO DE RECUENTO,,
2427,29013,29013,HUAMANTLA,2024,20240602,77,BARRIO DE SANTA MARIA YANCUITLALPAN,192,C,,0,1,0,0,0,0,4,0,,2,,,,0,1,,,,,0,8,0,8,14,GRUPO DE RECUENTO,,
2428,29013,29013,HUAMANTLA,2024,20240602,77,BARRIO DE SANTA MARIA YANCUITLALPAN,192,C,,0,1,0,0,1,1,4,0,,3,,,,0,0,,,,,0,10,1,11,21,GRUPO DE RECUENTO,,
2429,29013,29013,HUAMANTLA,2024,20240602,77,BARRIO DE SANTA MARIA YANCUITLALPAN,217,C,,0,35,0,0,69,6,56,0,,31,,,,0,2,,,,,0,199,9,208,276,GRUPO DE RECUENTO,,
2430,29013,29013,HUAMANTLA,2024,20240602,78,BARRIO DE SAN LUCAS,0,A,,0,0,0,0,0,0,0,0,,1,,,,0,0,,,,,0,1,0,1,1,GRUPO DE RECUENTO,,
2431,29013,29013,HUAMANTLA,2024,20240602,78,BARRIO DE SAN LUCAS,188,B,,12,65,4,27,91,21,46,0,,120,,,,0,34,,,,,1,420,1,422,683,GRUPO DE RECUENTO,,
2432,29013,29013,HUAMANTLA,2024,20240602,78,BARRIO DE SAN LUCAS,195,B,,9,61,16,18,45,19,49,0,,95,,,,0,20,,,,,2,332,23,357,593,GRUPO DE RECUENTO,,
2433,29013,29013,HUAMANTLA,2024,20240602,78,BARRIO DE SAN LUCAS,188,C,,8,52,8,36,62,32,69,0,,94,,,,0,32,,,,,0,393,25,418,683,GRUPO DE RECUENTO,,
2434,29013,29013,HUAMANTLA,2024,20240602,78,BARRIO DE SAN LUCAS,188,C,,14,69,7,54,71,23,53,0,,106,,,,0,21,,,,,0,418,26,444,683,GRUPO DE RECUENTO,,
2435,29013,29013,HUAMANTLA,2024,20240602,78,BARRIO DE SAN LUCAS,188,C,,12,58,15,40,60,27,49,0,,104,,,,0,32,,,,,2,397,30,429,683,GRUPO DE RECUENTO,,
2436,29013,29013,HUAMANTLA,2024,20240602,78,BARRIO DE SAN LUCAS,188,C,,12,61,17,37,78,25,57,0,,90,,,,0,18,,,,,1,395,24,420,683,GRUPO DE RECUENTO,,
2437,29013,29013,HUAMANTLA,2024,20240602,78,BARRIO DE SAN LUCAS,188,C,,12,56,11,42,76,21,58,0,,119,,,,0,34,,,,,3,429,28,460,683,GRUPO DE RECUENTO,,
2438,29013,29013,HUAMANTLA,2024,20240602,78,BARRIO DE SAN LUCAS,188,C,,16,55,13,35,60,21,56,0,,97,,,,0,46,,,,,2,399,34,435,683,GRUPO DE RECUENTO,,
2439,29013,29013,HUAMANTLA,2024,20240602,78,BARRIO DE SAN LUCAS,195,C,,8,73,11,33,37,20,77,0,,98,,,,0,8,,,,,0,365,36,401,593,GRUPO DE RECUENTO,,
2440,29013,29013,HUAMANTLA,2024,20240602,78,BARRIO DE SAN LUCAS,195,C,,9,84,13,27,38,35,45,0,,117,,,,0,11,,,,,0,379,24,403,592,GRUPO DE RECUENTO,,
2441,29013,29013,HUAMANTLA,2024,20240602,78,BARRIO DE SAN LUCAS,195,C,,3,44,32,25,49,30,48,0,,121,,,,0,13,,,,,2,365,22,389,592,GRUPO DE RECUENTO,,
2442,29013,29013,HUAMANTLA,2024,20240602,79,BARRIO DE LA PRECIOSA,190,B,,3,6,0,11,5,1,2,0,,8,,,,0,5,,,,,0,41,4,45,63,GRUPO DE RECUENTO,,
2443,29013,29013,HUAMANTLA,2024,20240602,79,BARRIO DE LA PRECIOSA,191,B,,41,7,0,58,29,10,19,0,,31,,,,1,20,,,,,7,216,9,232,362,GRUPO DE RECUENTO,,
2444,29013,29013,HUAMANTLA,2024,20240602,79,BARRIO DE LA PRECIOSA,194,B,,3,6,0,16,7,3,7,0,,12,,,,0,6,,,,,0,60,4,64,106,GRUPO DE RECUENTO,,
2445,29013,29013,HUAMANTLA,2024,20240602,79,BARRIO DE LA PRECIOSA,190,C,,2,0,0,13,5,0,0,0,,7,,,,0,3,,,,,0,30,3,33,63,GRUPO DE RECUENTO,,
2446,29013,29013,HUAMANTLA,2024,20240602,79,BARRIO DE LA PRECIOSA,191,C,,33,6,0,67,41,9,19,0,,50,,,,1,30,,,,,5,256,10,271,401,GRUPO DE RECUENTO,,
2447,29013,29013,HUAMANTLA,2024,20240602,79,BARRIO DE LA PRECIOSA,194,C,,6,5,0,24,14,6,20,0,,10,,,,1,2,,,,,0,88,1,89,143,GRUPO DE RECUENTO,,
2448,29013,29013,HUAMANTLA,2024,20240602,79,BARRIO DE LA PRECIOSA,194,C,,5,10,0,11,5,11,10,0,,12,,,,0,11,,,,,0,75,5,80,94,GRUPO DE RECUENTO,,
2449,29013,29013,HUAMANTLA,2024,20240602,79,BARRIO DE LA PRECIOSA,194,C,,8,6,0,12,7,3,8,0,,9,,,,0,4,,,,,0,57,3,60,76,GRUPO DE RECUENTO,,
2450,29013,29013,HUAMANTLA,2024,20240602,79,BARRIO DE LA PRECIOSA,194,C,,16,3,0,14,3,3,5,0,,8,,,,0,12,,,,,0,64,3,67,113,GRUPO DE RECUENTO,,
2451,29013,29013,HUAMANTLA,2024,20240602,80,BARRIO DE SAN ANTONIO,192,B,,2,2,0,0,6,2,0,0,,7,,,,0,1,,,,,0,20,1,21,35,GRUPO DE RECUENTO,,
2452,29013,29013,HUAMANTLA,2024,20240602,80,BARRIO DE SAN ANTONIO,194,B,,46,17,1,12,84,2,14,0,,48,,,,0,4,,,,,0,228,9,237,325,GRUPO DE RECUENTO,,
2453,29013,29013,HUAMANTLA,2024,20240602,80,BARRIO DE SAN ANTONIO,192,C,,4,0,0,1,10,1,0,0,,4,,,,0,1,,,,,1,21,8,30,48,GRUPO DE RECUENTO,,
2454,29013,29013,HUAMANTLA,2024,20240602,80,BARRIO DE SAN ANTONIO,192,C,,3,1,0,0,8,0,2,0,,19,,,,0,0,,,,,1,33,2,36,46,GRUPO DE RECUENTO,,
2455,29013,29013,HUAMANTLA,2024,20240602,80,BARRIO DE SAN ANTONIO,194,C,,28,22,1,3,75,1,8,0,,40,,,,0,2,,,,,0,180,7,187,288,GRUPO DE RECUENTO,,
2456,29013,29013,HUAMANTLA,2024,20240602,80,BARRIO DE SAN ANTONIO,194,C,,40,16,2,6,64,1,10,0,,22,,,,0,2,,,,,0,163,0,163,272,GRUPO DE RECUENTO,,
2457,29013,29013,HUAMANTLA,2024,20240602,80,BARRIO DE SAN ANTONIO,194,C,,23,34,4,3,81,2,12,0,,60,,,,0,1,,,,,0,220,8,228,321,GRUPO DE RECUENTO,,
2458,29013,29013,HUAMANTLA,2024,20240602,80,BARRIO DE SAN ANTONIO,194,C,,51,21,1,4,91,5,14,0,,42,,,,0,0,,,,,0,229,6,235,358,GRUPO DE RECUENTO,,
2459,29013,29013,HUAMANTLA,2024,20240602,81,BARRIO DE SAN JOSE,192,B,,53,16,0,16,58,43,30,0,,88,,,,55,52,,,,,3,411,23,437,611,GRUPO DE RECUENTO,,
2460,29013,29013,HUAMANTLA,2024,20240602,81,BARRIO DE SAN JOSE,192,C,,56,14,0,16,80,73,47,0,,108,,,,41,26,,,,,5,461,24,490,631,GRUPO DE RECUENTO,,
2461,29013,29013,HUAMANTLA,2024,20240602,81,BARRIO DE SAN JOSE,192,C,,46,18,0,12,71,56,49,0,,113,,,,44,23,,,,,4,432,32,468,606,GRUPO DE RECUENTO,,
2462,29013,29013,HUAMANTLA,2024,20240602,82,COLONIA MARIANO MATAMOROS,193,B,,22,50,0,0,38,42,4,0,,100,,,,0,79,,,,,0,335,13,348,482,GRUPO DE RECUENTO,,
2463,29013,29013,HUAMANTLA,2024,20240602,82,COLONIA MARIANO MATAMOROS,219,B,,5,5,0,0,5,5,1,0,,26,,,,0,11,,,,,0,58,2,60,79,GRUPO DE RECUENTO,,
2464,29013,29013,HUAMANTLA,2024,20240602,82,COLONIA MARIANO MATAMOROS,193,C,,18,60,0,0,34,40,10,0,,108,,,,0,77,,,,,0,347,11,358,479,GRUPO DE RECUENTO,,
2465,29013,29013,HUAMANTLA,2024,20240602,82,COLONIA MARIANO MATAMOROS,219,C,,0,0,0,0,1,0,0,0,,2,,,,0,1,,,,,0,4,2,6,41,GRUPO DE RECUENTO,,
2466,29013,29013,HUAMANTLA,2024,20240602,83,HERMENEGILDO GALEANA,0,A,,0,0,0,0,0,0,0,0,,1,,,,0,0,,,,,0,1,0,1,1,ACTA CASILLA,,
2467,29013,29013,HUAMANTLA,2024,20240602,83,HERMENEGILDO GALEANA,196,B,,0,35,0,33,56,162,39,0,,58,,,,37,0,,,,,0,420,22,442,636,GRUPO DE RECUENTO,,
2468,29013,29013,HUAMANTLA,2024,20240602,83,HERMENEGILDO GALEANA,196,C,,0,37,0,17,69,138,23,0,,92,,,,53,0,,,,,0,429,24,453,636,ACTA CASILLA,,
2469,29013,29013,HUAMANTLA,2024,20240602,84,RANCHERIA DE TORRES,197,B,,12,8,0,0,54,54,81,0,,4,,,,0,0,,,,,0,213,3,216,278,GRUPO DE RECUENTO,,
2470,29013,29013,HUAMANTLA,2024,20240602,85,FRANCISCO I MADERO LA MESA,198,B,,0,42,0,0,31,1,0,0,,50,,,,0,0,,,,,1,124,1,126,165,GRUPO DE RECUENTO,,
2471,29013,29013,HUAMANTLA,2024,20240602,86,COLONIA FRANCISCO VILLA TECOAC,199,B,,0,92,0,9,37,113,0,0,,62,,,,0,0,,,,,0,313,8,321,405,GRUPO DE RECUENTO,,
2472,29013,29013,HUAMANTLA,2024,20240602,86,COLONIA FRANCISCO VILLA TECOAC,199,C,,0,101,0,20,39,109,0,0,,60,,,,0,0,,,,,0,329,13,342,405,GRUPO DE RECUENTO,,
2473,29013,29013,HUAMANTLA,2024,20240602,87,EL CARMEN XALPATALAHUAYA,200,B,,55,23,40,1,44,26,21,0,,198,,,,0,2,,,,,0,410,10,420,525,GRUPO DE RECUENTO,,
2474,29013,29013,HUAMANTLA,2024,20240602,87,EL CARMEN XALPATALAHUAYA,200,C,,67,29,34,3,51,13,28,0,,180,,,,0,4,,,,,0,409,8,417,525,GRUPO DE RECUENTO,,
2475,29013,29013,HUAMANTLA,2024,20240602,87,EL CARMEN XALPATALAHUAYA,200,C,,29,23,26,2,71,44,17,0,,173,,,,0,1,,,,,0,386,10,396,524,GRUPO DE RECUENTO,,
2476,29013,29013,HUAMANTLA,2024,20240602,88,BENITO JUAREZ,201,B,,0,37,0,29,35,146,14,0,,65,,,,0,104,,,,,1,430,22,453,680,GRUPO DE RECUENTO,,
2477,29013,29013,HUAMANTLA,2024,20240602,88,BENITO JUAREZ,201,C,,0,43,0,24,69,104,6,0,,66,,,,0,110,,,,,0,422,21,443,680,GRUPO DE RECUENTO,,
2478,29013,29013,HUAMANTLA,2024,20240602,88,BENITO JUAREZ,201,C,,0,63,0,22,46,154,4,0,,54,,,,0,110,,,,,0,453,20,473,680,ACTA CASILLA,,
2479,29013,29013,HUAMANTLA,2024,20240602,88,BENITO JUAREZ,201,C,,0,42,0,15,58,157,1,0,,47,,,,0,131,,,,,0,451,20,471,679,GRUPO DE RECUENTO,,
2480,29013,29013,HUAMANTLA,2024,20240602,88,BENITO JUAREZ,201,C,,0,46,0,38,52,132,4,0,,79,,,,0,102,,,,,0,453,20,473,679,ACTA CASILLA,,
2481,29013,29013,HUAMANTLA,2024,20240602,88,BENITO JUAREZ,201,C,,0,51,0,29,47,119,9,0,,63,,,,0,103,,,,,0,421,24,445,679,GRUPO DE RECUENTO,,
2482,29013,29013,HUAMANTLA,2024,20240602,89,FRANCISCO I MADERO TECOPILCO EL VALLE,202,B,,0,19,0,0,222,133,6,0,,81,,,,0,0,,,,,0,461,7,468,624,GRUPO DE RECUENTO,,
2483,29013,29013,HUAMANTLA,2024,20240602,90,SAN JOSE XICOHTENCATL,0,A,,0,0,0,0,0,0,0,0,,0,,,,0,0,,,,,0,0,0,0,2,GRUPO DE RECUENTO,,
2484,29013,29013,HUAMANTLA,2024,20240602,90,SAN JOSE XICOHTENCATL,203,B,,38,102,0,50,36,30,22,0,,113,,,,0,49,,,,,0,440,28,468,738,GRUPO DE RECUENTO,,
2485,29013,29013,HUAMANTLA,2024,20240602,90,SAN JOSE XICOHTENCATL,204,B,,60,58,0,67,60,33,11,0,,84,,,,0,48,,,,,1,421,29,451,706,GRUPO DE RECUENTO,,
2486,29013,29013,HUAMANTLA,2024,20240602,90,SAN JOSE XICOHTENCATL,203,C,,62,114,0,70,37,25,26,0,,112,,,,0,38,,,,,1,484,28,513,738,GRUPO DE RECUENTO,,
2487,29013,29013,HUAMANTLA,2024,20240602,90,SAN JOSE XICOHTENCATL,203,C,,78,99,0,46,41,40,23,0,,81,,,,0,64,,,,,0,472,26,498,737,GRUPO DE RECUENTO,,
2488,29013,29013,HUAMANTLA,2024,20240602,90,SAN JOSE XICOHTENCATL,204,C,,69,58,0,50,48,29,29,0,,94,,,,0,60,,,,,0,437,24,461,706,GRUPO DE RECUENTO,,
2489,29013,29013,HUAMANTLA,2024,20240602,90,SAN JOSE XICOHTENCATL,204,C,,51,64,0,75,51,24,7,0,,76,,,,0,68,,,,,0,416,20,436,706,GRUPO DE RECUENTO,,
2490,29013,29013,HUAMANTLA,2024,20240602,90,SAN JOSE XICOHTENCATL,204,C,,64,59,0,53,34,42,21,0,,71,,,,0,68,,,,,0,412,23,435,706,GRUPO DE RECUENTO,,
2491,29013,29013,HUAMANTLA,2024,20240602,91,COLONIA ACASILLADOS SAN MARTIN NOTARIO,205,B,,28,0,0,0,82,4,2,0,,129,,,,0,0,,,,,0,245,9,254,308,ACTA CASILLA,,
2492,29013,29013,HUAMANTLA,2024,20240602,92,LAZARO CARDENAS,206,B,,2,165,0,0,151,70,0,0,,49,,,,0,8,,,,,23,445,12,480,571,GRUPO DE RECUENTO,,
2493,29013,29013,HUAMANTLA,2024,20240602,92,LAZARO CARDENAS,206,C,,0,122,1,0,123,51,0,0,,87,,,,0,2,,,,,11,386,9,406,513,GRUPO DE RECUENTO,,
2494,29013,29013,HUAMANTLA,2024,20240602,93,COLONIA CHAPULTEPEC,207,B,,5,52,0,2,145,48,5,0,,36,,,,0,10,,,,,0,303,6,309,415,GRUPO DE RECUENTO,,
2495,29013,29013,HUAMANTLA,2024,20240602,93,COLONIA CHAPULTEPEC,207,C,,4,30,0,5,125,63,0,0,,43,,,,0,7,,,,,0,277,13,290,414,GRUPO DE RECUENTO,,
2496,29013,29013,HUAMANTLA,2024,20240602,94,COLONIA SAN FRANCISCO TECOAC,208,E,,0,0,0,27,87,0,3,0,,5,,,,91,0,,,,,0,213,4,217,246,GRUPO DE RECUENTO,,
2497,29013,29013,HUAMANTLA,2024,20240602,95,NUEVO BARRIO FRANCISCO VILLA,208,B,,156,20,0,0,71,21,71,0,,0,,,,0,79,,,,,73,418,20,511,688,GRUPO DE RECUENTO,,
2498,29013,29013,HUAMANTLA,2024,20240602,96,COLONIA CUAUHTEMOC,209,B,,40,7,7,90,58,25,1,0,,118,,,,0,0,,,,,0,346,12,358,440,GRUPO DE RECUENTO,,
2499,29013,29013,HUAMANTLA,2024,20240602,96,COLONIA CUAUHTEMOC,209,C,,41,13,11,78,33,50,2,0,,112,,,,0,0,,,,,0,340,18,358,440,GRUPO DE RECUENTO,,
2500,29013,29013,HUAMANTLA,2024,20240602,97,COLONIA JOSE MARIA MORELOS,211,B,,0,56,0,7,97,139,17,0,,67,,,,0,0,,,,,1,383,18,402,536,GRUPO DE RECUENTO,,
2501,29013,29013,HUAMANTLA,2024,20240602,97,COLONIA JOSE MARIA MORELOS,211,C,,0,48,0,4,116,135,31,0,,48,,,,0,0,,,,,0,382,13,395,536,ACTA CASILLA,,
2502,29013,29013,HUAMANTLA,2024,20240602,98,COLONIA JOSE MARIA MORELOS,212,B,,0,57,0,0,89,113,4,0,,96,,,,0,0,,,,,0,359,16,375,587,ACTA CASILLA,,
2503,29013,29013,HUAMANTLA,2024,20240602,99,IGNACIO ZARAGOZA,0,A,,0,1,0,0,0,0,0,0,,0,,,,0,0,,,,,0,1,0,1,2,GRUPO DE RECUENTO,,
2504,29013,29013,HUAMANTLA,2024,20240602,99,IGNACIO ZARAGOZA,213,B,,3,80,0,38,111,14,19,0,,73,,,,0,24,,,,,46,362,43,451,659,GRUPO DE RECUENTO,,
2505,29013,29013,HUAMANTLA,2024,20240602,99,IGNACIO ZARAGOZA,214,B,,5,56,0,28,100,30,12,0,,89,,,,0,37,,,,,42,357,28,427,624,GRUPO DE RECUENTO,,
2506,29013,29013,HUAMANTLA,2024,20240602,99,IGNACIO ZARAGOZA,213,C,,8,61,0,33,99,10,24,0,,71,,,,0,20,,,,,44,326,40,410,658,GRUPO DE RECUENTO,,
2507,29013,29013,HUAMANTLA,2024,20240602,99,IGNACIO ZARAGOZA,213,C,,5,72,0,37,117,12,7,0,,55,,,,0,19,,,,,47,324,21,392,658,GRUPO DE RECUENTO,,
2508,29013,29013,HUAMANTLA,2024,20240602,99,IGNACIO ZARAGOZA,213,C,,7,70,0,29,99,16,18,0,,73,,,,0,19,,,,,55,331,24,410,658,GRUPO DE RECUENTO,,
2509,29013,29013,HUAMANTLA,2024,20240602,99,IGNACIO ZARAGOZA,213,C,,7,69,0,42,101,13,30,0,,57,,,,0,9,,,,,62,328,28,418,658,GRUPO DE RECUENTO,,
2510,29013,29013,HUAMANTLA,2024,20240602,99,IGNACIO ZARAGOZA,214,C,,8,67,0,39,133,22,9,0,,81,,,,0,26,,,,,43,385,24,452,624,GRUPO DE RECUENTO,,
2511,29013,29013,HUAMANTLA,2024,20240602,99,IGNACIO ZARAGOZA,214,C,,6,73,0,39,93,23,19,0,,86,,,,0,29,,,,,31,368,33,432,624,GRUPO DE RECUENTO,,
2512,29013,29013,HUAMANTLA,2024,20240602,99,IGNACIO ZARAGOZA,214,C,,6,51,0,38,115,13,14,0,,66,,,,0,25,,,,,46,328,31,405,623,GRUPO DE RECUENTO,,
2513,29013,29013,HUAMANTLA,2024,20240602,100,RANCHERIA ALTAMIRA DE GUADALUPE,215,B,,82,12,0,7,18,5,23,0,,3,,,,109,17,,,,,0,276,5,281,361,GRUPO DE RECUENTO,,
2514,29013,29013,HUAMANTLA,2024,20240602,101,RANCHERIA LOS PILARES,216,B,,69,6,0,2,58,3,20,0,,96,,,,0,10,,,,,30,264,38,332,544,GRUPO DE RECUENTO,,
2515,29013,29013,HUAMANTLA,2024,20240602,101,RANCHERIA LOS PILARES,216,C,,68,7,0,14,56,4,19,0,,117,,,,0,11,,,,,53,296,16,365,543,GRUPO DE RECUENTO,,
2516,29013,29013,HUAMANTLA,2024,20240602,102,RANCHERIA DE JESUS,219,B,,0,8,0,56,21,31,72,0,,50,,,,0,0,,,,,0,238,23,261,418,GRUPO DE RECUENTO,,
2517,29013,29013,HUAMANTLA,2024,20240602,102,RANCHERIA DE JESUS,219,C,,0,7,0,56,31,26,98,0,,74,,,,0,0,,,,,0,292,26,318,456,GRUPO DE RECUENTO,,
2518,29014,29014,HUEYOTLIPAN,2024,20240602,103,IGNACIO ZARAGOZA,222,B,,0,48,0,0,0,238,70,0,,87,,,,0,0,,,,,0,443,16,459,648,GRUPO DE RECUENTO,,
2519,29014,29014,HUEYOTLIPAN,2024,20240602,103,IGNACIO ZARAGOZA,222,C,,0,62,0,0,0,240,74,0,,69,,,,0,0,,,,,0,445,9,454,648,GRUPO DE RECUENTO,,
2520,29014,29014,HUEYOTLIPAN,2024,20240602,104,ADOLFO LOPEZ MATEOS,224,B,,0,7,0,0,97,4,0,0,,70,,,,0,0,,,,,104,178,14,296,397,ACTA CASILLA,,
2521,29014,29014,HUEYOTLIPAN,2024,20240602,104,ADOLFO LOPEZ MATEOS,224,C,,0,1,0,0,91,7,0,0,,79,,,,0,0,,,,,108,178,10,296,396,ACTA CASILLA,,
2522,29014,29014,HUEYOTLIPAN,2024,20240602,105,SAN LORENZO TECHALOTE,225,B,,0,2,0,0,14,55,0,86,,99,,,,0,0,,,,,0,256,3,259,317,GRUPO DE RECUENTO,,
2523,29014,29014,HUEYOTLIPAN,2024,20240602,106,SANTIAGO TLALPAN,227,B,,165,5,0,21,0,17,0,61,,168,,,,0,28,,,,,0,465,13,478,671,GRUPO DE RECUENTO,,
2524,29014,29014,HUEYOTLIPAN,2024,20240602,107,SAN SIMEON XIPETZINGO,228,B,,0,94,0,1,67,142,0,0,,54,,,,0,53,,,,,0,411,17,428,634,GRUPO DE RECUENTO,,
2525,29014,29014,HUEYOTLIPAN,2024,20240602,107,SAN SIMEON XIPETZINGO,228,C,,0,113,0,1,64,172,0,0,,48,,,,0,43,,,,,0,441,11,452,634,ACTA CASILLA,,
2526,29014,29014,HUEYOTLIPAN,2024,20240602,107,SAN SIMEON XIPETZINGO,228,C,,0,74,0,4,46,172,0,0,,51,,,,0,61,,,,,0,408,26,434,633,ACTA CASILLA,,
2527,29014,29014,HUEYOTLIPAN,2024,20240602,107,SAN SIMEON XIPETZINGO,228,C,,0,122,0,0,66,142,0,0,,49,,,,0,48,,,,,0,427,14,441,633,ACTA CASILLA,,
2528,29014,29014,HUEYOTLIPAN,2024,20240602,108,SAN MANUEL TLALPAN,229,B,,0,1,0,0,64,40,0,0,,30,,,,0,0,,,,,0,135,3,138,172,ACTA CASILLA,,
2529,29014,29014,HUEYOTLIPAN,2024,20240602,109,SANTA MARIA IXCOTLA,230,B,,0,9,0,0,194,5,0,0,,204,,,,0,18,,,,,0,430,22,452,585,GRUPO DE RECUENTO,,
2530,29015,29015,IXTACUIXTLA DE MARIANO MATAMOROS,2024,20240602,110,SAN FELIPE IXTACUIXTLA,0,A,,0,0,0,0,0,0,0,0,,0,,,,0,0,,,,,0,0,0,0,1,GRUPO DE RECUENTO,,
2531,29015,29015,IXTACUIXTLA DE MARIANO MATAMOROS,2024,20240602,110,SAN FELIPE IXTACUIXTLA,232,B,,0,14,5,54,64,29,1,1,,107,,,,74,18,,,,,0,367,21,388,599,ACTA CASILLA,,
2532,29015,29015,IXTACUIXTLA DE MARIANO MATAMOROS,2024,20240602,110,SAN FELIPE IXTACUIXTLA,233,B,,0,16,4,86,65,24,6,7,,99,,,,94,33,,,,,0,434,19,453,656,GRUPO DE RECUENTO,,
2533,29015,29015,IXTACUIXTLA DE MARIANO MATAMOROS,2024,20240602,110,SAN FELIPE IXTACUIXTLA,234,B,,0,18,3,35,57,41,10,1,,144,,,,155,16,,,,,0,480,19,499,719,GRUPO DE RECUENTO,,
2534,29015,29015,IXTACUIXTLA DE MARIANO MATAMOROS,2024,20240602,110,SAN FELIPE IXTACUIXTLA,232,C,,0,12,2,47,45,38,6,12,,99,,,,60,11,,,,,0,332,14,346,599,GRUPO DE RECUENTO,,
2535,29015,29015,IXTACUIXTLA DE MARIANO MATAMOROS,2024,20240602,110,SAN FELIPE IXTACUIXTLA,232,C,,0,11,3,53,49,36,2,4,,98,,,,67,16,,,,,0,339,21,360,599,ACTA CASILLA,,
2536,29015,29015,IXTACUIXTLA DE MARIANO MATAMOROS,2024,20240602,110,SAN FELIPE IXTACUIXTLA,232,C,,0,9,13,59,64,39,2,8,,100,,,,94,20,,,,,0,408,11,419,598,GRUPO DE RECUENTO,,
2537,29015,29015,IXTACUIXTLA DE MARIANO MATAMOROS,2024,20240602,110,SAN FELIPE IXTACUIXTLA,233,C,,0,12,3,66,61,42,6,7,,97,,,,90,35,,,,,0,419,16,435,656,GRUPO DE RECUENTO,,
2538,29015,29015,IXTACUIXTLA DE MARIANO MATAMOROS,2024,20240602,110,SAN FELIPE IXTACUIXTLA,233,C,,0,11,6,69,91,23,7,7,,83,,,,94,36,,,,,0,427,22,449,655,GRUPO DE RECUENTO,,
2539,29015,29015,IXTACUIXTLA DE MARIANO MATAMOROS,2024,20240602,110,SAN FELIPE IXTACUIXTLA,234,C,,0,14,2,30,80,35,3,6,,111,,,,155,20,,,,,0,456,22,478,719,ACTA CASILLA,,
2540,29015,29015,IXTACUIXTLA DE MARIANO MATAMOROS,2024,20240602,111,RANCHERIA LA SOLEDAD,235,B,,0,1,0,9,85,3,0,0,,44,,,,7,0,,,,,0,149,12,161,224,GRUPO DE RECUENTO,,
2541,29015,29015,IXTACUIXTLA DE MARIANO MATAMOROS,2024,20240602,112,SAN ANTONIO ATOTONILCO,241,B,,0,12,5,82,0,113,0,0,,120,,,,15,21,,,,,0,368,10,378,679,GRUPO DE RECUENTO,,
2542,29015,29015,IXTACUIXTLA DE MARIANO MATAMOROS,2024,20240602,112,SAN ANTONIO ATOTONILCO,242,B,,0,16,2,64,0,86,0,0,,96,,,,12,20,,,,,0,296,17,313,523,GRUPO DE RECUENTO,,
2543,29015,29015,IXTACUIXTLA DE MARIANO MATAMOROS,2024,20240602,112,SAN ANTONIO ATOTONILCO,241,C,,0,8,13,64,0,101,0,0,,114,,,,30,16,,,,,0,346,14,360,679,GRUPO DE RECUENTO,,
2544,29015,29015,IXTACUIXTLA DE MARIANO MATAMOROS,2024,20240602,112,SAN ANTONIO ATOTONILCO,241,C,,0,15,7,51,0,118,0,0,,122,,,,15,25,,,,,1,353,23,377,678,GRUPO DE RECUENTO,,
2545,29015,29015,IXTACUIXTLA DE MARIANO MATAMOROS,2024,20240602,112,SAN ANTONIO ATOTONILCO,242,C,,0,12,5,94,0,78,0,0,,80,,,,5,28,,,,,0,302,15,317,523,GRUPO DE RECUENTO,,
2546,29015,29015,IXTACUIXTLA DE MARIANO MATAMOROS,2024,20240602,112,SAN ANTONIO ATOTONILCO,242,C,,0,23,13,73,0,80,0,0,,88,,,,12,19,,,,,0,308,14,322,523,GRUPO DE RECUENTO,,
2547,29015,29015,IXTACUIXTLA DE MARIANO MATAMOROS,2024,20240602,113,SAN MIGUEL LA PRESA,243,B,,0,0,0,33,7,115,0,0,,4,,,,99,0,,,,,0,258,6,264,333,GRUPO DE RECUENTO,,
2548,29015,29015,IXTACUIXTLA DE MARIANO MATAMOROS,2024,20240602,114,LA TRINIDAD TENEXYECAC,245,B,,0,45,6,45,125,0,0,0,,108,,,,15,84,,,,,0,428,33,461,652,GRUPO DE RECUENTO,,
2549,29015,29015,IXTACUIXTLA DE MARIANO MATAMOROS,2024,20240602,114,LA TRINIDAD TENEXYECAC,245,C,,0,20,6,55,135,0,0,0,,87,,,,13,129,,,,,0,445,44,489,652,GRUPO DE RECUENTO,,
2550,29015,29015,IXTACUIXTLA DE MARIANO MATAMOROS,2024,20240602,114,LA TRINIDAD TENEXYECAC,245,C,,0,59,5,40,156,0,0,0,,111,,,,17,73,,,,,0,461,24,485,652,ACTA CASILLA,,
2551,29015,29015,IXTACUIXTLA DE MARIANO MATAMOROS,2024,20240602,114,LA TRINIDAD TENEXYECAC,245,C,,0,50,7,37,134,0,0,0,,98,,,,15,128,,,,,0,469,15,484,652,GRUPO DE RECUENTO,,
2552,29015,29015,IXTACUIXTLA DE MARIANO MATAMOROS,2024,20240602,115,SAN ANTONIO TECOAC,246,B,,0,17,1,22,122,73,0,0,,39,,,,29,0,,,,,0,303,8,311,414,ACTA CASILLA,,
2553,29015,29015,IXTACUIXTLA DE MARIANO MATAMOROS,2024,20240602,115,SAN ANTONIO TECOAC,246,C,,0,43,1,25,109,72,0,0,,45,,,,25,0,,,,,0,320,5,325,413,ACTA CASILLA,,
2554,29015,29015,IXTACUIXTLA DE MARIANO MATAMOROS,2024,20240602,116,SAN ANTONIO TIZOSTOC,247,B,,0,89,31,73,48,15,5,0,,108,,,,0,21,,,,,1,390,11,402,581,GRUPO DE RECUENTO,,
2555,29015,29015,IXTACUIXTLA DE MARIANO MATAMOROS,2024,20240602,116,SAN ANTONIO TIZOSTOC,247,C,,0,103,41,59,46,10,4,0,,102,,,,0,14,,,,,0,379,3,382,580,GRUPO DE RECUENTO,,
2556,29015,29015,IXTACUIXTLA DE MARIANO MATAMOROS,2024,20240602,116,SAN ANTONIO TIZOSTOC,247,C,,0,107,23,72,50,11,3,0,,96,,,,0,18,,,,,0,380,18,398,580,GRUPO DE RECUENTO,,
2557,29015,29015,IXTACUIXTLA DE MARIANO MATAMOROS,2024,20240602,117,SANTA CRUZ EL PORVENIR,0,A,,0,0,0,0,0,0,0,0,,0,,,,1,0,,,,,0,1,0,1,1,GRUPO DE RECUENTO,,
2558,29015,29015,IXTACUIXTLA DE MARIANO MATAMOROS,2024,20240602,117,SANTA CRUZ EL PORVENIR,248,B,,0,19,13,80,10,1,146,0,,143,,,,78,0,,,,,0,490,10,500,652,GRUPO DE RECUENTO,,
2559,29015,29015,IXTACUIXTLA DE MARIANO MATAMOROS,2024,20240602,117,SANTA CRUZ EL PORVENIR,248,C,,0,40,13,69,7,2,108,0,,165,,,,76,0,,,,,0,480,12,492,638,ACTA CASILLA,,
2560,29015,29015,IXTACUIXTLA DE MARIANO MATAMOROS,2024,20240602,118,ESPIRITU SANTO,249,B,,0,0,76,168,0,0,0,0,,185,,,,9,0,,,,,0,438,14,452,638,GRUPO DE RECUENTO,,
2561,29015,29015,IXTACUIXTLA DE MARIANO MATAMOROS,2024,20240602,119,SAN GABRIEL POPOCATLA,250,B,,0,114,4,1,120,13,51,0,,115,,,,27,27,,,,,1,472,11,484,728,GRUPO DE RECUENTO,,
2562,29015,29015,IXTACUIXTLA DE MARIANO MATAMOROS,2024,20240602,119,SAN GABRIEL POPOCATLA,250,C,,0,84,0,7,90,13,74,0,,126,,,,16,47,,,,,0,457,29,486,728,ACTA CASILLA,,
2563,29015,29015,IXTACUIXTLA DE MARIANO MATAMOROS,2024,20240602,120,SAN DIEGO XOCOYUCAN,0,A,,0,0,0,0,0,0,0,0,,1,,,,0,0,,,,,0,1,0,1,1,GRUPO DE RECUENTO,,
2564,29015,29015,IXTACUIXTLA DE MARIANO MATAMOROS,2024,20240602,120,SAN DIEGO XOCOYUCAN,251,B,,0,44,7,81,20,29,0,59,,70,,,,123,4,,,,,0,437,19,456,673,GRUPO DE RECUENTO,,
2565,29015,29015,IXTACUIXTLA DE MARIANO MATAMOROS,2024,20240602,120,SAN DIEGO XOCOYUCAN,251,C,,0,43,1,59,16,21,0,70,,65,,,,162,2,,,,,0,439,21,460,673,GRUPO DE RECUENTO,,
2566,29015,29015,IXTACUIXTLA DE MARIANO MATAMOROS,2024,20240602,120,SAN DIEGO XOCOYUCAN,251,C,,0,36,4,44,33,29,0,40,,93,,,,131,5,,,,,0,415,20,435,673,ACTA CASILLA,,
2567,29015,29015,IXTACUIXTLA DE MARIANO MATAMOROS,2024,20240602,120,SAN DIEGO XOCOYUCAN,251,C,,0,57,0,83,14,37,0,60,,91,,,,120,1,,,,,0,463,11,474,672,ACTA CASILLA,,
2568,29015,29015,IXTACUIXTLA DE MARIANO MATAMOROS,2024,20240602,120,SAN DIEGO XOCOYUCAN,251,C,,0,58,3,50,20,30,0,49,,95,,,,124,8,,,,,0,437,16,453,672,GRUPO DE RECUENTO,,
2569,29015,29015,IXTACUIXTLA DE MARIANO MATAMOROS,2024,20240602,121,SANTA INES TECUEXCOMAC,256,B,,0,19,0,19,21,46,4,0,,182,,,,39,0,,,,,0,330,9,339,517,GRUPO DE RECUENTO,,
2570,29015,29015,IXTACUIXTLA DE MARIANO MATAMOROS,2024,20240602,121,SANTA INES TECUEXCOMAC,257,B,,0,28,4,17,11,47,1,0,,152,,,,47,0,,,,,0,307,14,321,523,ACTA CASILLA,,
2571,29015,29015,IXTACUIXTLA DE MARIANO MATAMOROS,2024,20240602,121,SANTA INES TECUEXCOMAC,256,C,,0,20,5,14,19,38,3,0,,170,,,,43,0,,,,,0,312,18,330,516,ACTA CASILLA,,
2572,29015,29015,IXTACUIXTLA DE MARIANO MATAMOROS,2024,20240602,121,SANTA INES TECUEXCOMAC,256,C,,0,36,3,11,20,30,2,0,,182,,,,48,0,,,,,0,332,18,350,516,GRUPO DE RECUENTO,,
2573,29015,29015,IXTACUIXTLA DE MARIANO MATAMOROS,2024,20240602,121,SANTA INES TECUEXCOMAC,257,C,,0,34,3,25,12,37,1,0,,162,,,,47,0,,,,,0,321,19,340,523,ACTA CASILLA,,
2574,29017,29017,MAZATECOCHCO DE JOSE MARIA MORELOS,2024,20240602,122,CUARTA SECCION,263,B,,0,8,56,0,15,64,19,36,,70,,,,67,73,,,,,0,408,11,419,572,GRUPO DE RECUENTO,,
2575,29017,29017,MAZATECOCHCO DE JOSE MARIA MORELOS,2024,20240602,122,CUARTA SECCION,263,C,,0,4,83,0,17,68,17,50,,76,,,,83,65,,,,,0,463,9,472,572,GRUPO DE RECUENTO,,
2576,29017,29017,MAZATECOCHCO DE JOSE MARIA MORELOS,2024,20240602,122,CUARTA SECCION,263,C,,0,2,74,0,17,74,19,48,,76,,,,71,64,,,,,0,445,6,451,571,GRUPO DE RECUENTO,,
2577,29017,29017,MAZATECOCHCO DE JOSE MARIA MORELOS,2024,20240602,122,CUARTA SECCION,263,C,,0,6,61,0,9,100,19,29,,64,,,,101,74,,,,,0,463,5,468,571,GRUPO DE RECUENTO,,
2578,29017,29017,MAZATECOCHCO DE JOSE MARIA MORELOS,2024,20240602,123,TERCERA SECCION,264,B,,0,37,73,0,46,37,67,10,,86,,,,65,32,,,,,0,453,10,463,582,GRUPO DE RECUENTO,,
2579,29017,29017,MAZATECOCHCO DE JOSE MARIA MORELOS,2024,20240602,123,TERCERA SECCION,264,C,,0,30,68,0,46,21,118,8,,90,,,,73,23,,,,,0,477,6,483,582,GRUPO DE RECUENTO,,
2580,29017,29017,MAZATECOCHCO DE JOSE MARIA MORELOS,2024,20240602,123,TERCERA SECCION,264,C,,0,31,65,0,43,17,105,7,,71,,,,70,33,,,,,0,442,9,451,582,GRUPO DE RECUENTO,,
2581,29017,29017,MAZATECOCHCO DE JOSE MARIA MORELOS,2024,20240602,123,TERCERA SECCION,264,C,,0,31,71,0,43,17,81,15,,60,,,,91,35,,,,,0,444,9,453,581,GRUPO DE RECUENTO,,
2582,29017,29017,MAZATECOCHCO DE JOSE MARIA MORELOS,2024,20240602,124,SEGUNDA SECCION,265,B,,0,27,41,0,133,18,21,60,,118,,,,29,71,,,,,2,518,7,527,741,GRUPO DE RECUENTO,,
2583,29017,29017,MAZATECOCHCO DE JOSE MARIA MORELOS,2024,20240602,124,SEGUNDA SECCION,265,C,,0,31,40,0,121,12,22,42,,130,,,,54,99,,,,,0,551,19,570,741,GRUPO DE RECUENTO,,
2584,29017,29017,MAZATECOCHCO DE JOSE MARIA MORELOS,2024,20240602,124,SEGUNDA SECCION,265,C,,0,26,47,0,128,12,20,40,,140,,,,50,103,,,,,0,566,18,584,740,GRUPO DE RECUENTO,,
2585,29017,29017,MAZATECOCHCO DE JOSE MARIA MORELOS,2024,20240602,125,PRIMERA SECCION,266,B,,0,8,113,0,45,24,37,105,,77,,,,18,10,,,,,0,437,15,452,555,GRUPO DE RECUENTO,,
2586,29017,29017,MAZATECOCHCO DE JOSE MARIA MORELOS,2024,20240602,125,PRIMERA SECCION,266,C,,0,15,113,0,27,22,36,125,,62,,,,10,10,,,,,0,420,19,439,555,GRUPO DE RECUENTO,,
2587,29017,29017,MAZATECOCHCO DE JOSE MARIA MORELOS,2024,20240602,125,PRIMERA SECCION,266,C,,0,20,116,0,40,26,31,116,,72,,,,17,17,,,,,0,455,12,467,554,GRUPO DE RECUENTO,,
2588,29018,29018,CONTLA DE JUAN CUAMATZI,2024,20240602,126,SECCION 1A SAN BERNARDINO,267,B,,90,36,83,173,0,0,0,9,,63,,,,27,0,,,,,1,481,16,498,671,GRUPO DE RECUENTO,,
2589,29018,29018,CONTLA DE JUAN CUAMATZI,2024,20240602,126,SECCION 1A SAN BERNARDINO,273,B,,130,27,148,146,0,0,0,15,,79,,,,30,0,,,,,0,575,23,598,748,GRUPO DE RECUENTO,,
2590,29018,29018,CONTLA DE JUAN CUAMATZI,2024,20240602,126,SECCION 1A SAN BERNARDINO,267,C,,58,30,128,138,0,0,0,22,,88,,,,28,0,,,,,2,492,16,510,670,GRUPO DE RECUENTO,,
2591,29018,29018,CONTLA DE JUAN CUAMATZI,2024,20240602,126,SECCION 1A SAN BERNARDINO,267,C,,61,51,132,130,0,0,0,13,,73,,,,34,0,,,,,1,494,23,518,670,GRUPO DE RECUENTO,,
2592,29018,29018,CONTLA DE JUAN CUAMATZI,2024,20240602,126,SECCION 1A SAN BERNARDINO,273,C,,101,25,136,135,0,0,0,22,,83,,,,25,0,,,,,0,527,30,557,747,GRUPO DE RECUENTO,,
2593,29018,29018,CONTLA DE JUAN CUAMATZI,2024,20240602,126,SECCION 1A SAN BERNARDINO,273,C,,116,35,145,129,0,0,0,15,,72,,,,43,0,,,,,0,555,24,579,747,GRUPO DE RECUENTO,,
2594,29018,29018,CONTLA DE JUAN CUAMATZI,2024,20240602,127,SECCION 6A TLACATECPA,0,A,,0,0,0,0,0,0,0,0,,1,,,,0,0,,,,,0,1,0,1,1,ACTA CASILLA,,
2595,29018,29018,CONTLA DE JUAN CUAMATZI,2024,20240602,127,SECCION 6A TLACATECPA,268,B,,0,11,161,84,0,0,0,151,,49,,,,37,0,,,,,0,493,18,511,712,GRUPO DE RECUENTO,,
2596,29018,29018,CONTLA DE JUAN CUAMATZI,2024,20240602,127,SECCION 6A TLACATECPA,269,B,,0,13,102,86,0,0,0,101,,109,,,,32,0,,,,,0,443,11,454,611,GRUPO DE RECUENTO,,
2597,29018,29018,CONTLA DE JUAN CUAMATZI,2024,20240602,127,SECCION 6A TLACATECPA,268,C,,0,8,161,77,0,0,0,140,,56,,,,26,0,,,,,1,468,18,487,712,GRUPO DE RECUENTO,,
2598,29018,29018,CONTLA DE JUAN CUAMATZI,2024,20240602,127,SECCION 6A TLACATECPA,268,C,,0,8,174,68,0,0,0,135,,48,,,,43,0,,,,,0,476,18,494,712,ACTA CASILLA,,
2599,29018,29018,CONTLA DE JUAN CUAMATZI,2024,20240602,127,SECCION 6A TLACATECPA,268,C,,0,5,158,66,0,0,0,199,,36,,,,32,0,,,,,0,496,15,511,711,GRUPO DE RECUENTO,,
2600,29018,29018,CONTLA DE JUAN CUAMATZI,2024,20240602,127,SECCION 6A TLACATECPA,269,C,,0,13,100,87,0,0,0,110,,96,,,,22,0,,,,,2,428,18,448,611,GRUPO DE RECUENTO,,
2601,29018,29018,CONTLA DE JUAN CUAMATZI,2024,20240602,127,SECCION 6A TLACATECPA,269,C,,0,10,86,90,0,0,0,125,,91,,,,32,0,,,,,1,434,22,457,610,ACTA CASILLA,,
2602,29018,29018,CONTLA DE JUAN CUAMATZI,2024,20240602,128,SECCION SEPTIMA,0,A,,0,0,1,0,0,0,0,0,,1,,,,0,0,,,,,0,2,0,2,2,ACTA CASILLA,,
2603,29018,29018,CONTLA DE JUAN CUAMATZI,2024,20240602,128,SECCION SEPTIMA,270,B,,0,0,18,42,106,36,34,22,,81,,,,3,6,,,,,30,348,25,403,546,ACTA CASILLA,,
2604,29018,29018,CONTLA DE JUAN CUAMATZI,2024,20240602,128,SECCION SEPTIMA,271,B,,0,0,14,61,96,27,48,45,,97,,,,6,0,,,,,32,394,33,459,637,GRUPO DE RECUENTO,,
2605,29018,29018,CONTLA DE JUAN CUAMATZI,2024,20240602,128,SECCION SEPTIMA,283,B,,0,0,9,66,126,22,53,23,,72,,,,9,3,,,,,15,383,17,415,563,GRUPO DE RECUENTO,,
2606,29018,29018,CONTLA DE JUAN CUAMATZI,2024,20240602,128,SECCION SEPTIMA,270,C,,0,0,10,69,104,42,40,27,,61,,,,4,3,,,,,27,360,21,408,546,GRUPO DE RECUENTO,,
2607,29018,29018,CONTLA DE JUAN CUAMATZI,2024,20240602,128,SECCION SEPTIMA,270,C,,0,0,11,54,94,34,26,40,,80,,,,1,2,,,,,38,342,13,393,545,GRUPO DE RECUENTO,,
2608,29018,29018,CONTLA DE JUAN CUAMATZI,2024,20240602,128,SECCION SEPTIMA,271,C,,0,0,16,70,92,40,43,48,,73,,,,8,2,,,,,33,392,15,440,637,ACTA CASILLA,,
2609,29018,29018,CONTLA DE JUAN CUAMATZI,2024,20240602,128,SECCION SEPTIMA,271,C,,0,0,22,75,80,26,57,49,,87,,,,2,6,,,,,23,404,35,462,636,GRUPO DE RECUENTO,,
2610,29018,29018,CONTLA DE JUAN CUAMATZI,2024,20240602,128,SECCION SEPTIMA,283,C,,0,0,11,74,105,24,46,16,,77,,,,12,3,,,,,7,368,27,402,562,ACTA CASILLA,,
2611,29018,29018,CONTLA DE JUAN CUAMATZI,2024,20240602,128,SECCION SEPTIMA,283,C,,0,0,11,83,119,20,39,20,,81,,,,3,3,,,,,18,379,17,414,562,GRUPO DE RECUENTO,,
2612,29018,29018,CONTLA DE JUAN CUAMATZI,2024,20240602,129,SECCION SEGUNDA,0,A,,0,0,0,0,0,0,0,0,,0,,,,0,0,,,,,0,0,0,0,1,GRUPO DE RECUENTO,,
2613,29018,29018,CONTLA DE JUAN CUAMATZI,2024,20240602,129,SECCION SEGUNDA,272,B,,0,76,41,131,0,0,99,23,,104,,,,3,13,,,,,0,490,17,507,693,GRUPO DE RECUENTO,,
2614,29018,29018,CONTLA DE JUAN CUAMATZI,2024,20240602,129,SECCION SEGUNDA,272,C,,0,100,42,90,0,0,130,8,,99,,,,1,6,,,,,0,476,23,499,693,ACTA CASILLA,,
2615,29018,29018,CONTLA DE JUAN CUAMATZI,2024,20240602,129,SECCION SEGUNDA,272,C,,0,90,34,77,0,0,125,21,,102,,,,6,9,,,,,1,464,19,484,692,GRUPO DE RECUENTO,,
2616,29018,29018,CONTLA DE JUAN CUAMATZI,2024,20240602,129,SECCION SEGUNDA,272,C,,0,107,34,95,0,0,100,21,,100,,,,8,10,,,,,4,475,20,499,692,GRUPO DE RECUENTO,,
2617,29018,29018,CONTLA DE JUAN CUAMATZI,2024,20240602,129,SECCION SEGUNDA,272,C,,0,96,43,112,0,0,119,16,,95,,,,6,10,,,,,0,497,22,519,692,GRUPO DE RECUENTO,,
2618,29018,29018,CONTLA DE JUAN CUAMATZI,2024,20240602,130,SECCION 9A COLHUACA,274,B,,0,0,133,27,0,247,0,0,,58,,,,42,0,,,,,0,507,16,523,678,GRUPO DE RECUENTO,,
2619,29018,29018,CONTLA DE JUAN CUAMATZI,2024,20240602,130,SECCION 9A COLHUACA,274,C,,0,0,166,11,0,195,0,0,,88,,,,34,0,,,,,1,494,24,519,677,GRUPO DE RECUENTO,,
2620,29018,29018,CONTLA DE JUAN CUAMATZI,2024,20240602,131,SECCION 3A SAN MIGUEL XALTIPAN,0,A,,0,0,1,0,0,0,0,0,,0,,,,0,0,,,,,0,1,0,1,1,GRUPO DE RECUENTO,,
2621,29018,29018,CONTLA DE JUAN CUAMATZI,2024,20240602,131,SECCION 3A SAN MIGUEL XALTIPAN,275,B,,0,0,83,63,65,48,50,23,,95,,,,10,15,,,,,0,452,20,472,659,GRUPO DE RECUENTO,,
2622,29018,29018,CONTLA DE JUAN CUAMATZI,2024,20240602,131,SECCION 3A SAN MIGUEL XALTIPAN,276,B,,0,0,117,72,57,55,52,19,,73,,,,20,31,,,,,0,496,22,518,725,ACTA CASILLA,,
2623,29018,29018,CONTLA DE JUAN CUAMATZI,2024,20240602,131,SECCION 3A SAN MIGUEL XALTIPAN,275,C,,0,0,98,85,59,50,42,24,,88,,,,8,8,,,,,0,462,23,485,659,GRUPO DE RECUENTO,,
2624,29018,29018,CONTLA DE JUAN CUAMATZI,2024,20240602,131,SECCION 3A SAN MIGUEL XALTIPAN,275,C,,0,0,88,85,67,41,52,13,,68,,,,12,37,,,,,0,463,23,486,659,GRUPO DE RECUENTO,,
2625,29018,29018,CONTLA DE JUAN CUAMATZI,2024,20240602,131,SECCION 3A SAN MIGUEL XALTIPAN,276,C,,0,0,124,90,55,57,66,19,,66,,,,9,15,,,,,0,501,17,518,725,ACTA CASILLA,,
2626,29018,29018,CONTLA DE JUAN CUAMATZI,2024,20240602,131,SECCION 3A SAN MIGUEL XALTIPAN,276,C,,0,0,117,99,67,50,59,19,,51,,,,12,48,,,,,2,522,17,541,724,GRUPO DE RECUENTO,,
2627,29018,29018,CONTLA DE JUAN CUAMATZI,2024,20240602,132,SECCION 8A STA MARIA AQUIAHUAC,277,B,,0,130,0,92,0,13,0,24,,127,,,,31,0,,,,,0,417,17,434,538,GRUPO DE RECUENTO,,
2628,29019,29019,TEPETITLA DE LARDIZABAL,2024,20240602,133,VILLALTA,289,B,,0,0,0,122,24,8,0,12,,55,,,,54,140,,,,,10,415,17,442,596,GRUPO DE RECUENTO,,
2629,29019,29019,TEPETITLA DE LARDIZABAL,2024,20240602,133,VILLALTA,632,B,,0,0,0,57,42,22,0,2,,78,,,,20,65,,,,,2,286,9,297,534,GRUPO DE RECUENTO,,
2630,29019,29019,TEPETITLA DE LARDIZABAL,2024,20240602,133,VILLALTA,633,B,,0,0,0,171,57,1,0,13,,43,,,,58,142,,,,,2,485,14,501,707,GRUPO DE RECUENTO,,
2631,29019,29019,TEPETITLA DE LARDIZABAL,2024,20240602,133,VILLALTA,289,C,,0,0,0,113,27,5,0,12,,59,,,,39,129,,,,,9,384,17,410,595,GRUPO DE RECUENTO,,
2632,29019,29019,TEPETITLA DE LARDIZABAL,2024,20240602,133,VILLALTA,289,C,,0,0,0,118,36,6,0,21,,58,,,,39,149,,,,,9,427,19,455,595,GRUPO DE RECUENTO,,
2633,29019,29019,TEPETITLA DE LARDIZABAL,2024,20240602,133,VILLALTA,632,C,,0,0,0,45,51,18,0,5,,84,,,,20,45,,,,,11,268,8,287,534,ACTA CASILLA,,
2634,29019,29019,TEPETITLA DE LARDIZABAL,2024,20240602,133,VILLALTA,632,C,,0,0,0,48,55,26,0,2,,78,,,,21,62,,,,,6,292,9,307,533,GRUPO DE RECUENTO,,
2635,29019,29019,TEPETITLA DE LARDIZABAL,2024,20240602,133,VILLALTA,633,C,,0,0,0,167,76,12,0,7,,51,,,,43,137,,,,,2,493,10,505,707,GRUPO DE RECUENTO,,
2636,29019,29019,TEPETITLA DE LARDIZABAL,2024,20240602,133,VILLALTA,633,C,,0,0,0,154,72,4,0,16,,42,,,,69,146,,,,,4,503,10,517,707,GRUPO DE RECUENTO,,
2637,29019,29019,TEPETITLA DE LARDIZABAL,2024,20240602,134,SAN MATEO AYECAC,290,B,,0,0,0,179,67,96,0,20,,77,,,,0,0,,,,,0,439,24,463,632,GRUPO DE RECUENTO,,
2638,29019,29019,TEPETITLA DE LARDIZABAL,2024,20240602,134,SAN MATEO AYECAC,291,B,,0,0,0,58,15,25,0,8,,32,,,,0,0,,,,,0,138,113,251,368,GRUPO DE RECUENTO,,
2639,29019,29019,TEPETITLA DE LARDIZABAL,2024,20240602,134,SAN MATEO AYECAC,290,C,,0,0,0,182,67,93,0,11,,70,,,,0,0,,,,,0,423,22,445,632,GRUPO DE RECUENTO,,
2640,29019,29019,TEPETITLA DE LARDIZABAL,2024,20240602,134,SAN MATEO AYECAC,290,C,,0,0,0,181,58,160,0,19,,73,,,,0,0,,,,,0,491,17,508,632,ACTA CASILLA,,
2641,29019,29019,TEPETITLA DE LARDIZABAL,2024,20240602,134,SAN MATEO AYECAC,290,C,,0,0,0,146,83,133,0,16,,89,,,,0,0,,,,,0,467,24,491,631,GRUPO DE RECUENTO,,
2642,29019,29019,TEPETITLA DE LARDIZABAL,2024,20240602,134,SAN MATEO AYECAC,290,C,,0,0,0,165,65,114,0,16,,88,,,,0,0,,,,,0,448,2,450,631,GRUPO DE RECUENTO,,
2643,29019,29019,TEPETITLA DE LARDIZABAL,2024,20240602,135,GUADALUPE VICTORIA,291,B,,0,0,0,60,0,0,105,3,,46,,,,0,53,,,,,5,267,6,278,342,GRUPO DE RECUENTO,,
2644,29020,29020,SANCTORUM DE LAZARO CARDENAS,2024,20240602,136,LA PROVIDENCIA,293,B,,0,73,0,1,5,0,30,0,,17,,,,0,0,,,,,0,126,3,129,155,ACTA CASILLA,,
2645,29020,29020,SANCTORUM DE LAZARO CARDENAS,2024,20240602,137,FRANCISCO VILLA,297,B,,65,0,0,1,34,0,32,50,,121,,,,0,46,,,,,0,349,6,355,529,GRUPO DE RECUENTO,,
2646,29020,29020,SANCTORUM DE LAZARO CARDENAS,2024,20240602,137,FRANCISCO VILLA,298,B,,35,0,0,2,61,0,69,44,,120,,,,0,37,,,,,1,368,8,377,527,GRUPO DE RECUENTO,,
2647,29020,29020,SANCTORUM DE LAZARO CARDENAS,2024,20240602,137,FRANCISCO VILLA,297,C,,48,0,0,2,41,0,52,65,,105,,,,0,40,,,,,0,353,9,362,529,GRUPO DE RECUENTO,,
2648,29020,29020,SANCTORUM DE LAZARO CARDENAS,2024,20240602,137,FRANCISCO VILLA,297,C,,68,0,0,1,41,0,46,48,,107,,,,0,47,,,,,0,358,18,376,529,ACTA CASILLA,,
2649,29020,29020,SANCTORUM DE LAZARO CARDENAS,2024,20240602,137,FRANCISCO VILLA,298,C,,37,0,0,10,41,0,52,43,,110,,,,0,52,,,,,0,345,11,356,527,ACTA CASILLA,,
2650,29021,29021,NANACAMILPA DE MARIANO ARISTA,2024,20240602,138,FRANCISCO I MADERO,304,B,,10,55,0,17,101,0,69,0,,139,,,,0,0,,,,,0,391,8,399,556,GRUPO DE RECUENTO,,
2651,29021,29021,NANACAMILPA DE MARIANO ARISTA,2024,20240602,138,FRANCISCO I MADERO,304,C,,1,65,0,12,94,0,68,0,,134,,,,0,0,,,,,0,374,13,387,556,ACTA CASILLA,,
2652,29021,29021,NANACAMILPA DE MARIANO ARISTA,2024,20240602,139,TEPUENTE,306,B,,0,0,18,85,5,0,0,0,,57,,,,0,0,,,,,0,165,4,169,208,ACTA CASILLA,,
2653,29021,29021,NANACAMILPA DE MARIANO ARISTA,2024,20240602,140,SAN FELIPE HIDALGO,308,B,,230,2,0,226,0,0,0,0,,46,,,,0,0,,,,,3,504,8,515,700,GRUPO DE RECUENTO,,
2654,29021,29021,NANACAMILPA DE MARIANO ARISTA,2024,20240602,140,SAN FELIPE HIDALGO,308,C,,219,4,0,222,0,0,0,0,,36,,,,0,0,,,,,1,481,25,507,700,GRUPO DE RECUENTO,,
2655,29022,29022,ACUAMANALA DE MIGUEL HIDALGO,2024,20240602,141,SECCION 1A ACUAMANALA,309,B,,124,0,60,0,0,83,162,34,,112,,,,0,0,,,,,0,575,29,604,739,GRUPO DE RECUENTO,,
2656,29022,29022,ACUAMANALA DE MIGUEL HIDALGO,2024,20240602,141,SECCION 1A ACUAMANALA,309,C,,129,0,33,0,0,103,189,38,,92,,,,0,0,,,,,1,584,26,611,738,GRUPO DE RECUENTO,,
2657,29022,29022,ACUAMANALA DE MIGUEL HIDALGO,2024,20240602,142,SECCION 3A CHIMALPA,310,B,,0,0,257,43,0,30,11,50,,82,,,,0,0,,,,,1,473,24,498,572,GRUPO DE RECUENTO,,
2658,29022,29022,ACUAMANALA DE MIGUEL HIDALGO,2024,20240602,142,SECCION 3A CHIMALPA,310,C,,0,0,285,39,0,15,15,31,,75,,,,0,0,,,,,1,460,14,475,572,GRUPO DE RECUENTO,,
2659,29022,29022,ACUAMANALA DE MIGUEL HIDALGO,2024,20240602,142,SECCION 3A CHIMALPA,310,C,,0,0,309,34,0,11,11,29,,65,,,,0,0,,,,,1,459,17,477,572,GRUPO DE RECUENTO,,
2660,29022,29022,ACUAMANALA DE MIGUEL HIDALGO,2024,20240602,143,SECCION 2A GUADALUPE HIDALGO,311,B,,0,0,129,101,0,0,14,133,,140,,,,0,0,,,,,2,517,50,569,667,GRUPO DE RECUENTO,,
2661,29022,29022,ACUAMANALA DE MIGUEL HIDALGO,2024,20240602,143,SECCION 2A GUADALUPE HIDALGO,311,C,,0,0,102,103,0,0,21,143,,128,,,,0,0,,,,,0,497,40,537,666,GRUPO DE RECUENTO,,
2662,29022,29022,ACUAMANALA DE MIGUEL HIDALGO,2024,20240602,144,SECCION 4A OLEXTLA DE JUAREZ,312,B,,8,0,45,0,0,80,37,14,,77,,,,0,0,,,,,67,261,15,343,411,GRUPO DE RECUENTO,,
2663,29022,29022,ACUAMANALA DE MIGUEL HIDALGO,2024,20240602,144,SECCION 4A OLEXTLA DE JUAREZ,312,C,,6,0,58,0,0,58,37,17,,76,,,,0,0,,,,,102,252,8,362,410,GRUPO DE RECUENTO,,
2664,29023,29023,NATIVITAS,2024,20240602,145,SAN JOSE ATOYATENCO,325,B,,0,26,0,137,0,108,3,49,,26,,,,0,0,,,,,14,349,21,384,507,GRUPO DE RECUENTO,,
2665,29023,29023,NATIVITAS,2024,20240602,145,SAN JOSE ATOYATENCO,325,C,,0,47,0,89,0,101,9,44,,28,,,,0,1,,,,,17,319,17,353,507,GRUPO DE RECUENTO,,
2666,29023,29023,NATIVITAS,2024,20240602,145,SAN JOSE ATOYATENCO,325,C,,0,54,0,114,0,91,10,27,,21,,,,0,0,,,,,13,317,14,344,506,GRUPO DE RECUENTO,,
2667,29023,29023,NATIVITAS,2024,20240602,146,SAN RAFAEL TENANYECAC,326,B,,0,14,0,49,0,20,0,85,,23,,,,0,3,,,,,240,194,24,458,623,GRUPO DE RECUENTO,,
2668,29023,29023,NATIVITAS,2024,20240602,146,SAN RAFAEL TENANYECAC,326,C,,0,10,0,51,0,22,0,77,,41,,,,0,2,,,,,232,203,21,456,623,ACTA CASILLA,,
2669,29023,29023,NATIVITAS,2024,20240602,146,SAN RAFAEL TENANYECAC,326,C,,0,15,0,48,0,14,0,69,,49,,,,0,0,,,,,240,195,18,453,622,GRUPO DE RECUENTO,,
2670,29023,29023,NATIVITAS,2024,20240602,146,SAN RAFAEL TENANYECAC,326,C,,0,17,0,47,0,23,0,99,,37,,,,0,3,,,,,228,226,39,493,622,GRUPO DE RECUENTO,,
2671,29023,29023,NATIVITAS,2024,20240602,147,SAN MIGUEL XOCHITECATITLA,327,B,,0,0,0,244,0,0,20,0,,0,,,,0,25,,,,,121,289,21,431,619,ACTA CASILLA,,
2672,29023,29023,NATIVITAS,2024,20240602,147,SAN MIGUEL XOCHITECATITLA,327,C,,0,0,0,226,0,0,10,0,,0,,,,0,20,,,,,130,256,33,419,619,ACTA CASILLA,,
2673,29023,29023,NATIVITAS,2024,20240602,147,SAN MIGUEL XOCHITECATITLA,327,C,,0,0,0,216,0,0,22,0,,0,,,,0,30,,,,,140,268,19,427,619,GRUPO DE RECUENTO,,
2674,29023,29023,NATIVITAS,2024,20240602,148,SANTIAGO MICHAC,329,B,,0,0,0,12,0,13,27,5,,193,,,,0,152,,,,,0,402,12,414,580,ACTA CASILLA,,
2675,29023,29023,NATIVITAS,2024,20240602,148,SANTIAGO MICHAC,330,B,,0,0,0,7,0,17,16,10,,230,,,,0,186,,,,,0,466,10,476,680,GRUPO DE RECUENTO,,
2676,29023,29023,NATIVITAS,2024,20240602,148,SANTIAGO MICHAC,329,C,,0,0,0,13,0,7,32,6,,164,,,,0,171,,,,,0,393,12,405,579,GRUPO DE RECUENTO,,
2677,29023,29023,NATIVITAS,2024,20240602,148,SANTIAGO MICHAC,329,C,,0,0,0,3,0,17,26,6,,210,,,,0,174,,,,,0,436,10,446,579,ACTA CASILLA,,
2678,29023,29023,NATIVITAS,2024,20240602,148,SANTIAGO MICHAC,330,C,,0,0,0,8,0,16,36,5,,242,,,,0,196,,,,,0,503,17,520,679,ACTA CASILLA,,
2679,29023,29023,NATIVITAS,2024,20240602,149,SAN MIGUEL ANALCO,331,B,,0,0,0,47,0,128,110,27,,0,,,,0,137,,,,,0,449,31,480,731,GRUPO DE RECUENTO,,
2680,29023,29023,NATIVITAS,2024,20240602,149,SAN MIGUEL ANALCO,331,C,,0,0,0,35,0,118,149,26,,0,,,,0,138,,,,,0,466,24,490,731,GRUPO DE RECUENTO,,
2681,29024,29024,PANOTLA,2024,20240602,150,COLONIA EMILIANO ZAPATA,335,B,,6,0,13,0,1,7,4,9,,14,,,,14,0,,,,,0,68,3,71,90,GRUPO DE RECUENTO,,
2682,29024,29024,PANOTLA,2024,20240602,150,COLONIA EMILIANO ZAPATA,336,B,,17,9,8,0,4,32,12,20,,34,,,,19,0,,,,,0,155,4,159,223,GRUPO DE RECUENTO,TET-JDC-150-2024,MODIFICADA
2683,29024,29024,PANOTLA,2024,20240602,150,COLONIA EMILIANO ZAPATA,336,C,,12,6,13,0,3,48,13,51,,52,,,,32,0,,,,,1,230,6,237,312,GRUPO DE RECUENTO,,
2684,29024,29024,PANOTLA,2024,20240602,150,COLONIA EMILIANO ZAPATA,336,C,,6,8,14,0,5,38,3,38,,48,,,,22,0,,,,,0,182,10,192,279,GRUPO DE RECUENTO,TET-JDC-150-2024,MODIFICADA
2685,29024,29024,PANOTLA,2024,20240602,150,COLONIA EMILIANO ZAPATA,336,C,,9,6,12,0,8,36,8,43,,29,,,,42,0,,,,,0,193,13,206,288,GRUPO DE RECUENTO,,
2686,29024,29024,PANOTLA,2024,20240602,150,COLONIA EMILIANO ZAPATA,336,C,,8,3,24,0,3,45,17,33,,34,,,,34,0,,,,,0,201,8,209,313,GRUPO DE RECUENTO,TET-JDC-150-2024,MODIFICADA
2687,29024,29024,PANOTLA,2024,20240602,151,SAN TADEO HUILOAPAN,0,A,,0,0,0,0,0,0,0,0,,1,,,,0,0,,,,,0,1,0,1,1,ACTA CASILLA,,
2688,29024,29024,PANOTLA,2024,20240602,151,SAN TADEO HUILOAPAN,338,B,,2,5,12,10,217,0,27,80,,66,,,,0,0,,,,,0,419,29,448,668,GRUPO DE RECUENTO,,
2689,29024,29024,PANOTLA,2024,20240602,151,SAN TADEO HUILOAPAN,338,C,,2,10,16,8,181,0,12,63,,89,,,,0,0,,,,,1,381,35,417,667,GRUPO DE RECUENTO,,
2690,29024,29024,PANOTLA,2024,20240602,151,SAN TADEO HUILOAPAN,338,C,,3,3,19,7,150,0,19,118,,77,,,,0,0,,,,,0,396,22,418,667,ACTA CASILLA,,
2691,29024,29024,PANOTLA,2024,20240602,151,SAN TADEO HUILOAPAN,338,C,,3,6,4,4,207,0,16,79,,83,,,,0,0,,,,,0,402,28,430,667,ACTA CASILLA,,
2692,29024,29024,PANOTLA,2024,20240602,152,SANTA CATARINA APATLAHCO,341,B,,0,0,0,1,79,0,0,0,,55,,,,0,4,,,,,0,139,4,143,172,GRUPO DE RECUENTO,,
2693,29024,29024,PANOTLA,2024,20240602,153,SAN FRANCISCO TEMEZONTLA,0,A,,0,0,1,0,0,0,0,0,,0,,,,0,0,,,,,0,1,0,1,1,ACTA CASILLA,,
2694,29024,29024,PANOTLA,2024,20240602,153,SAN FRANCISCO TEMEZONTLA,342,B,,0,49,78,11,17,0,0,70,,141,,,,1,92,,,,,0,459,21,480,675,GRUPO DE RECUENTO,,
2695,29024,29024,PANOTLA,2024,20240602,153,SAN FRANCISCO TEMEZONTLA,342,C,,0,57,93,2,22,0,1,60,,172,,,,11,67,,,,,0,485,23,508,674,GRUPO DE RECUENTO,,
2696,29024,29024,PANOTLA,2024,20240602,153,SAN FRANCISCO TEMEZONTLA,342,C,,0,50,40,3,16,0,0,70,,204,,,,9,63,,,,,3,455,24,482,674,ACTA CASILLA,,
2697,29024,29024,PANOTLA,2024,20240602,154,SAN AMBROSIO TEXANTLA,343,B,,0,1,0,117,94,1,0,21,,10,,,,6,59,,,,,1,309,6,316,387,GRUPO DE RECUENTO,TET-JE-162-2024,MODIFICADA
2698,29024,29024,PANOTLA,2024,20240602,154,SAN AMBROSIO TEXANTLA,343,C,,0,0,0,87,105,2,0,13,,9,,,,2,90,,,,,0,308,10,318,387,GRUPO DE RECUENTO,TET-JE-162-2024,MODIFICADA
2699,29024,29024,PANOTLA,2024,20240602,155,JESUS ACATITLA,344,B,,0,96,34,0,22,0,0,1,,142,,,,3,0,,,,,0,298,11,309,409,ACTA CASILLA,,
2700,29024,29024,PANOTLA,2024,20240602,155,JESUS ACATITLA,344,C,,0,83,55,0,38,0,0,2,,133,,,,3,0,,,,,2,314,6,322,408,GRUPO DE RECUENTO,,
2701,29024,29024,PANOTLA,2024,20240602,156,SANTA CRUZ TECHACHALCO,345,B,,0,100,61,16,97,0,12,1,,103,,,,3,23,,,,,6,416,17,439,602,GRUPO DE RECUENTO,,
2702,29024,29024,PANOTLA,2024,20240602,156,SANTA CRUZ TECHACHALCO,345,C,,0,78,65,7,97,0,15,5,,92,,,,6,35,,,,,6,400,14,420,602,GRUPO DE RECUENTO,TET-JE-161-2024,MODIFICADA
2703,29024,29024,PANOTLA,2024,20240602,156,SANTA CRUZ TECHACHALCO,345,C,,0,105,64,6,88,0,20,4,,90,,,,11,31,,,,,1,419,20,440,602,GRUPO DE RECUENTO,TET-JE-161-2024,MODIFICADA
2704,29024,29024,PANOTLA,2024,20240602,157,SAN JORGE TEZOQUIPAN,346,B,,0,86,76,39,19,0,6,14,,60,,,,39,0,,,,,51,339,15,405,587,GRUPO DE RECUENTO,,
2705,29024,29024,PANOTLA,2024,20240602,157,SAN JORGE TEZOQUIPAN,347,B,,0,97,108,57,42,0,10,16,,61,,,,35,0,,,,,43,426,12,481,698,GRUPO DE RECUENTO,,
2706,29024,29024,PANOTLA,2024,20240602,157,SAN JORGE TEZOQUIPAN,346,C,,0,131,52,32,37,0,13,25,,45,,,,30,0,,,,,41,365,21,427,587,ACTA CASILLA,,
2707,29024,29024,PANOTLA,2024,20240602,157,SAN JORGE TEZOQUIPAN,346,C,,0,94,80,41,36,0,6,17,,58,,,,23,0,,,,,64,355,24,443,586,GRUPO DE RECUENTO,,
2708,29024,29024,PANOTLA,2024,20240602,157,SAN JORGE TEZOQUIPAN,347,C,,0,101,94,71,39,0,9,17,,48,,,,23,0,,,,,41,402,27,470,697,GRUPO DE RECUENTO,,
2709,29024,29024,PANOTLA,2024,20240602,157,SAN JORGE TEZOQUIPAN,347,C,,0,84,101,84,61,0,2,24,,46,,,,14,0,,,,,47,416,20,483,697,GRUPO DE RECUENTO,,
2710,29025,29025,SAN PABLO DEL MONTE,2024,20240602,158,BARRIO DE SAN COSME,348,B,,29,55,12,49,60,48,24,33,,64,,,,65,24,,,,,0,463,9,472,656,GRUPO DE RECUENTO,,
2711,29025,29025,SAN PABLO DEL MONTE,2024,20240602,158,BARRIO DE SAN COSME,348,C,,69,61,24,37,66,43,25,32,,57,,,,32,27,,,,,0,473,12,485,656,GRUPO DE RECUENTO,,
2712,29025,29025,SAN PABLO DEL MONTE,2024,20240602,158,BARRIO DE SAN COSME,348,C,,38,78,26,26,54,56,39,31,,78,,,,31,28,,,,,0,485,14,499,656,GRUPO DE RECUENTO,,
2713,29025,29025,SAN PABLO DEL MONTE,2024,20240602,158,BARRIO DE SAN COSME,348,C,,73,77,8,47,53,59,36,22,,67,,,,32,27,,,,,0,501,15,516,655,GRUPO DE RECUENTO,,
2714,29025,29025,SAN PABLO DEL MONTE,2024,20240602,158,BARRIO DE SAN COSME,348,C,,61,53,23,31,62,45,35,36,,68,,,,26,22,,,,,0,462,14,476,655,GRUPO DE RECUENTO,,
2715,29025,29025,SAN PABLO DEL MONTE,2024,20240602,158,BARRIO DE SAN COSME,348,C,,50,94,21,41,67,44,38,25,,46,,,,38,23,,,,,0,487,13,500,655,GRUPO DE RECUENTO,,
2716,29025,29025,SAN PABLO DEL MONTE,2024,20240602,159,BARRIO DE SANTIAGO,349,B,,10,80,2,17,68,83,95,10,,54,,,,76,6,,,,,1,501,26,528,693,GRUPO DE RECUENTO,,
2717,29025,29025,SAN PABLO DEL MONTE,2024,20240602,159,BARRIO DE SANTIAGO,349,C,,10,60,1,14,64,99,58,27,,57,,,,124,3,,,,,0,517,21,538,693,GRUPO DE RECUENTO,,
2718,29025,29025,SAN PABLO DEL MONTE,2024,20240602,159,BARRIO DE SANTIAGO,349,C,,9,69,0,13,65,108,61,26,,40,,,,66,8,,,,,0,465,28,493,693,GRUPO DE RECUENTO,,
2719,29025,29025,SAN PABLO DEL MONTE,2024,20240602,159,BARRIO DE SANTIAGO,349,C,,5,73,1,27,87,87,66,32,,52,,,,57,5,,,,,0,492,23,515,692,GRUPO DE RECUENTO,,
2720,29025,29025,SAN PABLO DEL MONTE,2024,20240602,159,BARRIO DE SANTIAGO,349,C,,9,83,1,19,78,93,58,20,,59,,,,72,2,,,,,0,494,26,520,692,GRUPO DE RECUENTO,,
2721,29025,29025,SAN PABLO DEL MONTE,2024,20240602,159,BARRIO DE SANTIAGO,349,C,,2,63,0,42,98,91,76,38,,46,,,,54,4,,,,,1,514,7,522,692,ACTA CASILLA,,
2722,29025,29025,SAN PABLO DEL MONTE,2024,20240602,160,BARRIO DE CRISTO,637,B,,82,56,2,34,42,16,9,2,,58,,,,30,44,,,,,0,375,20,395,626,GRUPO DE RECUENTO,,
2723,29025,29025,SAN PABLO DEL MONTE,2024,20240602,160,BARRIO DE CRISTO,638,B,,40,29,3,28,30,7,21,5,,76,,,,41,72,,,,,0,352,9,361,511,GRUPO DE RECUENTO,,
2724,29025,29025,SAN PABLO DEL MONTE,2024,20240602,160,BARRIO DE CRISTO,639,B,,47,48,1,43,22,6,17,5,,95,,,,62,85,,,,,0,431,12,443,603,GRUPO DE RECUENTO,,
2725,29025,29025,SAN PABLO DEL MONTE,2024,20240602,160,BARRIO DE CRISTO,640,B,,67,28,0,23,38,9,15,1,,41,,,,12,80,,,,,0,314,15,329,453,GRUPO DE RECUENTO,,
2726,29025,29025,SAN PABLO DEL MONTE,2024,20240602,160,BARRIO DE CRISTO,641,B,,26,21,0,14,36,9,36,5,,49,,,,18,76,,,,,0,290,11,301,450,GRUPO DE RECUENTO,,
2727,29025,29025,SAN PABLO DEL MONTE,2024,20240602,160,BARRIO DE CRISTO,638,C,,44,29,0,35,24,9,16,3,,79,,,,24,61,,,,,0,324,19,343,511,GRUPO DE RECUENTO,,
2728,29025,29025,SAN PABLO DEL MONTE,2024,20240602,160,BARRIO DE CRISTO,638,C,,43,29,1,34,24,10,24,3,,51,,,,43,93,,,,,0,355,9,364,510,GRUPO DE RECUENTO,,
2729,29025,29025,SAN PABLO DEL MONTE,2024,20240602,160,BARRIO DE CRISTO,639,C,,28,71,1,59,33,10,19,2,,80,,,,55,75,,,,,0,433,14,447,603,GRUPO DE RECUENTO,,
2730,29025,29025,SAN PABLO DEL MONTE,2024,20240602,160,BARRIO DE CRISTO,640,C,,53,27,1,25,42,9,16,5,,43,,,,16,88,,,,,0,325,6,331,453,GRUPO DE RECUENTO,,
2731,29025,29025,SAN PABLO DEL MONTE,2024,20240602,160,BARRIO DE CRISTO,641,C,,26,21,0,14,37,9,36,5,,49,,,,18,76,,,,,0,291,11,302,450,ACTA CASILLA,,
2732,29025,29025,SAN PABLO DEL MONTE,2024,20240602,161,BARRIO DE SAN NICOLAS,0,A,,0,0,0,0,0,0,0,0,,0,,,,0,0,,,,,0,0,0,0,1,GRUPO DE RECUENTO,,
2733,29025,29025,SAN PABLO DEL MONTE,2024,20240602,161,BARRIO DE SAN NICOLAS,351,B,,52,5,66,6,158,63,0,2,,107,,,,42,0,,,,,0,501,1,502,749,GRUPO DE RECUENTO,,
2734,29025,29025,SAN PABLO DEL MONTE,2024,20240602,161,BARRIO DE SAN NICOLAS,352,B,,43,8,82,7,140,55,0,1,,118,,,,50,0,,,,,0,504,12,516,712,GRUPO DE RECUENTO,,
2735,29025,29025,SAN PABLO DEL MONTE,2024,20240602,161,BARRIO DE SAN NICOLAS,351,C,,45,8,62,9,157,63,0,4,,114,,,,48,0,,,,,0,510,24,534,749,ACTA CASILLA,,
2736,29025,29025,SAN PABLO DEL MONTE,2024,20240602,161,BARRIO DE SAN NICOLAS,351,C,,38,7,47,12,165,40,0,3,,134,,,,28,0,,,,,0,474,21,495,748,GRUPO DE RECUENTO,,
2737,29025,29025,SAN PABLO DEL MONTE,2024,20240602,161,BARRIO DE SAN NICOLAS,351,C,,59,10,56,4,187,40,0,1,,112,,,,32,0,,,,,0,501,24,525,748,ACTA CASILLA,,
2738,29025,29025,SAN PABLO DEL MONTE,2024,20240602,161,BARRIO DE SAN NICOLAS,351,C,,54,4,46,1,169,69,0,4,,125,,,,34,0,,,,,0,506,22,528,748,ACTA CASILLA,,
2739,29025,29025,SAN PABLO DEL MONTE,2024,20240602,161,BARRIO DE SAN NICOLAS,351,C,,75,6,58,4,143,85,0,2,,90,,,,35,0,,,,,0,498,31,529,748,GRUPO DE RECUENTO,,
2740,29025,29025,SAN PABLO DEL MONTE,2024,20240602,161,BARRIO DE SAN NICOLAS,352,C,,35,5,64,2,134,46,0,4,,126,,,,28,0,,,,,0,444,23,467,712,GRUPO DE RECUENTO,,
2741,29025,29025,SAN PABLO DEL MONTE,2024,20240602,161,BARRIO DE SAN NICOLAS,352,C,,47,5,74,4,138,59,0,2,,135,,,,35,0,,,,,0,499,21,520,712,GRUPO DE RECUENTO,,
2742,29025,29025,SAN PABLO DEL MONTE,2024,20240602,161,BARRIO DE SAN NICOLAS,352,C,,37,3,81,5,142,53,0,4,,119,,,,25,0,,,,,0,469,17,486,712,GRUPO DE RECUENTO,,
2743,29025,29025,SAN PABLO DEL MONTE,2024,20240602,162,BARRIO DE LA SANTISIMA,353,B,,104,13,74,51,65,0,6,4,,106,,,,3,13,,,,,0,439,14,453,636,GRUPO DE RECUENTO,,
2744,29025,29025,SAN PABLO DEL MONTE,2024,20240602,162,BARRIO DE LA SANTISIMA,353,C,,92,11,61,42,65,0,2,7,,95,,,,4,21,,,,,0,400,20,420,636,GRUPO DE RECUENTO,,
2745,29025,29025,SAN PABLO DEL MONTE,2024,20240602,162,BARRIO DE LA SANTISIMA,353,C,,86,5,58,45,87,0,0,6,,123,,,,1,12,,,,,0,423,14,437,636,GRUPO DE RECUENTO,,
2746,29025,29025,SAN PABLO DEL MONTE,2024,20240602,162,BARRIO DE LA SANTISIMA,353,C,,67,5,83,58,84,0,2,2,,100,,,,1,28,,,,,0,430,19,449,636,GRUPO DE RECUENTO,,
2747,29025,29025,SAN PABLO DEL MONTE,2024,20240602,162,BARRIO DE LA SANTISIMA,353,C,,60,5,87,67,69,0,3,4,,114,,,,0,22,,,,,1,431,16,448,635,GRUPO DE RECUENTO,,
2748,29025,29025,SAN PABLO DEL MONTE,2024,20240602,162,BARRIO DE LA SANTISIMA,353,C,,90,4,87,61,109,0,0,1,,80,,,,2,15,,,,,0,449,8,457,635,GRUPO DE RECUENTO,,
2749,29025,29025,SAN PABLO DEL MONTE,2024,20240602,163,BARRIO DE SAN MIGUEL,354,B,,97,95,1,3,9,92,1,36,,100,,,,36,32,,,,,1,502,18,521,710,GRUPO DE RECUENTO,,
2750,29025,29025,SAN PABLO DEL MONTE,2024,20240602,163,BARRIO DE SAN MIGUEL,354,C,,106,138,0,1,18,100,1,26,,52,,,,39,24,,,,,2,505,19,526,710,GRUPO DE RECUENTO,,
2751,29025,29025,SAN PABLO DEL MONTE,2024,20240602,163,BARRIO DE SAN MIGUEL,354,C,,106,97,0,1,15,90,1,24,,67,,,,61,29,,,,,0,491,20,511,710,GRUPO DE RECUENTO,,
2752,29025,29025,SAN PABLO DEL MONTE,2024,20240602,163,BARRIO DE SAN MIGUEL,354,C,,131,143,0,0,11,69,1,41,,70,,,,35,26,,,,,0,527,11,538,709,GRUPO DE RECUENTO,,
2753,29025,29025,SAN PABLO DEL MONTE,2024,20240602,163,BARRIO DE SAN MIGUEL,354,C,,122,123,1,5,15,71,1,35,,69,,,,50,28,,,,,0,520,17,537,709,GRUPO DE RECUENTO,,
2754,29025,29025,SAN PABLO DEL MONTE,2024,20240602,164,BARRIO DE JESUS,355,B,,54,72,20,57,146,0,53,0,,88,,,,3,3,,,,,0,496,15,511,720,ACTA CASILLA,,
2755,29025,29025,SAN PABLO DEL MONTE,2024,20240602,164,BARRIO DE JESUS,355,C,,49,79,28,24,95,0,46,0,,91,,,,0,4,,,,,0,416,15,431,720,GRUPO DE RECUENTO,,
2756,29025,29025,SAN PABLO DEL MONTE,2024,20240602,164,BARRIO DE JESUS,355,C,,43,85,31,86,118,0,56,0,,93,,,,1,8,,,,,0,521,19,540,719,ACTA CASILLA,,
2757,29025,29025,SAN PABLO DEL MONTE,2024,20240602,164,BARRIO DE JESUS,355,C,,52,123,23,92,120,0,57,0,,82,,,,3,4,,,,,0,556,9,565,719,GRUPO DE RECUENTO,,
2758,29025,29025,SAN PABLO DEL MONTE,2024,20240602,165,BARRIO DE SAN SEBASTIAN,356,B,,6,97,5,96,35,60,4,13,,73,,,,1,96,,,,,0,486,21,507,698,GRUPO DE RECUENTO,,
2759,29025,29025,SAN PABLO DEL MONTE,2024,20240602,165,BARRIO DE SAN SEBASTIAN,356,C,,7,81,4,89,54,65,3,9,,77,,,,1,100,,,,,0,490,17,507,697,GRUPO DE RECUENTO,,
2760,29025,29025,SAN PABLO DEL MONTE,2024,20240602,165,BARRIO DE SAN SEBASTIAN,356,C,,6,65,7,93,45,91,13,11,,64,,,,1,100,,,,,0,496,18,514,697,GRUPO DE RECUENTO,,
2761,29025,29025,SAN PABLO DEL MONTE,2024,20240602,165,BARRIO DE SAN SEBASTIAN,356,C,,4,68,7,103,44,73,3,4,,71,,,,4,85,,,,,0,466,14,480,697,GRUPO DE RECUENTO,,
2762,29025,29025,SAN PABLO DEL MONTE,2024,20240602,165,BARRIO DE SAN SEBASTIAN,356,C,,6,67,6,67,26,101,6,12,,61,,,,0,133,,,,,0,485,24,509,697,GRUPO DE RECUENTO,,
2763,29025,29025,SAN PABLO DEL MONTE,2024,20240602,165,BARRIO DE SAN SEBASTIAN,356,C,,10,75,5,87,33,73,1,8,,62,,,,2,150,,,,,0,506,15,521,697,GRUPO DE RECUENTO,,
2764,29025,29025,SAN PABLO DEL MONTE,2024,20240602,166,BARRIO DE SAN BARTOLOME,357,B,,36,60,70,55,89,27,30,29,,82,,,,1,23,,,,,0,502,23,525,741,GRUPO DE RECUENTO,,
2765,29025,29025,SAN PABLO DEL MONTE,2024,20240602,166,BARRIO DE SAN BARTOLOME,358,B,,51,50,55,46,105,42,51,45,,75,,,,2,17,,,,,0,539,15,554,745,ACTA CASILLA,,
2766,29025,29025,SAN PABLO DEL MONTE,2024,20240602,166,BARRIO DE SAN BARTOLOME,357,C,,37,67,52,75,72,34,25,24,,103,,,,1,10,,,,,1,500,17,518,741,GRUPO DE RECUENTO,,
2767,29025,29025,SAN PABLO DEL MONTE,2024,20240602,166,BARRIO DE SAN BARTOLOME,357,C,,38,66,70,67,99,27,28,36,,81,,,,4,18,,,,,0,534,11,545,741,GRUPO DE RECUENTO,,
2768,29025,29025,SAN PABLO DEL MONTE,2024,20240602,166,BARRIO DE SAN BARTOLOME,357,C,,37,49,59,75,85,24,36,58,,75,,,,2,15,,,,,0,515,26,541,741,GRUPO DE RECUENTO,,
2769,29025,29025,SAN PABLO DEL MONTE,2024,20240602,166,BARRIO DE SAN BARTOLOME,358,C,,38,27,77,26,112,27,29,26,,73,,,,0,16,,,,,2,451,23,476,745,GRUPO DE RECUENTO,,
2770,29025,29025,SAN PABLO DEL MONTE,2024,20240602,166,BARRIO DE SAN BARTOLOME,358,C,,35,46,89,41,87,41,44,40,,83,,,,1,7,,,,,0,514,23,537,745,GRUPO DE RECUENTO,,
2771,29025,29025,SAN PABLO DEL MONTE,2024,20240602,166,BARRIO DE SAN BARTOLOME,358,C,,37,55,69,30,87,29,34,60,,88,,,,1,21,,,,,0,511,12,523,744,GRUPO DE RECUENTO,,
2772,29025,29025,SAN PABLO DEL MONTE,2024,20240602,166,BARRIO DE SAN BARTOLOME,358,C,,54,34,75,29,71,21,65,51,,98,,,,7,23,,,,,0,528,11,539,744,GRUPO DE RECUENTO,,
2773,29025,29025,SAN PABLO DEL MONTE,2024,20240602,167,BARRIO DE SAN PEDRO,359,B,,86,98,73,20,70,0,7,0,,69,,,,18,15,,,,,0,456,28,484,681,GRUPO DE RECUENTO,,
2774,29025,29025,SAN PABLO DEL MONTE,2024,20240602,167,BARRIO DE SAN PEDRO,360,B,,105,117,51,10,64,0,3,0,,51,,,,7,7,,,,,1,415,25,441,635,GRUPO DE RECUENTO,,
2775,29025,29025,SAN PABLO DEL MONTE,2024,20240602,167,BARRIO DE SAN PEDRO,359,C,,106,91,48,10,87,0,5,0,,63,,,,14,17,,,,,0,441,39,480,681,GRUPO DE RECUENTO,,
2776,29025,29025,SAN PABLO DEL MONTE,2024,20240602,167,BARRIO DE SAN PEDRO,359,C,,92,89,71,10,79,0,1,0,,56,,,,14,15,,,,,6,427,29,462,681,GRUPO DE RECUENTO,,
2777,29025,29025,SAN PABLO DEL MONTE,2024,20240602,167,BARRIO DE SAN PEDRO,359,C,,92,48,65,14,62,0,4,0,,40,,,,21,18,,,,,0,364,19,383,680,GRUPO DE RECUENTO,,
2778,29025,29025,SAN PABLO DEL MONTE,2024,20240602,167,BARRIO DE SAN PEDRO,360,C,,140,66,36,7,77,0,5,0,,40,,,,5,19,,,,,0,395,26,421,635,GRUPO DE RECUENTO,,
2779,29025,29025,SAN PABLO DEL MONTE,2024,20240602,167,BARRIO DE SAN PEDRO,360,C,,132,81,33,17,50,0,2,0,,62,,,,6,23,,,,,0,406,14,420,635,GRUPO DE RECUENTO,,
2780,29025,29025,SAN PABLO DEL MONTE,2024,20240602,167,BARRIO DE SAN PEDRO,360,C,,137,78,41,24,51,0,2,0,,55,,,,12,13,,,,,1,413,15,429,634,GRUPO DE RECUENTO,,
2781,29025,29025,SAN PABLO DEL MONTE,2024,20240602,168,BARRIO DE TLALTEPANGO,0,A,,0,0,0,0,0,0,1,0,,0,,,,0,0,,,,,0,1,0,1,1,ACTA CASILLA,,
2782,29025,29025,SAN PABLO DEL MONTE,2024,20240602,168,BARRIO DE TLALTEPANGO,361,B,,15,121,9,38,73,37,102,1,,68,,,,1,1,,,,,0,466,9,475,672,GRUPO DE RECUENTO,,
2783,29025,29025,SAN PABLO DEL MONTE,2024,20240602,168,BARRIO DE TLALTEPANGO,622,B,,8,83,2,73,62,18,110,1,,66,,,,1,4,,,,,0,428,11,439,621,GRUPO DE RECUENTO,,
2784,29025,29025,SAN PABLO DEL MONTE,2024,20240602,168,BARRIO DE TLALTEPANGO,623,B,,9,33,3,47,56,16,107,2,,52,,,,3,3,,,,,2,331,33,366,619,ACTA CASILLA,,
2785,29025,29025,SAN PABLO DEL MONTE,2024,20240602,168,BARRIO DE TLALTEPANGO,361,C,,14,120,3,54,56,28,115,1,,62,,,,1,5,,,,,0,459,18,477,672,GRUPO DE RECUENTO,,
2786,29025,29025,SAN PABLO DEL MONTE,2024,20240602,168,BARRIO DE TLALTEPANGO,361,C,,14,103,1,46,47,15,116,2,,102,,,,2,1,,,,,0,449,13,462,672,GRUPO DE RECUENTO,,
2787,29025,29025,SAN PABLO DEL MONTE,2024,20240602,168,BARRIO DE TLALTEPANGO,361,C,,15,114,0,50,80,9,121,1,,79,,,,0,1,,,,,0,470,22,492,672,GRUPO DE RECUENTO,,
2788,29025,29025,SAN PABLO DEL MONTE,2024,20240602,168,BARRIO DE TLALTEPANGO,361,C,,11,113,3,59,60,16,152,2,,59,,,,2,6,,,,,0,483,16,499,671,GRUPO DE RECUENTO,,
2789,29025,29025,SAN PABLO DEL MONTE,2024,20240602,168,BARRIO DE TLALTEPANGO,622,C,,2,82,1,52,64,9,102,1,,74,,,,1,2,,,,,0,390,17,407,621,GRUPO DE RECUENTO,,
2790,29025,29025,SAN PABLO DEL MONTE,2024,20240602,168,BARRIO DE TLALTEPANGO,622,C,,0,67,0,64,44,15,135,3,,49,,,,1,1,,,,,0,379,20,399,621,GRUPO DE RECUENTO,,
2791,29025,29025,SAN PABLO DEL MONTE,2024,20240602,168,BARRIO DE TLALTEPANGO,622,C,,7,53,3,69,52,1,112,2,,45,,,,0,1,,,,,0,345,26,371,620,GRUPO DE RECUENTO,,
2792,29025,29025,SAN PABLO DEL MONTE,2024,20240602,168,BARRIO DE TLALTEPANGO,623,C,,13,52,5,63,60,16,108,3,,72,,,,1,3,,,,,1,396,12,409,619,GRUPO DE RECUENTO,,
2793,29025,29025,SAN PABLO DEL MONTE,2024,20240602,168,BARRIO DE TLALTEPANGO,623,C,,14,57,3,60,72,15,76,1,,62,,,,3,4,,,,,1,367,17,385,618,GRUPO DE RECUENTO,,
2794,29025,29025,SAN PABLO DEL MONTE,2024,20240602,168,BARRIO DE TLALTEPANGO,623,C,,13,60,2,62,68,19,108,3,,62,,,,3,2,,,,,4,402,18,424,618,GRUPO DE RECUENTO,,
2795,29025,29025,SAN PABLO DEL MONTE,2024,20240602,169,BARRIO DE SAN ISIDRO BUENSUCESO,363,B,,108,64,0,21,117,0,0,26,,0,,,,0,0,,,,,0,336,42,378,720,GRUPO DE RECUENTO,,
2796,29025,29025,SAN PABLO DEL MONTE,2024,20240602,169,BARRIO DE SAN ISIDRO BUENSUCESO,364,B,,58,55,5,25,206,0,0,9,,66,,,,0,0,,,,,0,424,25,449,739,GRUPO DE RECUENTO,,
2797,29025,29025,SAN PABLO DEL MONTE,2024,20240602,169,BARRIO DE SAN ISIDRO BUENSUCESO,363,C,,63,48,1,30,114,0,0,13,,93,,,,4,0,,,,,0,366,37,403,720,GRUPO DE RECUENTO,,
2798,29025,29025,SAN PABLO DEL MONTE,2024,20240602,169,BARRIO DE SAN ISIDRO BUENSUCESO,363,C,,55,60,4,26,102,0,0,17,,107,,,,3,0,,,,,0,374,22,396,720,GRUPO DE RECUENTO,,
2799,29025,29025,SAN PABLO DEL MONTE,2024,20240602,169,BARRIO DE SAN ISIDRO BUENSUCESO,363,C,,71,44,4,13,136,0,0,10,,94,,,,5,0,,,,,0,377,28,405,719,GRUPO DE RECUENTO,,
2800,29025,29025,SAN PABLO DEL MONTE,2024,20240602,169,BARRIO DE SAN ISIDRO BUENSUCESO,363,C,,72,45,5,38,134,0,0,12,,95,,,,6,0,,,,,0,407,44,451,719,GRUPO DE RECUENTO,,
2801,29025,29025,SAN PABLO DEL MONTE,2024,20240602,169,BARRIO DE SAN ISIDRO BUENSUCESO,363,C,,81,56,2,29,130,0,0,12,,80,,,,8,0,,,,,0,398,30,428,719,GRUPO DE RECUENTO,,
2802,29025,29025,SAN PABLO DEL MONTE,2024,20240602,169,BARRIO DE SAN ISIDRO BUENSUCESO,363,C,,82,41,0,32,125,0,0,13,,94,,,,4,0,,,,,0,391,34,425,719,GRUPO DE RECUENTO,,
2803,29025,29025,SAN PABLO DEL MONTE,2024,20240602,169,BARRIO DE SAN ISIDRO BUENSUCESO,364,C,,77,45,5,28,175,0,0,20,,72,,,,5,0,,,,,0,427,23,450,738,GRUPO DE RECUENTO,,
2804,29025,29025,SAN PABLO DEL MONTE,2024,20240602,169,BARRIO DE SAN ISIDRO BUENSUCESO,364,C,,60,48,3,41,174,0,0,15,,86,,,,6,0,,,,,0,433,31,464,738,ACTA CASILLA,,
2805,29025,29025,SAN PABLO DEL MONTE,2024,20240602,169,BARRIO DE SAN ISIDRO BUENSUCESO,364,C,,60,40,1,26,177,0,0,32,,85,,,,2,0,,,,,2,423,32,457,738,GRUPO DE RECUENTO,,
2806,29026,29026,SANTA CRUZ TLAXCALA,2024,20240602,170,SAN MIGUEL CONTLA,365,B,,45,9,43,0,19,29,21,12,,114,,,,32,17,,,,,0,341,14,355,602,GRUPO DE RECUENTO,,
2807,29026,29026,SANTA CRUZ TLAXCALA,2024,20240602,170,SAN MIGUEL CONTLA,366,B,,23,32,15,0,11,5,29,22,,126,,,,125,20,,,,,1,408,22,431,633,GRUPO DE RECUENTO,,
2808,29026,29026,SANTA CRUZ TLAXCALA,2024,20240602,170,SAN MIGUEL CONTLA,609,B,,21,5,5,0,23,15,4,7,,65,,,,17,7,,,,,0,169,20,189,391,ACTA CASILLA,,
2809,29026,29026,SANTA CRUZ TLAXCALA,2024,20240602,170,SAN MIGUEL CONTLA,365,C,,45,23,68,0,17,22,20,9,,112,,,,41,5,,,,,0,362,20,382,602,GRUPO DE RECUENTO,,
2810,29026,29026,SANTA CRUZ TLAXCALA,2024,20240602,170,SAN MIGUEL CONTLA,365,C,,37,8,84,0,13,28,18,15,,103,,,,12,11,,,,,0,329,16,345,601,GRUPO DE RECUENTO,,
2811,29026,29026,SANTA CRUZ TLAXCALA,2024,20240602,170,SAN MIGUEL CONTLA,365,C,,23,9,73,0,17,28,13,10,,115,,,,18,18,,,,,0,324,28,352,601,GRUPO DE RECUENTO,,
2812,29026,29026,SANTA CRUZ TLAXCALA,2024,20240602,170,SAN MIGUEL CONTLA,366,C,,36,48,30,0,16,49,25,6,,99,,,,140,21,,,,,0,470,17,487,633,GRUPO DE RECUENTO,,
2813,29026,29026,SANTA CRUZ TLAXCALA,2024,20240602,170,SAN MIGUEL CONTLA,366,C,,23,22,42,0,20,54,16,24,,121,,,,90,26,,,,,0,438,13,451,632,GRUPO DE RECUENTO,,
2814,29026,29026,SANTA CRUZ TLAXCALA,2024,20240602,170,SAN MIGUEL CONTLA,366,C,,21,34,23,0,10,35,19,19,,109,,,,131,35,,,,,0,436,15,451,632,GRUPO DE RECUENTO,,
2815,29026,29026,SANTA CRUZ TLAXCALA,2024,20240602,170,SAN MIGUEL CONTLA,609,C,,21,6,11,0,22,18,3,7,,65,,,,13,9,,,,,2,175,11,188,391,GRUPO DE RECUENTO,,
2816,29026,29026,SANTA CRUZ TLAXCALA,2024,20240602,170,SAN MIGUEL CONTLA,365,E,,44,22,19,0,29,41,16,14,,134,,,,19,7,,,,,0,345,22,367,695,ACTA CASILLA,,
2817,29026,29026,SANTA CRUZ TLAXCALA,2024,20240602,171,SAN LUCAS TLACOCHCALCO,369,B,,26,56,19,0,16,0,63,28,,57,,,,137,0,,,,,1,402,18,421,633,GRUPO DE RECUENTO,,
2818,29026,29026,SANTA CRUZ TLAXCALA,2024,20240602,171,SAN LUCAS TLACOCHCALCO,369,C,,38,31,30,0,8,0,108,41,,30,,,,166,0,,,,,0,452,21,473,632,GRUPO DE RECUENTO,,
2819,29026,29026,SANTA CRUZ TLAXCALA,2024,20240602,171,SAN LUCAS TLACOCHCALCO,369,C,,69,43,15,0,10,0,60,42,,30,,,,165,0,,,,,0,434,18,452,632,GRUPO DE RECUENTO,,
2820,29026,29026,SANTA CRUZ TLAXCALA,2024,20240602,171,SAN LUCAS TLACOCHCALCO,369,C,,30,35,16,0,15,0,84,51,,36,,,,159,0,,,,,0,426,18,444,632,ACTA CASILLA,,
2821,29026,29026,SANTA CRUZ TLAXCALA,2024,20240602,172,JESUS HUIZNAHUAC,370,B,,121,94,20,0,27,8,85,5,,67,,,,37,2,,,,,2,466,16,484,614,GRUPO DE RECUENTO,,
2822,29026,29026,SANTA CRUZ TLAXCALA,2024,20240602,172,JESUS HUIZNAHUAC,370,C,,131,81,34,0,42,3,76,9,,61,,,,25,3,,,,,0,465,11,476,613,ACTA CASILLA,,
2823,29026,29026,SANTA CRUZ TLAXCALA,2024,20240602,173,GUADALUPE TLACHCO,0,A,,0,0,0,0,0,0,0,0,,1,,,,0,0,,,,,0,1,0,1,1,ACTA CASILLA,,
2824,29026,29026,SANTA CRUZ TLAXCALA,2024,20240602,173,GUADALUPE TLACHCO,371,B,,88,73,53,0,14,0,23,13,,85,,,,138,0,,,,,1,487,16,504,734,ACTA CASILLA,,
2825,29026,29026,SANTA CRUZ TLAXCALA,2024,20240602,173,GUADALUPE TLACHCO,371,C,,71,80,92,0,9,0,31,23,,82,,,,148,0,,,,,0,536,14,550,734,GRUPO DE RECUENTO,,
2826,29026,29026,SANTA CRUZ TLAXCALA,2024,20240602,173,GUADALUPE TLACHCO,371,C,,61,86,75,0,15,0,31,24,,68,,,,159,0,,,,,0,519,17,536,734,ACTA CASILLA,,
2827,29026,29026,SANTA CRUZ TLAXCALA,2024,20240602,173,GUADALUPE TLACHCO,371,C,,76,57,75,0,8,0,20,16,,92,,,,139,0,,,,,3,483,31,517,734,GRUPO DE RECUENTO,,
2828,29028,29028,TEOLOCHOLCO,2024,20240602,174,SECCION 1A TECAHUALOYA,378,B,,30,46,0,137,45,0,27,24,,176,,,,0,0,,,,,0,485,11,496,645,GRUPO DE RECUENTO,,
2829,29028,29028,TEOLOCHOLCO,2024,20240602,174,SECCION 1A TECAHUALOYA,384,B,,29,77,0,179,33,0,39,8,,110,,,,0,0,,,,,0,475,24,499,663,GRUPO DE RECUENTO,,
2830,29028,29028,TEOLOCHOLCO,2024,20240602,174,SECCION 1A TECAHUALOYA,378,C,,34,45,0,127,24,0,31,29,,187,,,,0,0,,,,,0,477,11,488,644,GRUPO DE RECUENTO,,
2831,29028,29028,TEOLOCHOLCO,2024,20240602,174,SECCION 1A TECAHUALOYA,378,C,,33,53,0,155,31,0,25,39,,152,,,,0,0,,,,,0,488,12,500,644,GRUPO DE RECUENTO,,
2832,29028,29028,TEOLOCHOLCO,2024,20240602,174,SECCION 1A TECAHUALOYA,384,C,,53,51,0,184,13,0,62,9,,119,,,,0,0,,,,,0,491,14,505,662,GRUPO DE RECUENTO,,
2833,29028,29028,TEOLOCHOLCO,2024,20240602,174,SECCION 1A TECAHUALOYA,384,C,,54,68,0,201,22,0,35,13,,114,,,,0,0,,,,,1,507,19,527,662,GRUPO DE RECUENTO,,
2834,29028,29028,TEOLOCHOLCO,2024,20240602,175,SECCION 2A TEOLOCHOLCO,0,A,,1,0,0,0,0,0,0,0,,0,,,,0,0,,,,,0,1,0,1,1,ACTA CASILLA,,
2835,29028,29028,TEOLOCHOLCO,2024,20240602,175,SECCION 2A TEOLOCHOLCO,379,B,,99,0,19,88,105,0,43,0,,137,,,,0,0,,,,,2,491,18,511,671,ACTA CASILLA,,
2836,29028,29028,TEOLOCHOLCO,2024,20240602,175,SECCION 2A TEOLOCHOLCO,379,C,,86,0,17,77,102,0,58,0,,150,,,,0,0,,,,,0,490,20,510,671,ACTA CASILLA,,
2837,29028,29028,TEOLOCHOLCO,2024,20240602,175,SECCION 2A TEOLOCHOLCO,379,C,,95,0,22,69,103,0,55,0,,132,,,,0,0,,,,,0,476,21,497,670,ACTA CASILLA,,
2838,29028,29028,TEOLOCHOLCO,2024,20240602,175,SECCION 2A TEOLOCHOLCO,379,C,,81,0,22,91,121,0,45,0,,140,,,,0,0,,,,,0,500,13,513,670,ACTA CASILLA,,
2839,29028,29028,TEOLOCHOLCO,2024,20240602,176,SECCION 3A BARRIO DE CONTLA,624,B,,65,17,35,101,65,0,18,17,,207,,,,0,0,,,,,0,525,20,545,732,GRUPO DE RECUENTO,,
2840,29028,29028,TEOLOCHOLCO,2024,20240602,176,SECCION 3A BARRIO DE CONTLA,625,B,,56,6,15,83,68,0,11,33,,130,,,,0,0,,,,,0,402,12,414,594,GRUPO DE RECUENTO,,
2841,29028,29028,TEOLOCHOLCO,2024,20240602,176,SECCION 3A BARRIO DE CONTLA,624,C,,57,36,46,97,56,0,10,24,,209,,,,0,0,,,,,0,535,15,550,732,GRUPO DE RECUENTO,,
2842,29028,29028,TEOLOCHOLCO,2024,20240602,176,SECCION 3A BARRIO DE CONTLA,624,C,,59,21,47,93,85,0,15,23,,177,,,,0,0,,,,,0,520,27,547,732,GRUPO DE RECUENTO,,
2843,29028,29028,TEOLOCHOLCO,2024,20240602,176,SECCION 3A BARRIO DE CONTLA,625,C,,41,11,28,78,52,0,24,51,,128,,,,0,0,,,,,0,413,14,427,594,ACTA CASILLA,,
2844,29028,29028,TEOLOCHOLCO,2024,20240602,176,SECCION 3A BARRIO DE CONTLA,625,C,,55,9,33,91,67,0,6,29,,119,,,,0,0,,,,,0,409,14,423,594,GRUPO DE RECUENTO,,
2845,29028,29028,TEOLOCHOLCO,2024,20240602,176,SECCION 3A BARRIO DE CONTLA,625,C,,46,8,17,80,60,0,15,40,,156,,,,0,0,,,,,0,422,18,440,593,GRUPO DE RECUENTO,,
2846,29028,29028,TEOLOCHOLCO,2024,20240602,177,ACXOTLA DEL MONTE,381,B,,93,0,28,80,26,0,86,50,,113,,,,0,0,,,,,0,476,14,490,698,GRUPO DE RECUENTO,,
2847,29028,29028,TEOLOCHOLCO,2024,20240602,177,ACXOTLA DEL MONTE,381,C,,69,0,26,105,23,0,102,74,,76,,,,0,0,,,,,0,475,18,493,698,GRUPO DE RECUENTO,,
2848,29028,29028,TEOLOCHOLCO,2024,20240602,177,ACXOTLA DEL MONTE,381,C,,88,0,56,63,25,0,91,90,,87,,,,0,0,,,,,0,500,21,521,697,GRUPO DE RECUENTO,,
2849,29028,29028,TEOLOCHOLCO,2024,20240602,178,SECCION 5A ACTIPAC,382,B,,25,0,38,175,34,0,39,0,,98,,,,0,0,,,,,1,409,16,426,572,GRUPO DE RECUENTO,,
2850,29028,29028,TEOLOCHOLCO,2024,20240602,178,SECCION 5A ACTIPAC,382,C,,44,0,57,170,43,0,32,0,,83,,,,0,0,,,,,0,429,8,437,572,GRUPO DE RECUENTO,,
2851,29028,29028,TEOLOCHOLCO,2024,20240602,178,SECCION 5A ACTIPAC,382,C,,27,0,52,188,23,0,43,0,,101,,,,0,0,,,,,0,434,24,458,572,GRUPO DE RECUENTO,,
2852,29028,29028,TEOLOCHOLCO,2024,20240602,179,SECCION 6A CUAUHTLA,383,B,,55,0,29,123,0,0,50,56,,165,,,,0,2,,,,,0,480,12,492,589,GRUPO DE RECUENTO,,
2853,29028,29028,TEOLOCHOLCO,2024,20240602,179,SECCION 6A CUAUHTLA,383,C,,37,0,44,114,0,0,36,56,,159,,,,0,0,,,,,0,446,20,466,589,GRUPO DE RECUENTO,,
2854,29028,29028,TEOLOCHOLCO,2024,20240602,179,SECCION 6A CUAUHTLA,383,C,,25,0,46,144,0,0,28,45,,168,,,,0,6,,,,,1,462,14,477,588,ACTA CASILLA,,
2855,29028,29028,TEOLOCHOLCO,2024,20240602,180,CUAXINCA,385,B,,0,138,130,5,0,0,0,0,,82,,,,0,0,,,,,0,355,4,359,416,GRUPO DE RECUENTO,,
2856,29028,29028,TEOLOCHOLCO,2024,20240602,181,EL CARMEN AZTAMA,386,B,,0,72,0,133,99,0,0,0,,143,,,,0,0,,,,,1,447,14,462,568,GRUPO DE RECUENTO,,
2857,29028,29028,TEOLOCHOLCO,2024,20240602,181,EL CARMEN AZTAMA,386,C,,0,62,0,124,88,0,0,0,,176,,,,0,0,,,,,0,450,9,459,568,GRUPO DE RECUENTO,,
2858,29028,29028,TEOLOCHOLCO,2024,20240602,181,EL CARMEN AZTAMA,386,C,,0,71,0,120,114,0,0,0,,136,,,,0,0,,,,,2,441,21,464,567,GRUPO DE RECUENTO,,
2859,29028,29028,TEOLOCHOLCO,2024,20240602,181,EL CARMEN AZTAMA,386,C,,0,95,0,123,94,0,0,0,,129,,,,0,0,,,,,0,441,8,449,567,GRUPO DE RECUENTO,,
2860,29029,29029,TEPEYANCO,2024,20240602,182,SANTIAGO TLACOCHCALCO,390,B,,0,60,86,66,0,1,67,45,,43,,,,0,0,,,,,0,368,15,383,488,GRUPO DE RECUENTO,,
2861,29029,29029,TEPEYANCO,2024,20240602,182,SANTIAGO TLACOCHCALCO,390,C,,0,47,66,60,0,1,59,58,,54,,,,0,0,,,,,0,345,13,358,488,GRUPO DE RECUENTO,,
2862,29029,29029,TEPEYANCO,2024,20240602,183,LA AURORA,393,B,,103,0,79,10,106,0,58,0,,0,,,,0,2,,,,,0,358,12,370,487,GRUPO DE RECUENTO,,
2863,29029,29029,TEPEYANCO,2024,20240602,183,LA AURORA,393,C,,87,0,71,8,115,0,61,0,,0,,,,0,6,,,,,0,348,10,358,486,GRUPO DE RECUENTO,,
2864,29029,29029,TEPEYANCO,2024,20240602,184,SAN COSME ATLAMAXAC,394,B,,4,101,21,78,0,73,44,0,,116,,,,0,2,,,,,0,439,16,455,567,GRUPO DE RECUENTO,,
2865,29029,29029,TEPEYANCO,2024,20240602,184,SAN COSME ATLAMAXAC,394,C,,4,105,28,83,0,79,61,0,,91,,,,0,1,,,,,0,452,16,468,567,GRUPO DE RECUENTO,,
2866,29029,29029,TEPEYANCO,2024,20240602,184,SAN COSME ATLAMAXAC,394,C,,4,122,27,68,0,56,76,0,,101,,,,0,1,,,,,0,455,15,470,567,ACTA CASILLA,,
2867,29029,29029,TEPEYANCO,2024,20240602,184,SAN COSME ATLAMAXAC,394,C,,4,138,11,87,0,80,62,0,,98,,,,0,1,,,,,0,481,3,484,566,GRUPO DE RECUENTO,,
2868,29029,29029,TEPEYANCO,2024,20240602,185,SAN PEDRO XACALTZINGO,397,B,,0,0,0,263,0,0,84,0,,137,,,,0,0,,,,,0,484,10,494,618,GRUPO DE RECUENTO,,
2869,29029,29029,TEPEYANCO,2024,20240602,185,SAN PEDRO XACALTZINGO,397,C,,0,0,0,240,0,0,94,0,,158,,,,0,0,,,,,0,492,10,502,618,GRUPO DE RECUENTO,,
2870,29029,29029,TEPEYANCO,2024,20240602,185,SAN PEDRO XACALTZINGO,397,C,,0,0,0,251,0,0,65,0,,184,,,,0,0,,,,,0,500,9,509,618,GRUPO DE RECUENTO,,
2871,29030,29030,TERRENATE,2024,20240602,186,CHIPILO,399,B,,0,0,0,9,90,95,64,0,,125,,,,0,38,,,,,0,421,21,442,595,GRUPO DE RECUENTO,,
2872,29030,29030,TERRENATE,2024,20240602,186,CHIPILO,399,C,,0,0,0,8,108,61,56,0,,125,,,,0,36,,,,,0,394,29,423,594,GRUPO DE RECUENTO,,
2873,29030,29030,TERRENATE,2024,20240602,186,CHIPILO,399,C,,0,0,0,12,90,82,55,0,,150,,,,0,42,,,,,0,431,19,450,594,GRUPO DE RECUENTO,,
2874,29030,29030,TERRENATE,2024,20240602,187,VILLAREAL,403,B,,6,0,166,49,47,17,85,0,,46,,,,0,20,,,,,0,436,13,449,640,GRUPO DE RECUENTO,,
2875,29030,29030,TERRENATE,2024,20240602,187,VILLAREAL,403,C,,2,0,123,60,96,19,78,0,,70,,,,0,36,,,,,0,484,10,494,639,GRUPO DE RECUENTO,,
2876,29030,29030,TERRENATE,2024,20240602,188,TOLUCA DE GUADALUPE,404,B,,32,0,2,77,29,66,15,0,,135,,,,0,143,,,,,0,499,18,517,688,GRUPO DE RECUENTO,,
2877,29030,29030,TERRENATE,2024,20240602,188,TOLUCA DE GUADALUPE,404,C,,25,0,0,121,15,99,24,0,,72,,,,0,136,,,,,1,492,17,510,688,GRUPO DE RECUENTO,,
2878,29030,29030,TERRENATE,2024,20240602,188,TOLUCA DE GUADALUPE,404,C,,50,0,1,102,26,54,15,0,,102,,,,0,157,,,,,0,507,22,529,688,GRUPO DE RECUENTO,,
2879,29030,29030,TERRENATE,2024,20240602,188,TOLUCA DE GUADALUPE,404,C,,49,0,4,91,20,69,33,0,,94,,,,0,140,,,,,0,500,21,521,687,GRUPO DE RECUENTO,,
2880,29030,29030,TERRENATE,2024,20240602,189,COLONIA EL CAPULIN,406,B,,1,0,0,177,31,116,0,0,,51,,,,0,6,,,,,0,382,15,397,510,GRUPO DE RECUENTO,,
2881,29030,29030,TERRENATE,2024,20240602,190,COLONIA GUADALUPE VICTORIA,407,B,,1,0,0,5,69,52,17,0,,174,,,,0,13,,,,,0,331,11,342,403,ACTA CASILLA,,
2882,29030,29030,TERRENATE,2024,20240602,190,COLONIA GUADALUPE VICTORIA,407,C,,0,0,0,1,64,40,21,0,,161,,,,0,13,,,,,0,300,9,309,403,GRUPO DE RECUENTO,,
2883,29030,29030,TERRENATE,2024,20240602,191,NICOLAS BRAVO,408,B,,91,0,0,26,100,190,40,0,,84,,,,0,6,,,,,0,537,19,556,732,GRUPO DE RECUENTO,,
2884,29030,29030,TERRENATE,2024,20240602,191,NICOLAS BRAVO,408,C,,62,0,0,33,89,212,9,0,,112,,,,0,14,,,,,0,531,28,559,731,ACTA CASILLA,,
2885,29031,29031,TETLA DE LA SOLIDARIDAD,2024,20240602,192,COLONIA AGRICOLA DE DOLORES,409,B,,39,0,61,79,0,119,0,0,,55,,,,0,46,,,,,1,399,16,416,558,ACTA CASILLA,,
2886,29031,29031,TETLA DE LA SOLIDARIDAD,2024,20240602,192,COLONIA AGRICOLA DE DOLORES,409,C,,64,0,53,112,0,71,0,0,,35,,,,0,68,,,,,11,403,0,414,558,GRUPO DE RECUENTO,,
2887,29031,29031,TETLA DE LA SOLIDARIDAD,2024,20240602,192,COLONIA AGRICOLA DE DOLORES,409,C,,34,0,50,86,0,100,0,0,,43,,,,0,57,,,,,0,370,17,387,557,GRUPO DE RECUENTO,,
2888,29031,29031,TETLA DE LA SOLIDARIDAD,2024,20240602,193,SECCION 4A CHIAUTZINGO,410,B,,56,0,25,78,0,156,0,0,,166,,,,0,23,,,,,0,504,18,522,693,GRUPO DE RECUENTO,,
2889,29031,29031,TETLA DE LA SOLIDARIDAD,2024,20240602,193,SECCION 4A CHIAUTZINGO,410,C,,30,0,14,80,0,159,0,0,,191,,,,0,12,,,,,0,486,11,497,693,ACTA CASILLA,,
2890,29031,29031,TETLA DE LA SOLIDARIDAD,2024,20240602,194,SECCION 1A ACTIPAN INFONAVIT,411,B,,69,0,73,43,25,51,0,24,,79,,,,4,20,,,,,0,388,20,408,615,GRUPO DE RECUENTO,,
2891,29031,29031,TETLA DE LA SOLIDARIDAD,2024,20240602,194,SECCION 1A ACTIPAN INFONAVIT,414,B,,16,0,34,47,7,21,0,28,,96,,,,3,6,,,,,0,258,19,277,409,GRUPO DE RECUENTO,,
2892,29031,29031,TETLA DE LA SOLIDARIDAD,2024,20240602,194,SECCION 1A ACTIPAN INFONAVIT,415,B,,41,0,36,71,13,37,0,38,,88,,,,4,5,,,,,0,333,35,368,557,GRUPO DE RECUENTO,,
2893,29031,29031,TETLA DE LA SOLIDARIDAD,2024,20240602,194,SECCION 1A ACTIPAN INFONAVIT,411,C,,49,0,93,43,21,68,0,25,,61,,,,4,37,,,,,0,401,11,412,614,ACTA CASILLA,,
2894,29031,29031,TETLA DE LA SOLIDARIDAD,2024,20240602,194,SECCION 1A ACTIPAN INFONAVIT,411,C,,69,0,74,53,19,63,0,27,,64,,,,19,28,,,,,0,416,18,434,614,GRUPO DE RECUENTO,,
2895,29031,29031,TETLA DE LA SOLIDARIDAD,2024,20240602,194,SECCION 1A ACTIPAN INFONAVIT,411,C,,87,0,84,57,18,0,0,24,,78,,,,4,12,,,,,0,364,9,373,614,GRUPO DE RECUENTO,,
2896,29031,29031,TETLA DE LA SOLIDARIDAD,2024,20240602,194,SECCION 1A ACTIPAN INFONAVIT,411,C,,71,0,78,58,23,48,0,24,,80,,,,9,9,,,,,0,400,15,415,614,GRUPO DE RECUENTO,,
2897,29031,29031,TETLA DE LA SOLIDARIDAD,2024,20240602,194,SECCION 1A ACTIPAN INFONAVIT,414,C,,18,0,46,37,13,18,0,29,,81,,,,8,3,,,,,0,253,9,262,409,ACTA CASILLA,,
2898,29031,29031,TETLA DE LA SOLIDARIDAD,2024,20240602,194,SECCION 1A ACTIPAN INFONAVIT,415,C,,36,0,0,73,27,73,0,54,,88,,,,5,14,,,,,1,370,13,384,557,GRUPO DE RECUENTO,,
2899,29031,29031,TETLA DE LA SOLIDARIDAD,2024,20240602,195,SECCION 2A TEOTLALPAN,412,B,,23,21,113,61,0,99,0,0,,105,,,,0,29,,,,,0,451,22,473,720,GRUPO DE RECUENTO,,
2900,29031,29031,TETLA DE LA SOLIDARIDAD,2024,20240602,195,SECCION 2A TEOTLALPAN,412,C,,8,46,88,34,0,93,0,0,,100,,,,0,54,,,,,1,423,15,439,720,GRUPO DE RECUENTO,,
2901,29031,29031,TETLA DE LA SOLIDARIDAD,2024,20240602,195,SECCION 2A TEOTLALPAN,412,C,,18,54,114,26,0,0,0,0,,107,,,,0,29,,,,,2,348,15,365,719,GRUPO DE RECUENTO,,
2902,29031,29031,TETLA DE LA SOLIDARIDAD,2024,20240602,195,SECCION 2A TEOTLALPAN,412,C,,16,32,100,33,0,147,0,0,,121,,,,0,46,,,,,0,495,24,519,719,GRUPO DE RECUENTO,,
2903,29031,29031,TETLA DE LA SOLIDARIDAD,2024,20240602,195,SECCION 2A TEOTLALPAN,412,C,,14,20,102,30,0,108,0,0,,96,,,,0,40,,,,,1,410,21,432,719,GRUPO DE RECUENTO,,
2904,29031,29031,TETLA DE LA SOLIDARIDAD,2024,20240602,196,SECCION 3A OCOTITLA,413,B,,81,0,6,40,0,175,0,7,,107,,,,0,34,,,,,0,450,22,472,724,GRUPO DE RECUENTO,,
2905,29031,29031,TETLA DE LA SOLIDARIDAD,2024,20240602,196,SECCION 3A OCOTITLA,413,C,,94,0,16,33,0,159,0,5,,113,,,,0,25,,,,,2,445,21,468,724,GRUPO DE RECUENTO,,
2906,29031,29031,TETLA DE LA SOLIDARIDAD,2024,20240602,197,SANTA MARIA CAPULAC,416,B,,0,0,0,77,0,0,0,200,,99,,,,0,0,,,,,0,376,12,388,624,GRUPO DE RECUENTO,,ELECCION EXTRAORDINARIA 24112024
2907,29031,29031,TETLA DE LA SOLIDARIDAD,2024,20240602,197,SANTA MARIA CAPULAC,416,C,,0,0,0,60,0,0,0,175,,135,,,,0,0,,,,,0,370,2,372,624,GRUPO DE RECUENTO,,ELECCION EXTRAORDINARIA 24112024
2908,29031,29031,TETLA DE LA SOLIDARIDAD,2024,20240602,198,SANTA FE LA TROJE,0,A,,0,0,0,0,0,1,0,0,,0,,,,0,0,,,,,0,1,0,1,1,GRUPO DE RECUENTO,,
2909,29031,29031,TETLA DE LA SOLIDARIDAD,2024,20240602,198,SANTA FE LA TROJE,417,B,,0,0,0,75,0,98,0,95,,21,,,,0,1,,,,,0,290,6,296,357,GRUPO DE RECUENTO,,
2910,29031,29031,TETLA DE LA SOLIDARIDAD,2024,20240602,199,COLONIA PLAN DE AYALA,418,B,,21,0,19,78,0,45,0,0,,86,,,,0,118,,,,,0,367,6,373,494,GRUPO DE RECUENTO,,
2911,29031,29031,TETLA DE LA SOLIDARIDAD,2024,20240602,200,JOSE MARIA MORELOS Y PAVON,419,B,,2,0,3,43,0,66,0,87,,236,,,,0,10,,,,,1,447,20,468,705,GRUPO DE RECUENTO,,
2912,29031,29031,TETLA DE LA SOLIDARIDAD,2024,20240602,201,SAN FRANCISCO ATEXCATZINGO,420,B,,6,23,5,139,43,122,0,0,,49,,,,0,85,,,,,0,472,16,488,737,ACTA CASILLA,,
2913,29031,29031,TETLA DE LA SOLIDARIDAD,2024,20240602,201,SAN FRANCISCO ATEXCATZINGO,421,B,,8,39,8,110,71,68,0,0,,35,,,,0,58,,,,,0,397,15,412,666,ACTA CASILLA,,
2914,29031,29031,TETLA DE LA SOLIDARIDAD,2024,20240602,201,SAN FRANCISCO ATEXCATZINGO,420,C,,11,19,5,159,39,125,0,0,,35,,,,0,79,,,,,0,472,23,495,737,GRUPO DE RECUENTO,,
2915,29031,29031,TETLA DE LA SOLIDARIDAD,2024,20240602,201,SAN FRANCISCO ATEXCATZINGO,420,C,,4,11,7,168,52,136,0,0,,28,,,,0,69,,,,,0,475,15,490,736,GRUPO DE RECUENTO,,
2916,29031,29031,TETLA DE LA SOLIDARIDAD,2024,20240602,201,SAN FRANCISCO ATEXCATZINGO,421,C,,15,30,6,132,33,94,0,0,,36,,,,0,63,,,,,0,409,14,423,666,ACTA CASILLA,,
2917,29031,29031,TETLA DE LA SOLIDARIDAD,2024,20240602,201,SAN FRANCISCO ATEXCATZINGO,421,C,,7,24,30,150,34,83,0,0,,29,,,,0,58,,,,,0,415,21,436,666,ACTA CASILLA,,
2918,29031,29031,TETLA DE LA SOLIDARIDAD,2024,20240602,201,SAN FRANCISCO ATEXCATZINGO,421,C,,10,19,10,132,43,83,0,0,,45,,,,0,59,,,,,0,401,21,422,666,ACTA CASILLA,,
2919,29031,29031,TETLA DE LA SOLIDARIDAD,2024,20240602,202,SAN BARTOLOME MATLALOHCAN,620,B,,44,0,10,52,0,83,0,5,,191,,,,0,4,,,,,0,389,15,404,627,ACTA CASILLA,,
2920,29031,29031,TETLA DE LA SOLIDARIDAD,2024,20240602,202,SAN BARTOLOME MATLALOHCAN,621,B,,20,0,3,55,0,98,0,7,,175,,,,0,6,,,,,1,364,17,382,630,GRUPO DE RECUENTO,,
2921,29031,29031,TETLA DE LA SOLIDARIDAD,2024,20240602,202,SAN BARTOLOME MATLALOHCAN,620,C,,47,0,12,48,0,73,0,11,,185,,,,0,4,,,,,0,380,16,396,626,GRUPO DE RECUENTO,,
2922,29031,29031,TETLA DE LA SOLIDARIDAD,2024,20240602,202,SAN BARTOLOME MATLALOHCAN,620,C,,33,0,15,68,0,89,0,2,,209,,,,0,3,,,,,0,419,20,439,626,GRUPO DE RECUENTO,,
2923,29031,29031,TETLA DE LA SOLIDARIDAD,2024,20240602,202,SAN BARTOLOME MATLALOHCAN,621,C,,32,0,6,87,0,80,0,4,,200,,,,0,5,,,,,0,414,11,425,630,GRUPO DE RECUENTO,,
2924,29031,29031,TETLA DE LA SOLIDARIDAD,2024,20240602,202,SAN BARTOLOME MATLALOHCAN,621,C,,27,0,8,68,0,77,0,5,,167,,,,0,9,,,,,0,361,14,375,629,GRUPO DE RECUENTO,,
2925,29031,29031,TETLA DE LA SOLIDARIDAD,2024,20240602,202,SAN BARTOLOME MATLALOHCAN,621,C,,21,0,5,67,0,91,0,7,,176,,,,0,3,,,,,1,370,25,396,629,GRUPO DE RECUENTO,,
2926,29031,29031,TETLA DE LA SOLIDARIDAD,2024,20240602,203,SAN ISIDRO PIEDRAS NEGRAS,423,B,,0,0,0,55,0,5,0,0,,136,,,,0,2,,,,,0,198,6,204,257,GRUPO DE RECUENTO,,
2927,29031,29032,TETLATLAHUCA,2024,20240602,204,SAN BARTOLOME TENANGO,424,B,,0,0,0,17,96,8,0,142,,87,,,,3,0,,,,,3,353,14,370,545,GRUPO DE RECUENTO,,
2928,29031,29032,TETLATLAHUCA,2024,20240602,204,SAN BARTOLOME TENANGO,424,C,,0,0,0,15,121,4,1,120,,115,,,,3,0,,,,,0,379,26,405,545,GRUPO DE RECUENTO,,
2929,29031,29032,TETLATLAHUCA,2024,20240602,204,SAN BARTOLOME TENANGO,424,C,,0,0,0,13,134,6,2,85,,134,,,,7,0,,,,,0,381,27,408,545,ACTA CASILLA,,
2930,29031,29032,TETLATLAHUCA,2024,20240602,205,SANTA CRUZ AQUIAHUAC,425,B,,0,0,0,110,146,0,0,0,,150,,,,1,0,,,,,0,407,6,413,540,GRUPO DE RECUENTO,,
2931,29031,29032,TETLATLAHUCA,2024,20240602,205,SANTA CRUZ AQUIAHUAC,426,B,,0,0,0,108,145,0,0,0,,137,,,,3,0,,,,,0,393,2,395,501,ACTA CASILLA,,
2932,29031,29032,TETLATLAHUCA,2024,20240602,205,SANTA CRUZ AQUIAHUAC,425,C,,0,0,0,112,123,0,0,0,,179,,,,5,0,,,,,1,419,5,425,540,GRUPO DE RECUENTO,,
2933,29031,29032,TETLATLAHUCA,2024,20240602,205,SANTA CRUZ AQUIAHUAC,425,C,,0,0,0,88,158,0,0,0,,161,,,,3,0,,,,,0,410,4,414,539,GRUPO DE RECUENTO,,
2934,29031,29032,TETLATLAHUCA,2024,20240602,205,SANTA CRUZ AQUIAHUAC,426,C,,0,0,0,100,138,0,0,0,,127,,,,2,0,,,,,0,367,4,371,500,GRUPO DE RECUENTO,,
2935,29031,29032,TETLATLAHUCA,2024,20240602,205,SANTA CRUZ AQUIAHUAC,426,C,,0,0,0,94,140,0,0,0,,116,,,,0,0,,,,,0,350,9,359,500,ACTA CASILLA,,
2936,29031,29032,TETLATLAHUCA,2024,20240602,206,SANTA ISABEL TETLATLAHUCA,0,A,,0,0,0,0,0,0,1,0,,0,,,,0,0,,,,,0,1,0,1,1,ACTA CASILLA,,
2937,29031,29032,TETLATLAHUCA,2024,20240602,206,SANTA ISABEL TETLATLAHUCA,427,B,,0,0,0,46,127,49,67,19,,45,,,,105,0,,,,,0,458,17,475,676,ACTA CASILLA,,
2938,29031,29032,TETLATLAHUCA,2024,20240602,206,SANTA ISABEL TETLATLAHUCA,428,B,,0,0,0,20,80,80,64,15,,52,,,,69,0,,,,,0,380,15,395,541,GRUPO DE RECUENTO,,
2939,29031,29032,TETLATLAHUCA,2024,20240602,206,SANTA ISABEL TETLATLAHUCA,427,C,,0,0,0,37,136,38,67,20,,47,,,,141,0,,,,,0,486,19,505,676,GRUPO DE RECUENTO,,
2940,29031,29032,TETLATLAHUCA,2024,20240602,206,SANTA ISABEL TETLATLAHUCA,427,C,,0,0,0,27,139,39,74,13,,58,,,,109,0,,,,,0,459,15,474,676,GRUPO DE RECUENTO,,
2941,29031,29032,TETLATLAHUCA,2024,20240602,206,SANTA ISABEL TETLATLAHUCA,428,C,,0,0,0,18,67,67,87,15,,56,,,,82,0,,,,,0,392,17,409,541,GRUPO DE RECUENTO,,
2942,29031,29032,TETLATLAHUCA,2024,20240602,206,SANTA ISABEL TETLATLAHUCA,428,C,,0,0,0,19,66,73,67,28,,59,,,,89,0,,,,,0,401,7,408,541,GRUPO DE RECUENTO,,
2943,29031,29032,TETLATLAHUCA,2024,20240602,207,SAN ANDRES CUAMILPA,431,B,,0,0,0,153,99,0,0,6,,102,,,,107,0,,,,,0,467,11,478,619,GRUPO DE RECUENTO,,
2944,29031,29032,TETLATLAHUCA,2024,20240602,207,SAN ANDRES CUAMILPA,431,C,,0,0,0,121,102,0,0,19,,98,,,,115,0,,,,,1,455,14,470,619,GRUPO DE RECUENTO,,
2945,29033,29033,TLAXCALA,2024,20240602,208,SAN ESTEBAN TIZATLAN,0,A,,0,0,0,1,0,0,0,0,,0,,,,0,0,,,,,0,1,0,1,1,ACTA CASILLA,,
2946,29033,29033,TLAXCALA,2024,20240602,208,SAN ESTEBAN TIZATLAN,435,B,,34,45,10,19,6,50,5,137,,122,,,,3,2,,,,,1,433,13,447,656,GRUPO DE RECUENTO,,
2947,29033,29033,TLAXCALA,2024,20240602,208,SAN ESTEBAN TIZATLAN,436,B,,18,76,19,25,7,33,0,89,,194,,,,1,0,,,,,0,462,19,481,722,GRUPO DE RECUENTO,,
2948,29033,29033,TLAXCALA,2024,20240602,208,SAN ESTEBAN TIZATLAN,437,B,,32,50,16,9,4,30,0,84,,102,,,,4,5,,,,,0,336,20,356,502,GRUPO DE RECUENTO,,
2949,29033,29033,TLAXCALA,2024,20240602,208,SAN ESTEBAN TIZATLAN,435,C,,19,63,1,13,9,50,2,184,,101,,,,0,2,,,,,0,444,13,457,656,GRUPO DE RECUENTO,,
2950,29033,29033,TLAXCALA,2024,20240602,208,SAN ESTEBAN TIZATLAN,435,C,,21,47,9,15,4,73,1,132,,114,,,,1,0,,,,,4,417,14,435,656,GRUPO DE RECUENTO,,
2951,29033,29033,TLAXCALA,2024,20240602,208,SAN ESTEBAN TIZATLAN,436,C,,14,63,17,12,6,30,0,87,,227,,,,1,4,,,,,0,461,17,478,722,GRUPO DE RECUENTO,,
2952,29033,29033,TLAXCALA,2024,20240602,208,SAN ESTEBAN TIZATLAN,436,C,,14,53,14,29,6,35,1,108,,208,,,,0,3,,,,,0,471,19,490,721,GRUPO DE RECUENTO,,
2953,29033,29033,TLAXCALA,2024,20240602,208,SAN ESTEBAN TIZATLAN,437,C,,22,58,9,7,3,25,2,81,,142,,,,1,1,,,,,0,351,12,363,502,GRUPO DE RECUENTO,,
2954,29033,29033,TLAXCALA,2024,20240602,208,SAN ESTEBAN TIZATLAN,437,C,,26,48,7,8,2,15,1,97,,156,,,,0,1,,,,,0,361,14,375,501,GRUPO DE RECUENTO,,
2955,29033,29033,TLAXCALA,2024,20240602,209,SANTA MARIA IXTULCO,438,B,,18,20,35,73,23,86,62,36,,50,,,,26,3,,,,,0,432,8,440,589,GRUPO DE RECUENTO,,
2956,29033,29033,TLAXCALA,2024,20240602,209,SANTA MARIA IXTULCO,439,B,,31,36,20,79,17,85,32,22,,77,,,,23,1,,,,,0,423,21,444,625,GRUPO DE RECUENTO,,
2957,29033,29033,TLAXCALA,2024,20240602,209,SANTA MARIA IXTULCO,438,C,,26,20,30,72,25,102,59,18,,52,,,,27,1,,,,,0,432,15,447,588,GRUPO DE RECUENTO,,
2958,29033,29033,TLAXCALA,2024,20240602,209,SANTA MARIA IXTULCO,438,C,,8,13,19,74,18,125,67,12,,60,,,,26,2,,,,,0,424,18,442,588,ACTA CASILLA,,
2959,29033,29033,TLAXCALA,2024,20240602,209,SANTA MARIA IXTULCO,439,C,,32,30,19,67,29,74,47,26,,92,,,,21,1,,,,,0,438,27,465,625,GRUPO DE RECUENTO,,
2960,29033,29033,TLAXCALA,2024,20240602,209,SANTA MARIA IXTULCO,439,C,,32,39,28,57,29,78,47,29,,68,,,,27,2,,,,,2,436,11,449,624,GRUPO DE RECUENTO,,
2961,29033,29033,TLAXCALA,2024,20240602,209,SANTA MARIA IXTULCO,439,C,,23,29,27,62,25,84,57,21,,85,,,,26,1,,,,,1,440,8,449,624,GRUPO DE RECUENTO,,
2962,29033,29033,TLAXCALA,2024,20240602,210,SAN BUENAVENTURA ATEMPAN,440,B,,67,61,3,61,3,25,107,34,,82,,,,0,36,,,,,1,479,13,493,662,GRUPO DE RECUENTO,,
2963,29033,29033,TLAXCALA,2024,20240602,210,SAN BUENAVENTURA ATEMPAN,440,C,,68,86,6,49,3,19,71,35,,96,,,,0,59,,,,,0,492,9,501,662,GRUPO DE RECUENTO,TET-JDC-171-2024,MODIFICADA
2964,29033,29033,TLAXCALA,2024,20240602,210,SAN BUENAVENTURA ATEMPAN,440,C,,51,78,4,60,9,14,96,26,,101,,,,0,32,,,,,1,471,10,482,661,GRUPO DE RECUENTO,,
2965,29033,29033,TLAXCALA,2024,20240602,211,OCOTLAN,0,A,,0,1,0,0,0,0,0,0,,2,,,,0,0,,,,,0,3,0,3,3,ACTA CASILLA,,
2966,29033,29033,TLAXCALA,2024,20240602,211,OCOTLAN,444,B,,48,53,24,29,27,35,5,63,,172,,,,0,10,,,,,1,466,16,483,704,ACTA CASILLA,,
2967,29033,29033,TLAXCALA,2024,20240602,211,OCOTLAN,445,B,,15,63,32,35,39,24,3,38,,83,,,,0,6,,,,,0,338,10,348,517,GRUPO DE RECUENTO,,
2968,29033,29033,TLAXCALA,2024,20240602,211,OCOTLAN,626,B,,26,60,22,31,29,44,7,54,,142,,,,0,6,,,,,0,421,14,435,665,ACTA CASILLA,,
2969,29033,29033,TLAXCALA,2024,20240602,211,OCOTLAN,627,B,,21,82,48,65,34,21,3,39,,125,,,,0,3,,,,,1,441,18,460,683,ACTA CASILLA,,
2970,29033,29033,TLAXCALA,2024,20240602,211,OCOTLAN,628,B,,22,51,32,43,19,40,13,38,,110,,,,0,10,,,,,0,378,18,396,610,GRUPO DE RECUENTO,,
2971,29033,29033,TLAXCALA,2024,20240602,211,OCOTLAN,630,B,,6,11,1,1,9,3,4,3,,36,,,,0,4,,,,,0,78,5,83,144,ACTA CASILLA,,
2972,29033,29033,TLAXCALA,2024,20240602,211,OCOTLAN,444,C,,50,65,26,26,20,34,11,45,,165,,,,0,5,,,,,1,447,17,465,704,GRUPO DE RECUENTO,,
2973,29033,29033,TLAXCALA,2024,20240602,211,OCOTLAN,444,C,,49,61,24,23,31,38,9,52,,140,,,,0,9,,,,,1,436,22,459,704,GRUPO DE RECUENTO,,
2974,29033,29033,TLAXCALA,2024,20240602,211,OCOTLAN,444,C,,49,63,34,26,26,30,19,69,,142,,,,0,8,,,,,0,466,34,500,704,GRUPO DE RECUENTO,,
2975,29033,29033,TLAXCALA,2024,20240602,211,OCOTLAN,444,C,,48,48,24,27,31,44,14,67,,151,,,,0,6,,,,,2,460,22,484,704,GRUPO DE RECUENTO,,
2976,29033,29033,TLAXCALA,2024,20240602,211,OCOTLAN,444,C,,37,53,36,37,26,49,14,57,,159,,,,0,14,,,,,0,482,25,507,703,GRUPO DE RECUENTO,,
2977,29033,29033,TLAXCALA,2024,20240602,211,OCOTLAN,445,C,,12,53,31,53,35,17,5,35,,100,,,,0,4,,,,,0,345,14,359,517,GRUPO DE RECUENTO,,
2978,29033,29033,TLAXCALA,2024,20240602,211,OCOTLAN,445,C,,22,51,31,33,52,19,2,28,,109,,,,0,2,,,,,0,349,13,362,517,GRUPO DE RECUENTO,,
2979,29033,29033,TLAXCALA,2024,20240602,211,OCOTLAN,626,C,,23,62,13,29,23,49,6,43,,154,,,,0,6,,,,,0,408,23,431,665,GRUPO DE RECUENTO,,
2980,29033,29033,TLAXCALA,2024,20240602,211,OCOTLAN,626,C,,23,69,16,49,29,43,0,44,,133,,,,0,12,,,,,0,418,22,440,664,GRUPO DE RECUENTO,,
2981,29033,29033,TLAXCALA,2024,20240602,211,OCOTLAN,626,C,,34,68,11,29,20,44,4,41,,156,,,,0,5,,,,,0,412,18,430,664,GRUPO DE RECUENTO,,
2982,29033,29033,TLAXCALA,2024,20240602,211,OCOTLAN,626,C,,37,72,20,35,22,42,13,34,,138,,,,0,6,,,,,0,419,18,437,664,ACTA CASILLA,,
2983,29033,29033,TLAXCALA,2024,20240602,211,OCOTLAN,627,C,,31,74,53,70,22,26,14,52,,104,,,,0,4,,,,,1,450,9,460,674,GRUPO DE RECUENTO,,
2984,29033,29033,TLAXCALA,2024,20240602,211,OCOTLAN,627,C,,22,81,46,77,20,29,8,43,,102,,,,0,3,,,,,0,431,18,449,671,ACTA CASILLA,,
2985,29033,29033,TLAXCALA,2024,20240602,211,OCOTLAN,627,C,,2,2,0,2,2,1,1,1,,11,,,,0,2,,,,,0,24,1,25,674,GRUPO DE RECUENTO,,
2986,29033,29033,TLAXCALA,2024,20240602,211,OCOTLAN,628,C,,31,39,33,46,24,27,5,48,,127,,,,0,9,,,,,0,389,13,402,610,GRUPO DE RECUENTO,,
2987,29033,29033,TLAXCALA,2024,20240602,211,OCOTLAN,628,C,,29,38,26,50,25,41,11,31,,133,,,,0,11,,,,,1,395,9,405,610,GRUPO DE RECUENTO,,
2988,29033,29033,TLAXCALA,2024,20240602,211,OCOTLAN,630,C,,2,14,1,7,2,1,0,6,,20,,,,0,0,,,,,0,53,5,58,140,ACTA CASILLA,,
2989,29033,29033,TLAXCALA,2024,20240602,211,OCOTLAN,630,C,,6,6,5,8,5,11,0,7,,37,,,,0,1,,,,,0,86,5,91,176,GRUPO DE RECUENTO,,
2990,29033,29033,TLAXCALA,2024,20240602,212,SAN HIPOLITO CHIMALPA,0,A,,0,0,0,0,1,0,0,0,,1,,,,0,0,,,,,0,2,0,2,2,ACTA CASILLA,,
2991,29033,29033,TLAXCALA,2024,20240602,212,SAN HIPOLITO CHIMALPA,448,B,,35,21,0,3,35,20,72,39,,43,,,,1,147,,,,,0,416,15,431,630,GRUPO DE RECUENTO,,
2992,29033,29033,TLAXCALA,2024,20240602,212,SAN HIPOLITO CHIMALPA,448,C,,18,39,0,4,72,7,71,30,,56,,,,0,140,,,,,0,437,17,454,630,GRUPO DE RECUENTO,,
2993,29033,29033,TLAXCALA,2024,20240602,212,SAN HIPOLITO CHIMALPA,448,C,,43,18,0,1,61,10,61,30,,37,,,,1,175,,,,,1,437,16,454,630,GRUPO DE RECUENTO,,
2994,29033,29033,TLAXCALA,2024,20240602,212,SAN HIPOLITO CHIMALPA,448,C,,25,27,0,2,28,16,72,48,,45,,,,0,182,,,,,0,445,18,463,629,GRUPO DE RECUENTO,,
2995,29033,29033,TLAXCALA,2024,20240602,213,SAN GABRIEL CUAUHTLA,0,A,,0,0,0,0,0,0,0,0,,1,,,,0,0,,,,,0,1,0,1,1,ACTA CASILLA,,
2996,29033,29033,TLAXCALA,2024,20240602,213,SAN GABRIEL CUAUHTLA,451,B,,101,11,7,7,9,38,1,17,,231,,,,1,33,,,,,0,456,11,467,664,GRUPO DE RECUENTO,,
2997,29033,29033,TLAXCALA,2024,20240602,213,SAN GABRIEL CUAUHTLA,452,B,,17,1,0,2,0,3,0,0,,28,,,,0,0,,,,,0,51,0,51,74,GRUPO DE RECUENTO,,
2998,29033,29033,TLAXCALA,2024,20240602,213,SAN GABRIEL CUAUHTLA,459,B,,74,27,17,8,16,30,0,6,,133,,,,0,19,,,,,0,330,6,336,508,GRUPO DE RECUENTO,,
2999,29033,29033,TLAXCALA,2024,20240602,213,SAN GABRIEL CUAUHTLA,464,B,,53,51,7,17,14,43,14,25,,110,,,,0,9,,,,,0,343,19,362,171,GRUPO DE RECUENTO,,
3000,29033,29033,TLAXCALA,2024,20240602,213,SAN GABRIEL CUAUHTLA,627,B,,19,83,28,68,26,33,2,49,,102,,,,0,8,,,,,0,418,15,433,11,GRUPO DE RECUENTO,,
3001,29033,29033,TLAXCALA,2024,20240602,213,SAN GABRIEL CUAUHTLA,629,B,,63,20,8,6,9,35,3,13,,134,,,,2,23,,,,,0,316,15,331,503,GRUPO DE RECUENTO,,
3002,29033,29033,TLAXCALA,2024,20240602,213,SAN GABRIEL CUAUHTLA,451,C,,120,11,3,19,7,29,2,5,,241,,,,1,42,,,,,0,480,19,499,663,GRUPO DE RECUENTO,,
3003,29033,29033,TLAXCALA,2024,20240602,213,SAN GABRIEL CUAUHTLA,451,C,,113,13,5,13,5,31,2,10,,213,,,,2,28,,,,,0,435,13,448,663,GRUPO DE RECUENTO,,
3004,29033,29033,TLAXCALA,2024,20240602,213,SAN GABRIEL CUAUHTLA,452,C,,13,1,1,1,4,2,0,1,,22,,,,0,5,,,,,0,50,2,52,69,ACTA CASILLA,,
3005,29033,29033,TLAXCALA,2024,20240602,213,SAN GABRIEL CUAUHTLA,452,C,,15,2,1,0,1,1,1,0,,31,,,,0,1,,,,,0,53,1,54,93,GRUPO DE RECUENTO,,
3006,29033,29033,TLAXCALA,2024,20240602,213,SAN GABRIEL CUAUHTLA,459,C,,86,21,16,13,7,22,0,10,,133,,,,1,30,,,,,0,339,26,365,512,GRUPO DE RECUENTO,,
3007,29033,29033,TLAXCALA,2024,20240602,213,SAN GABRIEL CUAUHTLA,459,C,,86,21,16,13,7,22,0,10,,133,,,,1,30,,,,,0,339,26,365,502,GRUPO DE RECUENTO,,
3008,29033,29033,TLAXCALA,2024,20240602,213,SAN GABRIEL CUAUHTLA,464,C,,16,9,3,4,7,12,0,7,,21,,,,1,3,,,,,0,83,3,86,136,GRUPO DE RECUENTO,,
3009,29033,29033,TLAXCALA,2024,20240602,213,SAN GABRIEL CUAUHTLA,464,C,,9,5,0,3,3,12,1,4,,21,,,,0,8,,,,,0,66,24,90,140,GRUPO DE RECUENTO,,
3010,29033,29033,TLAXCALA,2024,20240602,213,SAN GABRIEL CUAUHTLA,464,C,,29,3,0,2,5,8,0,2,,34,,,,2,6,,,,,0,91,3,94,140,GRUPO DE RECUENTO,,
3011,29033,29033,TLAXCALA,2024,20240602,213,SAN GABRIEL CUAUHTLA,464,C,,49,25,5,16,11,45,4,14,,85,,,,1,11,,,,,0,266,23,289,133,GRUPO DE RECUENTO,,
3012,29033,29033,TLAXCALA,2024,20240602,213,SAN GABRIEL CUAUHTLA,464,C,,21,17,2,9,9,33,2,12,,72,,,,2,3,,,,,0,182,18,200,148,GRUPO DE RECUENTO,,
3013,29033,29033,TLAXCALA,2024,20240602,213,SAN GABRIEL CUAUHTLA,464,C,,26,27,5,8,16,25,4,23,,57,,,,3,7,,,,,0,201,12,213,168,GRUPO DE RECUENTO,,
3014,29033,29033,TLAXCALA,2024,20240602,213,SAN GABRIEL CUAUHTLA,627,C,,34,74,53,70,24,28,14,52,,106,,,,0,4,,,,,1,459,11,471,19,GRUPO DE RECUENTO,,
3015,29033,29033,TLAXCALA,2024,20240602,213,SAN GABRIEL CUAUHTLA,627,C,,4,1,2,2,0,2,0,1,,5,,,,0,0,,,,,0,17,0,17,22,ACTA CASILLA,,
3016,29033,29033,TLAXCALA,2024,20240602,213,SAN GABRIEL CUAUHTLA,627,C,,2,2,0,2,2,1,1,1,,11,,,,0,2,,,,,0,24,1,25,19,GRUPO DE RECUENTO,,
3017,29033,29033,TLAXCALA,2024,20240602,213,SAN GABRIEL CUAUHTLA,629,C,,73,31,6,10,14,35,3,16,,169,,,,3,27,,,,,1,387,12,400,538,GRUPO DE RECUENTO,,
3018,29033,29033,TLAXCALA,2024,20240602,213,SAN GABRIEL CUAUHTLA,629,C,,94,18,17,15,8,38,5,16,,144,,,,4,25,,,,,1,384,22,407,508,GRUPO DE RECUENTO,,
3019,29033,29033,TLAXCALA,2024,20240602,214,LA TRINIDAD TEPEHITEC,461,B,,2,1,0,6,0,0,0,1,,3,,,,0,0,,,,,1,13,1,15,46,ACTA CASILLA,,
3020,29033,29033,TLAXCALA,2024,20240602,214,LA TRINIDAD TEPEHITEC,462,B,,109,94,0,70,0,20,13,15,,44,,,,0,3,,,,,59,368,23,450,611,GRUPO DE RECUENTO,,
3021,29033,29033,TLAXCALA,2024,20240602,214,LA TRINIDAD TEPEHITEC,463,B,,1,2,0,0,0,0,0,1,,0,,,,0,0,,,,,0,4,0,4,46,ACTA CASILLA,,
3022,29033,29033,TLAXCALA,2024,20240602,214,LA TRINIDAD TEPEHITEC,461,C,,0,0,0,0,0,0,0,0,,0,,,,0,0,,,,,0,0,15,15,36,GRUPO DE RECUENTO,,
3023,29033,29033,TLAXCALA,2024,20240602,214,LA TRINIDAD TEPEHITEC,461,C,,5,6,0,2,0,0,0,0,,5,,,,0,1,,,,,0,19,1,20,39,GRUPO DE RECUENTO,,
3024,29033,29033,TLAXCALA,2024,20240602,214,LA TRINIDAD TEPEHITEC,461,C,,4,2,0,3,0,2,0,0,,7,,,,0,0,,,,,0,18,1,19,32,ACTA CASILLA,,
3025,29033,29033,TLAXCALA,2024,20240602,214,LA TRINIDAD TEPEHITEC,462,C,,116,93,0,56,0,21,9,18,,53,,,,0,4,,,,,34,370,12,416,611,GRUPO DE RECUENTO,,
3026,29033,29033,TLAXCALA,2024,20240602,214,LA TRINIDAD TEPEHITEC,462,C,,76,114,0,53,0,28,15,11,,74,,,,0,3,,,,,31,374,18,423,611,GRUPO DE RECUENTO,,
3027,29033,29033,TLAXCALA,2024,20240602,214,LA TRINIDAD TEPEHITEC,462,C,,103,117,0,76,0,26,18,16,,42,,,,0,4,,,,,29,402,14,445,611,GRUPO DE RECUENTO,,
3028,29033,29033,TLAXCALA,2024,20240602,214,LA TRINIDAD TEPEHITEC,463,C,,1,3,0,2,0,3,0,3,,9,,,,0,0,,,,,1,21,3,25,42,ACTA CASILLA,,
3029,29033,29033,TLAXCALA,2024,20240602,214,LA TRINIDAD TEPEHITEC,463,C,,1,2,0,0,0,1,1,1,,5,,,,0,0,,,,,0,11,1,12,42,GRUPO DE RECUENTO,,
3030,29033,29033,TLAXCALA,2024,20240602,215,SANTA MARIA ACUITLAPILCO,464,B,,22,27,1,11,8,36,0,20,,61,,,,2,1,,,,,1,189,18,208,399,GRUPO DE RECUENTO,,
3031,29033,29033,TLAXCALA,2024,20240602,215,SANTA MARIA ACUITLAPILCO,465,B,,33,98,20,44,11,36,6,40,,106,,,,2,9,,,,,0,405,23,428,633,GRUPO DE RECUENTO,,
3032,29033,29033,TLAXCALA,2024,20240602,215,SANTA MARIA ACUITLAPILCO,466,B,,29,75,23,31,9,90,3,23,,92,,,,6,13,,,,,0,394,22,416,708,GRUPO DE RECUENTO,,
3033,29033,29033,TLAXCALA,2024,20240602,215,SANTA MARIA ACUITLAPILCO,464,C,,16,9,3,4,7,12,0,7,,21,,,,1,3,,,,,0,83,3,86,357,GRUPO DE RECUENTO,,
3034,29033,29033,TLAXCALA,2024,20240602,215,SANTA MARIA ACUITLAPILCO,464,C,,9,5,0,3,3,12,1,4,,21,,,,0,8,,,,,0,66,4,70,383,GRUPO DE RECUENTO,,
3035,29033,29033,TLAXCALA,2024,20240602,215,SANTA MARIA ACUITLAPILCO,464,C,,42,32,2,4,3,39,5,11,,71,,,,1,5,,,,,0,215,9,224,362,GRUPO DE RECUENTO,,
3036,29033,29033,TLAXCALA,2024,20240602,215,SANTA MARIA ACUITLAPILCO,464,C,,49,25,5,16,11,45,4,14,,85,,,,1,11,,,,,0,266,23,289,325,GRUPO DE RECUENTO,,
3037,29033,29033,TLAXCALA,2024,20240602,215,SANTA MARIA ACUITLAPILCO,464,C,,22,3,1,8,5,11,2,1,,36,,,,0,8,,,,,0,97,6,103,334,GRUPO DE RECUENTO,,
3038,29033,29033,TLAXCALA,2024,20240602,215,SANTA MARIA ACUITLAPILCO,464,C,,26,10,2,1,11,10,2,6,,28,,,,0,0,,,,,0,96,5,101,354,GRUPO DE RECUENTO,,
3039,29033,29033,TLAXCALA,2024,20240602,215,SANTA MARIA ACUITLAPILCO,465,C,,22,149,35,17,9,36,5,21,,102,,,,0,15,,,,,0,411,24,435,642,GRUPO DE RECUENTO,,
3040,29033,29033,TLAXCALA,2024,20240602,215,SANTA MARIA ACUITLAPILCO,465,C,,30,72,15,31,16,49,4,26,,114,,,,2,11,,,,,1,370,20,391,630,GRUPO DE RECUENTO,,
3041,29033,29033,TLAXCALA,2024,20240602,215,SANTA MARIA ACUITLAPILCO,465,C,,26,86,27,24,7,41,4,27,,104,,,,6,16,,,,,0,368,23,391,634,GRUPO DE RECUENTO,,
3042,29033,29033,TLAXCALA,2024,20240602,215,SANTA MARIA ACUITLAPILCO,465,C,,43,105,30,22,13,39,7,22,,91,,,,2,8,,,,,0,382,20,402,625,GRUPO DE RECUENTO,,
3043,29033,29033,TLAXCALA,2024,20240602,215,SANTA MARIA ACUITLAPILCO,465,C,,31,98,28,27,16,49,5,26,,100,,,,4,15,,,,,2,399,24,425,627,GRUPO DE RECUENTO,,
3044,29033,29033,TLAXCALA,2024,20240602,215,SANTA MARIA ACUITLAPILCO,465,C,,30,102,32,24,17,56,6,29,,96,,,,1,12,,,,,0,405,16,421,629,GRUPO DE RECUENTO,,
3045,29033,29033,TLAXCALA,2024,20240602,215,SANTA MARIA ACUITLAPILCO,465,C,,32,94,21,14,9,55,10,32,,112,,,,2,19,,,,,1,400,27,428,631,GRUPO DE RECUENTO,,
3046,29033,29033,TLAXCALA,2024,20240602,215,SANTA MARIA ACUITLAPILCO,466,C,,46,73,41,33,4,103,7,8,,108,,,,2,13,,,,,0,438,16,454,708,GRUPO DE RECUENTO,,
3047,29033,29033,TLAXCALA,2024,20240602,215,SANTA MARIA ACUITLAPILCO,466,C,,57,41,20,47,12,86,6,23,,83,,,,0,13,,,,,0,388,22,410,708,GRUPO DE RECUENTO,,
3048,29033,29033,TLAXCALA,2024,20240602,215,SANTA MARIA ACUITLAPILCO,466,C,,25,59,23,43,16,110,6,14,,87,,,,2,33,,,,,0,418,16,434,708,ACTA CASILLA,,
3049,29033,29033,TLAXCALA,2024,20240602,215,SANTA MARIA ACUITLAPILCO,466,C,,34,65,30,41,10,89,6,17,,113,,,,1,12,,,,,1,418,25,444,708,GRUPO DE RECUENTO,,
3050,29033,29033,TLAXCALA,2024,20240602,215,SANTA MARIA ACUITLAPILCO,466,C,,46,62,49,53,7,100,5,11,,78,,,,5,21,,,,,0,437,25,462,708,GRUPO DE RECUENTO,,
3051,29033,29033,TLAXCALA,2024,20240602,215,SANTA MARIA ACUITLAPILCO,466,C,,37,81,17,30,11,98,8,13,,86,,,,1,24,,,,,0,406,25,431,707,GRUPO DE RECUENTO,,
3052,29033,29033,TLAXCALA,2024,20240602,216,SAN LUCAS CUAHTELULPAN,0,A,,0,0,0,0,0,0,0,0,,1,,,,0,0,,,,,0,1,0,1,1,ACTA CASILLA,,
3053,29033,29033,TLAXCALA,2024,20240602,216,SAN LUCAS CUAHTELULPAN,468,B,,67,7,65,88,56,98,31,24,,48,,,,0,1,,,,,0,485,26,511,704,GRUPO DE RECUENTO,,
3054,29033,29033,TLAXCALA,2024,20240602,216,SAN LUCAS CUAHTELULPAN,469,B,,42,2,140,58,114,19,13,16,,21,,,,0,1,,,,,0,426,22,448,598,GRUPO DE RECUENTO,,
3055,29033,29033,TLAXCALA,2024,20240602,216,SAN LUCAS CUAHTELULPAN,468,C,,74,9,69,93,45,58,21,29,,58,,,,0,4,,,,,0,460,22,482,703,GRUPO DE RECUENTO,,
3056,29033,29033,TLAXCALA,2024,20240602,216,SAN LUCAS CUAHTELULPAN,468,C,,45,5,58,94,101,51,27,17,,54,,,,0,3,,,,,2,455,20,477,703,GRUPO DE RECUENTO,,
3057,29033,29033,TLAXCALA,2024,20240602,216,SAN LUCAS CUAHTELULPAN,468,C,,61,9,62,71,84,73,23,14,,63,,,,0,2,,,,,0,462,15,477,703,GRUPO DE RECUENTO,,
3058,29033,29033,TLAXCALA,2024,20240602,216,SAN LUCAS CUAHTELULPAN,469,C,,58,3,153,61,97,28,10,18,,22,,,,0,0,,,,,0,450,3,453,597,GRUPO DE RECUENTO,,
3059,29033,29033,TLAXCALA,2024,20240602,216,SAN LUCAS CUAHTELULPAN,469,C,,33,3,113,65,100,33,13,18,,25,,,,0,0,,,,,0,403,17,420,597,GRUPO DE RECUENTO,,
3060,29034,29034,TLAXCO,2024,20240602,217,6A SECCION,470,B,,49,30,0,143,41,21,0,0,,64,,,,0,0,,,,,0,348,15,363,549,GRUPO DE RECUENTO,,
3061,29034,29034,TLAXCO,2024,20240602,217,6A SECCION,470,C,,59,27,0,117,29,22,0,0,,79,,,,0,0,,,,,0,333,13,346,549,GRUPO DE RECUENTO,,
3062,29034,29034,TLAXCO,2024,20240602,218,EL SABINAL,471,B,,61,12,0,10,0,135,0,0,,82,,,,0,0,,,,,0,300,17,317,529,ACTA CASILLA,,
3063,29034,29034,TLAXCO,2024,20240602,218,EL SABINAL,471,C,,80,8,0,13,0,121,0,0,,81,,,,0,0,,,,,0,303,11,314,529,GRUPO DE RECUENTO,,
3064,29034,29034,TLAXCO,2024,20240602,218,EL SABINAL,471,C,,69,10,0,44,0,24,0,0,,157,,,,0,0,,,,,0,304,13,317,529,GRUPO DE RECUENTO,,
3065,29034,29034,TLAXCO,2024,20240602,219,COLONIA ITURBIDE,472,B,,71,30,0,101,0,53,0,0,,191,,,,0,0,,,,,2,446,21,469,733,GRUPO DE RECUENTO,,
3066,29034,29034,TLAXCO,2024,20240602,219,COLONIA ITURBIDE,472,C,,86,41,0,87,0,60,0,0,,190,,,,0,0,,,,,1,464,18,483,733,GRUPO DE RECUENTO,,
3067,29034,29034,TLAXCO,2024,20240602,220,QUINTA SECCION BARRIO CHICO,473,B,,38,10,0,0,0,56,117,12,,142,,,,0,0,,,,,0,375,9,384,600,GRUPO DE RECUENTO,,
3068,29034,29034,TLAXCO,2024,20240602,220,QUINTA SECCION BARRIO CHICO,473,C,,52,14,0,0,0,51,136,5,,128,,,,0,0,,,,,12,386,12,410,600,GRUPO DE RECUENTO,,
3069,29034,29034,TLAXCO,2024,20240602,221,COLONIA TEPATLAXCO,474,B,,81,29,0,36,26,25,0,0,,200,,,,0,0,,,,,0,397,9,406,676,GRUPO DE RECUENTO,,
3070,29034,29034,TLAXCO,2024,20240602,221,COLONIA TEPATLAXCO,474,C,,93,34,0,33,44,25,0,0,,159,,,,0,0,,,,,2,388,13,403,684,GRUPO DE RECUENTO,,
3071,29034,29034,TLAXCO,2024,20240602,221,COLONIA TEPATLAXCO,474,C,,93,37,0,44,20,28,0,0,,170,,,,0,0,,,,,0,392,12,404,682,ACTA CASILLA,,
3072,29034,29034,TLAXCO,2024,20240602,222,COLONIA POSTAL Y VISTA HERMOSA,476,B,,61,79,0,35,0,117,0,0,,106,,,,0,0,,,,,24,398,0,422,662,GRUPO DE RECUENTO,,
3073,29034,29034,TLAXCO,2024,20240602,222,COLONIA POSTAL Y VISTA HERMOSA,476,C,,102,73,0,63,0,61,0,0,,113,,,,0,0,,,,,0,412,15,427,662,GRUPO DE RECUENTO,,
3074,29034,29034,TLAXCO,2024,20240602,222,COLONIA POSTAL Y VISTA HERMOSA,476,C,,69,73,0,70,0,78,0,0,,91,,,,0,0,,,,,0,381,19,400,662,GRUPO DE RECUENTO,,
3075,29034,29034,TLAXCO,2024,20240602,222,COLONIA POSTAL Y VISTA HERMOSA,476,C,,55,107,0,82,0,57,0,0,,88,,,,0,0,,,,,0,389,9,398,662,GRUPO DE RECUENTO,,
3076,29034,29034,TLAXCO,2024,20240602,222,COLONIA POSTAL Y VISTA HERMOSA,476,C,,72,84,0,46,0,92,0,0,,99,,,,0,0,,,,,1,393,27,421,661,GRUPO DE RECUENTO,,
3077,29034,29034,TLAXCO,2024,20240602,223,COLONIA EJIDAL,477,B,,64,21,0,131,0,47,0,0,,108,,,,0,6,,,,,1,377,15,393,558,ACTA CASILLA,,
3078,29034,29034,TLAXCO,2024,20240602,223,COLONIA EJIDAL,477,C,,67,33,0,91,0,39,0,0,,127,,,,0,6,,,,,0,363,15,378,557,GRUPO DE RECUENTO,,
3079,29034,29034,TLAXCO,2024,20240602,224,COLONIA SAN JUAN,478,B,,51,0,3,66,0,128,0,0,,134,,,,0,0,,,,,0,382,9,391,526,GRUPO DE RECUENTO,,
3080,29034,29034,TLAXCO,2024,20240602,225,ACOPINALCO DEL PEÑON,0,A,,0,0,0,0,0,0,0,0,,2,,,,0,0,,,,,0,2,0,2,2,GRUPO DE RECUENTO,,
3081,29034,29034,TLAXCO,2024,20240602,225,ACOPINALCO DEL PEÑON,481,B,,78,125,0,38,0,31,0,0,,213,,,,0,7,,,,,0,492,22,514,694,GRUPO DE RECUENTO,,
3082,29034,29034,TLAXCO,2024,20240602,225,ACOPINALCO DEL PEÑON,481,C,,56,99,0,86,0,20,0,0,,230,,,,0,5,,,,,0,496,13,509,694,GRUPO DE RECUENTO,,
3083,29034,29034,TLAXCO,2024,20240602,225,ACOPINALCO DEL PEÑON,481,C,,70,84,0,54,0,17,0,0,,207,,,,0,3,,,,,0,435,15,450,694,ACTA CASILLA,,
3084,29034,29034,TLAXCO,2024,20240602,226,EL ROSARIO,482,B,,122,1,2,78,5,23,0,0,,175,,,,0,0,,,,,0,406,13,419,674,GRUPO DE RECUENTO,,
3085,29034,29034,TLAXCO,2024,20240602,226,EL ROSARIO,482,C,,103,5,0,100,5,28,0,0,,154,,,,0,0,,,,,0,395,7,402,674,ACTA CASILLA,,
3086,29034,29034,TLAXCO,2024,20240602,226,EL ROSARIO,482,C,,86,2,2,87,7,29,0,0,,169,,,,0,0,,,,,0,382,17,399,674,ACTA CASILLA,,
3087,29034,29034,TLAXCO,2024,20240602,227,UNION EJIDAL TIERRA Y LIBERTAD,484,B,,14,105,0,87,0,15,0,0,,138,,,,0,0,,,,,0,359,21,380,628,GRUPO DE RECUENTO,,
3088,29034,29034,TLAXCO,2024,20240602,227,UNION EJIDAL TIERRA Y LIBERTAD,484,C,,14,106,0,82,0,17,0,0,,155,,,,0,0,,,,,0,374,13,387,627,GRUPO DE RECUENTO,,
3089,29034,29034,TLAXCO,2024,20240602,227,UNION EJIDAL TIERRA Y LIBERTAD,484,C,,10,110,0,91,0,36,0,0,,104,,,,0,0,,,,,0,351,23,374,627,GRUPO DE RECUENTO,,
3090,29034,29034,TLAXCO,2024,20240602,228,MARIANO MATAMOROS,485,B,,26,56,0,65,0,0,0,0,,104,,,,0,0,,,,,0,251,3,254,379,ACTA CASILLA,,
3091,29034,29034,TLAXCO,2024,20240602,228,MARIANO MATAMOROS,485,C,,14,60,0,68,0,5,0,0,,100,,,,0,0,,,,,0,247,3,250,379,GRUPO DE RECUENTO,,
3092,29034,29034,TLAXCO,2024,20240602,229,ASERRADERO CASA BLANCA,486,B,,108,3,0,268,0,3,3,0,,46,,,,0,0,,,,,0,431,16,447,671,GRUPO DE RECUENTO,,
3093,29034,29034,TLAXCO,2024,20240602,230,LAGUNILLAS,488,B,,45,119,0,49,6,5,0,0,,197,,,,0,0,,,,,0,421,13,434,717,ACTA CASILLA,,
3094,29034,29034,TLAXCO,2024,20240602,230,LAGUNILLAS,488,C,,58,122,0,47,3,4,0,0,,194,,,,0,0,,,,,0,428,13,441,716,ACTA CASILLA,,
3095,29034,29034,TLAXCO,2024,20240602,231,LA CIENEGA,490,B,,46,110,0,0,0,0,0,0,,3,,,,0,0,,,,,0,159,3,162,206,ACTA CASILLA,,
3096,29034,29034,TLAXCO,2024,20240602,232,ATOTONILCO,491,B,,119,118,0,129,0,15,0,0,,88,,,,0,0,,,,,0,469,17,486,689,GRUPO DE RECUENTO,,
3097,29034,29034,TLAXCO,2024,20240602,232,ATOTONILCO,491,C,,84,116,0,94,0,12,0,0,,95,,,,0,0,,,,,0,401,23,424,688,GRUPO DE RECUENTO,,
3098,29034,29034,TLAXCO,2024,20240602,232,ATOTONILCO,491,C,,116,120,0,98,0,11,0,0,,96,,,,0,0,,,,,0,441,12,453,688,GRUPO DE RECUENTO,,
3099,29034,29034,TLAXCO,2024,20240602,232,ATOTONILCO,491,C,,104,159,0,119,0,16,0,0,,90,,,,0,0,,,,,0,488,12,500,688,ACTA CASILLA,,
3100,29034,29034,TLAXCO,2024,20240602,233,SAN PEDRO LA CUEVA,492,B,,46,0,0,41,0,55,0,0,,11,,,,0,0,,,,,53,153,11,217,279,GRUPO DE RECUENTO,,
3101,29034,29034,TLAXCO,2024,20240602,234,SAN ANTONIO HUEXOTITLA,493,B,,12,71,0,34,56,7,0,0,,94,,,,0,0,,,,,0,274,6,280,443,ACTA CASILLA,,
3102,29034,29034,TLAXCO,2024,20240602,235,SAN JOSE TEPEYAHUALCO,494,B,,26,22,0,38,0,9,0,81,,101,,,,0,0,,,,,1,277,16,294,450,ACTA CASILLA,,
3103,29034,29034,TLAXCO,2024,20240602,235,SAN JOSE TEPEYAHUALCO,494,C,,33,6,0,46,0,16,0,59,,110,,,,0,0,,,,,0,270,15,285,449,ACTA CASILLA,,
3104,29034,29034,TLAXCO,2024,20240602,236,SAN LORENZO SOLTEOPEC,495,B,,55,64,0,7,0,6,0,3,,161,,,,0,0,,,,,0,296,8,304,458,ACTA CASILLA,,
3105,29034,29034,TLAXCO,2024,20240602,236,SAN LORENZO SOLTEOPEC,495,C,,44,82,0,2,0,17,0,4,,135,,,,0,0,,,,,0,284,12,296,458,ACTA CASILLA,,
3106,29034,29034,TLAXCO,2024,20240602,237,LA PALMA,497,B,,75,27,0,18,0,2,0,0,,98,,,,0,0,,,,,0,220,5,225,262,ACTA CASILLA,,
3107,29034,29034,TLAXCO,2024,20240602,238,LA ROSA,497,E,,88,0,0,4,1,44,0,0,,31,,,,0,0,,,,,0,168,6,174,218,ACTA CASILLA,,
3108,29034,29034,TLAXCO,2024,20240602,239,RANCHERIA LAS MESAS,0,A,,3,0,0,0,0,0,0,0,,0,,,,0,0,,,,,0,3,0,3,3,GRUPO DE RECUENTO,,
3109,29034,29034,TLAXCO,2024,20240602,239,RANCHERIA LAS MESAS,498,B,,96,0,0,5,0,26,0,0,,52,,,,0,0,,,,,0,179,7,186,226,ACTA CASILLA,,
3110,29034,29034,TLAXCO,2024,20240602,240,COLONIA MAXIMO ROJAS XALOSTOC,499,B,,33,58,0,133,0,74,0,0,,80,,,,0,0,,,,,0,378,14,392,509,GRUPO DE RECUENTO,,
3111,29034,29034,TLAXCO,2024,20240602,240,COLONIA MAXIMO ROJAS XALOSTOC,499,C,,32,47,0,122,0,62,0,0,,80,,,,0,0,,,,,0,343,27,370,509,ACTA CASILLA,,
3112,29034,29034,TLAXCO,2024,20240602,241,LA MAGDALENA SOLTEPEC,500,B,,114,51,0,2,49,101,0,0,,6,,,,0,58,,,,,0,381,10,391,500,GRUPO DE RECUENTO,,
3113,29034,29034,TLAXCO,2024,20240602,242,COLONIA JOSE MARIA MORELOS BUENAVISTA,501,B,,125,18,0,179,0,67,0,8,,113,,,,0,0,,,,,0,510,15,525,721,GRUPO DE RECUENTO,,
3114,29034,29034,TLAXCO,2024,20240602,242,COLONIA JOSE MARIA MORELOS BUENAVISTA,501,C,,141,15,0,133,0,68,0,11,,147,,,,0,0,,,,,0,515,19,534,721,GRUPO DE RECUENTO,,
3115,29034,29034,TLAXCO,2024,20240602,243,SANTA MARIA ZOTOLUCA,502,B,,36,3,0,0,0,108,0,0,,148,,,,0,0,,,,,0,295,11,306,369,ACTA CASILLA,,
3116,29034,29034,TLAXCO,2024,20240602,244,CAPILLA DE TEPEYAHUALCO,503,B,,0,24,0,56,0,26,0,0,,15,,,,0,0,,,,,0,121,0,121,149,ACTA CASILLA,,
3117,29034,29034,TLAXCO,2024,20240602,245,RANCHERIA OJO DE AGUA,504,B,,2,38,0,6,88,15,0,6,,9,,,,0,0,,,,,0,164,7,171,225,GRUPO DE RECUENTO,,
3118,29035,29035,TOCATLAN,2024,20240602,246,SANTACRUZ VENUSTIANO CARRANZA,507,B,,0,173,0,68,0,0,0,0,,118,,,,0,150,,,,,0,509,9,518,672,ACTA CASILLA,,
3119,29036,29036,TOTOLAC,2024,20240602,247,LOS REYES QUIAHUIXTLAN,0,A,,0,0,0,0,0,0,0,0,,0,,,,0,0,,,,,0,0,0,0,1,GRUPO DE RECUENTO,,
3120,29036,29036,TOTOLAC,2024,20240602,247,LOS REYES QUIAHUIXTLAN,508,B,,19,68,29,0,16,62,15,22,,83,,,,1,4,,,,,0,319,22,341,459,GRUPO DE RECUENTO,,
3121,29036,29036,TOTOLAC,2024,20240602,247,LOS REYES QUIAHUIXTLAN,509,B,,69,91,15,0,28,92,11,23,,105,,,,2,13,,,,,0,449,20,469,638,GRUPO DE RECUENTO,,
3122,29036,29036,TOTOLAC,2024,20240602,247,LOS REYES QUIAHUIXTLAN,508,C,,26,61,44,0,12,60,20,29,,56,,,,1,5,,,,,0,314,28,342,458,GRUPO DE RECUENTO,,
3123,29036,29036,TOTOLAC,2024,20240602,247,LOS REYES QUIAHUIXTLAN,509,C,,56,76,23,0,31,112,14,15,,115,,,,3,15,,,,,0,460,37,497,637,GRUPO DE RECUENTO,,
3124,29036,29036,TOTOLAC,2024,20240602,248,LA CANDELARIA TEOTLALPAN,0,A,,0,0,0,0,0,0,0,0,,0,,,,0,1,,,,,0,1,0,1,1,GRUPO DE RECUENTO,,
3125,29036,29036,TOTOLAC,2024,20240602,248,LA CANDELARIA TEOTLALPAN,511,B,,0,0,0,27,47,0,41,78,,68,,,,5,50,,,,,0,316,19,335,500,GRUPO DE RECUENTO,,
3126,29036,29036,TOTOLAC,2024,20240602,248,LA CANDELARIA TEOTLALPAN,511,C,,0,0,0,28,52,0,39,87,,93,,,,3,57,,,,,4,359,16,379,500,GRUPO DE RECUENTO,,
3127,29036,29036,TOTOLAC,2024,20240602,249,SAN FRANCISCO OCOTELULCO,0,A,,0,0,0,1,0,0,0,0,,0,,,,0,0,,,,,0,1,0,1,1,GRUPO DE RECUENTO,,
3128,29036,29036,TOTOLAC,2024,20240602,249,SAN FRANCISCO OCOTELULCO,512,B,,115,0,0,102,13,10,44,31,,87,,,,0,10,,,,,1,412,11,424,627,GRUPO DE RECUENTO,,
3129,29036,29036,TOTOLAC,2024,20240602,249,SAN FRANCISCO OCOTELULCO,512,C,,110,0,0,107,16,17,52,3,,71,,,,0,19,,,,,0,395,22,417,627,GRUPO DE RECUENTO,,
3130,29036,29036,TOTOLAC,2024,20240602,249,SAN FRANCISCO OCOTELULCO,512,C,,140,0,0,80,26,5,53,20,,80,,,,0,7,,,,,0,411,12,423,626,GRUPO DE RECUENTO,,
3131,29036,29036,TOTOLAC,2024,20240602,250,ACXOTLA DEL RIO,0,A,,0,0,0,0,0,0,0,1,,0,,,,0,0,,,,,0,1,0,1,1,GRUPO DE RECUENTO,,
3132,29036,29036,TOTOLAC,2024,20240602,250,ACXOTLA DEL RIO,513,B,,72,0,0,0,16,0,35,79,,134,,,,44,23,,,,,17,403,28,448,604,GRUPO DE RECUENTO,,
3133,29036,29036,TOTOLAC,2024,20240602,250,ACXOTLA DEL RIO,513,C,,76,0,0,0,25,0,16,94,,130,,,,27,24,,,,,5,392,21,418,604,ACTA CASILLA,,
3134,29036,29036,TOTOLAC,2024,20240602,250,ACXOTLA DEL RIO,513,C,,46,0,0,0,21,0,54,135,,99,,,,43,24,,,,,19,422,15,456,604,GRUPO DE RECUENTO,,
3135,29036,29036,TOTOLAC,2024,20240602,250,ACXOTLA DEL RIO,513,C,,45,0,0,0,19,0,34,128,,112,,,,30,15,,,,,14,383,15,412,603,GRUPO DE RECUENTO,,
3136,29036,29036,TOTOLAC,2024,20240602,251,SAN MIGUEL TLAMAHUCO,514,B,,33,0,66,0,58,0,27,79,,119,,,,0,0,,,,,0,382,26,408,581,GRUPO DE RECUENTO,,
3137,29036,29036,TOTOLAC,2024,20240602,251,SAN MIGUEL TLAMAHUCO,514,C,,20,0,32,0,55,0,59,82,,143,,,,0,0,,,,,0,391,15,406,580,GRUPO DE RECUENTO,,
3138,29036,29036,TOTOLAC,2024,20240602,252,SAN JUAN TOTOLAC,0,A,,0,0,0,1,0,0,0,0,,0,,,,0,0,,,,,0,1,0,1,1,GRUPO DE RECUENTO,,
3139,29036,29036,TOTOLAC,2024,20240602,252,SAN JUAN TOTOLAC,515,B,,76,10,32,67,33,26,16,36,,154,,,,36,0,,,,,0,486,23,509,733,GRUPO DE RECUENTO,,
3140,29036,29036,TOTOLAC,2024,20240602,252,SAN JUAN TOTOLAC,516,B,,92,9,14,53,45,32,10,30,,154,,,,38,0,,,,,0,477,13,490,670,GRUPO DE RECUENTO,,
3141,29036,29036,TOTOLAC,2024,20240602,252,SAN JUAN TOTOLAC,517,B,,81,9,19,52,22,27,5,36,,119,,,,24,0,,,,,0,394,14,408,556,GRUPO DE RECUENTO,,
3142,29036,29036,TOTOLAC,2024,20240602,252,SAN JUAN TOTOLAC,515,C,,92,14,24,62,23,29,24,51,,149,,,,47,0,,,,,0,515,14,529,732,GRUPO DE RECUENTO,,
3143,29036,29036,TOTOLAC,2024,20240602,252,SAN JUAN TOTOLAC,515,C,,104,10,14,80,24,24,11,44,,162,,,,39,0,,,,,0,512,27,539,732,GRUPO DE RECUENTO,,
3144,29036,29036,TOTOLAC,2024,20240602,252,SAN JUAN TOTOLAC,516,C,,73,5,13,47,33,17,22,27,,190,,,,35,0,,,,,0,462,18,480,669,GRUPO DE RECUENTO,,
3145,29036,29036,TOTOLAC,2024,20240602,252,SAN JUAN TOTOLAC,516,C,,99,13,14,43,42,26,24,35,,168,,,,46,0,,,,,0,510,21,531,669,ACTA CASILLA,,
3146,29036,29036,TOTOLAC,2024,20240602,252,SAN JUAN TOTOLAC,517,C,,63,10,17,42,25,38,11,32,,104,,,,23,0,,,,,0,365,20,385,556,GRUPO DE RECUENTO,,
3147,29036,29036,TOTOLAC,2024,20240602,252,SAN JUAN TOTOLAC,517,C,,61,4,11,78,14,25,12,42,,104,,,,30,0,,,,,1,381,17,399,556,GRUPO DE RECUENTO,,
3148,29036,29036,TOTOLAC,2024,20240602,253,BARRIO DE ZARAGOZA,0,A,,0,0,0,0,0,0,0,0,,1,,,,0,0,,,,,0,1,0,1,1,GRUPO DE RECUENTO,,
3149,29036,29036,TOTOLAC,2024,20240602,253,BARRIO DE ZARAGOZA,518,B,,82,0,18,74,32,58,39,51,,39,,,,44,0,,,,,0,437,15,452,602,GRUPO DE RECUENTO,,
3150,29036,29036,TOTOLAC,2024,20240602,253,BARRIO DE ZARAGOZA,518,C,,59,0,20,79,25,36,51,58,,55,,,,36,0,,,,,0,419,9,428,602,GRUPO DE RECUENTO,,
3151,29036,29036,TOTOLAC,2024,20240602,253,BARRIO DE ZARAGOZA,518,C,,80,0,19,81,22,42,46,51,,52,,,,20,0,,,,,0,413,15,428,601,GRUPO DE RECUENTO,,
3152,29037,29037,ZITLALTEPEC DE TRINIDAD SANCHEZ SANTOS,2024,20240602,254,SAN JUAN BAUTISTA MIER,524,B,,0,39,0,6,2,101,152,0,,7,,,,70,0,,,,,96,377,20,493,637,GRUPO DE RECUENTO,,
3153,29037,29037,ZITLALTEPEC DE TRINIDAD SANCHEZ SANTOS,2024,20240602,255,COLONIA FRANCISCO JAVIER MINA,525,B,,0,0,0,82,142,4,1,0,,152,,,,0,0,,,,,0,381,11,392,492,GRUPO DE RECUENTO,,
3154,29037,29037,ZITLALTEPEC DE TRINIDAD SANCHEZ SANTOS,2024,20240602,255,COLONIA FRANCISCO JAVIER MINA,525,C,,0,0,0,90,126,3,1,0,,171,,,,0,0,,,,,0,391,14,405,491,GRUPO DE RECUENTO,,
3155,29038,29038,TZOMPANTEPEC,2024,20240602,256,SAN ANDRES AHUASHUASTEPEC,0,A,,0,0,0,0,0,0,0,0,,0,,,,0,0,,,,,0,0,0,0,2,ACTA CASILLA,,
3156,29038,29038,TZOMPANTEPEC,2024,20240602,256,SAN ANDRES AHUASHUASTEPEC,613,B,,0,27,31,18,38,27,13,42,,80,,,,55,19,,,,,0,350,22,372,601,GRUPO DE RECUENTO,,
3157,29038,29038,TZOMPANTEPEC,2024,20240602,256,SAN ANDRES AHUASHUASTEPEC,614,B,,0,12,122,77,29,51,4,45,,88,,,,53,16,,,,,0,497,23,520,732,ACTA CASILLA,,
3158,29038,29038,TZOMPANTEPEC,2024,20240602,256,SAN ANDRES AHUASHUASTEPEC,615,B,,0,22,36,17,58,43,19,72,,106,,,,61,21,,,,,0,455,15,470,741,GRUPO DE RECUENTO,,
3159,29038,29038,TZOMPANTEPEC,2024,20240602,256,SAN ANDRES AHUASHUASTEPEC,616,B,,0,33,90,69,9,17,5,23,,87,,,,92,29,,,,,0,454,30,484,685,GRUPO DE RECUENTO,,
3160,29038,29038,TZOMPANTEPEC,2024,20240602,256,SAN ANDRES AHUASHUASTEPEC,613,C,,0,27,33,16,26,30,8,58,,91,,,,50,18,,,,,0,357,22,379,601,ACTA CASILLA,,
3161,29038,29038,TZOMPANTEPEC,2024,20240602,256,SAN ANDRES AHUASHUASTEPEC,613,C,,0,30,42,17,44,25,10,53,,84,,,,39,9,,,,,0,353,24,377,601,GRUPO DE RECUENTO,,
3162,29038,29038,TZOMPANTEPEC,2024,20240602,256,SAN ANDRES AHUASHUASTEPEC,613,C,,0,28,49,10,30,26,12,47,,83,,,,51,19,,,,,0,355,30,385,600,GRUPO DE RECUENTO,,
3163,29038,29038,TZOMPANTEPEC,2024,20240602,256,SAN ANDRES AHUASHUASTEPEC,614,C,,0,20,84,79,24,85,5,43,,89,,,,43,23,,,,,2,495,21,518,732,GRUPO DE RECUENTO,,
3164,29038,29038,TZOMPANTEPEC,2024,20240602,256,SAN ANDRES AHUASHUASTEPEC,614,C,,0,13,94,50,28,46,8,56,,102,,,,53,11,,,,,1,461,19,481,732,GRUPO DE RECUENTO,,
3165,29038,29038,TZOMPANTEPEC,2024,20240602,256,SAN ANDRES AHUASHUASTEPEC,615,C,,0,33,46,21,72,32,17,48,,128,,,,39,0,,,,,0,436,20,456,740,GRUPO DE RECUENTO,,
3166,29038,29038,TZOMPANTEPEC,2024,20240602,256,SAN ANDRES AHUASHUASTEPEC,615,C,,0,23,49,22,60,42,13,52,,107,,,,54,20,,,,,0,442,29,471,740,ACTA CASILLA,,
3167,29038,29038,TZOMPANTEPEC,2024,20240602,256,SAN ANDRES AHUASHUASTEPEC,616,C,,0,16,92,107,14,23,9,27,,89,,,,67,37,,,,,0,481,19,500,685,GRUPO DE RECUENTO,,
3168,29038,29038,TZOMPANTEPEC,2024,20240602,256,SAN ANDRES AHUASHUASTEPEC,616,C,,0,23,82,89,8,23,5,15,,103,,,,103,24,,,,,0,475,18,493,684,GRUPO DE RECUENTO,,
3169,29038,29038,TZOMPANTEPEC,2024,20240602,257,SAN SALVADOR TZOMPANTEPEC,0,A,,0,0,0,0,0,0,0,0,,0,,,,0,0,,,,,0,0,0,0,2,ACTA CASILLA,,
3170,29038,29038,TZOMPANTEPEC,2024,20240602,257,SAN SALVADOR TZOMPANTEPEC,529,B,,0,3,57,10,27,91,0,134,,44,,,,37,0,,,,,0,403,21,424,545,GRUPO DE RECUENTO,,
3171,29038,29038,TZOMPANTEPEC,2024,20240602,257,SAN SALVADOR TZOMPANTEPEC,529,C,,0,9,37,9,38,106,0,124,,37,,,,53,0,,,,,1,413,18,432,544,GRUPO DE RECUENTO,,
3172,29038,29038,TZOMPANTEPEC,2024,20240602,257,SAN SALVADOR TZOMPANTEPEC,529,C,,0,3,32,10,65,96,0,108,,60,,,,46,0,,,,,0,420,20,440,544,GRUPO DE RECUENTO,,
3173,29038,29038,TZOMPANTEPEC,2024,20240602,258,SAN JUAN QUETZALCOALPAN,530,B,,0,0,26,78,4,10,11,103,,148,,,,120,0,,,,,0,500,18,518,730,GRUPO DE RECUENTO,,
3174,29038,29038,TZOMPANTEPEC,2024,20240602,258,SAN JUAN QUETZALCOALPAN,530,C,,0,0,18,53,2,10,6,112,,132,,,,151,0,,,,,0,484,5,489,730,GRUPO DE RECUENTO,,
3175,29038,29038,TZOMPANTEPEC,2024,20240602,259,XALTIANQUISCO SECCION 3A,536,B,,0,0,29,57,75,14,0,65,,21,,,,30,0,,,,,0,291,17,308,394,GRUPO DE RECUENTO,,
3176,29038,29038,TZOMPANTEPEC,2024,20240602,259,XALTIANQUISCO SECCION 3A,536,C,,0,0,24,67,90,14,0,74,,14,,,,34,0,,,,,1,317,11,329,394,ACTA CASILLA,,
3177,29038,29038,TZOMPANTEPEC,2024,20240602,260,SAN MATEO INOPHIL,537,B,,0,0,0,9,0,3,100,20,,53,,,,29,0,,,,,0,214,9,223,283,ACTA CASILLA,,
3178,29039,29039,XALOZTOC,2024,20240602,261,GUADALUPE TEXMOLAC,0,A,,2,0,0,0,0,0,0,0,,0,,,,0,0,,,,,0,2,0,2,1,GRUPO DE RECUENTO,,
3179,29039,29039,XALOZTOC,2024,20240602,261,GUADALUPE TEXMOLAC,538,B,,36,10,21,128,0,129,59,4,,0,,,,0,12,,,,,0,399,1,400,642,GRUPO DE RECUENTO,,
3180,29039,29039,XALOZTOC,2024,20240602,261,GUADALUPE TEXMOLAC,538,C,,25,9,33,91,0,164,36,1,,50,,,,0,26,,,,,0,435,23,458,641,GRUPO DE RECUENTO,,
3181,29039,29039,XALOZTOC,2024,20240602,261,GUADALUPE TEXMOLAC,538,C,,23,11,64,96,0,127,68,2,,56,,,,0,12,,,,,0,459,14,473,641,GRUPO DE RECUENTO,,
3182,29039,29039,XALOZTOC,2024,20240602,261,GUADALUPE TEXMOLAC,538,C,,18,8,23,103,0,153,36,3,,54,,,,0,13,,,,,0,411,7,418,641,GRUPO DE RECUENTO,,
3183,29039,29039,XALOZTOC,2024,20240602,262,COLONIA SANTA MARTHA SECCION TERCERA,0,A,,0,0,0,0,0,0,0,0,,2,,,,0,0,,,,,0,2,0,2,1,GRUPO DE RECUENTO,,
3184,29039,29039,XALOZTOC,2024,20240602,262,COLONIA SANTA MARTHA SECCION TERCERA,539,B,,75,60,35,73,0,44,76,3,,53,,,,0,0,,,,,0,419,17,436,572,GRUPO DE RECUENTO,,
3185,29039,29039,XALOZTOC,2024,20240602,262,COLONIA SANTA MARTHA SECCION TERCERA,539,C,,89,67,36,59,0,56,69,5,,37,,,,0,0,,,,,1,418,16,435,572,GRUPO DE RECUENTO,,
3186,29039,29039,XALOZTOC,2024,20240602,262,COLONIA SANTA MARTHA SECCION TERCERA,539,C,,73,57,47,79,0,37,82,4,,49,,,,0,0,,,,,0,428,18,446,572,GRUPO DE RECUENTO,,
3187,29039,29039,XALOZTOC,2024,20240602,262,COLONIA SANTA MARTHA SECCION TERCERA,539,C,,104,80,26,69,0,29,61,2,,61,,,,0,0,,,,,0,432,10,442,572,GRUPO DE RECUENTO,,
3188,29039,29039,XALOZTOC,2024,20240602,263,SAN COSME XALOSTOC HUIZNAHUAC 1A SECCION,540,B,,67,36,74,76,0,33,72,5,,122,,,,0,0,,,,,2,485,17,504,743,GRUPO DE RECUENTO,,
3189,29039,29039,XALOZTOC,2024,20240602,263,SAN COSME XALOSTOC HUIZNAHUAC 1A SECCION,540,C,,46,32,60,76,0,44,104,8,,105,,,,0,0,,,,,0,475,16,491,743,GRUPO DE RECUENTO,,
3190,29039,29039,XALOZTOC,2024,20240602,263,SAN COSME XALOSTOC HUIZNAHUAC 1A SECCION,540,C,,55,31,36,103,0,54,92,4,,123,,,,0,0,,,,,0,498,14,512,742,GRUPO DE RECUENTO,,
3191,29039,29039,XALOZTOC,2024,20240602,263,SAN COSME XALOSTOC HUIZNAHUAC 1A SECCION,540,C,,89,38,64,87,0,32,75,3,,108,,,,0,0,,,,,0,496,17,513,742,GRUPO DE RECUENTO,,
3192,29039,29039,XALOZTOC,2024,20240602,263,SAN COSME XALOSTOC HUIZNAHUAC 1A SECCION,540,C,,64,59,37,62,0,59,89,6,,147,,,,0,0,,,,,1,523,18,542,742,GRUPO DE RECUENTO,,
3193,29039,29039,XALOZTOC,2024,20240602,264,SAN COSME XALOZTOC 2A SECCION,0,A,,0,1,0,0,0,0,0,0,,0,,,,0,0,,,,,0,1,0,1,1,GRUPO DE RECUENTO,,
3194,29039,29039,XALOZTOC,2024,20240602,264,SAN COSME XALOZTOC 2A SECCION,541,B,,53,43,2,107,0,19,41,37,,77,,,,0,34,,,,,0,413,9,422,602,GRUPO DE RECUENTO,,
3195,29039,29039,XALOZTOC,2024,20240602,264,SAN COSME XALOZTOC 2A SECCION,541,C,,50,40,4,128,0,21,37,21,,90,,,,0,56,,,,,0,447,12,459,602,GRUPO DE RECUENTO,,
3196,29039,29039,XALOZTOC,2024,20240602,264,SAN COSME XALOZTOC 2A SECCION,541,C,,26,31,3,103,0,31,47,18,,101,,,,0,34,,,,,0,394,17,411,601,GRUPO DE RECUENTO,,
3197,29039,29039,XALOZTOC,2024,20240602,264,SAN COSME XALOZTOC 2A SECCION,541,C,,47,35,2,115,0,13,31,12,,95,,,,0,38,,,,,0,388,18,406,601,GRUPO DE RECUENTO,,
3198,29039,29039,XALOZTOC,2024,20240602,264,SAN COSME XALOZTOC 2A SECCION,541,C,,40,35,1,101,0,13,41,20,,80,,,,0,41,,,,,0,372,14,386,601,GRUPO DE RECUENTO,,
3199,29039,29039,XALOZTOC,2024,20240602,265,SAN PEDRO TLACOTEPEC,0,A,,0,0,0,0,0,0,0,0,,2,,,,0,0,,,,,0,2,0,2,1,GRUPO DE RECUENTO,,
3200,29039,29039,XALOZTOC,2024,20240602,265,SAN PEDRO TLACOTEPEC,542,B,,17,5,12,49,0,51,155,0,,142,,,,0,15,,,,,0,446,21,467,697,GRUPO DE RECUENTO,,
3201,29039,29039,XALOZTOC,2024,20240602,265,SAN PEDRO TLACOTEPEC,542,C,,7,2,14,48,0,58,164,0,,157,,,,0,7,,,,,0,457,17,474,697,GRUPO DE RECUENTO,,
3202,29039,29039,XALOZTOC,2024,20240602,265,SAN PEDRO TLACOTEPEC,542,C,,17,7,14,32,0,74,164,0,,133,,,,0,17,,,,,0,458,10,468,697,GRUPO DE RECUENTO,,
3203,29039,29039,XALOZTOC,2024,20240602,265,SAN PEDRO TLACOTEPEC,542,C,,15,9,11,40,0,69,166,0,,153,,,,0,18,,,,,1,481,16,498,697,GRUPO DE RECUENTO,,
3204,29039,29039,XALOZTOC,2024,20240602,266,COLONIA VENUSTIANO CARRANZA,543,B,,58,50,70,55,0,18,67,0,,73,,,,0,11,,,,,0,402,13,415,587,GRUPO DE RECUENTO,,
3205,29039,29039,XALOZTOC,2024,20240602,266,COLONIA VENUSTIANO CARRANZA,543,C,,49,54,101,63,0,20,54,0,,58,,,,0,31,,,,,1,430,9,440,587,GRUPO DE RECUENTO,,
3206,29039,29039,XALOZTOC,2024,20240602,266,COLONIA VENUSTIANO CARRANZA,543,C,,77,43,73,45,0,30,63,0,,59,,,,0,12,,,,,0,402,11,413,587,GRUPO DE RECUENTO,,
3207,29039,29039,XALOZTOC,2024,20240602,266,COLONIA VENUSTIANO CARRANZA,543,C,,58,53,83,57,0,27,60,0,,45,,,,0,11,,,,,0,394,12,406,587,GRUPO DE RECUENTO,,
3208,29039,29039,XALOZTOC,2024,20240602,267,COLONIA VELASCO,0,A,,0,0,0,0,0,0,0,0,,2,,,,0,0,,,,,0,2,0,2,1,GRUPO DE RECUENTO,,
3209,29039,29039,XALOZTOC,2024,20240602,267,COLONIA VELASCO,544,B,,49,153,0,23,0,13,0,0,,302,,,,0,23,,,,,0,563,7,570,705,GRUPO DE RECUENTO,,
3210,29039,29039,XALOZTOC,2024,20240602,268,COLONIA JOSE LOPEZ PORTILLO,545,B,,71,2,29,104,0,9,104,0,,38,,,,0,127,,,,,0,484,18,502,693,GRUPO DE RECUENTO,,
3211,29039,29039,XALOZTOC,2024,20240602,269,SANTA CRUZ ZACATZONTETLA,546,B,,102,48,0,60,0,29,44,0,,29,,,,0,7,,,,,0,319,10,329,432,GRUPO DE RECUENTO,,
3212,29039,29039,XALOZTOC,2024,20240602,269,SANTA CRUZ ZACATZONTETLA,546,C,,78,38,0,88,0,34,72,0,,13,,,,0,6,,,,,0,329,9,338,431,GRUPO DE RECUENTO,,
3213,29040,29040,XALTOCAN,2024,20240602,270,TOPILCO DE JUAREZ,548,B,,8,0,30,91,129,0,0,53,,93,,,,0,58,,,,,1,462,23,486,718,GRUPO DE RECUENTO,,
3214,29040,29040,XALTOCAN,2024,20240602,270,TOPILCO DE JUAREZ,548,C,,3,0,45,77,128,0,0,55,,108,,,,0,76,,,,,0,492,30,522,718,GRUPO DE RECUENTO,,
3215,29040,29040,XALTOCAN,2024,20240602,270,TOPILCO DE JUAREZ,548,C,,13,0,32,45,149,0,0,78,,103,,,,0,58,,,,,0,478,23,501,717,GRUPO DE RECUENTO,,
3216,29040,29040,XALTOCAN,2024,20240602,271,SAN JOSE TEXOPA,553,B,,11,0,26,0,57,0,0,143,,11,,,,0,0,,,,,0,248,0,248,362,GRUPO DE RECUENTO,,
3217,29040,29040,XALTOCAN,2024,20240602,272,LAS MESAS,554,B,,45,0,4,17,43,0,0,1,,67,,,,0,0,,,,,0,177,1,178,230,ACTA CASILLA,,
3218,29040,29040,XALTOCAN,2024,20240602,273,SANTA BARBARA ACUIZCUIZTEPEC,555,B,,40,0,76,156,43,0,0,0,,138,,,,0,96,,,,,0,549,23,572,748,GRUPO DE RECUENTO,,
3219,29040,29040,XALTOCAN,2024,20240602,274,CUATLA,556,B,,74,0,94,0,94,0,0,6,,24,,,,0,0,,,,,0,292,26,318,440,GRUPO DE RECUENTO,,
3220,29040,29040,XALTOCAN,2024,20240602,274,CUATLA,556,C,,72,0,69,0,95,0,0,13,,49,,,,0,0,,,,,0,298,15,313,440,GRUPO DE RECUENTO,,
3221,29040,29040,XALTOCAN,2024,20240602,275,LA ASCENCION HUIZCOLOTEPEC,557,B,,32,0,1,0,62,0,0,8,,83,,,,0,102,,,,,0,288,12,300,399,GRUPO DE RECUENTO,,
3222,29040,29040,XALTOCAN,2024,20240602,275,LA ASCENCION HUIZCOLOTEPEC,557,C,,20,0,3,0,55,0,0,1,,49,,,,0,149,,,,,0,277,23,300,398,ACTA CASILLA,,
3223,29041,29041,PAPALOTLA DE XICOHTENCATL,2024,20240602,276,SAN BUENAVENTURA ,563,B,,0,0,148,0,61,0,73,84,,43,,,,0,0,,,,,0,409,13,422,578,ACTA CASILLA,,
3224,29041,29041,PAPALOTLA DE XICOHTENCATL,2024,20240602,276,SAN BUENAVENTURA ,563,C,,0,0,155,0,53,0,92,72,,39,,,,0,0,,,,,0,411,20,431,578,GRUPO DE RECUENTO,,
3225,29041,29041,PAPALOTLA DE XICOHTENCATL,2024,20240602,276,SAN BUENAVENTURA ,563,C,,0,0,131,0,57,0,70,102,,35,,,,0,0,,,,,0,395,18,413,578,GRUPO DE RECUENTO,,
3226,29041,29041,PAPALOTLA DE XICOHTENCATL,2024,20240602,276,SAN BUENAVENTURA ,563,C,,0,0,141,0,37,0,92,104,,36,,,,0,0,,,,,0,410,17,427,577,GRUPO DE RECUENTO,,
3227,29041,29041,PAPALOTLA DE XICOHTENCATL,2024,20240602,277,PANZACOLA,564,B,,0,115,10,63,142,0,7,8,,114,,,,16,0,,,,,0,475,22,497,736,GRUPO DE RECUENTO,TET-JE-140-2024,MODIFICADA
3228,29041,29041,PAPALOTLA DE XICOHTENCATL,2024,20240602,277,PANZACOLA,565,B,,0,83,15,58,61,0,7,1,,108,,,,6,0,,,,,0,339,19,358,576,GRUPO DE RECUENTO,TET-JE-140-2024,MODIFICADA
3229,29041,29041,PAPALOTLA DE XICOHTENCATL,2024,20240602,277,PANZACOLA,564,C,,0,129,11,62,151,0,6,4,,106,,,,11,0,,,,,0,480,18,498,736,GRUPO DE RECUENTO,TET-JE-140-2024,MODIFICADA
3230,29041,29041,PAPALOTLA DE XICOHTENCATL,2024,20240602,277,PANZACOLA,564,C,,0,124,11,64,137,0,3,3,,123,,,,25,0,,,,,0,490,18,508,736,GRUPO DE RECUENTO,TET-JE-140-2024,MODIFICADA
3231,29041,29041,PAPALOTLA DE XICOHTENCATL,2024,20240602,277,PANZACOLA,565,C,,0,89,14,67,78,0,4,8,,80,,,,14,0,,,,,0,354,20,374,576,GRUPO DE RECUENTO,TET-JE-140-2024,MODIFICADA
3232,29041,29041,PAPALOTLA DE XICOHTENCATL,2024,20240602,277,PANZACOLA,565,C,,0,97,19,50,78,0,4,5,,88,,,,22,0,,,,,1,363,23,387,575,GRUPO DE RECUENTO,TET-JE-140-2024,MODIFICADA
3233,29041,29041,PAPALOTLA DE XICOHTENCATL,2024,20240602,278,SAN MARCOS CONTLA,566,B,,0,81,122,1,27,0,3,0,,90,,,,47,0,,,,,0,371,24,395,510,ACTA CASILLA,,
3234,29041,29041,PAPALOTLA DE XICOHTENCATL,2024,20240602,278,SAN MARCOS CONTLA,567,B,,0,78,102,4,36,0,1,0,,53,,,,63,0,,,,,0,337,19,356,511,GRUPO DE RECUENTO,,
3235,29041,29041,PAPALOTLA DE XICOHTENCATL,2024,20240602,278,SAN MARCOS CONTLA,566,C,,0,78,101,6,30,0,5,0,,100,,,,47,0,,,,,0,367,16,383,509,GRUPO DE RECUENTO,,
3236,29041,29041,PAPALOTLA DE XICOHTENCATL,2024,20240602,278,SAN MARCOS CONTLA,566,C,,0,120,132,5,17,0,2,0,,74,,,,39,0,,,,,0,389,18,407,509,GRUPO DE RECUENTO,,
3237,29041,29041,PAPALOTLA DE XICOHTENCATL,2024,20240602,278,SAN MARCOS CONTLA,567,C,,0,80,129,6,23,0,1,0,,80,,,,49,0,,,,,0,368,27,395,511,GRUPO DE RECUENTO,,
3238,29041,29041,PAPALOTLA DE XICOHTENCATL,2024,20240602,278,SAN MARCOS CONTLA,567,C,,0,67,88,3,45,0,5,0,,74,,,,34,0,,,,,0,316,22,338,510,GRUPO DE RECUENTO,,
3239,29043,29043,YAUHQUEMEHCAN ,2024,20240602,279,SAN FRANCISCO TLACUILOHCAN,0,A,,1,0,0,0,0,0,0,0,,0,,,,1,0,,,,,0,2,0,2,2,ACTA CASILLA,,
3240,29043,29043,YAUHQUEMEHCAN ,2024,20240602,279,SAN FRANCISCO TLACUILOHCAN,575,B,,15,1,1,1,0,7,0,1,,9,,,,5,0,,,,,0,40,0,40,77,ACTA CASILLA,,
3241,29043,29043,YAUHQUEMEHCAN ,2024,20240602,279,SAN FRANCISCO TLACUILOHCAN,576,B,,2,1,0,0,0,0,0,1,,0,,,,2,0,,,,,0,6,1,7,43,ACTA CASILLA,,
3242,29043,29043,YAUHQUEMEHCAN ,2024,20240602,279,SAN FRANCISCO TLACUILOHCAN,579,B,,156,17,16,6,0,28,0,21,,155,,,,63,0,,,,,0,462,20,482,701,GRUPO DE RECUENTO,,
3243,29043,29043,YAUHQUEMEHCAN ,2024,20240602,279,SAN FRANCISCO TLACUILOHCAN,575,C,,19,3,5,2,0,13,0,6,,19,,,,6,0,,,,,0,73,3,76,95,GRUPO DE RECUENTO,,
3244,29043,29043,YAUHQUEMEHCAN ,2024,20240602,279,SAN FRANCISCO TLACUILOHCAN,575,C,,13,3,0,1,0,6,0,8,,12,,,,7,0,,,,,0,50,0,50,84,ACTA CASILLA,,
3245,29043,29043,YAUHQUEMEHCAN ,2024,20240602,279,SAN FRANCISCO TLACUILOHCAN,575,C,,18,0,2,2,0,3,0,5,,7,,,,6,0,,,,,0,43,3,46,78,GRUPO DE RECUENTO,,
3246,29043,29043,YAUHQUEMEHCAN ,2024,20240602,279,SAN FRANCISCO TLACUILOHCAN,576,C,,9,1,1,0,0,5,0,0,,10,,,,7,0,,,,,0,33,1,34,73,GRUPO DE RECUENTO,,
3247,29043,29043,YAUHQUEMEHCAN ,2024,20240602,279,SAN FRANCISCO TLACUILOHCAN,576,C,,6,1,1,1,0,2,0,1,,5,,,,4,0,,,,,0,21,1,22,53,GRUPO DE RECUENTO,,
3248,29043,29043,YAUHQUEMEHCAN ,2024,20240602,279,SAN FRANCISCO TLACUILOHCAN,579,C,,135,17,23,8,0,59,0,35,,149,,,,65,0,,,,,1,491,19,511,700,GRUPO DE RECUENTO,,
3249,29043,29043,YAUHQUEMEHCAN ,2024,20240602,280,SAN LORENZO TLACUALOYAN,577,B,,15,44,51,3,0,27,27,23,,94,,,,3,0,,,,,0,287,10,297,405,GRUPO DE RECUENTO,,
3250,29043,29043,YAUHQUEMEHCAN ,2024,20240602,280,SAN LORENZO TLACUALOYAN,577,C,,8,47,58,5,0,35,30,17,,74,,,,4,0,,,,,0,278,19,297,404,GRUPO DE RECUENTO,,
3251,29043,29043,YAUHQUEMEHCAN ,2024,20240602,281,OCOTOXCO,578,B,,71,87,2,5,0,11,0,49,,71,,,,1,0,,,,,1,297,10,308,393,GRUPO DE RECUENTO,,
3252,29043,29043,YAUHQUEMEHCAN ,2024,20240602,281,OCOTOXCO,578,C,,92,83,2,3,0,2,0,67,,49,,,,1,0,,,,,0,299,9,308,393,GRUPO DE RECUENTO,,
3253,29043,29043,YAUHQUEMEHCAN ,2024,20240602,282,SANTA MARIA ATLIHUETZIA,585,B,,131,64,25,9,7,104,0,9,,66,,,,4,0,,,,,0,419,13,432,637,GRUPO DE RECUENTO,,
3254,29043,29043,YAUHQUEMEHCAN ,2024,20240602,282,SANTA MARIA ATLIHUETZIA,617,B,,74,44,19,7,13,42,0,20,,82,,,,15,0,,,,,0,316,13,329,454,GRUPO DE RECUENTO,,
3255,29043,29043,YAUHQUEMEHCAN ,2024,20240602,282,SANTA MARIA ATLIHUETZIA,585,C,,131,73,19,4,12,121,0,13,,69,,,,9,0,,,,,0,451,10,461,637,GRUPO DE RECUENTO,,
3256,29043,29043,YAUHQUEMEHCAN ,2024,20240602,282,SANTA MARIA ATLIHUETZIA,585,C,,171,84,22,8,9,82,0,14,,57,,,,2,0,,,,,0,449,15,464,636,GRUPO DE RECUENTO,,
3257,29043,29043,YAUHQUEMEHCAN ,2024,20240602,282,SANTA MARIA ATLIHUETZIA,585,C,,148,66,26,5,14,104,0,8,,63,,,,14,0,,,,,0,448,13,461,636,GRUPO DE RECUENTO,,
3258,29043,29043,YAUHQUEMEHCAN ,2024,20240602,282,SANTA MARIA ATLIHUETZIA,585,E,,152,28,10,15,11,26,0,42,,95,,,,2,0,,,,,0,381,20,401,625,GRUPO DE RECUENTO,,
3259,29043,29043,YAUHQUEMEHCAN ,2024,20240602,283,SAN JOSE TETEL,0,A,,0,0,0,1,0,0,0,0,,0,,,,0,0,,,,,0,1,0,1,1,ACTA CASILLA,,
3260,29043,29043,YAUHQUEMEHCAN ,2024,20240602,283,SAN JOSE TETEL,580,B,,61,17,10,53,0,56,16,52,,93,,,,15,5,,,,,0,378,16,394,640,GRUPO DE RECUENTO,,
3261,29043,29043,YAUHQUEMEHCAN ,2024,20240602,283,SAN JOSE TETEL,581,B,,55,37,21,27,0,35,12,51,,123,,,,17,6,,,,,0,384,22,406,590,GRUPO DE RECUENTO,,
3262,29043,29043,YAUHQUEMEHCAN ,2024,20240602,283,SAN JOSE TETEL,580,C,,65,12,16,39,0,43,12,41,,98,,,,9,8,,,,,0,343,12,355,615,GRUPO DE RECUENTO,,
3263,29043,29043,YAUHQUEMEHCAN ,2024,20240602,283,SAN JOSE TETEL,580,C,,69,8,26,33,0,50,15,44,,100,,,,10,14,,,,,0,369,10,379,647,GRUPO DE RECUENTO,,
3264,29043,29043,YAUHQUEMEHCAN ,2024,20240602,283,SAN JOSE TETEL,580,C,,69,13,24,42,0,34,13,69,,85,,,,5,10,,,,,0,364,21,385,619,GRUPO DE RECUENTO,,
3265,29043,29043,YAUHQUEMEHCAN ,2024,20240602,283,SAN JOSE TETEL,581,C,,56,18,26,27,0,30,16,50,,91,,,,9,5,,,,,0,328,24,352,581,GRUPO DE RECUENTO,,
3266,29043,29043,YAUHQUEMEHCAN ,2024,20240602,283,SAN JOSE TETEL,581,C,,45,24,15,20,0,25,9,42,,124,,,,12,5,,,,,0,321,13,334,591,GRUPO DE RECUENTO,,
3267,29043,29043,YAUHQUEMEHCAN ,2024,20240602,283,SAN JOSE TETEL,581,C,,56,19,22,25,0,28,25,46,,110,,,,17,10,,,,,0,358,24,382,579,GRUPO DE RECUENTO,,
3268,29043,29043,YAUHQUEMEHCAN ,2024,20240602,283,SAN JOSE TETEL,581,C,,61,40,27,22,0,22,19,31,,69,,,,18,7,,,,,0,316,24,340,590,GRUPO DE RECUENTO,,
3269,29043,29043,YAUHQUEMEHCAN ,2024,20240602,283,SAN JOSE TETEL,581,C,,43,31,25,31,0,23,12,56,,85,,,,11,4,,,,,0,321,18,339,570,GRUPO DE RECUENTO,,
3270,29043,29043,YAUHQUEMEHCAN ,2024,20240602,284,SANTA URSULA ZIMATEPEC,580,B,,0,0,0,0,0,0,0,0,,0,,,,0,0,,,,,0,0,0,0,68,GRUPO DE RECUENTO,,
3271,29043,29043,YAUHQUEMEHCAN ,2024,20240602,284,SANTA URSULA ZIMATEPEC,581,B,,0,0,0,0,0,0,0,0,,2,,,,0,0,,,,,0,2,0,2,84,GRUPO DE RECUENTO,,
3272,29043,29043,YAUHQUEMEHCAN ,2024,20240602,284,SANTA URSULA ZIMATEPEC,642,B,,43,9,8,128,0,60,0,85,,81,,,,39,0,,,,,0,453,16,469,748,GRUPO DE RECUENTO,,
3273,29043,29043,YAUHQUEMEHCAN ,2024,20240602,284,SANTA URSULA ZIMATEPEC,643,B,,63,13,9,39,0,67,0,47,,112,,,,6,0,,,,,0,356,19,375,594,GRUPO DE RECUENTO,,
3274,29043,29043,YAUHQUEMEHCAN ,2024,20240602,284,SANTA URSULA ZIMATEPEC,644,B,,56,10,6,90,0,50,0,60,,126,,,,22,0,,,,,1,420,15,436,696,GRUPO DE RECUENTO,,
3275,29043,29043,YAUHQUEMEHCAN ,2024,20240602,284,SANTA URSULA ZIMATEPEC,580,C,,7,1,0,13,0,9,0,3,,8,,,,0,0,,,,,0,41,1,42,92,GRUPO DE RECUENTO,,
3276,29043,29043,YAUHQUEMEHCAN ,2024,20240602,284,SANTA URSULA ZIMATEPEC,580,C,,5,0,0,2,0,5,0,1,,11,,,,0,0,,,,,0,24,8,32,60,GRUPO DE RECUENTO,,
3277,29043,29043,YAUHQUEMEHCAN ,2024,20240602,284,SANTA URSULA ZIMATEPEC,580,C,,0,0,0,0,0,1,0,0,,4,,,,0,0,,,,,0,5,0,5,88,GRUPO DE RECUENTO,,
3278,29043,29043,YAUHQUEMEHCAN ,2024,20240602,284,SANTA URSULA ZIMATEPEC,581,C,,4,0,0,8,0,6,0,2,,8,,,,1,0,,,,,0,29,0,29,92,GRUPO DE RECUENTO,,
3279,29043,29043,YAUHQUEMEHCAN ,2024,20240602,284,SANTA URSULA ZIMATEPEC,581,C,,7,5,0,4,0,3,0,6,,17,,,,2,0,,,,,0,44,7,51,82,GRUPO DE RECUENTO,,
3280,29043,29043,YAUHQUEMEHCAN ,2024,20240602,284,SANTA URSULA ZIMATEPEC,581,C,,0,0,0,0,0,0,0,0,,0,,,,0,0,,,,,0,0,6,6,94,GRUPO DE RECUENTO,,
3281,29043,29043,YAUHQUEMEHCAN ,2024,20240602,284,SANTA URSULA ZIMATEPEC,581,C,,7,2,0,1,0,3,0,2,,13,,,,2,0,,,,,0,30,5,35,83,GRUPO DE RECUENTO,,
3282,29043,29043,YAUHQUEMEHCAN ,2024,20240602,284,SANTA URSULA ZIMATEPEC,581,C,,9,4,1,11,0,5,0,9,,14,,,,3,0,,,,,0,56,1,57,103,GRUPO DE RECUENTO,,
3283,29043,29043,YAUHQUEMEHCAN ,2024,20240602,284,SANTA URSULA ZIMATEPEC,642,C,,32,8,8,117,0,84,0,134,,66,,,,36,0,,,,,0,485,18,503,748,GRUPO DE RECUENTO,,
3284,29043,29043,YAUHQUEMEHCAN ,2024,20240602,284,SANTA URSULA ZIMATEPEC,643,C,,46,8,7,41,0,44,0,59,,96,,,,17,0,,,,,1,318,18,337,594,GRUPO DE RECUENTO,,
3285,29043,29043,YAUHQUEMEHCAN ,2024,20240602,284,SANTA URSULA ZIMATEPEC,643,C,,60,10,11,46,0,53,0,62,,90,,,,23,0,,,,,0,355,10,365,594,GRUPO DE RECUENTO,,
3286,29043,29043,YAUHQUEMEHCAN ,2024,20240602,284,SANTA URSULA ZIMATEPEC,644,C,,57,5,7,60,0,41,0,87,,113,,,,34,0,,,,,0,404,14,418,695,GRUPO DE RECUENTO,,
3287,29043,29043,YAUHQUEMEHCAN ,2024,20240602,284,SANTA URSULA ZIMATEPEC,644,C,,56,7,10,92,0,49,0,65,,127,,,,31,0,,,,,0,437,15,452,695,GRUPO DE RECUENTO,,
3288,29043,29043,YAUHQUEMEHCAN ,2024,20240602,285,SAN BENITO XALTOCAN,583,B,,45,32,35,35,0,31,27,72,,106,,,,3,7,,,,,0,393,17,410,683,ACTA CASILLA,,
3289,29043,29043,YAUHQUEMEHCAN ,2024,20240602,285,SAN BENITO XALTOCAN,583,C,,36,8,29,36,0,53,21,66,,103,,,,4,6,,,,,0,362,14,376,683,GRUPO DE RECUENTO,,
3290,29043,29043,YAUHQUEMEHCAN ,2024,20240602,285,SAN BENITO XALTOCAN,583,C,,35,37,50,29,0,27,14,39,,110,,,,5,8,,,,,0,354,14,368,683,GRUPO DE RECUENTO,,
3291,29043,29043,YAUHQUEMEHCAN ,2024,20240602,285,SAN BENITO XALTOCAN,583,C,,32,40,58,20,0,37,29,54,,115,,,,2,9,,,,,0,396,11,407,683,GRUPO DE RECUENTO,,
3292,29043,29043,YAUHQUEMEHCAN ,2024,20240602,285,SAN BENITO XALTOCAN,583,C,,54,26,82,19,0,33,19,69,,109,,,,1,11,,,,,0,423,17,440,682,GRUPO DE RECUENTO,,
3293,29043,29043,YAUHQUEMEHCAN ,2024,20240602,286,BARRIO DE HUACALTZINGO,584,B,,83,4,21,35,0,11,0,9,,145,,,,6,0,,,,,0,314,9,323,537,GRUPO DE RECUENTO,,
3294,29043,29043,YAUHQUEMEHCAN ,2024,20240602,286,BARRIO DE HUACALTZINGO,584,C,,56,4,14,38,0,15,0,7,,154,,,,4,0,,,,,2,292,20,314,536,GRUPO DE RECUENTO,,
3295,29043,29043,YAUHQUEMEHCAN ,2024,20240602,286,BARRIO DE HUACALTZINGO,584,C,,66,14,17,25,0,18,0,8,,137,,,,6,0,,,,,0,291,18,309,536,GRUPO DE RECUENTO,,
3296,29044,29044,ZACATELCO,2024,20240602,287,1A SECCION TLATLACOLA,588,B,,6,17,28,40,87,26,25,45,,87,,,,0,42,,,,,0,403,17,420,565,GRUPO DE RECUENTO,,
3297,29044,29044,ZACATELCO,2024,20240602,287,1A SECCION TLATLACOLA,589,B,,10,27,52,31,20,45,39,67,,98,,,,0,31,,,,,0,420,23,443,604,GRUPO DE RECUENTO,,
3298,29044,29044,ZACATELCO,2024,20240602,287,1A SECCION TLATLACOLA,590,B,,33,14,31,42,12,36,43,70,,141,,,,0,35,,,,,0,457,22,479,643,GRUPO DE RECUENTO,,
3299,29044,29044,ZACATELCO,2024,20240602,287,1A SECCION TLATLACOLA,591,B,,11,9,7,3,9,7,11,35,,42,,,,0,14,,,,,0,148,10,158,219,GRUPO DE RECUENTO,,
3300,29044,29044,ZACATELCO,2024,20240602,287,1A SECCION TLATLACOLA,593,B,,0,0,0,2,1,3,1,4,,2,,,,0,1,,,,,0,14,1,15,23,GRUPO DE RECUENTO,,
3301,29044,29044,ZACATELCO,2024,20240602,287,1A SECCION TLATLACOLA,594,B,,19,9,5,29,13,8,11,66,,71,,,,0,19,,,,,1,250,28,279,376,GRUPO DE RECUENTO,,
3302,29044,29044,ZACATELCO,2024,20240602,287,1A SECCION TLATLACOLA,588,C,,10,17,24,49,97,21,26,50,,128,,,,0,31,,,,,0,453,27,480,575,GRUPO DE RECUENTO,,
3303,29044,29044,ZACATELCO,2024,20240602,287,1A SECCION TLATLACOLA,589,C,,24,26,49,16,21,33,25,42,,104,,,,0,43,,,,,0,383,24,407,604,GRUPO DE RECUENTO,,
3304,29044,29044,ZACATELCO,2024,20240602,287,1A SECCION TLATLACOLA,589,C,,29,21,31,42,17,38,37,67,,96,,,,0,29,,,,,1,407,27,435,604,ACTA CASILLA,,
3305,29044,29044,ZACATELCO,2024,20240602,287,1A SECCION TLATLACOLA,589,C,,16,35,34,33,32,58,32,69,,86,,,,0,33,,,,,0,428,20,448,604,GRUPO DE RECUENTO,,
3306,29044,29044,ZACATELCO,2024,20240602,287,1A SECCION TLATLACOLA,590,C,,38,13,28,40,23,40,33,79,,118,,,,0,40,,,,,0,452,14,466,643,GRUPO DE RECUENTO,,
3307,29044,29044,ZACATELCO,2024,20240602,287,1A SECCION TLATLACOLA,590,C,,31,11,29,38,15,38,42,65,,120,,,,0,52,,,,,0,441,28,469,643,GRUPO DE RECUENTO,,
3308,29044,29044,ZACATELCO,2024,20240602,287,1A SECCION TLATLACOLA,590,C,,50,12,16,50,20,51,28,82,,103,,,,0,38,,,,,0,450,25,475,642,GRUPO DE RECUENTO,,
3309,29044,29044,ZACATELCO,2024,20240602,287,1A SECCION TLATLACOLA,590,C,,27,13,23,56,25,40,34,55,,103,,,,0,35,,,,,0,411,27,438,642,ACTA CASILLA,,
3310,29044,29044,ZACATELCO,2024,20240602,287,1A SECCION TLATLACOLA,590,C,,39,17,14,32,17,45,37,64,,139,,,,0,43,,,,,0,447,25,472,642,GRUPO DE RECUENTO,,
3311,29044,29044,ZACATELCO,2024,20240602,287,1A SECCION TLATLACOLA,591,C,,7,7,17,5,20,13,12,41,,62,,,,0,23,,,,,0,207,18,225,309,GRUPO DE RECUENTO,,
3312,29044,29044,ZACATELCO,2024,20240602,287,1A SECCION TLATLACOLA,591,C,,12,6,9,10,17,16,5,28,,53,,,,0,217,,,,,1,373,6,380,243,GRUPO DE RECUENTO,,
3313,29044,29044,ZACATELCO,2024,20240602,287,1A SECCION TLATLACOLA,591,C,,7,9,26,15,31,12,9,29,,44,,,,0,9,,,,,0,191,6,197,273,GRUPO DE RECUENTO,,
3314,29044,29044,ZACATELCO,2024,20240602,287,1A SECCION TLATLACOLA,593,C,,0,2,0,0,0,0,0,1,,0,,,,0,0,,,,,0,3,0,3,9,GRUPO DE RECUENTO,,
3315,29044,29044,ZACATELCO,2024,20240602,287,1A SECCION TLATLACOLA,593,C,,0,0,0,0,0,0,0,0,,1,,,,0,0,,,,,0,1,0,1,18,GRUPO DE RECUENTO,,
3316,29044,29044,ZACATELCO,2024,20240602,287,1A SECCION TLATLACOLA,593,C,,0,0,0,0,0,0,0,0,,0,,,,0,0,,,,,0,0,0,0,10,GRUPO DE RECUENTO,,
3317,29044,29044,ZACATELCO,2024,20240602,287,1A SECCION TLATLACOLA,594,C,,16,10,4,23,15,6,13,40,,49,,,,0,2,,,,,0,178,11,189,272,GRUPO DE RECUENTO,,
3318,29044,29044,ZACATELCO,2024,20240602,287,1A SECCION TLATLACOLA,594,C,,17,9,7,14,8,9,14,29,,60,,,,0,18,,,,,0,185,10,195,310,GRUPO DE RECUENTO,,
3319,29044,29044,ZACATELCO,2024,20240602,287,1A SECCION TLATLACOLA,594,C,,11,7,8,15,15,12,15,51,,60,,,,0,15,,,,,1,209,10,220,322,GRUPO DE RECUENTO,,
3320,29044,29044,ZACATELCO,2024,20240602,288,2A SECCION,588,B,,0,5,2,6,6,4,20,8,,26,,,,2,8,,,,,0,87,5,92,122,ACTA CASILLA,,
3321,29044,29044,ZACATELCO,2024,20240602,288,2A SECCION,591,B,,0,22,3,42,31,8,32,26,,108,,,,4,31,,,,,2,307,16,325,452,GRUPO DE RECUENTO,,
3322,29044,29044,ZACATELCO,2024,20240602,288,2A SECCION,592,B,,0,18,7,96,27,23,42,54,,127,,,,11,79,,,,,7,484,20,511,672,GRUPO DE RECUENTO,,
3323,29044,29044,ZACATELCO,2024,20240602,288,2A SECCION,593,B,,0,21,0,31,42,12,32,67,,98,,,,10,118,,,,,5,431,18,454,599,GRUPO DE RECUENTO,,
3324,29044,29044,ZACATELCO,2024,20240602,288,2A SECCION,594,B,,0,0,0,3,0,1,1,4,,5,,,,0,1,,,,,0,15,3,18,21,GRUPO DE RECUENTO,,
3325,29044,29044,ZACATELCO,2024,20240602,288,2A SECCION,595,B,,0,26,1,8,19,5,12,15,,49,,,,4,5,,,,,0,144,3,147,195,GRUPO DE RECUENTO,,
3326,29044,29044,ZACATELCO,2024,20240602,288,2A SECCION,588,C,,0,7,1,4,3,3,6,3,,22,,,,1,7,,,,,0,57,4,61,112,GRUPO DE RECUENTO,,
3327,29044,29044,ZACATELCO,2024,20240602,288,2A SECCION,591,C,,0,27,0,18,10,10,32,17,,86,,,,5,50,,,,,0,255,0,255,362,GRUPO DE RECUENTO,,
3328,29044,29044,ZACATELCO,2024,20240602,288,2A SECCION,591,C,,0,25,1,24,22,17,31,16,,96,,,,7,47,,,,,9,286,18,313,427,GRUPO DE RECUENTO,,
3329,29044,29044,ZACATELCO,2024,20240602,288,2A SECCION,591,C,,0,26,2,30,13,4,20,25,,86,,,,0,55,,,,,1,261,14,276,397,GRUPO DE RECUENTO,,
3330,29044,29044,ZACATELCO,2024,20240602,288,2A SECCION,592,C,,0,20,4,62,12,22,47,71,,153,,,,11,57,,,,,0,459,27,486,672,ACTA CASILLA,,
3331,29044,29044,ZACATELCO,2024,20240602,288,2A SECCION,592,C,,0,26,0,50,19,33,52,49,,151,,,,16,67,,,,,0,463,26,489,672,GRUPO DE RECUENTO,,
3332,29044,29044,ZACATELCO,2024,20240602,288,2A SECCION,592,C,,0,18,1,74,33,29,53,39,,114,,,,9,46,,,,,3,416,44,463,671,GRUPO DE RECUENTO,,
3333,29044,29044,ZACATELCO,2024,20240602,288,2A SECCION,592,C,,0,23,4,69,20,26,54,42,,128,,,,11,86,,,,,4,463,21,488,671,GRUPO DE RECUENTO,,
3334,29044,29044,ZACATELCO,2024,20240602,288,2A SECCION,592,C,,0,23,3,60,24,22,57,66,,147,,,,9,60,,,,,7,471,26,504,671,GRUPO DE RECUENTO,,
3335,29044,29044,ZACATELCO,2024,20240602,288,2A SECCION,593,C,,0,18,1,25,21,20,40,52,,105,,,,8,97,,,,,1,387,18,406,613,GRUPO DE RECUENTO,,
3336,29044,29044,ZACATELCO,2024,20240602,288,2A SECCION,593,C,,0,24,0,31,34,19,42,69,,106,,,,5,89,,,,,3,419,18,440,604,GRUPO DE RECUENTO,,
3337,29044,29044,ZACATELCO,2024,20240602,288,2A SECCION,593,C,,0,17,0,24,22,41,42,55,,116,,,,10,105,,,,,7,432,18,457,611,GRUPO DE RECUENTO,,
3338,29044,29044,ZACATELCO,2024,20240602,288,2A SECCION,594,C,,0,1,0,4,1,3,2,7,,1,,,,1,2,,,,,1,22,2,25,37,GRUPO DE RECUENTO,,
3339,29044,29044,ZACATELCO,2024,20240602,288,2A SECCION,594,C,,0,4,0,2,3,9,4,9,,6,,,,2,3,,,,,1,42,2,45,81,GRUPO DE RECUENTO,,
3340,29044,29044,ZACATELCO,2024,20240602,288,2A SECCION,594,C,,0,1,1,2,3,2,0,4,,4,,,,0,1,,,,,0,18,2,20,26,GRUPO DE RECUENTO,,
3341,29044,29044,ZACATELCO,2024,20240602,288,2A SECCION,595,C,,0,4,1,8,14,4,3,23,,44,,,,5,14,,,,,0,120,7,127,185,GRUPO DE RECUENTO,,
3342,29044,29044,ZACATELCO,2024,20240602,288,2A SECCION,595,C,,0,6,1,8,5,4,9,17,,37,,,,4,12,,,,,0,103,7,110,160,GRUPO DE RECUENTO,,
3343,29044,29044,ZACATELCO,2024,20240602,288,2A SECCION,595,C,,0,3,1,11,18,9,13,13,,61,,,,9,13,,,,,0,151,7,158,199,GRUPO DE RECUENTO,,
3344,29044,29044,ZACATELCO,2024,20240602,289,BARRIO DE EXQUITLA,594,B,,0,1,0,37,6,14,32,15,,51,,,,0,2,,,,,0,158,8,166,234,GRUPO DE RECUENTO,,
3345,29044,29044,ZACATELCO,2024,20240602,289,BARRIO DE EXQUITLA,595,B,,0,7,0,66,21,10,79,33,,81,,,,0,15,,,,,0,312,12,324,402,GRUPO DE RECUENTO,,
3346,29044,29044,ZACATELCO,2024,20240602,289,BARRIO DE EXQUITLA,594,C,,0,10,0,37,6,9,44,37,,70,,,,0,9,,,,,0,222,7,229,322,GRUPO DE RECUENTO,,
3347,29044,29044,ZACATELCO,2024,20240602,289,BARRIO DE EXQUITLA,594,C,,0,4,0,19,6,9,39,21,,51,,,,0,5,,,,,1,154,11,166,239,GRUPO DE RECUENTO,,
3348,29044,29044,ZACATELCO,2024,20240602,289,BARRIO DE EXQUITLA,594,C,,0,10,0,42,2,13,48,50,,56,,,,0,7,,,,,0,228,6,234,282,GRUPO DE RECUENTO,,
3349,29044,29044,ZACATELCO,2024,20240602,289,BARRIO DE EXQUITLA,595,C,,0,4,0,62,18,13,73,38,,89,,,,0,11,,,,,0,308,11,319,411,GRUPO DE RECUENTO,,
3350,29044,29044,ZACATELCO,2024,20240602,289,BARRIO DE EXQUITLA,595,C,,0,10,0,50,7,10,81,56,,74,,,,0,0,,,,,0,288,15,303,436,GRUPO DE RECUENTO,,
3351,29044,29044,ZACATELCO,2024,20240602,289,BARRIO DE EXQUITLA,595,C,,0,13,0,54,10,12,83,43,,71,,,,0,16,,,,,0,302,15,317,397,GRUPO DE RECUENTO,,
3352,29044,29044,ZACATELCO,2024,20240602,290,3A SECCION BARRIO DE XOCHICALCO,596,B,,50,102,23,34,28,0,89,52,,88,,,,0,51,,,,,0,517,30,547,689,GRUPO DE RECUENTO,,
3353,29044,29044,ZACATELCO,2024,20240602,290,3A SECCION BARRIO DE XOCHICALCO,597,B,,18,104,5,51,35,0,90,42,,61,,,,0,60,,,,,0,466,26,492,625,GRUPO DE RECUENTO,,
3354,29044,29044,ZACATELCO,2024,20240602,290,3A SECCION BARRIO DE XOCHICALCO,596,C,,73,85,16,39,32,0,89,60,,77,,,,0,42,,,,,1,513,27,541,688,GRUPO DE RECUENTO,,
3355,29044,29044,ZACATELCO,2024,20240602,290,3A SECCION BARRIO DE XOCHICALCO,597,C,,17,128,10,46,30,0,56,71,,68,,,,0,45,,,,,2,471,19,492,625,GRUPO DE RECUENTO,,
3356,29044,29044,ZACATELCO,2024,20240602,290,3A SECCION BARRIO DE XOCHICALCO,597,C,,21,117,7,55,23,0,96,63,,55,,,,0,34,,,,,0,471,11,482,625,GRUPO DE RECUENTO,,
3357,29044,29044,ZACATELCO,2024,20240602,291,4A SECCION BARRIO DE MANANTIALES,598,B,,0,8,82,23,44,66,54,40,,80,,,,15,20,,,,,0,432,23,455,590,GRUPO DE RECUENTO,,
3358,29044,29044,ZACATELCO,2024,20240602,291,4A SECCION BARRIO DE MANANTIALES,599,B,,0,16,18,30,28,62,109,44,,68,,,,24,43,,,,,1,442,22,465,674,GRUPO DE RECUENTO,,
3359,29044,29044,ZACATELCO,2024,20240602,291,4A SECCION BARRIO DE MANANTIALES,598,C,,0,10,48,27,23,77,78,37,,85,,,,18,20,,,,,0,423,12,435,590,GRUPO DE RECUENTO,,
3360,29044,29044,ZACATELCO,2024,20240602,291,4A SECCION BARRIO DE MANANTIALES,598,C,,0,19,75,23,39,54,56,35,,92,,,,9,18,,,,,0,420,20,440,589,GRUPO DE RECUENTO,,
3361,29044,29044,ZACATELCO,2024,20240602,291,4A SECCION BARRIO DE MANANTIALES,598,C,,0,15,64,21,23,59,50,57,,76,,,,15,8,,,,,0,388,13,401,589,GRUPO DE RECUENTO,,
3362,29044,29044,ZACATELCO,2024,20240602,291,4A SECCION BARRIO DE MANANTIALES,599,C,,0,34,35,39,33,66,112,41,,76,,,,35,29,,,,,0,500,21,521,675,GRUPO DE RECUENTO,,
3363,29044,29044,ZACATELCO,2024,20240602,291,4A SECCION BARRIO DE MANANTIALES,599,C,,0,26,35,31,16,59,131,28,,74,,,,27,21,,,,,0,448,20,468,679,GRUPO DE RECUENTO,,
3364,29044,29044,ZACATELCO,2024,20240602,291,4A SECCION BARRIO DE MANANTIALES,599,C,,0,23,31,38,26,62,121,34,,73,,,,37,29,,,,,0,474,20,494,665,GRUPO DE RECUENTO,,
3365,29044,29044,ZACATELCO,2024,20240602,292,8A SECCION BARRIO DE XITOTOTLA,599,B,,0,0,0,0,0,0,0,0,,0,,,,0,0,,,,,0,0,0,0,8,ACTA CASILLA,,
3366,29044,29044,ZACATELCO,2024,20240602,292,8A SECCION BARRIO DE XITOTOTLA,601,B,,0,37,0,53,20,0,9,89,,250,,,,24,39,,,,,0,521,18,539,724,GRUPO DE RECUENTO,,
3367,29044,29044,ZACATELCO,2024,20240602,292,8A SECCION BARRIO DE XITOTOTLA,599,C,,0,0,0,0,0,0,0,0,,0,,,,0,0,,,,,0,0,0,0,7,GRUPO DE RECUENTO,,
3368,29044,29044,ZACATELCO,2024,20240602,292,8A SECCION BARRIO DE XITOTOTLA,599,C,,0,0,0,0,0,0,0,0,,1,,,,0,0,,,,,0,1,2,3,3,GRUPO DE RECUENTO,,
3369,29044,29044,ZACATELCO,2024,20240602,292,8A SECCION BARRIO DE XITOTOTLA,599,C,,0,1,0,0,0,0,0,3,,2,,,,0,1,,,,,0,7,0,7,16,GRUPO DE RECUENTO,,
3370,29044,29044,ZACATELCO,2024,20240602,292,8A SECCION BARRIO DE XITOTOTLA,601,C,,0,25,0,60,12,0,12,95,,244,,,,41,40,,,,,0,529,14,543,723,GRUPO DE RECUENTO,,
3371,29044,29044,ZACATELCO,2024,20240602,292,8A SECCION BARRIO DE XITOTOTLA,601,C,,0,14,0,63,11,0,5,85,,282,,,,32,44,,,,,0,536,10,546,723,ACTA CASILLA,,
3372,29044,29044,ZACATELCO,2024,20240602,292,8A SECCION BARRIO DE XITOTOTLA,601,C,,0,29,0,44,18,0,7,75,,255,,,,44,51,,,,,0,523,17,540,723,GRUPO DE RECUENTO,,
3373,29044,29044,ZACATELCO,2024,20240602,293,7A SECCION DE BARRIO DE GUARDIA,600,B,,0,42,0,85,15,0,70,98,,208,,,,0,13,,,,,0,531,23,554,730,GRUPO DE RECUENTO,,
3374,29044,29044,ZACATELCO,2024,20240602,293,7A SECCION DE BARRIO DE GUARDIA,600,C,,0,20,0,82,14,0,67,100,,223,,,,0,25,,,,,0,531,21,552,730,GRUPO DE RECUENTO,,
3375,29044,29044,ZACATELCO,2024,20240602,293,7A SECCION DE BARRIO DE GUARDIA,600,C,,0,33,0,102,16,0,80,103,,164,,,,0,21,,,,,0,519,25,544,730,ACTA CASILLA,,
3376,29044,29044,ZACATELCO,2024,20240602,293,7A SECCION DE BARRIO DE GUARDIA,600,C,,0,17,0,96,16,0,92,95,,217,,,,0,17,,,,,0,550,19,569,730,GRUPO DE RECUENTO,,
3377,29044,29044,ZACATELCO,2024,20240602,293,7A SECCION DE BARRIO DE GUARDIA,600,C,,0,31,0,149,16,0,75,80,,210,,,,0,24,,,,,3,585,15,603,730,GRUPO DE RECUENTO,,
3378,29059,29046,SANTA CRUZ QUILEHTLA,2024,20240602,294,SANTA CRUZ QUILEHTLA,313,B,,0,0,144,0,0,0,113,0,,140,,,,0,90,,,,,9,487,24,520,681,GRUPO DE RECUENTO,,
3379,29059,29046,SANTA CRUZ QUILEHTLA,2024,20240602,294,SANTA CRUZ QUILEHTLA,314,B,,0,0,119,0,0,0,127,0,,144,,,,0,89,,,,,0,479,19,498,674,GRUPO DE RECUENTO,,
3380,29059,29046,SANTA CRUZ QUILEHTLA,2024,20240602,294,SANTA CRUZ QUILEHTLA,313,C,,0,0,107,0,0,0,127,0,,168,,,,0,102,,,,,2,504,17,523,681,GRUPO DE RECUENTO,,
3381,29059,29046,SANTA CRUZ QUILEHTLA,2024,20240602,294,SANTA CRUZ QUILEHTLA,313,C,,0,0,128,0,0,0,121,0,,131,,,,0,105,,,,,9,485,18,512,681,GRUPO DE RECUENTO,,
3382,29059,29046,SANTA CRUZ QUILEHTLA,2024,20240602,294,SANTA CRUZ QUILEHTLA,314,C,,0,0,115,0,0,0,112,0,,180,,,,0,66,,,,,0,473,17,490,674,GRUPO DE RECUENTO,,
3383,29059,29046,SANTA CRUZ QUILEHTLA,2024,20240602,294,SANTA CRUZ QUILEHTLA,314,C,,0,0,94,0,0,0,125,0,,165,,,,0,86,,,,,0,470,27,497,674,GRUPO DE RECUENTO,,
3384,29059,29046,SANTA CRUZ QUILEHTLA,2024,20240602,295,SANTIAGO AYOMETITLA,315,B,,0,0,124,254,0,0,8,0,,20,,,,0,0,,,,,0,406,0,406,549,GRUPO DE RECUENTO,,
3385,29059,29046,SANTA CRUZ QUILEHTLA,2024,20240602,295,SANTIAGO AYOMETITLA,315,C,,0,0,160,255,0,0,5,0,,7,,,,0,1,,,,,0,428,16,444,549,GRUPO DE RECUENTO,,
3386,29059,29046,SANTA CRUZ QUILEHTLA,2024,20240602,295,SANTIAGO AYOMETITLA,315,C,,0,0,129,276,0,0,2,0,,9,,,,0,2,,,,,0,418,13,431,549,GRUPO DE RECUENTO,,
3387,29058,29048,SANTA CATARINA AYOMETLA,2024,20240602,296,BARRIO DE TLAXCALTECATLA,602,B,,21,0,103,102,0,73,121,117,,23,,,,0,0,,,,,0,560,6,566,695,GRUPO DE RECUENTO,,
3388,29058,29048,SANTA CATARINA AYOMETLA,2024,20240602,296,BARRIO DE TLAXCALTECATLA,602,C,,20,0,105,97,0,106,109,79,,18,,,,0,0,,,,,0,534,9,543,695,GRUPO DE RECUENTO,,
3389,29058,29048,SANTA CATARINA AYOMETLA,2024,20240602,296,BARRIO DE TLAXCALTECATLA,602,C,,20,0,82,125,0,82,134,101,,20,,,,0,0,,,,,1,564,14,579,694,GRUPO DE RECUENTO,,
3390,29058,29048,SANTA CATARINA AYOMETLA,2024,20240602,297,COLONIA ESTOCAPA,603,B,,4,0,209,0,7,33,66,0,,57,,,,0,188,,,,,0,564,28,592,730,GRUPO DE RECUENTO,,
3391,29058,29048,SANTA CATARINA AYOMETLA,2024,20240602,297,COLONIA ESTOCAPA,603,C,,5,0,184,0,4,17,109,0,,66,,,,0,165,,,,,0,550,42,592,730,GRUPO DE RECUENTO,,
3392,29058,29048,SANTA CATARINA AYOMETLA,2024,20240602,298,BARRIO DE TLAPAYATLA,605,B,,2,0,84,0,155,42,125,6,,81,,,,0,1,,,,,0,496,20,516,628,GRUPO DE RECUENTO,,
3393,29058,29048,SANTA CATARINA AYOMETLA,2024,20240602,298,BARRIO DE TLAPAYATLA,605,C,,8,0,79,0,133,50,114,25,,81,,,,0,1,,,,,0,491,10,501,627,GRUPO DE RECUENTO,,
3394,29046,29054,EMILIANO ZAPATA,2024,20240602,299,COLONIA GUSTAVO DIAZ ORDAZ,400,B,,0,6,0,0,6,60,0,1,,17,,,,0,0,,,,,0,90,3,93,112,ACTA CASILLA,,
3395,29046,29054,EMILIANO ZAPATA,2024,20240602,299,COLONIA GUSTAVO DIAZ ORDAZ,608,B,,0,80,0,0,29,163,0,5,,72,,,,0,0,,,,,0,349,4,353,421,ACTA CASILLA,,
3396,29046,29054,EMILIANO ZAPATA,2024,20240602,299,COLONIA GUSTAVO DIAZ ORDAZ,608,C,,0,53,0,0,29,147,0,12,,85,,,,0,0,,,,,2,326,9,337,421,GRUPO DE RECUENTO,,
