ord,ID_ENTIDAD,ID_MUNICIPIO_LOCAL,ife,mun,PARTIDO_CI,CANDIDATURA_PROPIETARIA,CANDIDATURA_SUPLENTE
1749,31,1,31001,ABALA,PAN,CRISTINA AYALA LOPEZ,GABRIELA DE JESUS LOPEZ NEGRON
1750,31,1,31001,ABALA,PRI,MARIA LORENZA AYALA LOPEZ,WILMA DIANET ALVAREZ ALVEREZ
1751,31,1,31001,ABALA,PRD,Nombre Apellido Apellido,Nombre Apellido Apellido
1752,31,1,31001,ABALA,PVEM,Nombre Apellido Apellido,Nombre Apellido Apellido
1753,31,1,31001,ABALA,PT,MIRIAN ARACELY KU EUAN,MARIA FRANCISCA DE LA CRUZ KU IUIT
1754,31,1,31001,ABALA,MC,Nombre Apellido Apellido,Nombre Apellido Apellido
1755,31,1,31001,ABALA,MORENA,GUILLERMO DEL SOCORRO MENA COCOM,ULISES MARTIN TUYUB KU
1756,31,1,31001,ABALA,NAY,RAMIRO SOSA BAEZ,JOSE MAURICIO LOPEZ VARGUEZ
1757,31,1,31001,ABALA,C_PAN_PRI_PRD_NAY,Nombre Apellido Apellido,Nombre Apellido Apellido
1758,31,1,31001,ABALA,C_PAN_PRI_PRD,Nombre Apellido Apellido,Nombre Apellido Apellido
1759,31,1,31001,ABALA,C_PAN_PRI_NAY,Nombre Apellido Apellido,Nombre Apellido Apellido
1760,31,1,31001,ABALA,C_PAN_PRD_NAY,Nombre Apellido Apellido,Nombre Apellido Apellido
1761,31,1,31001,ABALA,C_PRI_PRD_NAY,Nombre Apellido Apellido,Nombre Apellido Apellido
1762,31,1,31001,ABALA,C_PAN_PRI,Nombre Apellido Apellido,Nombre Apellido Apellido
1763,31,1,31001,ABALA,C_PAN_PRD,Nombre Apellido Apellido,Nombre Apellido Apellido
1764,31,1,31001,ABALA,C_PRI_PRD,Nombre Apellido Apellido,Nombre Apellido Apellido
1765,31,1,31001,ABALA,C_PAN_NAY,Nombre Apellido Apellido,Nombre Apellido Apellido
1766,31,1,31001,ABALA,C_PRI_NAY,Nombre Apellido Apellido,Nombre Apellido Apellido
1767,31,1,31001,ABALA,C_PRD_NAY,Nombre Apellido Apellido,Nombre Apellido Apellido
1768,31,1,31001,ABALA,C_PVEM_PT_MORENA,Nombre Apellido Apellido,Nombre Apellido Apellido
1769,31,1,31001,ABALA,C_PVEM_PT,Nombre Apellido Apellido,Nombre Apellido Apellido
1770,31,1,31001,ABALA,C_PVEM_MORENA,Nombre Apellido Apellido,Nombre Apellido Apellido
1771,31,1,31001,ABALA,C_PT_MORENA,Nombre Apellido Apellido,Nombre Apellido Apellido
622,31,2,31002,ACANCEH,PAN,GUADALUPE ELIZABETH ZAPATA GONZALEZ,FRANCIA FELICIA MORENO KANTUN
623,31,2,31002,ACANCEH,PRI,GUADALUPE ELIZABETH ZAPATA GONZALEZ,Nombre Apellido Apellido
624,31,2,31002,ACANCEH,PRD,Nombre Apellido Apellido,Nombre Apellido Apellido
625,31,2,31002,ACANCEH,PVEM,INGRID STEPHANI TOLOZA NARVAEZ,AIDA GISELL CAUICH NOH
626,31,2,31002,ACANCEH,PT,LUCELLY MARICRUZ CHALE AKE,MARIA ARACELLY PECH PECH
627,31,2,31002,ACANCEH,MC,JOSE DE JESUS TOLOZA POOL,MARCOS GERARDO MENA PECH
628,31,2,31002,ACANCEH,MORENA,INGRID STEPHANI TOLOZA NARVAEZ,AIDA GRISELL CAUICH NOH
629,31,2,31002,ACANCEH,NAY,MARIO CRUZ HERRERA,EDGAR ENRIQUE HOIL DIAZ
630,31,2,31002,ACANCEH,C_PAN_PRI_PRD_NAY,Nombre Apellido Apellido,Nombre Apellido Apellido
631,31,2,31002,ACANCEH,C_PAN_PRI_PRD,Nombre Apellido Apellido,Nombre Apellido Apellido
632,31,2,31002,ACANCEH,C_PAN_PRI_NAY,Nombre Apellido Apellido,Nombre Apellido Apellido
633,31,2,31002,ACANCEH,C_PAN_PRD_NAY,Nombre Apellido Apellido,Nombre Apellido Apellido
634,31,2,31002,ACANCEH,C_PRI_PRD_NAY,Nombre Apellido Apellido,Nombre Apellido Apellido
635,31,2,31002,ACANCEH,C_PAN_PRI,GUADALUPE ELIZABETH ZAPATA GONZALEZ,FRANCIA FELICIA MORENO KANTUN
636,31,2,31002,ACANCEH,C_PAN_PRD,Nombre Apellido Apellido,Nombre Apellido Apellido
637,31,2,31002,ACANCEH,C_PRI_PRD,Nombre Apellido Apellido,Nombre Apellido Apellido
638,31,2,31002,ACANCEH,C_PAN_NAY,Nombre Apellido Apellido,Nombre Apellido Apellido
639,31,2,31002,ACANCEH,C_PRI_NAY,Nombre Apellido Apellido,Nombre Apellido Apellido
640,31,2,31002,ACANCEH,C_PRD_NAY,Nombre Apellido Apellido,Nombre Apellido Apellido
641,31,2,31002,ACANCEH,C_PVEM_PT_MORENA,Nombre Apellido Apellido,Nombre Apellido Apellido
642,31,2,31002,ACANCEH,C_PVEM_PT,Nombre Apellido Apellido,Nombre Apellido Apellido
643,31,2,31002,ACANCEH,C_PVEM_MORENA,INGRID STEPHANI TOLOZA NARVAEZ,AIDA GRISELL CAUICH NOH
644,31,2,31002,ACANCEH,C_PT_MORENA,Nombre Apellido Apellido,Nombre Apellido Apellido
1772,31,3,31003,AKIL,PAN,LETICIA CASTILLO NIC,CANDIDA ELIZABETH GONGORA VELA
1773,31,3,31003,AKIL,PRI,LETICIA CASTILLO NIC,CANDIDA ELIZABETH GONGORA VELA
1774,31,3,31003,AKIL,PRD,Nombre Apellido Apellido,Nombre Apellido Apellido
1775,31,3,31003,AKIL,PVEM,IGINIA ADALBERTA ZAPATA CHI,ROSA CARMEN IX CHULIM
1776,31,3,31003,AKIL,PT,IGINIA ADALBERTA ZAPATA CHI,ROSA CARMEN IX CHULIM
1777,31,3,31003,AKIL,MC,Nombre Apellido Apellido,Nombre Apellido Apellido
1778,31,3,31003,AKIL,MORENA,IGINIA ADALBERTA ZAPATA CHI,ROSA CARMEN IX CHULIM
1779,31,3,31003,AKIL,NAY,LETICIA CASTILLO NIC,CANDIDA ELIZABETH GONGORA VELA
1780,31,3,31003,AKIL,C_PAN_PRI_PRD_NAY,Nombre Apellido Apellido,Nombre Apellido Apellido
1781,31,3,31003,AKIL,C_PAN_PRI_PRD,Nombre Apellido Apellido,Nombre Apellido Apellido
1782,31,3,31003,AKIL,C_PAN_PRI_NAY,LETICIA CASTILLO NIC,CANDIDA ELIZABETH GONGORA VELA
1783,31,3,31003,AKIL,C_PAN_PRD_NAY,Nombre Apellido Apellido,Nombre Apellido Apellido
1784,31,3,31003,AKIL,C_PRI_PRD_NAY,Nombre Apellido Apellido,Nombre Apellido Apellido
1785,31,3,31003,AKIL,C_PAN_PRI,LETICIA CASTILLO NIC,CANDIDA ELIZABETH GONGORA VELA
1786,31,3,31003,AKIL,C_PAN_PRD,Nombre Apellido Apellido,Nombre Apellido Apellido
1787,31,3,31003,AKIL,C_PRI_PRD,Nombre Apellido Apellido,Nombre Apellido Apellido
1788,31,3,31003,AKIL,C_PAN_NAY,LETICIA CASTILLO NIC,CANDIDA ELIZABETH GONGORA VELA
1789,31,3,31003,AKIL,C_PRI_NAY,LETICIA CASTILLO NIC,CANDIDA ELIZABETH GONGORA VELA
1790,31,3,31003,AKIL,C_PRD_NAY,Nombre Apellido Apellido,Nombre Apellido Apellido
1791,31,3,31003,AKIL,C_PVEM_PT_MORENA,IGINIA ADALBERTA ZAPATA CHI,ROSA CARMEN IX CHULIM
1792,31,3,31003,AKIL,C_PVEM_PT,IGINIA ADALBERTA ZAPATA CHI,ROSA CARMEN IX CHULIM
1793,31,3,31003,AKIL,C_PVEM_MORENA,IGINIA ADALBERTA ZAPATA CHI,ROSA CARMEN IX CHULIM
1794,31,3,31003,AKIL,C_PT_MORENA,IGINIA ADALBERTA ZAPATA CHI,ROSA CARMEN IX CHULIM
645,31,4,31004,BACA,PAN,GUADALUPE MARISOL PECH BASTO,MARIA ILEANA DE JESUS CHIM PECH
646,31,4,31004,BACA,PRI,GUADALUPE MARISOL PECH BASTO,MARIA ILEANA DE JESUS CHIM PECH
647,31,4,31004,BACA,PRD,GUADALUPE MARISOL PECH BASTO,MARIA ILEANA DE JESUS CHIM PECH
648,31,4,31004,BACA,PVEM,FREDDY MIGUEL BASTO BASTO,JORGE CARLOS PECH PECH
649,31,4,31004,BACA,PT,FREDDY MIGUEL BASTO BASTO,JORGE CARLOS PECH PECH
650,31,4,31004,BACA,MC,LAYNEKER ESTEBAN CRUZ EUAN,PAB LO GRACILIANO CHIM PECH
651,31,4,31004,BACA,MORENA,FREDDY MIGUEL BASTO BASTO,JORGE CARLOS PECH PECH
652,31,4,31004,BACA,NAY,GUADALUPE MARISOL PECH BASTO,MARIA ILEANA DE JESUS CHIM PECH
653,31,4,31004,BACA,C_PAN_PRI_PRD_NAY,GUADALUPE MARISOL PECH BASTO,MARIA ILEANA DE JESUS CHIM PECH
654,31,4,31004,BACA,C_PAN_PRI_PRD,GUADALUPE MARISOL PECH BASTO,MARIA ILEANA DE JESUS CHIM PECH
655,31,4,31004,BACA,C_PAN_PRI_NAY,GUADALUPE MARISOL PECH BASTO,MARIA ILEANA DE JESUS CHIM PECH
656,31,4,31004,BACA,C_PAN_PRD_NAY,GUADALUPE MARISOL PECH BASTO,MARIA ILEANA DE JESUS CHIM PECH
657,31,4,31004,BACA,C_PRI_PRD_NAY,GUADALUPE MARISOL PECH BASTO,MARIA ILEANA DE JESUS CHIM PECH
658,31,4,31004,BACA,C_PAN_PRI,GUADALUPE MARISOL PECH BASTO,MARIA ILEANA DE JESUS CHIM PECH
659,31,4,31004,BACA,C_PAN_PRD,GUADALUPE MARISOL PECH BASTO,MARIA ILEANA DE JESUS CHIM PECH
660,31,4,31004,BACA,C_PRI_PRD,GUADALUPE MARISOL PECH BASTO,MARIA ILEANA DE JESUS CHIM PECH
661,31,4,31004,BACA,C_PAN_NAY,GUADALUPE MARISOL PECH BASTO,MARIA ILEANA DE JESUS CHIM PECH
662,31,4,31004,BACA,C_PRI_NAY,GUADALUPE MARISOL PECH BASTO,MARIA ILEANA DE JESUS CHIM PECH
663,31,4,31004,BACA,C_PRD_NAY,GUADALUPE MARISOL PECH BASTO,MARIA ILEANA DE JESUS CHIM PECH
664,31,4,31004,BACA,C_PVEM_PT_MORENA,FREDDY MIGUEL BASTO BASTO,JORGE CARLOS PECH PECH
665,31,4,31004,BACA,C_PVEM_PT,FREDDY MIGUEL BASTO BASTO,JORGE CARLOS PECH PECH
666,31,4,31004,BACA,C_PVEM_MORENA,FREDDY MIGUEL BASTO BASTO,JORGE CARLOS PECH PECH
667,31,4,31004,BACA,C_PT_MORENA,FREDDY MIGUEL BASTO BASTO,JORGE CARLOS PECH PECH
668,31,5,31005,BOKOBA,PAN,VICTORIA DEL SOCORRO BACAB POOT,MARIA ISABEL REGINA CANCHE CANCHE
669,31,5,31005,BOKOBA,PRI,ANTONIO HUMBERTO SANCHEZ PEREZ,JUAN DIEGO SOSA ROSALES
670,31,5,31005,BOKOBA,PRD,Nombre Apellido Apellido,Nombre Apellido Apellido
671,31,5,31005,BOKOBA,PVEM,MARIA PAULA NAH UH,FATIMA NUEMI OXTE HAU
672,31,5,31005,BOKOBA,PT,YANELY GABRIELA ORTEGA CANCHE,DANY YADIRA PACHECO MOO
673,31,5,31005,BOKOBA,MC,JOSEFINA HUCHIN MAY,MANUELA MARITZA KANTUN CHAN
674,31,5,31005,BOKOBA,MORENA,YANELY GABRIELA ORTEGA CANCHE,DANY YADIRA PACHECO MOO
675,31,5,31005,BOKOBA,NAY,VICTORIA DEL SOCORRO BACAB POOT,MARIA ISABEL REGINA CANCHE CANCHE
676,31,5,31005,BOKOBA,C_PAN_PRI_PRD_NAY,Nombre Apellido Apellido,Nombre Apellido Apellido
677,31,5,31005,BOKOBA,C_PAN_PRI_PRD,Nombre Apellido Apellido,Nombre Apellido Apellido
678,31,5,31005,BOKOBA,C_PAN_PRI_NAY,Nombre Apellido Apellido,Nombre Apellido Apellido
679,31,5,31005,BOKOBA,C_PAN_PRD_NAY,Nombre Apellido Apellido,Nombre Apellido Apellido
680,31,5,31005,BOKOBA,C_PRI_PRD_NAY,Nombre Apellido Apellido,Nombre Apellido Apellido
681,31,5,31005,BOKOBA,C_PAN_PRI,Nombre Apellido Apellido,Nombre Apellido Apellido
682,31,5,31005,BOKOBA,C_PAN_PRD,Nombre Apellido Apellido,Nombre Apellido Apellido
683,31,5,31005,BOKOBA,C_PRI_PRD,Nombre Apellido Apellido,Nombre Apellido Apellido
684,31,5,31005,BOKOBA,C_PAN_NAY,VICTORIA DEL SOCORRO BACAB POOT,MARIA ISABEL REGINA CANCHE CANCHE
685,31,5,31005,BOKOBA,C_PRI_NAY,Nombre Apellido Apellido,Nombre Apellido Apellido
686,31,5,31005,BOKOBA,C_PRD_NAY,Nombre Apellido Apellido,Nombre Apellido Apellido
687,31,5,31005,BOKOBA,C_PVEM_PT_MORENA,Nombre Apellido Apellido,Nombre Apellido Apellido
688,31,5,31005,BOKOBA,C_PVEM_PT,Nombre Apellido Apellido,Nombre Apellido Apellido
689,31,5,31005,BOKOBA,C_PVEM_MORENA,Nombre Apellido Apellido,Nombre Apellido Apellido
690,31,5,31005,BOKOBA,C_PT_MORENA,YANELY GABRIELA ORTEGA CANCHE,DANY YADIRA PACHECO MOO
691,31,6,31006,BUCTZOTZ,PAN,INGRID DEL PILAR SANTOS DIAZ,MARIAELENA ARGAEZ PIÑA
692,31,6,31006,BUCTZOTZ,PRI,INGRID DEL PILAR SANTOS DIAZ,MARIAELENA ARGAEZ PIÑA
693,31,6,31006,BUCTZOTZ,PRD,Nombre Apellido Apellido,Nombre Apellido Apellido
694,31,6,31006,BUCTZOTZ,PVEM,Nombre Apellido Apellido,Nombre Apellido Apellido
695,31,6,31006,BUCTZOTZ,PT,CARLOS ESTEBAN ARGAEZ BE,JOSE FLORENCIO PACHECO CHABLE
696,31,6,31006,BUCTZOTZ,MC,Nombre Apellido Apellido,Nombre Apellido Apellido
697,31,6,31006,BUCTZOTZ,MORENA,CARLOS ESTEBAN ARGAEZ BE,JOSE FLORENCIO PACHECO CHABLE
698,31,6,31006,BUCTZOTZ,NAY,INGRID DEL PILAR SANTOS DIAZ,MARIAELENA ARGAEZ PIÑA
699,31,6,31006,BUCTZOTZ,C_PAN_PRI_PRD_NAY,Nombre Apellido Apellido,Nombre Apellido Apellido
700,31,6,31006,BUCTZOTZ,C_PAN_PRI_PRD,Nombre Apellido Apellido,Nombre Apellido Apellido
701,31,6,31006,BUCTZOTZ,C_PAN_PRI_NAY,INGRID DEL PILAR SANTOS DIAZ,MARIAELENA ARGAEZ PIÑA
702,31,6,31006,BUCTZOTZ,C_PAN_PRD_NAY,Nombre Apellido Apellido,Nombre Apellido Apellido
703,31,6,31006,BUCTZOTZ,C_PRI_PRD_NAY,Nombre Apellido Apellido,Nombre Apellido Apellido
704,31,6,31006,BUCTZOTZ,C_PAN_PRI,INGRID DEL PILAR SANTOS DIAZ,MARIAELENA ARGAEZ PIÑA
705,31,6,31006,BUCTZOTZ,C_PAN_PRD,Nombre Apellido Apellido,Nombre Apellido Apellido
706,31,6,31006,BUCTZOTZ,C_PRI_PRD,Nombre Apellido Apellido,Nombre Apellido Apellido
707,31,6,31006,BUCTZOTZ,C_PAN_NAY,INGRID DEL PILAR SANTOS DIAZ,MARIAELENA ARGAEZ PIÑA
708,31,6,31006,BUCTZOTZ,C_PRI_NAY,INGRID DEL PILAR SANTOS DIAZ,MARIAELENA ARGAEZ PIÑA
709,31,6,31006,BUCTZOTZ,C_PRD_NAY,Nombre Apellido Apellido,Nombre Apellido Apellido
710,31,6,31006,BUCTZOTZ,C_PVEM_PT_MORENA,Nombre Apellido Apellido,Nombre Apellido Apellido
711,31,6,31006,BUCTZOTZ,C_PVEM_PT,Nombre Apellido Apellido,Nombre Apellido Apellido
712,31,6,31006,BUCTZOTZ,C_PVEM_MORENA,Nombre Apellido Apellido,Nombre Apellido Apellido
713,31,6,31006,BUCTZOTZ,C_PT_MORENA,CARLOS ESTEBAN ARGAEZ BE,JOSE FLORENCIO PACHECO CHABLE
714,31,7,31007,CACALCHEN,PAN,MARIBEL DE LA CRUZ TEC EB,YUSELI BEATRIZ LOPEZ OLIVARES
715,31,7,31007,CACALCHEN,PRI,MANUEL DE JESUS OROZCO AKE ,WILBERTH OMAR SALAZAR POT
716,31,7,31007,CACALCHEN,PRD,MANUEL DE JESUS OROZCO AKE ,WILBERTH OMAR SALAZAR POT
717,31,7,31007,CACALCHEN,PVEM,LETICIA GUADALUPE BAREA PARK,LAURA DALILA BALAM MAY
718,31,7,31007,CACALCHEN,PT,LETICIA GUADALUPE BAREA PARK,LAURA DALILA BALAM MAY
719,31,7,31007,CACALCHEN,MC,BEATRIZ DEL ROSARIO GALLEGOS SANCHEZ,SOFIA CANCHE UITZ
720,31,7,31007,CACALCHEN,MORENA,LETICIA GUADALUPE BAREA PARK,LAURA DALILA BALAM MAY
721,31,7,31007,CACALCHEN,NAY,MANUEL DE JESUS OROZCO AKE ,WILBERTH OMAR SALAZAR POT
722,31,7,31007,CACALCHEN,C_PAN_PRI_PRD_NAY,Nombre Apellido Apellido,Nombre Apellido Apellido
723,31,7,31007,CACALCHEN,C_PAN_PRI_PRD,Nombre Apellido Apellido,Nombre Apellido Apellido
724,31,7,31007,CACALCHEN,C_PAN_PRI_NAY,Nombre Apellido Apellido,Nombre Apellido Apellido
725,31,7,31007,CACALCHEN,C_PAN_PRD_NAY,Nombre Apellido Apellido,Nombre Apellido Apellido
726,31,7,31007,CACALCHEN,C_PRI_PRD_NAY,MANUEL DE JESUS OROZCO AKE ,WILBERTH OMAR SALAZAR POOT
727,31,7,31007,CACALCHEN,C_PAN_PRI,Nombre Apellido Apellido,Nombre Apellido Apellido
728,31,7,31007,CACALCHEN,C_PAN_PRD,Nombre Apellido Apellido,Nombre Apellido Apellido
729,31,7,31007,CACALCHEN,C_PRI_PRD,MANUEL DE JESUS OROZCO AKE ,WILBERTH OMAR SALAZAR POT
730,31,7,31007,CACALCHEN,C_PAN_NAY,Nombre Apellido Apellido,Nombre Apellido Apellido
731,31,7,31007,CACALCHEN,C_PRI_NAY,MANUEL DE JESUS OROZCO AKE ,WILBERTH OMAR SALAZAR POT
732,31,7,31007,CACALCHEN,C_PRD_NAY,MANUEL DE JESUS OROZCO AKE ,WILBERTH OMAR SALAZAR POT
733,31,7,31007,CACALCHEN,C_PVEM_PT_MORENA,LETICIA GUADALUPE BAREA PARK,LAURA DALILA BALAM MAY
734,31,7,31007,CACALCHEN,C_PVEM_PT,LETICIA GUADALUPE BAREA PARK,LAURA DALILA BALAM MAY
735,31,7,31007,CACALCHEN,C_PVEM_MORENA,LETICIA GUADALUPE BAREA PARK,LAURA DALILA BALAM MAY
736,31,7,31007,CACALCHEN,C_PT_MORENA,LETICIA GUADALUPE BAREA PARK,LAURA DALILA BALAM MAY
1,31,8,31008,CALOTMUL,PAN,JULIO CESAR KU ZAVAL,EDWIN FERNELY LORIA SANCHEZ
2,31,8,31008,CALOTMUL,PRI,LUIS FERNELY POLANCO TUN,JORGE AGUSTIN MENESES GONZALEZ
3,31,8,31008,CALOTMUL,PRD,Nombre Apellido Apellido,Nombre Apellido Apellido
4,31,8,31008,CALOTMUL,PVEM,WILMA YOLANDA POLANCO MENDOZA,YESENIA CONCEPCION PECH MEDINA
5,31,8,31008,CALOTMUL,PT,WILMA YOLANDA POLANCO MENDOZA,YESENIA CONCEPCION PECH MEDINA
6,31,8,31008,CALOTMUL,MC,Nombre Apellido Apellido,Nombre Apellido Apellido
7,31,8,31008,CALOTMUL,MORENA,WILMA YOLANDA POLANCO MENDOZA,YESENIA CONCEPCION PECH MEDINA
8,31,8,31008,CALOTMUL,NAY,Nombre Apellido Apellido,Nombre Apellido Apellido
9,31,8,31008,CALOTMUL,C_PAN_PRI_PRD_NAY,Nombre Apellido Apellido,Nombre Apellido Apellido
10,31,8,31008,CALOTMUL,C_PAN_PRI_PRD,Nombre Apellido Apellido,Nombre Apellido Apellido
11,31,8,31008,CALOTMUL,C_PAN_PRI_NAY,Nombre Apellido Apellido,Nombre Apellido Apellido
12,31,8,31008,CALOTMUL,C_PAN_PRD_NAY,Nombre Apellido Apellido,Nombre Apellido Apellido
13,31,8,31008,CALOTMUL,C_PRI_PRD_NAY,Nombre Apellido Apellido,Nombre Apellido Apellido
14,31,8,31008,CALOTMUL,C_PAN_PRI,Nombre Apellido Apellido,Nombre Apellido Apellido
15,31,8,31008,CALOTMUL,C_PAN_PRD,Nombre Apellido Apellido,Nombre Apellido Apellido
16,31,8,31008,CALOTMUL,C_PRI_PRD,Nombre Apellido Apellido,Nombre Apellido Apellido
17,31,8,31008,CALOTMUL,C_PAN_NAY,Nombre Apellido Apellido,Nombre Apellido Apellido
18,31,8,31008,CALOTMUL,C_PRI_NAY,Nombre Apellido Apellido,Nombre Apellido Apellido
19,31,8,31008,CALOTMUL,C_PRD_NAY,Nombre Apellido Apellido,Nombre Apellido Apellido
20,31,8,31008,CALOTMUL,C_PVEM_PT_MORENA,WILMA YOLANDA POLANCO MENDOZA,YESENIA CONCEPCION PECH MEDINA
21,31,8,31008,CALOTMUL,C_PVEM_PT,WILMA YOLANDA POLANCO MENDOZA,YESENIA CONCEPCION PECH MEDINA
22,31,8,31008,CALOTMUL,C_PVEM_MORENA,WILMA YOLANDA POLANCO MENDOZA,YESENIA CONCEPCION PECH MEDINA
23,31,8,31008,CALOTMUL,C_PT_MORENA,WILMA YOLANDA POLANCO MENDOZA,YESENIA CONCEPCION PECH MEDINA
737,31,9,31009,CANSAHCAB,PAN,PAULINO EK MAY,SERGIO ENRIQUE TUN CUTZ
738,31,9,31009,CANSAHCAB,PRI,FELIPE CHAN MAY,JUAN FRANCISCO NOH CANCHE
739,31,9,31009,CANSAHCAB,PRD,Nombre Apellido Apellido,Nombre Apellido Apellido
740,31,9,31009,CANSAHCAB,PVEM,ELOISA EUGENIA VELAZQUEZ VEGA,ROSA ELENA CAAMAL EB
741,31,9,31009,CANSAHCAB,PT,WILVER ROGER LLANES CHAN,JOSE HERVE SANTANA CONTRERAS
742,31,9,31009,CANSAHCAB,MC,Nombre Apellido Apellido,Nombre Apellido Apellido
743,31,9,31009,CANSAHCAB,MORENA,ELOISA EUGENIA VELAZQUEZ VEGA,ROSA ELENA CAAMAL EB
744,31,9,31009,CANSAHCAB,NAY,LUIS FELIPE SANTANA BASTO,SEBASTIAN NOH CAAMAL
745,31,9,31009,CANSAHCAB,C_PAN_PRI_PRD_NAY,Nombre Apellido Apellido,Nombre Apellido Apellido
746,31,9,31009,CANSAHCAB,C_PAN_PRI_PRD,Nombre Apellido Apellido,Nombre Apellido Apellido
747,31,9,31009,CANSAHCAB,C_PAN_PRI_NAY,Nombre Apellido Apellido,Nombre Apellido Apellido
748,31,9,31009,CANSAHCAB,C_PAN_PRD_NAY,Nombre Apellido Apellido,Nombre Apellido Apellido
749,31,9,31009,CANSAHCAB,C_PRI_PRD_NAY,Nombre Apellido Apellido,Nombre Apellido Apellido
750,31,9,31009,CANSAHCAB,C_PAN_PRI,Nombre Apellido Apellido,Nombre Apellido Apellido
751,31,9,31009,CANSAHCAB,C_PAN_PRD,Nombre Apellido Apellido,Nombre Apellido Apellido
752,31,9,31009,CANSAHCAB,C_PRI_PRD,Nombre Apellido Apellido,Nombre Apellido Apellido
753,31,9,31009,CANSAHCAB,C_PAN_NAY,Nombre Apellido Apellido,Nombre Apellido Apellido
754,31,9,31009,CANSAHCAB,C_PRI_NAY,Nombre Apellido Apellido,Nombre Apellido Apellido
755,31,9,31009,CANSAHCAB,C_PRD_NAY,Nombre Apellido Apellido,Nombre Apellido Apellido
756,31,9,31009,CANSAHCAB,C_PVEM_PT_MORENA,Nombre Apellido Apellido,Nombre Apellido Apellido
757,31,9,31009,CANSAHCAB,C_PVEM_PT,Nombre Apellido Apellido,Nombre Apellido Apellido
758,31,9,31009,CANSAHCAB,C_PVEM_MORENA,ELOISA EUGENIA VELAZQUEZ VEGA,ROSA ELENA CAAMAL EB
759,31,9,31009,CANSAHCAB,C_PT_MORENA,Nombre Apellido Apellido,Nombre Apellido Apellido
24,31,10,31010,CANTAMAYEC,PAN,JAIRO ISAI EK BERMON,FELIPE ALEJANDRO EK BERMON
25,31,10,31010,CANTAMAYEC,PRI,MARIA LEIDI CAUICH SULUB,LLIFITA YASMIN EK CANCHE
26,31,10,31010,CANTAMAYEC,PRD,Nombre Apellido Apellido,Nombre Apellido Apellido
27,31,10,31010,CANTAMAYEC,PVEM,Nombre Apellido Apellido,Nombre Apellido Apellido
28,31,10,31010,CANTAMAYEC,PT,ORLANDO EK SANSORES ,VICTOR FRANCISCO UCAN GONGORA
29,31,10,31010,CANTAMAYEC,MC,Nombre Apellido Apellido,Nombre Apellido Apellido
30,31,10,31010,CANTAMAYEC,MORENA,ORLANDO EK SANSORES,VICTOR FRANCISCO UCAN GONGORA
31,31,10,31010,CANTAMAYEC,NAY,NANCY ESTRELLA VELAZQUEZ MORALES,PETRONILA GARCIA CHABLE
32,31,10,31010,CANTAMAYEC,C_PAN_PRI_PRD_NAY,Nombre Apellido Apellido,Nombre Apellido Apellido
33,31,10,31010,CANTAMAYEC,C_PAN_PRI_PRD,Nombre Apellido Apellido,Nombre Apellido Apellido
34,31,10,31010,CANTAMAYEC,C_PAN_PRI_NAY,Nombre Apellido Apellido,Nombre Apellido Apellido
35,31,10,31010,CANTAMAYEC,C_PAN_PRD_NAY,Nombre Apellido Apellido,Nombre Apellido Apellido
36,31,10,31010,CANTAMAYEC,C_PRI_PRD_NAY,Nombre Apellido Apellido,Nombre Apellido Apellido
37,31,10,31010,CANTAMAYEC,C_PAN_PRI,Nombre Apellido Apellido,Nombre Apellido Apellido
38,31,10,31010,CANTAMAYEC,C_PAN_PRD,Nombre Apellido Apellido,Nombre Apellido Apellido
39,31,10,31010,CANTAMAYEC,C_PRI_PRD,Nombre Apellido Apellido,Nombre Apellido Apellido
40,31,10,31010,CANTAMAYEC,C_PAN_NAY,Nombre Apellido Apellido,Nombre Apellido Apellido
41,31,10,31010,CANTAMAYEC,C_PRI_NAY,Nombre Apellido Apellido,Nombre Apellido Apellido
42,31,10,31010,CANTAMAYEC,C_PRD_NAY,Nombre Apellido Apellido,Nombre Apellido Apellido
43,31,10,31010,CANTAMAYEC,C_PVEM_PT_MORENA,Nombre Apellido Apellido,Nombre Apellido Apellido
44,31,10,31010,CANTAMAYEC,C_PVEM_PT,Nombre Apellido Apellido,Nombre Apellido Apellido
45,31,10,31010,CANTAMAYEC,C_PVEM_MORENA,Nombre Apellido Apellido,Nombre Apellido Apellido
46,31,10,31010,CANTAMAYEC,C_PT_MORENA,ORLANDO EK SANSORES,VICTOR FRANCISCO UCAN GONGORA
1795,31,11,31011,CELESTUN,PAN,JOSE ASUNCION RAMIREZ PERERA,PEDRO JESUS UH UICAB
1796,31,11,31011,CELESTUN,PRI,JOSE ASUNCION RAMIREZ PERERA,PEDRO JESUS UH UICAB
1797,31,11,31011,CELESTUN,PRD,JOSE ASUNCION RAMIREZ PERERA,PEDRO JESUS UH UICAB
1798,31,11,31011,CELESTUN,PVEM,MARIA MAGDALENA MARTIN ZALDIVAR,NANCY ANGELINA TINAL PUC
1799,31,11,31011,CELESTUN,PT,GERMAN JESUS CAUICH PINTO,FRANCISCO JAVIER AKE UICAB
1800,31,11,31011,CELESTUN,MC,Nombre Apellido Apellido,Nombre Apellido Apellido
1801,31,11,31011,CELESTUN,MORENA,GERMAN JESUS CAUICH PINTO,FRANCISCO JAVIER AKE UICAB
1802,31,11,31011,CELESTUN,NAY,Nombre Apellido Apellido,Nombre Apellido Apellido
1803,31,11,31011,CELESTUN,C_PAN_PRI_PRD_NAY,Nombre Apellido Apellido,Nombre Apellido Apellido
1804,31,11,31011,CELESTUN,C_PAN_PRI_PRD,JOSE ASUNCION RAMIREZ PERERA,PEDRO JESUS UH UICAB
1805,31,11,31011,CELESTUN,C_PAN_PRI_NAY,Nombre Apellido Apellido,Nombre Apellido Apellido
1806,31,11,31011,CELESTUN,C_PAN_PRD_NAY,Nombre Apellido Apellido,Nombre Apellido Apellido
1807,31,11,31011,CELESTUN,C_PRI_PRD_NAY,Nombre Apellido Apellido,Nombre Apellido Apellido
1808,31,11,31011,CELESTUN,C_PAN_PRI,JOSE ASUNCION RAMIREZ PERERA,PEDRO JESUS UH UICAB
1809,31,11,31011,CELESTUN,C_PAN_PRD,JOSE ASUNCION RAMIREZ PERERA,PEDRO JESUS UH UICAB
1810,31,11,31011,CELESTUN,C_PRI_PRD,JOSE ASUNCION RAMIREZ PERERA,PEDRO JESUS UH UICAB
1811,31,11,31011,CELESTUN,C_PAN_NAY,Nombre Apellido Apellido,Nombre Apellido Apellido
1812,31,11,31011,CELESTUN,C_PRI_NAY,Nombre Apellido Apellido,Nombre Apellido Apellido
1813,31,11,31011,CELESTUN,C_PRD_NAY,Nombre Apellido Apellido,Nombre Apellido Apellido
1814,31,11,31011,CELESTUN,C_PVEM_PT_MORENA,Nombre Apellido Apellido,Nombre Apellido Apellido
1815,31,11,31011,CELESTUN,C_PVEM_PT,Nombre Apellido Apellido,Nombre Apellido Apellido
1816,31,11,31011,CELESTUN,C_PVEM_MORENA,Nombre Apellido Apellido,Nombre Apellido Apellido
1817,31,11,31011,CELESTUN,C_PT_MORENA,GERMAN JESUS CAUICH PINTO,FRANCISCO JAVIER AKE UICAB
760,31,12,31012,CENOTILLO,PAN,ANGEL HERMENEGILDO CARDOZ FERNANDEZ,ROGER ARMANDO POLANCO MATOS
761,31,12,31012,CENOTILLO,PRI,DIANA ISABEL QUIJANO TZAB,RITA AMALIA DZIB POOT
762,31,12,31012,CENOTILLO,PRD,Nombre Apellido Apellido,Nombre Apellido Apellido
763,31,12,31012,CENOTILLO,PVEM,Nombre Apellido Apellido,Nombre Apellido Apellido
764,31,12,31012,CENOTILLO,PT,RICARDO RODRIGUEZ CONTRERAS,MAJEDMI MEDINA ACHACH
765,31,12,31012,CENOTILLO,MC,Nombre Apellido Apellido,Nombre Apellido Apellido
766,31,12,31012,CENOTILLO,MORENA,RICARDO RODRIGUEZ CONTRERAS,MAJEDMI MEDINA ACHACH
767,31,12,31012,CENOTILLO,NAY,DIANA ISABEL QUIJANO TZAB,RITA AMALIA DZIB POOT
768,31,12,31012,CENOTILLO,C_PAN_PRI_PRD_NAY,Nombre Apellido Apellido,Nombre Apellido Apellido
769,31,12,31012,CENOTILLO,C_PAN_PRI_PRD,Nombre Apellido Apellido,Nombre Apellido Apellido
770,31,12,31012,CENOTILLO,C_PAN_PRI_NAY,Nombre Apellido Apellido,Nombre Apellido Apellido
771,31,12,31012,CENOTILLO,C_PAN_PRD_NAY,Nombre Apellido Apellido,Nombre Apellido Apellido
772,31,12,31012,CENOTILLO,C_PRI_PRD_NAY,Nombre Apellido Apellido,Nombre Apellido Apellido
773,31,12,31012,CENOTILLO,C_PAN_PRI,Nombre Apellido Apellido,Nombre Apellido Apellido
774,31,12,31012,CENOTILLO,C_PAN_PRD,Nombre Apellido Apellido,Nombre Apellido Apellido
775,31,12,31012,CENOTILLO,C_PRI_PRD,Nombre Apellido Apellido,Nombre Apellido Apellido
776,31,12,31012,CENOTILLO,C_PAN_NAY,Nombre Apellido Apellido,Nombre Apellido Apellido
777,31,12,31012,CENOTILLO,C_PRI_NAY,DIANA ISABEL QUIJANO TZAB,RITA AMALIA DZIB POOT
778,31,12,31012,CENOTILLO,C_PRD_NAY,Nombre Apellido Apellido,Nombre Apellido Apellido
779,31,12,31012,CENOTILLO,C_PVEM_PT_MORENA,Nombre Apellido Apellido,Nombre Apellido Apellido
780,31,12,31012,CENOTILLO,C_PVEM_PT,Nombre Apellido Apellido,Nombre Apellido Apellido
781,31,12,31012,CENOTILLO,C_PVEM_MORENA,Nombre Apellido Apellido,Nombre Apellido Apellido
782,31,12,31012,CENOTILLO,C_PT_MORENA,RICARDO RODRIGUEZ CONTRERAS,MAJEDMI MEDINA ACHACH
783,31,13,31013,CONKAL,PAN,LINDA MARGARITA PEREZ QUIJANO,ROSA CAAROLINA GARCIA ANGULO 
784,31,13,31013,CONKAL,PRI,FRANCISCO EVIA GAMBOA,DIDIER FLORENTINO DE JESUS MARRUFO ALCOCER
785,31,13,31013,CONKAL,PRD,ROSENDA TRINIDADD CISNEROS AGUILAR,MARIA FERNANDA PEREZ COLLI
786,31,13,31013,CONKAL,PVEM,LEIDY BEATRIZ CRUZ PECH,YAZMIN ALEJANDRA PECH CETINA
787,31,13,31013,CONKAL,PT,LEIDY BEATRIZ CRUZ PECH,YAZMIN ALEJANDRA PECH CETINA
788,31,13,31013,CONKAL,MC,LUIS RAMON BASTO LORIA,CESAR AUGUSTO RIVERO TAMAYOO
789,31,13,31013,CONKAL,MORENA,LEIDY BEATRIZ CRUZ PECH,YAZMIN ALEJANDRA PECH CETINA
790,31,13,31013,CONKAL,NAY,LINDA MARGARITA PEREZ QUIJANO,ROSA CAROLINA GARCIA ANGULO
791,31,13,31013,CONKAL,C_PAN_PRI_PRD_NAY,Nombre Apellido Apellido,Nombre Apellido Apellido
792,31,13,31013,CONKAL,C_PAN_PRI_PRD,Nombre Apellido Apellido,Nombre Apellido Apellido
793,31,13,31013,CONKAL,C_PAN_PRI_NAY,Nombre Apellido Apellido,Nombre Apellido Apellido
794,31,13,31013,CONKAL,C_PAN_PRD_NAY,Nombre Apellido Apellido,Nombre Apellido Apellido
795,31,13,31013,CONKAL,C_PRI_PRD_NAY,Nombre Apellido Apellido,Nombre Apellido Apellido
796,31,13,31013,CONKAL,C_PAN_PRI,Nombre Apellido Apellido,Nombre Apellido Apellido
797,31,13,31013,CONKAL,C_PAN_PRD,Nombre Apellido Apellido,Nombre Apellido Apellido
798,31,13,31013,CONKAL,C_PRI_PRD,Nombre Apellido Apellido,Nombre Apellido Apellido
799,31,13,31013,CONKAL,C_PAN_NAY,LINDA MARGARITA PEREZ QUIJANO,ROSA CAROLINA GARCIA ANGULO
800,31,13,31013,CONKAL,C_PRI_NAY,Nombre Apellido Apellido,Nombre Apellido Apellido
801,31,13,31013,CONKAL,C_PRD_NAY,Nombre Apellido Apellido,Nombre Apellido Apellido
802,31,13,31013,CONKAL,C_PVEM_PT_MORENA,LEIDY BEATRIZ CRUZ PECH,YAZMIN ALEJANDRA PECH CETINA
803,31,13,31013,CONKAL,C_PVEM_PT,LEIDY BEATRIZ CRUZ PECH,YAZMIN ALEJANDRA PECH CETINA
804,31,13,31013,CONKAL,C_PVEM_MORENA,LEIDY BEATRIZ CRUZ PECH,YAZMIN ALEJANDRA PECH CETINA
805,31,13,31013,CONKAL,C_PT_MORENA,LEIDY BEATRIZ CRUZ PECH,YAZMIN ALEJANDRA PECH CETINA
47,31,14,31014,CUNCUNUL,PAN,MARTA BEATRIZ POOT NAHUAT,RITELY GRISELDA AGUILAR COHUO
48,31,14,31014,CUNCUNUL,PRI,MARTA BEATRIZ POOT NAHUAT,RITELY GRISELDA AGUILAR COHUO
49,31,14,31014,CUNCUNUL,PRD,Nombre Apellido Apellido,Nombre Apellido Apellido
50,31,14,31014,CUNCUNUL,PVEM,NIDELVIA GUADALUPE DE ATOCHA VAZQUEZ SALAZAR,MARIA ROCIO TEH CHAN 
51,31,14,31014,CUNCUNUL,PT,NIDELVIA GUADALUPE DE ATOCHA VAZQUEZ SALAZAR,MARIA ROCIO TEH CHAN 
52,31,14,31014,CUNCUNUL,MC,Nombre Apellido Apellido,Nombre Apellido Apellido
53,31,14,31014,CUNCUNUL,MORENA,NIDELVIA GUADALUPE DE ATOCHA VAZQUEZ SALAZAR,MARIA ROCIO TEH CHAN 
54,31,14,31014,CUNCUNUL,NAY,MARTA BEATRIZ POOT NAHUAT,RITELY GRISELDA AGUILAR COHUO
55,31,14,31014,CUNCUNUL,C_PAN_PRI_PRD_NAY,Nombre Apellido Apellido,Nombre Apellido Apellido
56,31,14,31014,CUNCUNUL,C_PAN_PRI_PRD,Nombre Apellido Apellido,Nombre Apellido Apellido
57,31,14,31014,CUNCUNUL,C_PAN_PRI_NAY,MARTA BEATRIZ POOT NAHUAT,RITELY GRISELDA AGUILAR COHUO
58,31,14,31014,CUNCUNUL,C_PAN_PRD_NAY,Nombre Apellido Apellido,Nombre Apellido Apellido
59,31,14,31014,CUNCUNUL,C_PRI_PRD_NAY,Nombre Apellido Apellido,Nombre Apellido Apellido
60,31,14,31014,CUNCUNUL,C_PAN_PRI,MARTA BEATRIZ POOT NAHUAT,RITELY GRISELDA AGUILAR COHUO
61,31,14,31014,CUNCUNUL,C_PAN_PRD,Nombre Apellido Apellido,Nombre Apellido Apellido
62,31,14,31014,CUNCUNUL,C_PRI_PRD,Nombre Apellido Apellido,Nombre Apellido Apellido
63,31,14,31014,CUNCUNUL,C_PAN_NAY,MARTA BEATRIZ POOT NAHUAT,RITELY GRISELDA AGUILAR COHUO
64,31,14,31014,CUNCUNUL,C_PRI_NAY,MARTA BEATRIZ POOT NAHUAT,RITELY GRISELDA AGUILAR COHUO
65,31,14,31014,CUNCUNUL,C_PRD_NAY,Nombre Apellido Apellido,Nombre Apellido Apellido
66,31,14,31014,CUNCUNUL,C_PVEM_PT_MORENA,NIDELVIA GUADALUPE DE ATOCHA VAZQUEZ SALAZAR,MARIA ROCIO TEH CHAN 
67,31,14,31014,CUNCUNUL,C_PVEM_PT,NIDELVIA GUADALUPE DE ATOCHA VAZQUEZ SALAZAR,MARIA ROCIO TEH CHAN 
68,31,14,31014,CUNCUNUL,C_PVEM_MORENA,NIDELVIA GUADALUPE DE ATOCHA VAZQUEZ SALAZAR,MARIA ROCIO TEH CHAN 
69,31,14,31014,CUNCUNUL,C_PT_MORENA,NIDELVIA GUADALUPE DE ATOCHA VAZQUEZ SALAZAR,MARIA ROCIO TEH CHAN 
806,31,15,31015,CUZAMA,PAN,FELIPE MARIO CHIN PUC,ROSENDO KUK BRACAMONTE
807,31,15,31015,CUZAMA,PRI,EDUARDO JESUS VILLANUEVA CHI,ANGEL GABRIEL KU CHI
808,31,15,31015,CUZAMA,PRD,Nombre Apellido Apellido,Nombre Apellido Apellido
809,31,15,31015,CUZAMA,PVEM,CARLOS RENAN CAUICH PECH,FELIPE DE JESUS CASTRO CEBALLOS 
810,31,15,31015,CUZAMA,PT,CARLOS RENAN CAUICH PECH,FELIPE DE JESUS CASTRO CEBALLOS 
811,31,15,31015,CUZAMA,MC,Nombre Apellido Apellido,Nombre Apellido Apellido
812,31,15,31015,CUZAMA,MORENA,MARIA ESTHER PECH MEDINA,FLOR DE MARIA CAMARA OJEDA
813,31,15,31015,CUZAMA,NAY,VICTOR MANUEL SOBERANIS VILLANUEVA,NELSON RODRIGO PECH KUK
814,31,15,31015,CUZAMA,C_PAN_PRI_PRD_NAY,Nombre Apellido Apellido,Nombre Apellido Apellido
815,31,15,31015,CUZAMA,C_PAN_PRI_PRD,Nombre Apellido Apellido,Nombre Apellido Apellido
816,31,15,31015,CUZAMA,C_PAN_PRI_NAY,Nombre Apellido Apellido,Nombre Apellido Apellido
817,31,15,31015,CUZAMA,C_PAN_PRD_NAY,Nombre Apellido Apellido,Nombre Apellido Apellido
818,31,15,31015,CUZAMA,C_PRI_PRD_NAY,Nombre Apellido Apellido,Nombre Apellido Apellido
819,31,15,31015,CUZAMA,C_PAN_PRI,Nombre Apellido Apellido,Nombre Apellido Apellido
820,31,15,31015,CUZAMA,C_PAN_PRD,Nombre Apellido Apellido,Nombre Apellido Apellido
821,31,15,31015,CUZAMA,C_PRI_PRD,Nombre Apellido Apellido,Nombre Apellido Apellido
822,31,15,31015,CUZAMA,C_PAN_NAY,Nombre Apellido Apellido,Nombre Apellido Apellido
823,31,15,31015,CUZAMA,C_PRI_NAY,Nombre Apellido Apellido,Nombre Apellido Apellido
824,31,15,31015,CUZAMA,C_PRD_NAY,Nombre Apellido Apellido,Nombre Apellido Apellido
825,31,15,31015,CUZAMA,C_PVEM_PT_MORENA,Nombre Apellido Apellido,Nombre Apellido Apellido
826,31,15,31015,CUZAMA,C_PVEM_PT,CARLOS RENAN CAUICH PECH,FELIPE DE JESUS CASTRO CEBALLOS
827,31,15,31015,CUZAMA,C_PVEM_MORENA,Nombre Apellido Apellido,Nombre Apellido Apellido
828,31,15,31015,CUZAMA,C_PT_MORENA,Nombre Apellido Apellido,Nombre Apellido Apellido
70,31,16,31016,CHACSINKIN,PAN,GLORIA JESUS MUKUL BORGES,MARIA LEIDY DEL SOCORRO YAH MAY
71,31,16,31016,CHACSINKIN,PRI,GILMER MARIEL KU CAB,LUIS ALBERTO YAH KU
72,31,16,31016,CHACSINKIN,PRD,Nombre Apellido Apellido,Nombre Apellido Apellido
73,31,16,31016,CHACSINKIN,PVEM,TERESITA MEDINA MUKUL,MARIA ALEJANDRA KU CAB
74,31,16,31016,CHACSINKIN,PT,TERESITA MEDINA MUKUL,MARIA ALEJANDRA KU CAB
75,31,16,31016,CHACSINKIN,MC,Nombre Apellido Apellido,Nombre Apellido Apellido
76,31,16,31016,CHACSINKIN,MORENA,TERESITA MEDINA MUKUL,MARIA ALEJANDRA KU CAB
77,31,16,31016,CHACSINKIN,NAY,GLORIA JESIS MUKUL BORGES,MARIA LEIDY DEL SOCORRO YAH MAY
78,31,16,31016,CHACSINKIN,C_PAN_PRI_PRD_NAY,Nombre Apellido Apellido,Nombre Apellido Apellido
79,31,16,31016,CHACSINKIN,C_PAN_PRI_PRD,Nombre Apellido Apellido,Nombre Apellido Apellido
80,31,16,31016,CHACSINKIN,C_PAN_PRI_NAY,Nombre Apellido Apellido,Nombre Apellido Apellido
81,31,16,31016,CHACSINKIN,C_PAN_PRD_NAY,Nombre Apellido Apellido,Nombre Apellido Apellido
82,31,16,31016,CHACSINKIN,C_PRI_PRD_NAY,Nombre Apellido Apellido,Nombre Apellido Apellido
83,31,16,31016,CHACSINKIN,C_PAN_PRI,Nombre Apellido Apellido,Nombre Apellido Apellido
84,31,16,31016,CHACSINKIN,C_PAN_PRD,Nombre Apellido Apellido,Nombre Apellido Apellido
85,31,16,31016,CHACSINKIN,C_PRI_PRD,Nombre Apellido Apellido,Nombre Apellido Apellido
86,31,16,31016,CHACSINKIN,C_PAN_NAY,GLORIA JESUS MUKUL BORGES ,MARIA LEIDY DEL SOCORRO YAH MAY
87,31,16,31016,CHACSINKIN,C_PRI_NAY,Nombre Apellido Apellido,Nombre Apellido Apellido
88,31,16,31016,CHACSINKIN,C_PRD_NAY,Nombre Apellido Apellido,Nombre Apellido Apellido
89,31,16,31016,CHACSINKIN,C_PVEM_PT_MORENA,TERESITA MEDINA MUKUL,MARIA ALEJANDRA KU CAB
90,31,16,31016,CHACSINKIN,C_PVEM_PT,TERESITA MEDINA MUKUL,MARIA ALEJANDRA KU CAB
91,31,16,31016,CHACSINKIN,C_PVEM_MORENA,TERESITA MEDINA MUKUL,MARIA ALEJANDRA KU CAB
92,31,16,31016,CHACSINKIN,C_PT_MORENA,TERESITA MEDINA MUKUL,MARIA ALEJANDRA KU CAB
93,31,17,31017,CHANKOM,PAN,CONCEPCION TAMAY NOH,MARIA ESTELA CAAMAL TUN
94,31,17,31017,CHANKOM,PRI,CONCEPCION TAMAY NOH,MARIA ESTELA CAAMAL TUN 
95,31,17,31017,CHANKOM,PRD,Nombre Apellido Apellido,Nombre Apellido Apellido
96,31,17,31017,CHANKOM,PVEM,Nombre Apellido Apellido,Nombre Apellido Apellido
97,31,17,31017,CHANKOM,PT,MANUEL JESUS CASTRO EK,NEMESIO CHI PAT
98,31,17,31017,CHANKOM,MC,Nombre Apellido Apellido,Nombre Apellido Apellido
99,31,17,31017,CHANKOM,MORENA,MANUEL JESUS CASTRO EK ,NEMESIO CHI PAT
100,31,17,31017,CHANKOM,NAY,CONCEPCION TAMAY NOH,MARIA ESTELA CAAMAL TUN
101,31,17,31017,CHANKOM,C_PAN_PRI_PRD_NAY,Nombre Apellido Apellido,Nombre Apellido Apellido
102,31,17,31017,CHANKOM,C_PAN_PRI_PRD,Nombre Apellido Apellido,Nombre Apellido Apellido
103,31,17,31017,CHANKOM,C_PAN_PRI_NAY,CONCEPCION TAMAY NOH,MARIA ESTELA CAAMAL TUN
104,31,17,31017,CHANKOM,C_PAN_PRD_NAY,Nombre Apellido Apellido,Nombre Apellido Apellido
105,31,17,31017,CHANKOM,C_PRI_PRD_NAY,Nombre Apellido Apellido,Nombre Apellido Apellido
106,31,17,31017,CHANKOM,C_PAN_PRI,CONCEPCION TAMAY NOH,MARIA ESTELA CAAMAL TUN
107,31,17,31017,CHANKOM,C_PAN_PRD,Nombre Apellido Apellido,Nombre Apellido Apellido
108,31,17,31017,CHANKOM,C_PRI_PRD,Nombre Apellido Apellido,Nombre Apellido Apellido
109,31,17,31017,CHANKOM,C_PAN_NAY,CONCEPCION TAMAY NOH,MARIA ESTELA CAAMAL TUN
110,31,17,31017,CHANKOM,C_PRI_NAY,CONCEPCION TAMAY NOH,MARIA ESTELA CAAMAL TUN
111,31,17,31017,CHANKOM,C_PRD_NAY,Nombre Apellido Apellido,Nombre Apellido Apellido
112,31,17,31017,CHANKOM,C_PVEM_PT_MORENA,Nombre Apellido Apellido,Nombre Apellido Apellido
113,31,17,31017,CHANKOM,C_PVEM_PT,Nombre Apellido Apellido,Nombre Apellido Apellido
114,31,17,31017,CHANKOM,C_PVEM_MORENA,Nombre Apellido Apellido,Nombre Apellido Apellido
115,31,17,31017,CHANKOM,C_PT_MORENA,MANUEL CASTRO EK ,NEMESIO CHI PAT
1818,31,18,31018,CHAPAB,PAN,NEYDI YAMILI YAM PACHECO,DAYVI MAGDALENA SALAZAR TUZ
1819,31,18,31018,CHAPAB,PRI,JORGE MANUEL SALAZAR PUC,ROLANDO ALEJANDRO MATOS LLLANES
1820,31,18,31018,CHAPAB,PRD,Nombre Apellido Apellido,Nombre Apellido Apellido
1821,31,18,31018,CHAPAB,PVEM,Nombre Apellido Apellido,Nombre Apellido Apellido
1822,31,18,31018,CHAPAB,PT,CESAR ASUNCION ACOSTA SANTOS,JOSE TRANSITO SALAZAR UICAB
1823,31,18,31018,CHAPAB,MC,Nombre Apellido Apellido,Nombre Apellido Apellido
1824,31,18,31018,CHAPAB,MORENA,CESAR ASUNCION ACOSTA SANTOS,JOSE TRANSITO SALAZAR UICAB
1825,31,18,31018,CHAPAB,NAY,NEYDI YAMILI YAM PACHECO,DAYVI MAGDALENA SALAZAR TUZ 
1826,31,18,31018,CHAPAB,C_PAN_PRI_PRD_NAY,Nombre Apellido Apellido,Nombre Apellido Apellido
1827,31,18,31018,CHAPAB,C_PAN_PRI_PRD,Nombre Apellido Apellido,Nombre Apellido Apellido
1828,31,18,31018,CHAPAB,C_PAN_PRI_NAY,Nombre Apellido Apellido,Nombre Apellido Apellido
1829,31,18,31018,CHAPAB,C_PAN_PRD_NAY,Nombre Apellido Apellido,Nombre Apellido Apellido
1830,31,18,31018,CHAPAB,C_PRI_PRD_NAY,Nombre Apellido Apellido,Nombre Apellido Apellido
1831,31,18,31018,CHAPAB,C_PAN_PRI,Nombre Apellido Apellido,Nombre Apellido Apellido
1832,31,18,31018,CHAPAB,C_PAN_PRD,Nombre Apellido Apellido,Nombre Apellido Apellido
1833,31,18,31018,CHAPAB,C_PRI_PRD,Nombre Apellido Apellido,Nombre Apellido Apellido
1834,31,18,31018,CHAPAB,C_PAN_NAY,NEYDU YAMILI YAM PACHECO,DAYVI MAGDALENA SALAZAR TUZ
1835,31,18,31018,CHAPAB,C_PRI_NAY,Nombre Apellido Apellido,Nombre Apellido Apellido
1836,31,18,31018,CHAPAB,C_PRD_NAY,Nombre Apellido Apellido,Nombre Apellido Apellido
1837,31,18,31018,CHAPAB,C_PVEM_PT_MORENA,Nombre Apellido Apellido,Nombre Apellido Apellido
1838,31,18,31018,CHAPAB,C_PVEM_PT,Nombre Apellido Apellido,Nombre Apellido Apellido
1839,31,18,31018,CHAPAB,C_PVEM_MORENA,Nombre Apellido Apellido,Nombre Apellido Apellido
1840,31,18,31018,CHAPAB,C_PT_MORENA,CESAR ASUNCION ACOSTA SANTOS,JOSE TRANSITO SALAZAR UICAB 
116,31,19,31019,CHEMAX,PAN,RICARDO BALAM CHI,JOSE MERCEDES CANCHE PUC
117,31,19,31019,CHEMAX,PRI,EMILIO RIVERO XIU,JORGE CELIANO KUMUL CUPUL
118,31,19,31019,CHEMAX,PRD,BATRIZ CASTILLO PECH,ELDA VIRGINIA KUMUL UITZIL
119,31,19,31019,CHEMAX,PVEM,VALENTINA PECH PECH,SILVINA CHIMAL POOT
120,31,19,31019,CHEMAX,PT,VALENTINA PECH PECH,SILVINA CHIMAL POOT
121,31,19,31019,CHEMAX,MC,CECILIA PECH CHUC,MAGDALENA CHAN COHUO
122,31,19,31019,CHEMAX,MORENA,JESUS MANUEL CANCHE CANCHE,MIGUEL CAAMAL PAAT
123,31,19,31019,CHEMAX,NAY,BATRIZ CASTILLO PECH,ELDA VIRGINIA KUMUL UITZIL
124,31,19,31019,CHEMAX,C_PAN_PRI_PRD_NAY,Nombre Apellido Apellido,Nombre Apellido Apellido
125,31,19,31019,CHEMAX,C_PAN_PRI_PRD,Nombre Apellido Apellido,Nombre Apellido Apellido
126,31,19,31019,CHEMAX,C_PAN_PRI_NAY,Nombre Apellido Apellido,Nombre Apellido Apellido
127,31,19,31019,CHEMAX,C_PAN_PRD_NAY,Nombre Apellido Apellido,Nombre Apellido Apellido
128,31,19,31019,CHEMAX,C_PRI_PRD_NAY,Nombre Apellido Apellido,Nombre Apellido Apellido
129,31,19,31019,CHEMAX,C_PAN_PRI,Nombre Apellido Apellido,Nombre Apellido Apellido
130,31,19,31019,CHEMAX,C_PAN_PRD,Nombre Apellido Apellido,Nombre Apellido Apellido
131,31,19,31019,CHEMAX,C_PRI_PRD,Nombre Apellido Apellido,Nombre Apellido Apellido
132,31,19,31019,CHEMAX,C_PAN_NAY,Nombre Apellido Apellido,Nombre Apellido Apellido
133,31,19,31019,CHEMAX,C_PRI_NAY,Nombre Apellido Apellido,Nombre Apellido Apellido
134,31,19,31019,CHEMAX,C_PRD_NAY,BATRIZ CASTILLO PECH,ELDA VIRGINIA KUMUL UITZIL
135,31,19,31019,CHEMAX,C_PVEM_PT_MORENA,Nombre Apellido Apellido,Nombre Apellido Apellido
136,31,19,31019,CHEMAX,C_PVEM_PT,VALENTINA PECH PECH,SILVINA CHIMAL POOT
137,31,19,31019,CHEMAX,C_PVEM_MORENA,Nombre Apellido Apellido,Nombre Apellido Apellido
138,31,19,31019,CHEMAX,C_PT_MORENA,Nombre Apellido Apellido,Nombre Apellido Apellido
829,31,20,31020,CHICXULUB PUEBLO,PAN,AMILCAR ABRICEL REYES MARIN,JOSE ANTONIO QUIJANO ZAPATA
830,31,20,31020,CHICXULUB PUEBLO,PRI,Nombre Apellido Apellido,Nombre Apellido Apellido
831,31,20,31020,CHICXULUB PUEBLO,PRD,Nombre Apellido Apellido,Nombre Apellido Apellido
832,31,20,31020,CHICXULUB PUEBLO,PVEM,GUADALUPE DEL ROSARIO CANTO ALE,MARIA CONCEPCION CEN PUERTO
833,31,20,31020,CHICXULUB PUEBLO,PT,GUADALUPE DEL ROSARIO CANTO ALE,MARIA CONCEPCION CEN PUERTO
834,31,20,31020,CHICXULUB PUEBLO,MC,Nombre Apellido Apellido,Nombre Apellido Apellido
835,31,20,31020,CHICXULUB PUEBLO,MORENA,GUADALUPE DEL ROSARIO CANTO ALE,MARIA CONCEPCION CEN PUERTO
836,31,20,31020,CHICXULUB PUEBLO,NAY,Nombre Apellido Apellido,Nombre Apellido Apellido
837,31,20,31020,CHICXULUB PUEBLO,C_PAN_PRI_PRD_NAY,Nombre Apellido Apellido,Nombre Apellido Apellido
838,31,20,31020,CHICXULUB PUEBLO,C_PAN_PRI_PRD,Nombre Apellido Apellido,Nombre Apellido Apellido
839,31,20,31020,CHICXULUB PUEBLO,C_PAN_PRI_NAY,Nombre Apellido Apellido,Nombre Apellido Apellido
840,31,20,31020,CHICXULUB PUEBLO,C_PAN_PRD_NAY,Nombre Apellido Apellido,Nombre Apellido Apellido
841,31,20,31020,CHICXULUB PUEBLO,C_PRI_PRD_NAY,Nombre Apellido Apellido,Nombre Apellido Apellido
842,31,20,31020,CHICXULUB PUEBLO,C_PAN_PRI,Nombre Apellido Apellido,Nombre Apellido Apellido
843,31,20,31020,CHICXULUB PUEBLO,C_PAN_PRD,Nombre Apellido Apellido,Nombre Apellido Apellido
844,31,20,31020,CHICXULUB PUEBLO,C_PRI_PRD,Nombre Apellido Apellido,Nombre Apellido Apellido
845,31,20,31020,CHICXULUB PUEBLO,C_PAN_NAY,Nombre Apellido Apellido,Nombre Apellido Apellido
846,31,20,31020,CHICXULUB PUEBLO,C_PRI_NAY,Nombre Apellido Apellido,Nombre Apellido Apellido
847,31,20,31020,CHICXULUB PUEBLO,C_PRD_NAY,Nombre Apellido Apellido,Nombre Apellido Apellido
848,31,20,31020,CHICXULUB PUEBLO,C_PVEM_PT_MORENA,GUADALUPE DEL ROSARIO CANTO ALE,MARIA CONCEPCION CEN PUERTO
849,31,20,31020,CHICXULUB PUEBLO,C_PVEM_PT,GUADALUPE DEL ROSARIO CANTO ALE,MARIA CONCEPCION CEN PUERTO
850,31,20,31020,CHICXULUB PUEBLO,C_PVEM_MORENA,GUADALUPE DEL ROSARIO CANTO ALE,MARIA CONCEPCION CEN PUERTO
851,31,20,31020,CHICXULUB PUEBLO,C_PT_MORENA,GUADALUPE DEL ROSARIO CANTO ALE,MARIA CONCEPCION CEN PUERTO
139,31,21,31021,CHICHIMILA,PAN,KARINA BEATRIZ PACHECO JIMENEZ,ALBERTA CIAU CIAU
140,31,21,31021,CHICHIMILA,PRI,FRANCISCO MEDIDA MARTIN,RICARDO ENRIQUE MAY CIAU
141,31,21,31021,CHICHIMILA,PRD,KARINA BEATRIZ PACHECO JIMENEZ,ALBERTA CIAU CIAU
142,31,21,31021,CHICHIMILA,PVEM,ARNULFO CIAU CIAU,JOSE BENITO PUC DZIB
143,31,21,31021,CHICHIMILA,PT,LAURA PAT TUN,MAXIMILIANA TUN CIAU
144,31,21,31021,CHICHIMILA,MC,Nombre Apellido Apellido,Nombre Apellido Apellido
145,31,21,31021,CHICHIMILA,MORENA,LAURA PAT TUN,MAXIMILIANA TUN CIAU
146,31,21,31021,CHICHIMILA,NAY,KARINA BEATRIZ PACHECO JIMENEZ,ALBERTA CIAU CIAU
147,31,21,31021,CHICHIMILA,C_PAN_PRI_PRD_NAY,Nombre Apellido Apellido,Nombre Apellido Apellido
148,31,21,31021,CHICHIMILA,C_PAN_PRI_PRD,Nombre Apellido Apellido,Nombre Apellido Apellido
149,31,21,31021,CHICHIMILA,C_PAN_PRI_NAY,Nombre Apellido Apellido,Nombre Apellido Apellido
150,31,21,31021,CHICHIMILA,C_PAN_PRD_NAY,KARINA BEATRIZ PACHECO JIMENEZ,ALBERTA CIAU CIAU
151,31,21,31021,CHICHIMILA,C_PRI_PRD_NAY,Nombre Apellido Apellido,Nombre Apellido Apellido
152,31,21,31021,CHICHIMILA,C_PAN_PRI,Nombre Apellido Apellido,Nombre Apellido Apellido
153,31,21,31021,CHICHIMILA,C_PAN_PRD,LAURA PAT TUN,MAXIMILIANA TUN CIAU
154,31,21,31021,CHICHIMILA,C_PRI_PRD,Nombre Apellido Apellido,Nombre Apellido Apellido
155,31,21,31021,CHICHIMILA,C_PAN_NAY,KARINA BEATRIZ PACHECO JIMENEZ,ALBERTA CIAU CIAU
156,31,21,31021,CHICHIMILA,C_PRI_NAY,Nombre Apellido Apellido,Nombre Apellido Apellido
157,31,21,31021,CHICHIMILA,C_PRD_NAY,KARINA BEATRIZ PACHECO JIMENEZ,ALBERTA CIAU CIAU
158,31,21,31021,CHICHIMILA,C_PVEM_PT_MORENA,Nombre Apellido Apellido,Nombre Apellido Apellido
159,31,21,31021,CHICHIMILA,C_PVEM_PT,Nombre Apellido Apellido,Nombre Apellido Apellido
160,31,21,31021,CHICHIMILA,C_PVEM_MORENA,Nombre Apellido Apellido,Nombre Apellido Apellido
161,31,21,31021,CHICHIMILA,C_PT_MORENA,LAURA PAT TUN,MAXIMILIANA TUN CIAU
162,31,22,31022,CHIKINDZONOT,PAN,MARCIANA PECH PAT,LEIDY MARLENE KAUIL NOH
163,31,22,31022,CHIKINDZONOT,PRI,LUIS KAUIL CAHUM,FACUNDO UC CAHUM
164,31,22,31022,CHIKINDZONOT,PRD,Nombre Apellido Apellido,Nombre Apellido Apellido
165,31,22,31022,CHIKINDZONOT,PVEM,Nombre Apellido Apellido,Nombre Apellido Apellido
166,31,22,31022,CHIKINDZONOT,PT,BENITO CHAN CHUC,MARTA BEATRIZ POOT NIC
167,31,22,31022,CHIKINDZONOT,MC,Nombre Apellido Apellido,Nombre Apellido Apellido
168,31,22,31022,CHIKINDZONOT,MORENA,BENITO CHAN CHUC,MARTA BEATRIZ POOT NIC
169,31,22,31022,CHIKINDZONOT,NAY,MARCIANA PECH PAT,LEIDY MARLENE KAUIL NOH
170,31,22,31022,CHIKINDZONOT,C_PAN_PRI_PRD_NAY,Nombre Apellido Apellido,Nombre Apellido Apellido
171,31,22,31022,CHIKINDZONOT,C_PAN_PRI_PRD,Nombre Apellido Apellido,Nombre Apellido Apellido
172,31,22,31022,CHIKINDZONOT,C_PAN_PRI_NAY,Nombre Apellido Apellido,Nombre Apellido Apellido
173,31,22,31022,CHIKINDZONOT,C_PAN_PRD_NAY,Nombre Apellido Apellido,Nombre Apellido Apellido
174,31,22,31022,CHIKINDZONOT,C_PRI_PRD_NAY,Nombre Apellido Apellido,Nombre Apellido Apellido
175,31,22,31022,CHIKINDZONOT,C_PAN_PRI,Nombre Apellido Apellido,Nombre Apellido Apellido
176,31,22,31022,CHIKINDZONOT,C_PAN_PRD,Nombre Apellido Apellido,Nombre Apellido Apellido
177,31,22,31022,CHIKINDZONOT,C_PRI_PRD,Nombre Apellido Apellido,Nombre Apellido Apellido
178,31,22,31022,CHIKINDZONOT,C_PAN_NAY,MARCIANA PECH PAT,LEIDY MARLENE KAUIL NOH
179,31,22,31022,CHIKINDZONOT,C_PRI_NAY,Nombre Apellido Apellido,Nombre Apellido Apellido
180,31,22,31022,CHIKINDZONOT,C_PRD_NAY,Nombre Apellido Apellido,Nombre Apellido Apellido
181,31,22,31022,CHIKINDZONOT,C_PVEM_PT_MORENA,Nombre Apellido Apellido,Nombre Apellido Apellido
182,31,22,31022,CHIKINDZONOT,C_PVEM_PT,Nombre Apellido Apellido,Nombre Apellido Apellido
183,31,22,31022,CHIKINDZONOT,C_PVEM_MORENA,Nombre Apellido Apellido,Nombre Apellido Apellido
184,31,22,31022,CHIKINDZONOT,C_PT_MORENA,BENITO CHAN CHUC,MARTA BEATRIZ POOT NIC
1841,31,23,31023,CHOCHOLA,PAN,PEDRO ALCANTARA PECH ARAGON,ANGEL GUADALUPE UICAB QUINTAL
1842,31,23,31023,CHOCHOLA,PRI,ERWIN OBET MARTIN ALCOCER,ISIDRO ISMAEL QUINTAL QUINTAL
1843,31,23,31023,CHOCHOLA,PRD,Nombre Apellido Apellido,Nombre Apellido Apellido
1844,31,23,31023,CHOCHOLA,PVEM,JOSEFINA MARIBEL QUINTAL ROSADO,MARIA ALEJANDRA COBA SIMA
1845,31,23,31023,CHOCHOLA,PT,JOSEFINA MARIBEL QUINTAL ROSADO,MARIA ALEJANDRA COBA SIMA
1846,31,23,31023,CHOCHOLA,MC,Nombre Apellido Apellido,Nombre Apellido Apellido
1847,31,23,31023,CHOCHOLA,MORENA,JOSEFINA MARIBEL QUINTAL ROSADO,MARIA ALEJANDRA COBA SIMA
1848,31,23,31023,CHOCHOLA,NAY,MARIA ELIZABET YAM QUINTAL,MARIA ARMINDA TUN DZUL
1849,31,23,31023,CHOCHOLA,C_PAN_PRI_PRD_NAY,Nombre Apellido Apellido,Nombre Apellido Apellido
1850,31,23,31023,CHOCHOLA,C_PAN_PRI_PRD,Nombre Apellido Apellido,Nombre Apellido Apellido
1851,31,23,31023,CHOCHOLA,C_PAN_PRI_NAY,Nombre Apellido Apellido,Nombre Apellido Apellido
1852,31,23,31023,CHOCHOLA,C_PAN_PRD_NAY,Nombre Apellido Apellido,Nombre Apellido Apellido
1853,31,23,31023,CHOCHOLA,C_PRI_PRD_NAY,Nombre Apellido Apellido,Nombre Apellido Apellido
1854,31,23,31023,CHOCHOLA,C_PAN_PRI,Nombre Apellido Apellido,Nombre Apellido Apellido
1855,31,23,31023,CHOCHOLA,C_PAN_PRD,Nombre Apellido Apellido,Nombre Apellido Apellido
1856,31,23,31023,CHOCHOLA,C_PRI_PRD,Nombre Apellido Apellido,Nombre Apellido Apellido
1857,31,23,31023,CHOCHOLA,C_PAN_NAY,Nombre Apellido Apellido,Nombre Apellido Apellido
1858,31,23,31023,CHOCHOLA,C_PRI_NAY,Nombre Apellido Apellido,Nombre Apellido Apellido
1859,31,23,31023,CHOCHOLA,C_PRD_NAY,Nombre Apellido Apellido,Nombre Apellido Apellido
1860,31,23,31023,CHOCHOLA,C_PVEM_PT_MORENA,JOSEFINA MARIBEL QUINTAL ROSADO,MARIA ALEJANDRA COBA SIMA
1861,31,23,31023,CHOCHOLA,C_PVEM_PT,JOSEFINA MARIBEL QUINTAL ROSADO,MARIA ALEJANDRA COBA SIMA
1862,31,23,31023,CHOCHOLA,C_PVEM_MORENA,JOSEFINA MARIBEL QUINTAL ROSADO,MARIA ALEJANDRA COBA SIMA
1863,31,23,31023,CHOCHOLA,C_PT_MORENA,JOSEFINA MARIBEL QUINTAL ROSADO,MARIA ALEJANDRA COBA SIMA
1864,31,24,31024,CHUMAYEL,PAN,FLORA ARACELLY CANCHE BRICEÑO,CINDY JOANA TUYUB XICUM
1865,31,24,31024,CHUMAYEL,PRI,FLORA ARACELLY CANCHE BRICEÑO,CINDY JOANA TUYUB XICUM
1866,31,24,31024,CHUMAYEL,PRD,Nombre Apellido Apellido,Nombre Apellido Apellido
1867,31,24,31024,CHUMAYEL,PVEM,RICARDO ABRAHAM PERAZA VAZQUEZ,ROBERTO ANTONIO CHAN PERAZA
1868,31,24,31024,CHUMAYEL,PT,MANUEL ANTONIO COBA MIS,FELIPE ARCANGER EK EK
1869,31,24,31024,CHUMAYEL,MC,Nombre Apellido Apellido,Nombre Apellido Apellido
1870,31,24,31024,CHUMAYEL,MORENA,CLEMENTE JULIAN CANO CHAN,ANASTACIA TUZ ITZA
1871,31,24,31024,CHUMAYEL,NAY,FLORA ARACELLY CANCHE BRICEÑO,CINDY JOANA TUYEB XICUM
1872,31,24,31024,CHUMAYEL,C_PAN_PRI_PRD_NAY,Nombre Apellido Apellido,Nombre Apellido Apellido
1873,31,24,31024,CHUMAYEL,C_PAN_PRI_PRD,Nombre Apellido Apellido,Nombre Apellido Apellido
1874,31,24,31024,CHUMAYEL,C_PAN_PRI_NAY,FLORA ARACELLY CANCHE BRICEÑO,CINDY JOANA TUYEB XICUM
1875,31,24,31024,CHUMAYEL,C_PAN_PRD_NAY,Nombre Apellido Apellido,Nombre Apellido Apellido
1876,31,24,31024,CHUMAYEL,C_PRI_PRD_NAY,Nombre Apellido Apellido,Nombre Apellido Apellido
1877,31,24,31024,CHUMAYEL,C_PAN_PRI,FLORA ARACELLY CANCHE BRICEÑO,CINDY JOANA TUYEB XICUM
1878,31,24,31024,CHUMAYEL,C_PAN_PRD,Nombre Apellido Apellido,Nombre Apellido Apellido
1879,31,24,31024,CHUMAYEL,C_PRI_PRD,Nombre Apellido Apellido,Nombre Apellido Apellido
1880,31,24,31024,CHUMAYEL,C_PAN_NAY,FLORA ARACELLY CANCHE BRICEÑO,CINDY JOANA TUYEB XICUM
1881,31,24,31024,CHUMAYEL,C_PRI_NAY,FLORA ARACELLY CANCHE BRICEÑO,CINDY JOANA TUYEB XICUM
1882,31,24,31024,CHUMAYEL,C_PRD_NAY,Nombre Apellido Apellido,Nombre Apellido Apellido
1883,31,24,31024,CHUMAYEL,C_PVEM_PT_MORENA,Nombre Apellido Apellido,Nombre Apellido Apellido
1884,31,24,31024,CHUMAYEL,C_PVEM_PT,Nombre Apellido Apellido,Nombre Apellido Apellido
1885,31,24,31024,CHUMAYEL,C_PVEM_MORENA,Nombre Apellido Apellido,Nombre Apellido Apellido
1886,31,24,31024,CHUMAYEL,C_PT_MORENA,Nombre Apellido Apellido,Nombre Apellido Apellido
1887,31,25,31025,DZAN,PAN,CARLOS AUGUSTO PAREDES PARRA,JOSE ANANIAS KU PANTI
1888,31,25,31025,DZAN,PRI,JOSE ANTONIO PEREZ CABRERA,ANA BEATRIZ TZEC INTERIAN
1889,31,25,31025,DZAN,PRD,JOSE ANTONIO PEREZ CABRERA,ANA BEATRIZ TZEC INTERIAN
1890,31,25,31025,DZAN,PVEM,ROSA MARIA PERAZA MANRIQUE,GUADALUPE CHUC INTERIAN 
1891,31,25,31025,DZAN,PT,ROSA MARIA PERAZA MANRIQUE,GUADALUPE CHUC INTERIAN 
1892,31,25,31025,DZAN,MC,Nombre Apellido Apellido,Nombre Apellido Apellido
1893,31,25,31025,DZAN,MORENA,ROSA MARIA PERAZA MANRIQUE,GUADALUPE CHUC INTERIAN 
1894,31,25,31025,DZAN,NAY,Nombre Apellido Apellido,Nombre Apellido Apellido
1895,31,25,31025,DZAN,C_PAN_PRI_PRD_NAY,Nombre Apellido Apellido,Nombre Apellido Apellido
1896,31,25,31025,DZAN,C_PAN_PRI_PRD,Nombre Apellido Apellido,Nombre Apellido Apellido
1897,31,25,31025,DZAN,C_PAN_PRI_NAY,Nombre Apellido Apellido,Nombre Apellido Apellido
1898,31,25,31025,DZAN,C_PAN_PRD_NAY,Nombre Apellido Apellido,Nombre Apellido Apellido
1899,31,25,31025,DZAN,C_PRI_PRD_NAY,Nombre Apellido Apellido,Nombre Apellido Apellido
1900,31,25,31025,DZAN,C_PAN_PRI,Nombre Apellido Apellido,Nombre Apellido Apellido
1901,31,25,31025,DZAN,C_PAN_PRD,CARLOS AUGUSTO PAREDES PARRA,Nombre Apellido Apellido
1902,31,25,31025,DZAN,C_PRI_PRD,JOSE ANTONIO PEREZ CABRERA,ANA BEATRIZ TZEC INTERIAN
1903,31,25,31025,DZAN,C_PAN_NAY,Nombre Apellido Apellido,Nombre Apellido Apellido
1904,31,25,31025,DZAN,C_PRI_NAY,Nombre Apellido Apellido,Nombre Apellido Apellido
1905,31,25,31025,DZAN,C_PRD_NAY,Nombre Apellido Apellido,Nombre Apellido Apellido
1906,31,25,31025,DZAN,C_PVEM_PT_MORENA,ROSA MARIA PERAZA MANRIQUE,GUADALUPE CHUC INTERIAN 
1907,31,25,31025,DZAN,C_PVEM_PT,ROSA MARIA PERAZA MANRIQUE,GUADALUPE CHUC INTERIAN 
1908,31,25,31025,DZAN,C_PVEM_MORENA,ROSA MARIA PERAZA MANRIQUE,GUADALUPE CHUC INTERIAN 
1909,31,25,31025,DZAN,C_PT_MORENA,ROSA MARIA PERAZA MANRIQUE,GUADALUPE CHUC INTERIAN 
852,31,26,31026,DZEMUL,PAN,BERTHA EUGENIA XIX CHAN,ELSY FRANCISCA RIVERA SANCHEZ
853,31,26,31026,DZEMUL,PRI,BERTHA EUGENIA XIX CHAN,ELSY FRANCISCA RIVERA SANCHEZ
854,31,26,31026,DZEMUL,PRD,Nombre Apellido Apellido,Nombre Apellido Apellido
855,31,26,31026,DZEMUL,PVEM,Nombre Apellido Apellido,Nombre Apellido Apellido
856,31,26,31026,DZEMUL,PT,Nombre Apellido Apellido,Nombre Apellido Apellido
857,31,26,31026,DZEMUL,MC,JOSE WILBERTO FLOTA AKE ,PEDRO GUALBERTO ORTEGA CANTO
858,31,26,31026,DZEMUL,MORENA,YUNTZIL DONATO AKE MARTINEZ,JOSE MARTIN ALOR CUA
859,31,26,31026,DZEMUL,NAY,BERTHA EUGENIA XIX CHAN,ELSY FRANCISCA RIVERA SANCHEZ
860,31,26,31026,DZEMUL,C_PAN_PRI_PRD_NAY,Nombre Apellido Apellido,Nombre Apellido Apellido
861,31,26,31026,DZEMUL,C_PAN_PRI_PRD,Nombre Apellido Apellido,Nombre Apellido Apellido
862,31,26,31026,DZEMUL,C_PAN_PRI_NAY,BERTHA EUGENIA XIX CHAN,ELSY FRANCISCA RIVERA SANCHEZ
863,31,26,31026,DZEMUL,C_PAN_PRD_NAY,Nombre Apellido Apellido,Nombre Apellido Apellido
864,31,26,31026,DZEMUL,C_PRI_PRD_NAY,Nombre Apellido Apellido,Nombre Apellido Apellido
865,31,26,31026,DZEMUL,C_PAN_PRI,BERTHA EUGENIA XIX CHAN,ELSY FRANCISCA RIVERA SANCHEZ
866,31,26,31026,DZEMUL,C_PAN_PRD,Nombre Apellido Apellido,Nombre Apellido Apellido
867,31,26,31026,DZEMUL,C_PRI_PRD,Nombre Apellido Apellido,Nombre Apellido Apellido
868,31,26,31026,DZEMUL,C_PAN_NAY,BERTHA EUGENIA XIX CHAN,ELSY FRANCISCA RIVERA SANCHEZ
869,31,26,31026,DZEMUL,C_PRI_NAY,BERTHA EUGENIA XIX CHAN,ELSY FRANCISCA RIVERA SANCHEZ
870,31,26,31026,DZEMUL,C_PRD_NAY,Nombre Apellido Apellido,Nombre Apellido Apellido
871,31,26,31026,DZEMUL,C_PVEM_PT_MORENA,Nombre Apellido Apellido,Nombre Apellido Apellido
872,31,26,31026,DZEMUL,C_PVEM_PT,Nombre Apellido Apellido,Nombre Apellido Apellido
873,31,26,31026,DZEMUL,C_PVEM_MORENA,Nombre Apellido Apellido,Nombre Apellido Apellido
874,31,26,31026,DZEMUL,C_PT_MORENA,Nombre Apellido Apellido,Nombre Apellido Apellido
875,31,27,31027,DZIDZANTUN,PAN,LORENA BEATRIZ MENDEZ CANTO,ESLI ABIGAIL CORTES ANGULO
876,31,27,31027,DZIDZANTUN,PRI,SILVIA FELIPA PEREIRA SOSA,LORENZA MARLENE CHAN PECH 
877,31,27,31027,DZIDZANTUN,PRD,Nombre Apellido Apellido,Nombre Apellido Apellido
878,31,27,31027,DZIDZANTUN,PVEM,Nombre Apellido Apellido,Nombre Apellido Apellido
879,31,27,31027,DZIDZANTUN,PT,Nombre Apellido Apellido,Nombre Apellido Apellido
880,31,27,31027,DZIDZANTUN,MC,ELBA WIGELMI BORGES ZALDIVAR,RITA ACACIA PECH FLORES
881,31,27,31027,DZIDZANTUN,MORENA,ANGEL RODULFO GUERRERO VIVAS,JOSE CARLOS LUGO MAY
882,31,27,31027,DZIDZANTUN,NAY,LORENA BEATRIZ MENDEZ CANTO,ESLI ABIGAIL CORTES ANGULO
883,31,27,31027,DZIDZANTUN,C_PAN_PRI_PRD_NAY,Nombre Apellido Apellido,Nombre Apellido Apellido
884,31,27,31027,DZIDZANTUN,C_PAN_PRI_PRD,Nombre Apellido Apellido,Nombre Apellido Apellido
885,31,27,31027,DZIDZANTUN,C_PAN_PRI_NAY,Nombre Apellido Apellido,Nombre Apellido Apellido
886,31,27,31027,DZIDZANTUN,C_PAN_PRD_NAY,Nombre Apellido Apellido,Nombre Apellido Apellido
887,31,27,31027,DZIDZANTUN,C_PRI_PRD_NAY,Nombre Apellido Apellido,Nombre Apellido Apellido
888,31,27,31027,DZIDZANTUN,C_PAN_PRI,Nombre Apellido Apellido,Nombre Apellido Apellido
889,31,27,31027,DZIDZANTUN,C_PAN_PRD,Nombre Apellido Apellido,Nombre Apellido Apellido
890,31,27,31027,DZIDZANTUN,C_PRI_PRD,Nombre Apellido Apellido,Nombre Apellido Apellido
891,31,27,31027,DZIDZANTUN,C_PAN_NAY,LORENA BEATRIZ MENDEZ CANTO,ESLI ABIGAIL CORTES ANGULO
892,31,27,31027,DZIDZANTUN,C_PRI_NAY,Nombre Apellido Apellido,Nombre Apellido Apellido
893,31,27,31027,DZIDZANTUN,C_PRD_NAY,Nombre Apellido Apellido,Nombre Apellido Apellido
894,31,27,31027,DZIDZANTUN,C_PVEM_PT_MORENA,Nombre Apellido Apellido,Nombre Apellido Apellido
895,31,27,31027,DZIDZANTUN,C_PVEM_PT,Nombre Apellido Apellido,Nombre Apellido Apellido
896,31,27,31027,DZIDZANTUN,C_PVEM_MORENA,Nombre Apellido Apellido,Nombre Apellido Apellido
897,31,27,31027,DZIDZANTUN,C_PT_MORENA,Nombre Apellido Apellido,Nombre Apellido Apellido
898,31,28,31028,DZILAM DE BRAVO,PAN,FLORITA DEL PILAR LOPEZ TREJO,HIPOLITA SOSA BETANZO
899,31,28,31028,DZILAM DE BRAVO,PRI,TERESA DEL JESUS GONZALEZ ALDECUA,CONCEPCION DEL CARMEN MASSA ALCOCER
900,31,28,31028,DZILAM DE BRAVO,PRD,Nombre Apellido Apellido,Nombre Apellido Apellido
901,31,28,31028,DZILAM DE BRAVO,PVEM,SILVIA BEATRIZ MARRUFO GONZALEZ ,MARIA CANDELARIA GONZALEZ ANGULO
902,31,28,31028,DZILAM DE BRAVO,PT,SILVIA BEATRIZ MARRUFO GONZALEZ ,MARIA CANDELARIA GONZALEZ ANGULO
903,31,28,31028,DZILAM DE BRAVO,MC,JOSE GERONIMO MEDINA TREJO,GABRIEL PASTRANA SABIDO
904,31,28,31028,DZILAM DE BRAVO,MORENA,SILVIA BEATRIZ MARRUFO GONZALEZ ,MARIA CANDELARIA GONZALEZ ANGULO
905,31,28,31028,DZILAM DE BRAVO,NAY,MARTIN GUADALUPE ESTRADA SANCHEZ,JUAN JOSE MARRUFO BETANCOURT
906,31,28,31028,DZILAM DE BRAVO,C_PAN_PRI_PRD_NAY,Nombre Apellido Apellido,Nombre Apellido Apellido
907,31,28,31028,DZILAM DE BRAVO,C_PAN_PRI_PRD,Nombre Apellido Apellido,Nombre Apellido Apellido
908,31,28,31028,DZILAM DE BRAVO,C_PAN_PRI_NAY,Nombre Apellido Apellido,Nombre Apellido Apellido
909,31,28,31028,DZILAM DE BRAVO,C_PAN_PRD_NAY,Nombre Apellido Apellido,Nombre Apellido Apellido
910,31,28,31028,DZILAM DE BRAVO,C_PRI_PRD_NAY,Nombre Apellido Apellido,Nombre Apellido Apellido
911,31,28,31028,DZILAM DE BRAVO,C_PAN_PRI,Nombre Apellido Apellido,Nombre Apellido Apellido
912,31,28,31028,DZILAM DE BRAVO,C_PAN_PRD,Nombre Apellido Apellido,Nombre Apellido Apellido
913,31,28,31028,DZILAM DE BRAVO,C_PRI_PRD,Nombre Apellido Apellido,Nombre Apellido Apellido
914,31,28,31028,DZILAM DE BRAVO,C_PAN_NAY,Nombre Apellido Apellido,Nombre Apellido Apellido
915,31,28,31028,DZILAM DE BRAVO,C_PRI_NAY,Nombre Apellido Apellido,Nombre Apellido Apellido
916,31,28,31028,DZILAM DE BRAVO,C_PRD_NAY,Nombre Apellido Apellido,Nombre Apellido Apellido
917,31,28,31028,DZILAM DE BRAVO,C_PVEM_PT_MORENA,SILVIA BEATRIZ MARRUFO GONZALEZ ,MARIA CANDELARIA GONZALEZ ANGULO
918,31,28,31028,DZILAM DE BRAVO,C_PVEM_PT,SILVIA BEATRIZ MARRUFO GONZALEZ ,MARIA CANDELARIA GONZALEZ ANGULO
919,31,28,31028,DZILAM DE BRAVO,C_PVEM_MORENA,SILVIA BEATRIZ MARRUFO GONZALEZ ,MARIA CANDELARIA GONZALEZ ANGULO
920,31,28,31028,DZILAM DE BRAVO,C_PT_MORENA,SILVIA BEATRIZ MARRUFO GONZALEZ ,MARIA CANDELARIA GONZALEZ ANGULO
921,31,29,31029,DZILAM GONZALEZ,PAN,LILIA GUADALUPE PERAZA KUMAN,ANSELMA ANTONIA NOH VARGUEZ
922,31,29,31029,DZILAM GONZALEZ,PRI,ANDREA ISELA ESTREDA ALAMILLA,HEYDA MARIA OSORIO NOH
923,31,29,31029,DZILAM GONZALEZ,PRD,Nombre Apellido Apellido,Nombre Apellido Apellido
924,31,29,31029,DZILAM GONZALEZ,PVEM,Nombre Apellido Apellido,Nombre Apellido Apellido
925,31,29,31029,DZILAM GONZALEZ,PT,Nombre Apellido Apellido,Nombre Apellido Apellido
926,31,29,31029,DZILAM GONZALEZ,MC,Nombre Apellido Apellido,Nombre Apellido Apellido
927,31,29,31029,DZILAM GONZALEZ,MORENA,ESAU DZIB REYES,MELQUISEDEC REYES TREJO
928,31,29,31029,DZILAM GONZALEZ,NAY,JOB JOEL POOT KUK,DARWIN MIGUEL CARRILLO BARRERA 
929,31,29,31029,DZILAM GONZALEZ,C_PAN_PRI_PRD_NAY,Nombre Apellido Apellido,Nombre Apellido Apellido
930,31,29,31029,DZILAM GONZALEZ,C_PAN_PRI_PRD,Nombre Apellido Apellido,Nombre Apellido Apellido
931,31,29,31029,DZILAM GONZALEZ,C_PAN_PRI_NAY,Nombre Apellido Apellido,Nombre Apellido Apellido
932,31,29,31029,DZILAM GONZALEZ,C_PAN_PRD_NAY,Nombre Apellido Apellido,Nombre Apellido Apellido
933,31,29,31029,DZILAM GONZALEZ,C_PRI_PRD_NAY,Nombre Apellido Apellido,Nombre Apellido Apellido
934,31,29,31029,DZILAM GONZALEZ,C_PAN_PRI,Nombre Apellido Apellido,Nombre Apellido Apellido
935,31,29,31029,DZILAM GONZALEZ,C_PAN_PRD,Nombre Apellido Apellido,Nombre Apellido Apellido
936,31,29,31029,DZILAM GONZALEZ,C_PRI_PRD,Nombre Apellido Apellido,Nombre Apellido Apellido
937,31,29,31029,DZILAM GONZALEZ,C_PAN_NAY,Nombre Apellido Apellido,Nombre Apellido Apellido
938,31,29,31029,DZILAM GONZALEZ,C_PRI_NAY,Nombre Apellido Apellido,Nombre Apellido Apellido
939,31,29,31029,DZILAM GONZALEZ,C_PRD_NAY,Nombre Apellido Apellido,Nombre Apellido Apellido
940,31,29,31029,DZILAM GONZALEZ,C_PVEM_PT_MORENA,Nombre Apellido Apellido,Nombre Apellido Apellido
941,31,29,31029,DZILAM GONZALEZ,C_PVEM_PT,Nombre Apellido Apellido,Nombre Apellido Apellido
942,31,29,31029,DZILAM GONZALEZ,C_PVEM_MORENA,Nombre Apellido Apellido,Nombre Apellido Apellido
943,31,29,31029,DZILAM GONZALEZ,C_PT_MORENA,Nombre Apellido Apellido,Nombre Apellido Apellido
185,31,30,31030,DZITAS,PAN,JUAN FRANCISCO PEREZ KOH,MIGUEL ALEJANDRO SANCHEZ MEDINA
186,31,30,31030,DZITAS,PRI,AZUCENA PEREZ HAU,DULCE CECILIA GUILLEN CIAU
187,31,30,31030,DZITAS,PRD,Nombre Apellido Apellido,Nombre Apellido Apellido
188,31,30,31030,DZITAS,PVEM,MARIA DEL SOL CHAN CAB,NELSY GUILLERMINA DZUL CAUICH
189,31,30,31030,DZITAS,PT,MARIA DEL SOL CHAN CAB,NELSY GUILLERMINA DZUL CAUICH
190,31,30,31030,DZITAS,MC,Nombre Apellido Apellido,Nombre Apellido Apellido
191,31,30,31030,DZITAS,MORENA,MARIA DEL SOL CHAN CAB,NELSY GUILLERMINA DZUL CAUICH
192,31,30,31030,DZITAS,NAY,Nombre Apellido Apellido,Nombre Apellido Apellido
193,31,30,31030,DZITAS,C_PAN_PRI_PRD_NAY,Nombre Apellido Apellido,Nombre Apellido Apellido
194,31,30,31030,DZITAS,C_PAN_PRI_PRD,Nombre Apellido Apellido,Nombre Apellido Apellido
195,31,30,31030,DZITAS,C_PAN_PRI_NAY,Nombre Apellido Apellido,Nombre Apellido Apellido
196,31,30,31030,DZITAS,C_PAN_PRD_NAY,Nombre Apellido Apellido,Nombre Apellido Apellido
197,31,30,31030,DZITAS,C_PRI_PRD_NAY,Nombre Apellido Apellido,Nombre Apellido Apellido
198,31,30,31030,DZITAS,C_PAN_PRI,Nombre Apellido Apellido,Nombre Apellido Apellido
199,31,30,31030,DZITAS,C_PAN_PRD,Nombre Apellido Apellido,Nombre Apellido Apellido
200,31,30,31030,DZITAS,C_PRI_PRD,Nombre Apellido Apellido,Nombre Apellido Apellido
201,31,30,31030,DZITAS,C_PAN_NAY,Nombre Apellido Apellido,Nombre Apellido Apellido
202,31,30,31030,DZITAS,C_PRI_NAY,Nombre Apellido Apellido,Nombre Apellido Apellido
203,31,30,31030,DZITAS,C_PRD_NAY,Nombre Apellido Apellido,Nombre Apellido Apellido
204,31,30,31030,DZITAS,C_PVEM_PT_MORENA,MARIA DEL SOL CHAN CAB,NELSY GUILLERMINA DZUL CAUICH
205,31,30,31030,DZITAS,C_PVEM_PT,MARIA DEL SOL CHAN CAB,NELSY GUILLERMINA DZUL CAUICH
206,31,30,31030,DZITAS,C_PVEM_MORENA,MARIA DEL SOL CHAN CAB,NELSY GUILLERMINA DZUL CAUICH
207,31,30,31030,DZITAS,C_PT_MORENA,MARIA DEL SOL CHAN CAB,NELSY GUILLERMINA DZUL CAUICH
944,31,31,31031,DZONCAUICH,PAN,FRANCISCO CHIN ESCALANTE,JOSE RODRIGO RODRIGUEZ POLANCO
945,31,31,31031,DZONCAUICH,PRI,SERGIO COHUO ZAVALA,CHRISTOPHER ANTONIO POOT CANCHE
946,31,31,31031,DZONCAUICH,PRD,Nombre Apellido Apellido,Nombre Apellido Apellido
947,31,31,31031,DZONCAUICH,PVEM,EDUARDO ARON DIAZ SANTOS,BERNARDINO JOEL COHUO ZAVALA
948,31,31,31031,DZONCAUICH,PT,EDUARDO ARON DIAZ SANTOS,BERNARDINO JOEL COHUO ZAVALA
949,31,31,31031,DZONCAUICH,MC,ARACELY CERVANTES PECH,ELADIA ISABEL HUCHIM CANCHE
950,31,31,31031,DZONCAUICH,MORENA,EDUARDO ARON DIAZ SANTOS,BERNARDINO JOEL COHUO ZAVALA
951,31,31,31031,DZONCAUICH,NAY,Nombre Apellido Apellido,Nombre Apellido Apellido
952,31,31,31031,DZONCAUICH,C_PAN_PRI_PRD_NAY,Nombre Apellido Apellido,Nombre Apellido Apellido
953,31,31,31031,DZONCAUICH,C_PAN_PRI_PRD,Nombre Apellido Apellido,Nombre Apellido Apellido
954,31,31,31031,DZONCAUICH,C_PAN_PRI_NAY,Nombre Apellido Apellido,Nombre Apellido Apellido
955,31,31,31031,DZONCAUICH,C_PAN_PRD_NAY,Nombre Apellido Apellido,Nombre Apellido Apellido
956,31,31,31031,DZONCAUICH,C_PRI_PRD_NAY,Nombre Apellido Apellido,Nombre Apellido Apellido
957,31,31,31031,DZONCAUICH,C_PAN_PRI,Nombre Apellido Apellido,Nombre Apellido Apellido
958,31,31,31031,DZONCAUICH,C_PAN_PRD,Nombre Apellido Apellido,Nombre Apellido Apellido
959,31,31,31031,DZONCAUICH,C_PRI_PRD,Nombre Apellido Apellido,Nombre Apellido Apellido
960,31,31,31031,DZONCAUICH,C_PAN_NAY,Nombre Apellido Apellido,Nombre Apellido Apellido
961,31,31,31031,DZONCAUICH,C_PRI_NAY,Nombre Apellido Apellido,Nombre Apellido Apellido
962,31,31,31031,DZONCAUICH,C_PRD_NAY,Nombre Apellido Apellido,Nombre Apellido Apellido
963,31,31,31031,DZONCAUICH,C_PVEM_PT_MORENA,EDUARDO ARON DIAZ SANTOS,BERNARDINO JOEL COHUO ZAVALA
964,31,31,31031,DZONCAUICH,C_PVEM_PT,EDUARDO ARON DIAZ SANTOS,BERNARDINO JOEL COHUO ZAVALA
965,31,31,31031,DZONCAUICH,C_PVEM_MORENA,EDUARDO ARON DIAZ SANTOS,BERNARDINO JOEL COHUO ZAVALA
966,31,31,31031,DZONCAUICH,C_PT_MORENA,EDUARDO ARON DIAZ SANTOS,BERNARDINO JOEL COHUO ZAVALA
208,31,32,31032,ESPITA,PAN,MARTHA EUGENIA MENA ALCOCER,MANUELA DE JESUS KU TAH
209,31,32,31032,ESPITA,PRI,VICTOR MANUEL CELMO LARA,JESUS MARTIN XXXX PEREZ
210,31,32,31032,ESPITA,PRD,Nombre Apellido Apellido,Nombre Apellido Apellido
211,31,32,31032,ESPITA,PVEM,MARIO ISAIAS SANCHEZ ESQUIVEL ,JOSE ALFREDO CHEL KU
212,31,32,31032,ESPITA,PT,NERY JOSEFINA TRIAY LUCATERO,WENDY LUCELI CELMO CUPUL
213,31,32,31032,ESPITA,MC,Nombre Apellido Apellido,Nombre Apellido Apellido
214,31,32,31032,ESPITA,MORENA,GUADALUPE IVONNE OSORNO MARTINEZ,DENIS HADET HUCHIN BATUN
215,31,32,31032,ESPITA,NAY,MARTHA EUGENIA MENA ALCOCER,MANUELA DE JESUS KU TAH
216,31,32,31032,ESPITA,C_PAN_PRI_PRD_NAY,Nombre Apellido Apellido,Nombre Apellido Apellido
217,31,32,31032,ESPITA,C_PAN_PRI_PRD,Nombre Apellido Apellido,Nombre Apellido Apellido
218,31,32,31032,ESPITA,C_PAN_PRI_NAY,Nombre Apellido Apellido,Nombre Apellido Apellido
219,31,32,31032,ESPITA,C_PAN_PRD_NAY,Nombre Apellido Apellido,Nombre Apellido Apellido
220,31,32,31032,ESPITA,C_PRI_PRD_NAY,Nombre Apellido Apellido,Nombre Apellido Apellido
221,31,32,31032,ESPITA,C_PAN_PRI,Nombre Apellido Apellido,Nombre Apellido Apellido
222,31,32,31032,ESPITA,C_PAN_PRD,Nombre Apellido Apellido,Nombre Apellido Apellido
223,31,32,31032,ESPITA,C_PRI_PRD,Nombre Apellido Apellido,Nombre Apellido Apellido
224,31,32,31032,ESPITA,C_PAN_NAY,MARTHA EUGENIA MENA ALCOCER,MANUELA DE JESUS KU TAH
225,31,32,31032,ESPITA,C_PRI_NAY,Nombre Apellido Apellido,Nombre Apellido Apellido
226,31,32,31032,ESPITA,C_PRD_NAY,Nombre Apellido Apellido,Nombre Apellido Apellido
227,31,32,31032,ESPITA,C_PVEM_PT_MORENA,Nombre Apellido Apellido,Nombre Apellido Apellido
228,31,32,31032,ESPITA,C_PVEM_PT,Nombre Apellido Apellido,Nombre Apellido Apellido
229,31,32,31032,ESPITA,C_PVEM_MORENA,Nombre Apellido Apellido,Nombre Apellido Apellido
230,31,32,31032,ESPITA,C_PT_MORENA,Nombre Apellido Apellido,Nombre Apellido Apellido
1910,31,33,31033,HALACHO,PAN,MELBA DEL ROSARIO ABRAHAM HOYOS,MARIA FELIX YAH MARTIN
1911,31,33,31033,HALACHO,PRI,RAUL FRANCISCO FAJARDO CASTILLO,MARIO EDILBERTO CAN CORTEZ
1912,31,33,31033,HALACHO,PRD,Nombre Apellido Apellido,Nombre Apellido Apellido
1913,31,33,31033,HALACHO,PVEM,ELSA MARIANA CAAMAL REJON,SILVIA MARIA POOL CANUL
1914,31,33,31033,HALACHO,PT,KEREN AIME KU FERNANDEZ,CARMINIA DEL ROSARIO KU MARTIN 
1915,31,33,31033,HALACHO,MC,GONZALO ARTEMIO TZEC KU,ARMANDO MARTINIANO HUCHIM HUCHIM
1916,31,33,31033,HALACHO,MORENA,ELSA MARIANA CAAMAL REJON ,SILVIA MARIA POOL CANUL 
1917,31,33,31033,HALACHO,NAY,RAUL FRANCISCO FAJARDO CASTILLO,MARIO EDILBERTO CAN CORTEZ
1918,31,33,31033,HALACHO,C_PAN_PRI_PRD_NAY,Nombre Apellido Apellido,Nombre Apellido Apellido
1919,31,33,31033,HALACHO,C_PAN_PRI_PRD,Nombre Apellido Apellido,Nombre Apellido Apellido
1920,31,33,31033,HALACHO,C_PAN_PRI_NAY,Nombre Apellido Apellido,Nombre Apellido Apellido
1921,31,33,31033,HALACHO,C_PAN_PRD_NAY,Nombre Apellido Apellido,Nombre Apellido Apellido
1922,31,33,31033,HALACHO,C_PRI_PRD_NAY,Nombre Apellido Apellido,Nombre Apellido Apellido
1923,31,33,31033,HALACHO,C_PAN_PRI,Nombre Apellido Apellido,Nombre Apellido Apellido
1924,31,33,31033,HALACHO,C_PAN_PRD,Nombre Apellido Apellido,Nombre Apellido Apellido
1925,31,33,31033,HALACHO,C_PRI_PRD,Nombre Apellido Apellido,Nombre Apellido Apellido
1926,31,33,31033,HALACHO,C_PAN_NAY,Nombre Apellido Apellido,Nombre Apellido Apellido
1927,31,33,31033,HALACHO,C_PRI_NAY,RAUL FRANCISCO FAJARDO CASTILLO,MARIO EDILBERTO CAN CORTEZ
1928,31,33,31033,HALACHO,C_PRD_NAY,Nombre Apellido Apellido,Nombre Apellido Apellido
1929,31,33,31033,HALACHO,C_PVEM_PT_MORENA,ELSA MARIANA CAAMAL REJON ,SILVIA MARIA POOL CANUL 
1930,31,33,31033,HALACHO,C_PVEM_PT,ELSA MARIANA CAAMAL REJON ,SILVIA MARIA POOL CANUL 
1931,31,33,31033,HALACHO,C_PVEM_MORENA,ELSA MARIANA CAAMAL REJON ,SILVIA MARIA POOL CANUL 
1932,31,33,31033,HALACHO,C_PT_MORENA,ELSA MARIANA CAAMAL REJON ,SILVIA MARIA POOL CANUL 
967,31,34,31034,HOCABA,PAN,EDUARDO ENRIQUE EUAN FRANCO,BRADLY SMARK UUH PECH
968,31,34,31034,HOCABA,PRI,EDUARDO ENRIQUE EUAN FRANCO,BRADLY SMARK UUH PECH
969,31,34,31034,HOCABA,PRD,EDUARDO ENRIQUE EUAN FRANCO,BRADLY SMARK UUH PECH
970,31,34,31034,HOCABA,PVEM,Nombre Apellido Apellido,Nombre Apellido Apellido
971,31,34,31034,HOCABA,PT,Nombre Apellido Apellido,Nombre Apellido Apellido
972,31,34,31034,HOCABA,MC,DANIELA MARILI PEREZ ECHEVERRIA,CINTHIA GUADALUPE CATZIM PEREZ
973,31,34,31034,HOCABA,MORENA,VICTOR JOSE CHAN CEN,JESUS ALBERTO POOL CANCHE 
974,31,34,31034,HOCABA,NAY,WILMA YOLANDA ECHEVERRIA YAH,IRMA BEATRIZ ANGULO MARIN
975,31,34,31034,HOCABA,C_PAN_PRI_PRD_NAY,Nombre Apellido Apellido,Nombre Apellido Apellido
976,31,34,31034,HOCABA,C_PAN_PRI_PRD,EDUARDO ENRIQUE EUAN FRANCO,BRADLY SMARK UUH PECH
977,31,34,31034,HOCABA,C_PAN_PRI_NAY,Nombre Apellido Apellido,Nombre Apellido Apellido
978,31,34,31034,HOCABA,C_PAN_PRD_NAY,Nombre Apellido Apellido,Nombre Apellido Apellido
979,31,34,31034,HOCABA,C_PRI_PRD_NAY,Nombre Apellido Apellido,Nombre Apellido Apellido
980,31,34,31034,HOCABA,C_PAN_PRI,EDUARDO ENRIQUE EUAN FRANCO,BRADLY SMARK UUH PECH
981,31,34,31034,HOCABA,C_PAN_PRD,EDUARDO ENRIQUE EUAN FRANCO,BRADLY SMARK UUH PECH
982,31,34,31034,HOCABA,C_PRI_PRD,EDUARDO ENRIQUE EUAN FRANCO,BRADLY SMARK UUH PECH
983,31,34,31034,HOCABA,C_PAN_NAY,Nombre Apellido Apellido,Nombre Apellido Apellido
984,31,34,31034,HOCABA,C_PRI_NAY,Nombre Apellido Apellido,Nombre Apellido Apellido
985,31,34,31034,HOCABA,C_PRD_NAY,Nombre Apellido Apellido,Nombre Apellido Apellido
986,31,34,31034,HOCABA,C_PVEM_PT_MORENA,Nombre Apellido Apellido,Nombre Apellido Apellido
987,31,34,31034,HOCABA,C_PVEM_PT,Nombre Apellido Apellido,Nombre Apellido Apellido
988,31,34,31034,HOCABA,C_PVEM_MORENA,Nombre Apellido Apellido,Nombre Apellido Apellido
989,31,34,31034,HOCABA,C_PT_MORENA,Nombre Apellido Apellido,Nombre Apellido Apellido
990,31,35,31035,HOCTUN,PAN,JOVITA DEL CARMEN NOVELO ARANA ,MAGDA CAROLINA VALENCIA OJEDA
991,31,35,31035,HOCTUN,PRI,JOVITA DEL CARMEN NOVELO ARANA ,MAGDA CAROLINA VALENCIA OJEDA
992,31,35,31035,HOCTUN,PRD,HEBERTH ISMAEL SARABIA OJEDA,OSCAR ABEL EK IUIT
993,31,35,31035,HOCTUN,PVEM,Nombre Apellido Apellido,Nombre Apellido Apellido
994,31,35,31035,HOCTUN,PT,MIGUEL OCTAVIO ARJONA SANCHEZ,JOSE BASILIO OJEDA SARABIA
995,31,35,31035,HOCTUN,MC,DEINY DE JESUS UC MAY,MARTA SUSANA COBA COBA
996,31,35,31035,HOCTUN,MORENA,MIGUEL OCTAVIO ARJONA SANCHEZ,JOSE BASILIO OJEDA SARABIA
997,31,35,31035,HOCTUN,NAY,Nombre Apellido Apellido,Nombre Apellido Apellido
998,31,35,31035,HOCTUN,C_PAN_PRI_PRD_NAY,Nombre Apellido Apellido,Nombre Apellido Apellido
999,31,35,31035,HOCTUN,C_PAN_PRI_PRD,Nombre Apellido Apellido,Nombre Apellido Apellido
1000,31,35,31035,HOCTUN,C_PAN_PRI_NAY,Nombre Apellido Apellido,Nombre Apellido Apellido
1001,31,35,31035,HOCTUN,C_PAN_PRD_NAY,Nombre Apellido Apellido,Nombre Apellido Apellido
1002,31,35,31035,HOCTUN,C_PRI_PRD_NAY,Nombre Apellido Apellido,Nombre Apellido Apellido
1003,31,35,31035,HOCTUN,C_PAN_PRI,JOVITA DEL CARMEN NOVELO ARANA ,MAGDA CAROLINA VALENCIA OJEDA
1004,31,35,31035,HOCTUN,C_PAN_PRD,Nombre Apellido Apellido,Nombre Apellido Apellido
1005,31,35,31035,HOCTUN,C_PRI_PRD,Nombre Apellido Apellido,Nombre Apellido Apellido
1006,31,35,31035,HOCTUN,C_PAN_NAY,Nombre Apellido Apellido,Nombre Apellido Apellido
1007,31,35,31035,HOCTUN,C_PRI_NAY,Nombre Apellido Apellido,Nombre Apellido Apellido
1008,31,35,31035,HOCTUN,C_PRD_NAY,Nombre Apellido Apellido,Nombre Apellido Apellido
1009,31,35,31035,HOCTUN,C_PVEM_PT_MORENA,Nombre Apellido Apellido,Nombre Apellido Apellido
1010,31,35,31035,HOCTUN,C_PVEM_PT,Nombre Apellido Apellido,Nombre Apellido Apellido
1011,31,35,31035,HOCTUN,C_PVEM_MORENA,Nombre Apellido Apellido,Nombre Apellido Apellido
1012,31,35,31035,HOCTUN,C_PT_MORENA,MIGUEL OCTAVIO ARJONA SANCHEZ,JOSE BASILIO OJEDA SARABIA
1013,31,36,31036,HOMUN,PAN,JOAN GREGORIO GONGORA SUAREZ,NAZARIO CHI CHAN
1014,31,36,31036,HOMUN,PRI,JOAN GREGORIO GONGORA SUAREZ,NAZARIO CHI CHAN
1015,31,36,31036,HOMUN,PRD,KARY ROCIO COUOH MOO,BRENDA DENICE UUH EK
1016,31,36,31036,HOMUN,PVEM,WILMA DEL ROSARIO MEDINA CHIM,ALEJANDRA CAN FLORES
1017,31,36,31036,HOMUN,PT,WILMA DEL ROSARIO MEDINA CHIM,ALEJANDRA CAN FLORES
1018,31,36,31036,HOMUN,MC,Nombre Apellido Apellido,Nombre Apellido Apellido
1019,31,36,31036,HOMUN,MORENA,WILMA DEL ROSARIO MEDINA CHIM,ALEJANDRA CAN FLORES
1020,31,36,31036,HOMUN,NAY,JOAN GREGORIO GONGORA SUAREZ,NAZARIO CHI CHAN
1021,31,36,31036,HOMUN,C_PAN_PRI_PRD_NAY,Nombre Apellido Apellido,Nombre Apellido Apellido
1022,31,36,31036,HOMUN,C_PAN_PRI_PRD,Nombre Apellido Apellido,Nombre Apellido Apellido
1023,31,36,31036,HOMUN,C_PAN_PRI_NAY,JOAN GREGORIO GONGORA SUAREZ,NAZARIO CHI CHAN
1024,31,36,31036,HOMUN,C_PAN_PRD_NAY,Nombre Apellido Apellido,Nombre Apellido Apellido
1025,31,36,31036,HOMUN,C_PRI_PRD_NAY,Nombre Apellido Apellido,Nombre Apellido Apellido
1026,31,36,31036,HOMUN,C_PAN_PRI,JOAN GREGORIO GONGORA SUAREZ,NAZARIO CHI CHAN
1027,31,36,31036,HOMUN,C_PAN_PRD,Nombre Apellido Apellido,Nombre Apellido Apellido
1028,31,36,31036,HOMUN,C_PRI_PRD,Nombre Apellido Apellido,Nombre Apellido Apellido
1029,31,36,31036,HOMUN,C_PAN_NAY,JOAN GREGORIO GONGORA SUAREZ,NAZARIO CHI CHAN
1030,31,36,31036,HOMUN,C_PRI_NAY,JOAN GREGORIO GONGORA SUAREZ,NAZARIO CHI CHAN
1031,31,36,31036,HOMUN,C_PRD_NAY,Nombre Apellido Apellido,Nombre Apellido Apellido
1032,31,36,31036,HOMUN,C_PVEM_PT_MORENA,WILMA DEL ROSARIO MEDINA CHIM,ALEJANDRA CAN FLORES
1033,31,36,31036,HOMUN,C_PVEM_PT,WILMA DEL ROSARIO MEDINA CHIM,ALEJANDRA CAN FLORES
1034,31,36,31036,HOMUN,C_PVEM_MORENA,WILMA DEL ROSARIO MEDINA CHIM,ALEJANDRA CAN FLORES
1035,31,36,31036,HOMUN,C_PT_MORENA,WILMA DEL ROSARIO MEDINA CHIM,ALEJANDRA CAN FLORES
1036,31,37,31037,HUHI,PAN,VICTOR MANUEL GARMA LEON,PEDRO UK CHEL
1037,31,37,31037,HUHI,PRI,JAIME GUADALUPE ESPINDOLA CONTRERAS ,JORGE ALBERTO MARTINEZ XXX
1038,31,37,31037,HUHI,PRD,Nombre Apellido Apellido,Nombre Apellido Apellido
1039,31,37,31037,HUHI,PVEM,JOSE CARLOS ESQUIVEL FLOTA,MANUEL CHI SANTOS
1040,31,37,31037,HUHI,PT,JOSE CARLOS ESQUIVEL FLOTA,MANUEL CHI SANTOS
1041,31,37,31037,HUHI,MC,Nombre Apellido Apellido,Nombre Apellido Apellido
1042,31,37,31037,HUHI,MORENA,ROCIO YZETH YAH NOVELO,YULY KARINA CERVERA SANTANA
1043,31,37,31037,HUHI,NAY,VICTOR MANUEL GARMA LEON,PEDRO KUK CHEL
1044,31,37,31037,HUHI,C_PAN_PRI_PRD_NAY,Nombre Apellido Apellido,Nombre Apellido Apellido
1045,31,37,31037,HUHI,C_PAN_PRI_PRD,Nombre Apellido Apellido,Nombre Apellido Apellido
1046,31,37,31037,HUHI,C_PAN_PRI_NAY,Nombre Apellido Apellido,Nombre Apellido Apellido
1047,31,37,31037,HUHI,C_PAN_PRD_NAY,Nombre Apellido Apellido,Nombre Apellido Apellido
1048,31,37,31037,HUHI,C_PRI_PRD_NAY,Nombre Apellido Apellido,Nombre Apellido Apellido
1049,31,37,31037,HUHI,C_PAN_PRI,Nombre Apellido Apellido,Nombre Apellido Apellido
1050,31,37,31037,HUHI,C_PAN_PRD,Nombre Apellido Apellido,Nombre Apellido Apellido
1051,31,37,31037,HUHI,C_PRI_PRD,Nombre Apellido Apellido,Nombre Apellido Apellido
1052,31,37,31037,HUHI,C_PAN_NAY,VICTOR MANUEL GARMA LEON,PEDRO KUK CHEL
1053,31,37,31037,HUHI,C_PRI_NAY,Nombre Apellido Apellido,Nombre Apellido Apellido
1054,31,37,31037,HUHI,C_PRD_NAY,Nombre Apellido Apellido,Nombre Apellido Apellido
1055,31,37,31037,HUHI,C_PVEM_PT_MORENA,Nombre Apellido Apellido,Nombre Apellido Apellido
1056,31,37,31037,HUHI,C_PVEM_PT,JOSE CARLOS ESQUIVEL FLOTA,MANUEL CHI SANTOS
1057,31,37,31037,HUHI,C_PVEM_MORENA,Nombre Apellido Apellido,Nombre Apellido Apellido
1058,31,37,31037,HUHI,C_PT_MORENA,Nombre Apellido Apellido,Nombre Apellido Apellido
1933,31,38,31038,HUNUCMA,PAN,CRISTINA GUADALUPE DEL ROCIO PEREZ BOJORQUEZ,MARIA ELIZABETH PEÑA PEREZ
1934,31,38,31038,HUNUCMA,PRI,CRISTINA GUADALUPE DEL ROCIO PEREZ BOJORQUEZ,MARIA ELIZABETH PEÑA PEREZ
1935,31,38,31038,HUNUCMA,PRD,JAIME DE JESUS PECH CHAY,JOSE ALFONSO AGUILAR MOO
1936,31,38,31038,HUNUCMA,PVEM,MARIO ALFONSO BALAM POOT,JOSE ANGEL CANUL ROMERO
1937,31,38,31038,HUNUCMA,PT,REINA GUADALUPE KU QUINTAL,LIZANDRA NOEMI CABRERA CHIN
1938,31,38,31038,HUNUCMA,MC,Nombre Apellido Apellido,Nombre Apellido Apellido
1939,31,38,31038,HUNUCMA,MORENA,NEYI MARLENE MARTIN GIO,LUCY CARIDAD GONGORA PAT
1940,31,38,31038,HUNUCMA,NAY,LUIS ANTONIO EK CASANOVA,IDELFONSO PECH QUINTAL
1941,31,38,31038,HUNUCMA,C_PAN_PRI_PRD_NAY,Nombre Apellido Apellido,Nombre Apellido Apellido
1942,31,38,31038,HUNUCMA,C_PAN_PRI_PRD,Nombre Apellido Apellido,Nombre Apellido Apellido
1943,31,38,31038,HUNUCMA,C_PAN_PRI_NAY,Nombre Apellido Apellido,Nombre Apellido Apellido
1944,31,38,31038,HUNUCMA,C_PAN_PRD_NAY,Nombre Apellido Apellido,Nombre Apellido Apellido
1945,31,38,31038,HUNUCMA,C_PRI_PRD_NAY,Nombre Apellido Apellido,Nombre Apellido Apellido
1946,31,38,31038,HUNUCMA,C_PAN_PRI,CRISTINA GUADALUPE DEL ROCIO PEREZ BOJORQUEZ,MARIA ELIZABETH PEÑA PEREZ
1947,31,38,31038,HUNUCMA,C_PAN_PRD,Nombre Apellido Apellido,Nombre Apellido Apellido
1948,31,38,31038,HUNUCMA,C_PRI_PRD,Nombre Apellido Apellido,Nombre Apellido Apellido
1949,31,38,31038,HUNUCMA,C_PAN_NAY,Nombre Apellido Apellido,Nombre Apellido Apellido
1950,31,38,31038,HUNUCMA,C_PRI_NAY,Nombre Apellido Apellido,Nombre Apellido Apellido
1951,31,38,31038,HUNUCMA,C_PRD_NAY,Nombre Apellido Apellido,Nombre Apellido Apellido
1952,31,38,31038,HUNUCMA,C_PVEM_PT_MORENA,Nombre Apellido Apellido,Nombre Apellido Apellido
1953,31,38,31038,HUNUCMA,C_PVEM_PT,Nombre Apellido Apellido,Nombre Apellido Apellido
1954,31,38,31038,HUNUCMA,C_PVEM_MORENA,Nombre Apellido Apellido,Nombre Apellido Apellido
1955,31,38,31038,HUNUCMA,C_PT_MORENA,Nombre Apellido Apellido,Nombre Apellido Apellido
1059,31,39,31039,IXIL,PAN,SANDRA RAQUEL PECH CHI,MARIA DEL CARMEN ORILLA ZAPATA
1060,31,39,31039,IXIL,PRI,SANDRA RAQUEL PECH CHI,MARIA DEL CARMEN ORILLA ZAPATA
1061,31,39,31039,IXIL,PRD,Nombre Apellido Apellido,Nombre Apellido Apellido
1062,31,39,31039,IXIL,PVEM,HECTOR ROLANDO CORDOVA MEZQUITA,JOSE ARIEL YAM CORDOVA
1063,31,39,31039,IXIL,PT,JOSE VICENTE COBA COCOM,ALAN DONALDO PECH CHIM
1064,31,39,31039,IXIL,MC,PEDRO AGUSTIN TEK CHIM,JESUS NARCISO CHAN ORILLA
1065,31,39,31039,IXIL,MORENA,HECTOR MANUEL CASTILLO AVILA,JUAN CARLOS PECH TAMAYO
1066,31,39,31039,IXIL,NAY,Nombre Apellido Apellido,Nombre Apellido Apellido
1067,31,39,31039,IXIL,C_PAN_PRI_PRD_NAY,Nombre Apellido Apellido,Nombre Apellido Apellido
1068,31,39,31039,IXIL,C_PAN_PRI_PRD,Nombre Apellido Apellido,Nombre Apellido Apellido
1069,31,39,31039,IXIL,C_PAN_PRI_NAY,Nombre Apellido Apellido,Nombre Apellido Apellido
1070,31,39,31039,IXIL,C_PAN_PRD_NAY,Nombre Apellido Apellido,Nombre Apellido Apellido
1071,31,39,31039,IXIL,C_PRI_PRD_NAY,Nombre Apellido Apellido,Nombre Apellido Apellido
1072,31,39,31039,IXIL,C_PAN_PRI,SANDRA RAQUEL PECH CHI,MARIA DEL CARMEN ORILLA ZAPATA
1073,31,39,31039,IXIL,C_PAN_PRD,Nombre Apellido Apellido,Nombre Apellido Apellido
1074,31,39,31039,IXIL,C_PRI_PRD,Nombre Apellido Apellido,Nombre Apellido Apellido
1075,31,39,31039,IXIL,C_PAN_NAY,Nombre Apellido Apellido,Nombre Apellido Apellido
1076,31,39,31039,IXIL,C_PRI_NAY,Nombre Apellido Apellido,Nombre Apellido Apellido
1077,31,39,31039,IXIL,C_PRD_NAY,Nombre Apellido Apellido,Nombre Apellido Apellido
1078,31,39,31039,IXIL,C_PVEM_PT_MORENA,Nombre Apellido Apellido,Nombre Apellido Apellido
1079,31,39,31039,IXIL,C_PVEM_PT,Nombre Apellido Apellido,Nombre Apellido Apellido
1080,31,39,31039,IXIL,C_PVEM_MORENA,Nombre Apellido Apellido,Nombre Apellido Apellido
1081,31,39,31039,IXIL,C_PT_MORENA,Nombre Apellido Apellido,Nombre Apellido Apellido
1082,31,40,31040,IZAMAL,PAN,WARNEL MAY ESCOBAR,CARLOS ANDRES MESQUITA SIERRA
1083,31,40,31040,IZAMAL,PRI,WARNEL MAY ESCOBAR,CARLOS ANDRES MESQUITA SIERRA
1084,31,40,31040,IZAMAL,PRD,JOSE ELIAS CANCHE PISTE,BERNARDINO MUT CUPUL
1085,31,40,31040,IZAMAL,PVEM,MELISSA MANE PUGA RODRIGUEZ,ADRIANA BEATRIZ CAUICH EUAN
1086,31,40,31040,IZAMAL,PT,MELISSA MANE PUGA RODRIGUEZ,ADRIANA BEATRIZ CAUICH EUAN
1087,31,40,31040,IZAMAL,MC,Nombre Apellido Apellido,Nombre Apellido Apellido
1088,31,40,31040,IZAMAL,MORENA,MELISSA MANE PUGA RODRIGUEZ,ADRIANA BEATRIZ CAUICH EUAN
1089,31,40,31040,IZAMAL,NAY,PAULINA CONCEPCION MIRANDA VILLALOBOS,MARIA DEL ROSARIO CETZ IX
1090,31,40,31040,IZAMAL,C_PAN_PRI_PRD_NAY,Nombre Apellido Apellido,Nombre Apellido Apellido
1091,31,40,31040,IZAMAL,C_PAN_PRI_PRD,Nombre Apellido Apellido,Nombre Apellido Apellido
1092,31,40,31040,IZAMAL,C_PAN_PRI_NAY,Nombre Apellido Apellido,Nombre Apellido Apellido
1093,31,40,31040,IZAMAL,C_PAN_PRD_NAY,Nombre Apellido Apellido,Nombre Apellido Apellido
1094,31,40,31040,IZAMAL,C_PRI_PRD_NAY,Nombre Apellido Apellido,Nombre Apellido Apellido
1095,31,40,31040,IZAMAL,C_PAN_PRI,WARNEL MAY ESCOBAR,CARLOS ANDRES MESQUITA SIERRA
1096,31,40,31040,IZAMAL,C_PAN_PRD,Nombre Apellido Apellido,Nombre Apellido Apellido
1097,31,40,31040,IZAMAL,C_PRI_PRD,Nombre Apellido Apellido,Nombre Apellido Apellido
1098,31,40,31040,IZAMAL,C_PAN_NAY,Nombre Apellido Apellido,Nombre Apellido Apellido
1099,31,40,31040,IZAMAL,C_PRI_NAY,Nombre Apellido Apellido,Nombre Apellido Apellido
1100,31,40,31040,IZAMAL,C_PRD_NAY,Nombre Apellido Apellido,Nombre Apellido Apellido
1101,31,40,31040,IZAMAL,C_PVEM_PT_MORENA,MELISSA MANE PUGA RODRIGUEZ,ADRIANA BEATRIZ CAUICH EUAN
1102,31,40,31040,IZAMAL,C_PVEM_PT,MELISSA MANE PUGA RODRIGUEZ,ADRIANA BEATRIZ CAUICH EUAN
1103,31,40,31040,IZAMAL,C_PVEM_MORENA,MELISSA MANE PUGA RODRIGUEZ,ADRIANA BEATRIZ CAUICH EUAN
1104,31,40,31040,IZAMAL,C_PT_MORENA,MELISSA MANE PUGA RODRIGUEZ,ADRIANA BEATRIZ CAUICH EUAN
2416,31,41,31041,KANASIN,PAN,EDWIN JOSE BOJORQUEZ RAMIREZ ,JORGE IVAN MAY COLLI
2417,31,41,31041,KANASIN,PRI,VERONICA DE LA LUZ ARANDA CAMPOS,YALILI JESUS BUDIP DIAZ
2418,31,41,31041,KANASIN,PRD,JAFET ABRAHAM RODRIGUEZ SANTOS,ADAN MOISES PUC PANTI
2419,31,41,31041,KANASIN,PVEM,JESUS FLORENTINO CHAN GAMBOA ,ALEJANDRA ROMO REYES
2420,31,41,31041,KANASIN,PT,JESUS FLORENTINO CHAN GAMBOA ,ALEJANDRA ROMO REYES
2421,31,41,31041,KANASIN,MC,JUAN DE DIOS POOL PECH,AZAEL PAMPLONA BOTE
2422,31,41,31041,KANASIN,MORENA,JESUS FLORENTINO CHAN GAMBOA ,ALEJANDRA ROMO REYES
2423,31,41,31041,KANASIN,NAY,EDWIN JOSE BOJORQUEZ RAMIREZ ,JORGE IVAN MAY COLLI
2424,31,41,31041,KANASIN,C_PAN_PRI_PRD_NAY,Nombre Apellido Apellido,Nombre Apellido Apellido
2425,31,41,31041,KANASIN,C_PAN_PRI_PRD,Nombre Apellido Apellido,Nombre Apellido Apellido
2426,31,41,31041,KANASIN,C_PAN_PRI_NAY,Nombre Apellido Apellido,Nombre Apellido Apellido
2427,31,41,31041,KANASIN,C_PAN_PRD_NAY,Nombre Apellido Apellido,Nombre Apellido Apellido
2428,31,41,31041,KANASIN,C_PRI_PRD_NAY,Nombre Apellido Apellido,Nombre Apellido Apellido
2429,31,41,31041,KANASIN,C_PAN_PRI,Nombre Apellido Apellido,Nombre Apellido Apellido
2430,31,41,31041,KANASIN,C_PAN_PRD,Nombre Apellido Apellido,Nombre Apellido Apellido
2431,31,41,31041,KANASIN,C_PRI_PRD,Nombre Apellido Apellido,Nombre Apellido Apellido
2432,31,41,31041,KANASIN,C_PAN_NAY,EDWIN JOSE BOJORQUEZ RAMIREZ ,JORGE IVAN MAY COLLI
2433,31,41,31041,KANASIN,C_PRI_NAY,Nombre Apellido Apellido,Nombre Apellido Apellido
2434,31,41,31041,KANASIN,C_PRD_NAY,Nombre Apellido Apellido,Nombre Apellido Apellido
2435,31,41,31041,KANASIN,C_PVEM_PT_MORENA,JESUS FLORENTINO CHAN GAMBOA ,ALEJANDRA ROMO REYES
2436,31,41,31041,KANASIN,C_PVEM_PT,JESUS FLORENTINO CHAN GAMBOA ,ALEJANDRA ROMO REYES
2437,31,41,31041,KANASIN,C_PVEM_MORENA,JESUS FLORENTINO CHAN GAMBOA ,ALEJANDRA ROMO REYES
2438,31,41,31041,KANASIN,C_PT_MORENA,JESUS FLORENTINO CHAN GAMBOA ,ALEJANDRA ROMO REYES
1105,31,42,31042,KANTUNIL,PAN,LORENA PATRICIA GAMBOA MAY,MARIA MERCEDES PECH CAUICH
1106,31,42,31042,KANTUNIL,PRI,WILLIAN ANTONIO DORANTES CHE,MIGUEL DE JESUS CAN CAAMAL
1107,31,42,31042,KANTUNIL,PRD,Nombre Apellido Apellido,Nombre Apellido Apellido
1108,31,42,31042,KANTUNIL,PVEM,DANIEL ELIEZER GAMBOA GOMEZ ,FRANCISCO MIGUEL PECH PECH
1109,31,42,31042,KANTUNIL,PT,ABRAHAM GUEVARA GAMBOA ,EDGAR JAVIER SOSA VILLEGAS 
1110,31,42,31042,KANTUNIL,MC,Nombre Apellido Apellido,Nombre Apellido Apellido
1111,31,42,31042,KANTUNIL,MORENA,ABRAHAM GUEVARA GAMBOA ,EDGAR JAVIER SOSA VILLEGAS 
1112,31,42,31042,KANTUNIL,NAY,CARLOS FRANCISCO CATZIN TZEC,EDWIN ABRAHAM AVILES COCOM 
1113,31,42,31042,KANTUNIL,C_PAN_PRI_PRD_NAY,Nombre Apellido Apellido,Nombre Apellido Apellido
1114,31,42,31042,KANTUNIL,C_PAN_PRI_PRD,Nombre Apellido Apellido,Nombre Apellido Apellido
1115,31,42,31042,KANTUNIL,C_PAN_PRI_NAY,Nombre Apellido Apellido,Nombre Apellido Apellido
1116,31,42,31042,KANTUNIL,C_PAN_PRD_NAY,Nombre Apellido Apellido,Nombre Apellido Apellido
1117,31,42,31042,KANTUNIL,C_PRI_PRD_NAY,Nombre Apellido Apellido,Nombre Apellido Apellido
1118,31,42,31042,KANTUNIL,C_PAN_PRI,Nombre Apellido Apellido,Nombre Apellido Apellido
1119,31,42,31042,KANTUNIL,C_PAN_PRD,Nombre Apellido Apellido,Nombre Apellido Apellido
1120,31,42,31042,KANTUNIL,C_PRI_PRD,Nombre Apellido Apellido,Nombre Apellido Apellido
1121,31,42,31042,KANTUNIL,C_PAN_NAY,Nombre Apellido Apellido,Nombre Apellido Apellido
1122,31,42,31042,KANTUNIL,C_PRI_NAY,Nombre Apellido Apellido,Nombre Apellido Apellido
1123,31,42,31042,KANTUNIL,C_PRD_NAY,Nombre Apellido Apellido,Nombre Apellido Apellido
1124,31,42,31042,KANTUNIL,C_PVEM_PT_MORENA,Nombre Apellido Apellido,Nombre Apellido Apellido
1125,31,42,31042,KANTUNIL,C_PVEM_PT,Nombre Apellido Apellido,Nombre Apellido Apellido
1126,31,42,31042,KANTUNIL,C_PVEM_MORENA,Nombre Apellido Apellido,Nombre Apellido Apellido
1127,31,42,31042,KANTUNIL,C_PT_MORENA,ABRAHAM GUEVARA GAMBOA ,EDGAR JAVIER SOSA VILLEGAS 
231,31,43,31043,KAUA,PAN,CHARITO TORRES GARCIA,MIRIAN BERINICE BLANCO NOH 
232,31,43,31043,KAUA,PRI,CARLOS GUALBERTO CHAY CANUL,PAULINO TUZ AY
233,31,43,31043,KAUA,PRD,Nombre Apellido Apellido,Nombre Apellido Apellido
234,31,43,31043,KAUA,PVEM,Nombre Apellido Apellido,Nombre Apellido Apellido
235,31,43,31043,KAUA,PT,Nombre Apellido Apellido,Nombre Apellido Apellido
236,31,43,31043,KAUA,MC,Nombre Apellido Apellido,Nombre Apellido Apellido
237,31,43,31043,KAUA,MORENA,CRESCENCIO NOH CEN,JUAN ABRAHAM DZUL POOT
238,31,43,31043,KAUA,NAY,CHARITO TORRES GARCIA,MIRIAN BERINICE BLANCO NOH 
239,31,43,31043,KAUA,C_PAN_PRI_PRD_NAY,Nombre Apellido Apellido,Nombre Apellido Apellido
240,31,43,31043,KAUA,C_PAN_PRI_PRD,Nombre Apellido Apellido,Nombre Apellido Apellido
241,31,43,31043,KAUA,C_PAN_PRI_NAY,Nombre Apellido Apellido,Nombre Apellido Apellido
242,31,43,31043,KAUA,C_PAN_PRD_NAY,Nombre Apellido Apellido,Nombre Apellido Apellido
243,31,43,31043,KAUA,C_PRI_PRD_NAY,Nombre Apellido Apellido,Nombre Apellido Apellido
244,31,43,31043,KAUA,C_PAN_PRI,Nombre Apellido Apellido,Nombre Apellido Apellido
245,31,43,31043,KAUA,C_PAN_PRD,Nombre Apellido Apellido,Nombre Apellido Apellido
246,31,43,31043,KAUA,C_PRI_PRD,Nombre Apellido Apellido,Nombre Apellido Apellido
247,31,43,31043,KAUA,C_PAN_NAY,CHARITO TORRES GARCIA,MIRIAN BERINICE BLANCO NOH 
248,31,43,31043,KAUA,C_PRI_NAY,Nombre Apellido Apellido,Nombre Apellido Apellido
249,31,43,31043,KAUA,C_PRD_NAY,Nombre Apellido Apellido,Nombre Apellido Apellido
250,31,43,31043,KAUA,C_PVEM_PT_MORENA,Nombre Apellido Apellido,Nombre Apellido Apellido
251,31,43,31043,KAUA,C_PVEM_PT,Nombre Apellido Apellido,Nombre Apellido Apellido
252,31,43,31043,KAUA,C_PVEM_MORENA,Nombre Apellido Apellido,Nombre Apellido Apellido
253,31,43,31043,KAUA,C_PT_MORENA,Nombre Apellido Apellido,Nombre Apellido Apellido
1956,31,44,31044,KINCHIL,PAN,LETICIA DEL SOCORRO TZUC QUINTAL,LOURDES FRANCISCA QUINTAL TZUC
1957,31,44,31044,KINCHIL,PRI,SARA MARIA DZUL TZUC,MARIA DEL CARMEN DZIB TZUC
1958,31,44,31044,KINCHIL,PRD,MARIA MARTINA DE LOURDES CHAN TZUC,CINDY MARISOL CAB CHAN
1959,31,44,31044,KINCHIL,PVEM,IRVING DE LA CRUZ PISTE CANUL ,RICARDO VENTURA KU
1960,31,44,31044,KINCHIL,PT,JOSE LAZARO TZUC DZUL,JOSE ALFREDO CANUL TZUC
1961,31,44,31044,KINCHIL,MC,Nombre Apellido Apellido,Nombre Apellido Apellido
1962,31,44,31044,KINCHIL,MORENA,MARTA ROSELMI TUN CHULI,NELSY JAZMIN LLAMA SOLIS
1963,31,44,31044,KINCHIL,NAY,LUIS ALBERTO DEL JESUS PAT UC,SHANTAL CAROLA DE FATIMA DZUL QUINTAL
1964,31,44,31044,KINCHIL,C_PAN_PRI_PRD_NAY,Nombre Apellido Apellido,Nombre Apellido Apellido
1965,31,44,31044,KINCHIL,C_PAN_PRI_PRD,Nombre Apellido Apellido,Nombre Apellido Apellido
1966,31,44,31044,KINCHIL,C_PAN_PRI_NAY,Nombre Apellido Apellido,Nombre Apellido Apellido
1967,31,44,31044,KINCHIL,C_PAN_PRD_NAY,Nombre Apellido Apellido,Nombre Apellido Apellido
1968,31,44,31044,KINCHIL,C_PRI_PRD_NAY,Nombre Apellido Apellido,Nombre Apellido Apellido
1969,31,44,31044,KINCHIL,C_PAN_PRI,Nombre Apellido Apellido,Nombre Apellido Apellido
1970,31,44,31044,KINCHIL,C_PAN_PRD,Nombre Apellido Apellido,Nombre Apellido Apellido
1971,31,44,31044,KINCHIL,C_PRI_PRD,Nombre Apellido Apellido,Nombre Apellido Apellido
1972,31,44,31044,KINCHIL,C_PAN_NAY,Nombre Apellido Apellido,Nombre Apellido Apellido
1973,31,44,31044,KINCHIL,C_PRI_NAY,Nombre Apellido Apellido,Nombre Apellido Apellido
1974,31,44,31044,KINCHIL,C_PRD_NAY,Nombre Apellido Apellido,Nombre Apellido Apellido
1975,31,44,31044,KINCHIL,C_PVEM_PT_MORENA,Nombre Apellido Apellido,Nombre Apellido Apellido
1976,31,44,31044,KINCHIL,C_PVEM_PT,Nombre Apellido Apellido,Nombre Apellido Apellido
1977,31,44,31044,KINCHIL,C_PVEM_MORENA,Nombre Apellido Apellido,Nombre Apellido Apellido
1978,31,44,31044,KINCHIL,C_PT_MORENA,Nombre Apellido Apellido,Nombre Apellido Apellido
1979,31,45,31045,KOPOMA,PAN,ADAN MOISES KUK MENA,RAFAEL DE LA CRUZ MENA BACAB
1980,31,45,31045,KOPOMA,PRI,HECTOR MANUEL YAH MOO,RIGOBERTO CHAN KOH
1981,31,45,31045,KOPOMA,PRD,Nombre Apellido Apellido,Nombre Apellido Apellido
1982,31,45,31045,KOPOMA,PVEM,MARIA GUADALUPE TUT HAU,SELENE TEC MARTIN
1983,31,45,31045,KOPOMA,PT,MARIA GUADALUPE TUT HAU,SELENE TEC MARTIN
1984,31,45,31045,KOPOMA,MC,Nombre Apellido Apellido,Nombre Apellido Apellido
1985,31,45,31045,KOPOMA,MORENA,MARIA GUADALUPE TUT HAU,SELENE TEC MARTIN
1986,31,45,31045,KOPOMA,NAY,GILDA MARIA CHAN MOO,MARIA FATIMA DE JESUS CAAMAL CAAMAL
1987,31,45,31045,KOPOMA,C_PAN_PRI_PRD_NAY,Nombre Apellido Apellido,Nombre Apellido Apellido
1988,31,45,31045,KOPOMA,C_PAN_PRI_PRD,Nombre Apellido Apellido,Nombre Apellido Apellido
1989,31,45,31045,KOPOMA,C_PAN_PRI_NAY,Nombre Apellido Apellido,Nombre Apellido Apellido
1990,31,45,31045,KOPOMA,C_PAN_PRD_NAY,Nombre Apellido Apellido,Nombre Apellido Apellido
1991,31,45,31045,KOPOMA,C_PRI_PRD_NAY,Nombre Apellido Apellido,Nombre Apellido Apellido
1992,31,45,31045,KOPOMA,C_PAN_PRI,Nombre Apellido Apellido,Nombre Apellido Apellido
1993,31,45,31045,KOPOMA,C_PAN_PRD,Nombre Apellido Apellido,Nombre Apellido Apellido
1994,31,45,31045,KOPOMA,C_PRI_PRD,Nombre Apellido Apellido,Nombre Apellido Apellido
1995,31,45,31045,KOPOMA,C_PAN_NAY,Nombre Apellido Apellido,Nombre Apellido Apellido
1996,31,45,31045,KOPOMA,C_PRI_NAY,Nombre Apellido Apellido,Nombre Apellido Apellido
1997,31,45,31045,KOPOMA,C_PRD_NAY,Nombre Apellido Apellido,Nombre Apellido Apellido
1998,31,45,31045,KOPOMA,C_PVEM_PT_MORENA,MARIA GUADALUPE TUT HAU,SELENE TEC MARTIN
1999,31,45,31045,KOPOMA,C_PVEM_PT,MARIA GUADALUPE TUT HAU,SELENE TEC MARTIN
2000,31,45,31045,KOPOMA,C_PVEM_MORENA,MARIA GUADALUPE TUT HAU,SELENE TEC MARTIN
2001,31,45,31045,KOPOMA,C_PT_MORENA,MARIA GUADALUPE TUT HAU,SELENE TEC MARTIN
2002,31,46,31046,MAMA,PAN,DANIEL OSWALDO GONZÁLEZ HUCHIM,ALVARO RAFAEL CASTRO DZIB
2003,31,46,31046,MAMA,PRI,RUDY RICARDO FLORES PACHECO,FILIBERTO ANTONIO CARBALLO CABLE
2004,31,46,31046,MAMA,PRD,RUDY RICARDO FLORES PACHECO,FILIBERTO ANTONIO CARBALLO CABLE
2005,31,46,31046,MAMA,PVEM,DELMIRA DEL SOCORRO GONZALEZ GOMEZ,MARKI YAKILINE CHI CASTILLO
2006,31,46,31046,MAMA,PT,DELMIRA DEL SOCORRO GONZALEZ GOMEZ,MARKI YAKILINE CHI CASTILLO
2007,31,46,31046,MAMA,MC,Nombre Apellido Apellido,Nombre Apellido Apellido
2008,31,46,31046,MAMA,MORENA,DELMIRA DEL SOCORRO GONZALEZ GOMEZ,MARKI YAKILINE CHI CASTILLO
2009,31,46,31046,MAMA,NAY,DANIEL OSWALDO GONZÁLEZ HUCHIM,ALVARO RAFAEL CASTRO DZIB
2010,31,46,31046,MAMA,C_PAN_PRI_PRD_NAY,Nombre Apellido Apellido,Nombre Apellido Apellido
2011,31,46,31046,MAMA,C_PAN_PRI_PRD,Nombre Apellido Apellido,Nombre Apellido Apellido
2012,31,46,31046,MAMA,C_PAN_PRI_NAY,Nombre Apellido Apellido,Nombre Apellido Apellido
2013,31,46,31046,MAMA,C_PAN_PRD_NAY,Nombre Apellido Apellido,Nombre Apellido Apellido
2014,31,46,31046,MAMA,C_PRI_PRD_NAY,Nombre Apellido Apellido,Nombre Apellido Apellido
2015,31,46,31046,MAMA,C_PAN_PRI,Nombre Apellido Apellido,Nombre Apellido Apellido
2016,31,46,31046,MAMA,C_PAN_PRD,Nombre Apellido Apellido,Nombre Apellido Apellido
2017,31,46,31046,MAMA,C_PRI_PRD,RUDY RICARDO FLORES PACHECO,FILIBERTO ANTONIO CARBALLO CABLE
2018,31,46,31046,MAMA,C_PAN_NAY,DANIEL OSWALDO GONZÁLEZ HUCHIM,ALVARO RAFAEL CASTRO DZIB
2019,31,46,31046,MAMA,C_PRI_NAY,Nombre Apellido Apellido,Nombre Apellido Apellido
2020,31,46,31046,MAMA,C_PRD_NAY,Nombre Apellido Apellido,Nombre Apellido Apellido
2021,31,46,31046,MAMA,C_PVEM_PT_MORENA,DELMIRA DEL SOCORRO GONZALEZ GOMEZ,MARKI YAKILINE CHI CASTILLO
2022,31,46,31046,MAMA,C_PVEM_PT,DELMIRA DEL SOCORRO GONZALEZ GOMEZ,MARKI YAKILINE CHI CASTILLO
2023,31,46,31046,MAMA,C_PVEM_MORENA,DELMIRA DEL SOCORRO GONZALEZ GOMEZ,MARKI YAKILINE CHI CASTILLO
2024,31,46,31046,MAMA,C_PT_MORENA,DELMIRA DEL SOCORRO GONZALEZ GOMEZ,MARKI YAKILINE CHI CASTILLO
2025,31,47,31047,MANI,PAN,FREDI EVARISTO INTERIAN BOJORQUEZ,EMILIANO ARTURO QUIJADA PINTO
2026,31,47,31047,MANI,PRI,MONICA GABRIELA INTERIAN BOJORQUEZ,SABINE SARAI BURGOS AVILES
2027,31,47,31047,MANI,PRD,Nombre Apellido Apellido,Nombre Apellido Apellido
2028,31,47,31047,MANI,PVEM,ADRIANA CARDONA MARTINEZ ,MARIA DOLORES CIAU TOX
2029,31,47,31047,MANI,PT,ADRIANA CARDONA MARTINEZ ,MARIA DOLORES CIAU TOX
2030,31,47,31047,MANI,MC,Nombre Apellido Apellido,Nombre Apellido Apellido
2031,31,47,31047,MANI,MORENA,ADRIANA CARDONA MARTINEZ ,MARIA DOLORES CIAU TOX
2032,31,47,31047,MANI,NAY,MARIA ANTONIA DEL PILAR VILLACIS MARTIN,HEIDY MINELIA PUC UXUL
2033,31,47,31047,MANI,C_PAN_PRI_PRD_NAY,Nombre Apellido Apellido,Nombre Apellido Apellido
2034,31,47,31047,MANI,C_PAN_PRI_PRD,Nombre Apellido Apellido,Nombre Apellido Apellido
2035,31,47,31047,MANI,C_PAN_PRI_NAY,Nombre Apellido Apellido,Nombre Apellido Apellido
2036,31,47,31047,MANI,C_PAN_PRD_NAY,Nombre Apellido Apellido,Nombre Apellido Apellido
2037,31,47,31047,MANI,C_PRI_PRD_NAY,Nombre Apellido Apellido,Nombre Apellido Apellido
2038,31,47,31047,MANI,C_PAN_PRI,Nombre Apellido Apellido,Nombre Apellido Apellido
2039,31,47,31047,MANI,C_PAN_PRD,Nombre Apellido Apellido,Nombre Apellido Apellido
2040,31,47,31047,MANI,C_PRI_PRD,Nombre Apellido Apellido,Nombre Apellido Apellido
2041,31,47,31047,MANI,C_PAN_NAY,Nombre Apellido Apellido,Nombre Apellido Apellido
2042,31,47,31047,MANI,C_PRI_NAY,Nombre Apellido Apellido,Nombre Apellido Apellido
2043,31,47,31047,MANI,C_PRD_NAY,Nombre Apellido Apellido,Nombre Apellido Apellido
2044,31,47,31047,MANI,C_PVEM_PT_MORENA,ADRIANA CARDONA MARTINEZ ,MARIA DOLORES CIAU TOX
2045,31,47,31047,MANI,C_PVEM_PT,ADRIANA CARDONA MARTINEZ ,MARIA DOLORES CIAU TOX
2046,31,47,31047,MANI,C_PVEM_MORENA,ADRIANA CARDONA MARTINEZ ,MARIA DOLORES CIAU TOX
2047,31,47,31047,MANI,C_PT_MORENA,ADRIANA CARDONA MARTINEZ ,MARIA DOLORES CIAU TOX
2048,31,48,31048,MAXCANU,PAN,LUIS ALBERTO GARCIA CENTURION ,JUAN DE DIOS CASTILLO CANUL
2049,31,48,31048,MAXCANU,PRI,LETICIA INES ALONZO COLONIA,DIANA GUADALUPE CENTURION VENTURA 
2050,31,48,31048,MAXCANU,PRD,Nombre Apellido Apellido,Nombre Apellido Apellido
2051,31,48,31048,MAXCANU,PVEM,CAMILO FERDINAND MAY CATZIN,CARLOS ALONSO MENA CANUL
2052,31,48,31048,MAXCANU,PT,WUILMA DEL ROSARIO CENTURION HERNANDEZ ,MARIA ADELA DEL ROSARIO CANCHE PEREZ 
2053,31,48,31048,MAXCANU,MC,Nombre Apellido Apellido,Nombre Apellido Apellido
2054,31,48,31048,MAXCANU,MORENA,WUILMA DEL ROSARIO CENTURION HERNANDEZ ,MARIA ADELA DEL ROSARIO CANCHE PEREZ 
2055,31,48,31048,MAXCANU,NAY,LETICIA INES ALONZO COLONIA,DIANA GUADALUPE CENTURION VENTURA 
2056,31,48,31048,MAXCANU,C_PAN_PRI_PRD_NAY,Nombre Apellido Apellido,Nombre Apellido Apellido
2057,31,48,31048,MAXCANU,C_PAN_PRI_PRD,Nombre Apellido Apellido,Nombre Apellido Apellido
2058,31,48,31048,MAXCANU,C_PAN_PRI_NAY,Nombre Apellido Apellido,Nombre Apellido Apellido
2059,31,48,31048,MAXCANU,C_PAN_PRD_NAY,Nombre Apellido Apellido,Nombre Apellido Apellido
2060,31,48,31048,MAXCANU,C_PRI_PRD_NAY,Nombre Apellido Apellido,Nombre Apellido Apellido
2061,31,48,31048,MAXCANU,C_PAN_PRI,Nombre Apellido Apellido,Nombre Apellido Apellido
2062,31,48,31048,MAXCANU,C_PAN_PRD,Nombre Apellido Apellido,Nombre Apellido Apellido
2063,31,48,31048,MAXCANU,C_PRI_PRD,Nombre Apellido Apellido,Nombre Apellido Apellido
2064,31,48,31048,MAXCANU,C_PAN_NAY,Nombre Apellido Apellido,Nombre Apellido Apellido
2065,31,48,31048,MAXCANU,C_PRI_NAY,LETICIA INES ALONZO COLONIA,DIANA GUADALUPE CENTURION VENTURA 
2066,31,48,31048,MAXCANU,C_PRD_NAY,Nombre Apellido Apellido,Nombre Apellido Apellido
2067,31,48,31048,MAXCANU,C_PVEM_PT_MORENA,Nombre Apellido Apellido,Nombre Apellido Apellido
2068,31,48,31048,MAXCANU,C_PVEM_PT,Nombre Apellido Apellido,Nombre Apellido Apellido
2069,31,48,31048,MAXCANU,C_PVEM_MORENA,Nombre Apellido Apellido,Nombre Apellido Apellido
2070,31,48,31048,MAXCANU,C_PT_MORENA,WUILMA DEL ROSARIO CENTURION HERNANDEZ ,MARIA ADELA DEL ROSARIO CANCHE PEREZ 
2071,31,49,31049,MAYAPAN,PAN,JOSE MANUEL TUN CHIN,FAUSTINO ECHEVERRIA CHAN 
2072,31,49,31049,MAYAPAN,PRI,NELDI MARIA COB COBA,MARIA ERMELINDA MAY MOO
2073,31,49,31049,MAYAPAN,PRD,Nombre Apellido Apellido,Nombre Apellido Apellido
2074,31,49,31049,MAYAPAN,PVEM,SANDRA MARGARITA CHAN KANTUN,RIMELDA LETICIA PERAZA CAUICH
2075,31,49,31049,MAYAPAN,PT,LORENA ANGELICA DZIB UC,MARIA ESTELA CHIN CAUICH
2076,31,49,31049,MAYAPAN,MC,Nombre Apellido Apellido,Nombre Apellido Apellido
2077,31,49,31049,MAYAPAN,MORENA,SANDRA MARGARITA CHAN KANTUN,RIMELDA LETICIA PERAZA CAUICH
2078,31,49,31049,MAYAPAN,NAY,Nombre Apellido Apellido,Nombre Apellido Apellido
2079,31,49,31049,MAYAPAN,C_PAN_PRI_PRD_NAY,Nombre Apellido Apellido,Nombre Apellido Apellido
2080,31,49,31049,MAYAPAN,C_PAN_PRI_PRD,Nombre Apellido Apellido,Nombre Apellido Apellido
2081,31,49,31049,MAYAPAN,C_PAN_PRI_NAY,Nombre Apellido Apellido,Nombre Apellido Apellido
2082,31,49,31049,MAYAPAN,C_PAN_PRD_NAY,Nombre Apellido Apellido,Nombre Apellido Apellido
2083,31,49,31049,MAYAPAN,C_PRI_PRD_NAY,Nombre Apellido Apellido,Nombre Apellido Apellido
2084,31,49,31049,MAYAPAN,C_PAN_PRI,Nombre Apellido Apellido,Nombre Apellido Apellido
2085,31,49,31049,MAYAPAN,C_PAN_PRD,Nombre Apellido Apellido,Nombre Apellido Apellido
2086,31,49,31049,MAYAPAN,C_PRI_PRD,Nombre Apellido Apellido,Nombre Apellido Apellido
2087,31,49,31049,MAYAPAN,C_PAN_NAY,Nombre Apellido Apellido,Nombre Apellido Apellido
2088,31,49,31049,MAYAPAN,C_PRI_NAY,Nombre Apellido Apellido,Nombre Apellido Apellido
2089,31,49,31049,MAYAPAN,C_PRD_NAY,Nombre Apellido Apellido,Nombre Apellido Apellido
2090,31,49,31049,MAYAPAN,C_PVEM_PT_MORENA,Nombre Apellido Apellido,Nombre Apellido Apellido
2091,31,49,31049,MAYAPAN,C_PVEM_PT,Nombre Apellido Apellido,Nombre Apellido Apellido
2092,31,49,31049,MAYAPAN,C_PVEM_MORENA,SANDRA MARGARITA CHAN KANTUN,RIMELDA LETICIA PERAZA CAUICH
2093,31,49,31049,MAYAPAN,C_PT_MORENA,Nombre Apellido Apellido,Nombre Apellido Apellido
1726,31,50,31050,MERIDA,PAN,CECILIA ANUNCIACION PATRON LAVIADA ,ADRIANA CECILIA MARTIN SAUMA
1727,31,50,31050,MERIDA,PRI,CECILIA ANUNCIACION PATRON LAVIADA ,ADRIANA CECILIA MARTIN SAUMA
1728,31,50,31050,MERIDA,PRD,JUAN JOSE STILES RAMOS,JULIAN VALDEZ CABALLERO
1729,31,50,31050,MERIDA,PVEM,ROMMEL AGHMED PACHECO MARRUFO,GUILLERMO RAMIREZ FRANCO
1730,31,50,31050,MERIDA,PT,ROMMEL AGHMED PACHECO MARRUFO,GUILLERMO RAMIREZ FRANCO
1731,31,50,31050,MERIDA,MC,GERARDO ALFONSO OCAMPO CASTRO,JORGE ALEJANDRO MENDOZA PIÑA
1732,31,50,31050,MERIDA,MORENA,ROMMEL AGHMED PACHECO MARRUFO,GUILLERMO RAMIREZ FRANCO
1733,31,50,31050,MERIDA,NAY,CECILIA ANUNCIACION PATRON LAVIADA ,ADRIANA CECILIA MARTIN SAUMA
1734,31,50,31050,MERIDA,C_PAN_PRI_PRD_NAY,Nombre Apellido Apellido,Nombre Apellido Apellido
1735,31,50,31050,MERIDA,C_PAN_PRI_PRD,Nombre Apellido Apellido,Nombre Apellido Apellido
1736,31,50,31050,MERIDA,C_PAN_PRI_NAY,CECILIA ANUNCIACION PATRON LAVIADA ,ADRIANA CECILIA MARTIN SAUMA
1737,31,50,31050,MERIDA,C_PAN_PRD_NAY,Nombre Apellido Apellido,Nombre Apellido Apellido
1738,31,50,31050,MERIDA,C_PRI_PRD_NAY,Nombre Apellido Apellido,Nombre Apellido Apellido
1739,31,50,31050,MERIDA,C_PAN_PRI,CECILIA ANUNCIACION PATRON LAVIADA ,ADRIANA CECILIA MARTIN SAUMA
1740,31,50,31050,MERIDA,C_PAN_PRD,Nombre Apellido Apellido,Nombre Apellido Apellido
1741,31,50,31050,MERIDA,C_PRI_PRD,Nombre Apellido Apellido,Nombre Apellido Apellido
1742,31,50,31050,MERIDA,C_PAN_NAY,CECILIA ANUNCIACION PATRON LAVIADA ,ADRIANA CECILIA MARTIN SAUMA
1743,31,50,31050,MERIDA,C_PRI_NAY,CECILIA ANUNCIACION PATRON LAVIADA ,ADRIANA CECILIA MARTIN SAUMA
1744,31,50,31050,MERIDA,C_PRD_NAY,Nombre Apellido Apellido,Nombre Apellido Apellido
1745,31,50,31050,MERIDA,C_PVEM_PT_MORENA,ROMMEL AGHMED PACHECO MARRUFO,GUILLERMO RAMIREZ FRANCO
1746,31,50,31050,MERIDA,C_PVEM_PT,ROMMEL AGHMED PACHECO MARRUFO,GUILLERMO RAMIREZ FRANCO
1747,31,50,31050,MERIDA,C_PVEM_MORENA,ROMMEL AGHMED PACHECO MARRUFO,GUILLERMO RAMIREZ FRANCO
1748,31,50,31050,MERIDA,C_PT_MORENA,ROMMEL AGHMED PACHECO MARRUFO,GUILLERMO RAMIREZ FRANCO
1128,31,51,31051,MOCOCHA,PAN,MARIA EMILIA BORGES CONCHA ,MARIA YSABEL BORGES CANCHE
1129,31,51,31051,MOCOCHA,PRI,PABLO ALEJANDRO CUTZ DOMINGUEZ ,MARIO ALBERTO GAMBOA CRUZ 
1130,31,51,31051,MOCOCHA,PRD,Nombre Apellido Apellido,Nombre Apellido Apellido
1131,31,51,31051,MOCOCHA,PVEM,Nombre Apellido Apellido,Nombre Apellido Apellido
1132,31,51,31051,MOCOCHA,PT,Nombre Apellido Apellido,Nombre Apellido Apellido
1133,31,51,31051,MOCOCHA,MC,Nombre Apellido Apellido,Nombre Apellido Apellido
1134,31,51,31051,MOCOCHA,MORENA,ALEJANDRO SILVA DZUL ,JOSE ALEJANDRO KOO PACHECO
1135,31,51,31051,MOCOCHA,NAY,MARIA EMILIA BORGES CONCHA ,MARIA YSABEL BORGES CANCHE
1136,31,51,31051,MOCOCHA,C_PAN_PRI_PRD_NAY,Nombre Apellido Apellido,Nombre Apellido Apellido
1137,31,51,31051,MOCOCHA,C_PAN_PRI_PRD,Nombre Apellido Apellido,Nombre Apellido Apellido
1138,31,51,31051,MOCOCHA,C_PAN_PRI_NAY,Nombre Apellido Apellido,Nombre Apellido Apellido
1139,31,51,31051,MOCOCHA,C_PAN_PRD_NAY,Nombre Apellido Apellido,Nombre Apellido Apellido
1140,31,51,31051,MOCOCHA,C_PRI_PRD_NAY,Nombre Apellido Apellido,Nombre Apellido Apellido
1141,31,51,31051,MOCOCHA,C_PAN_PRI,Nombre Apellido Apellido,Nombre Apellido Apellido
1142,31,51,31051,MOCOCHA,C_PAN_PRD,Nombre Apellido Apellido,Nombre Apellido Apellido
1143,31,51,31051,MOCOCHA,C_PRI_PRD,Nombre Apellido Apellido,Nombre Apellido Apellido
1144,31,51,31051,MOCOCHA,C_PAN_NAY,MARIA EMILIA BORGES CONCHA ,MARIA YSABEL BORGES CANCHE
1145,31,51,31051,MOCOCHA,C_PRI_NAY,Nombre Apellido Apellido,Nombre Apellido Apellido
1146,31,51,31051,MOCOCHA,C_PRD_NAY,Nombre Apellido Apellido,Nombre Apellido Apellido
1147,31,51,31051,MOCOCHA,C_PVEM_PT_MORENA,Nombre Apellido Apellido,Nombre Apellido Apellido
1148,31,51,31051,MOCOCHA,C_PVEM_PT,Nombre Apellido Apellido,Nombre Apellido Apellido
1149,31,51,31051,MOCOCHA,C_PVEM_MORENA,Nombre Apellido Apellido,Nombre Apellido Apellido
1150,31,51,31051,MOCOCHA,C_PT_MORENA,Nombre Apellido Apellido,Nombre Apellido Apellido
1151,31,52,31052,MOTUL,PAN,LUCIO ALBERTO ESTRELLA CANUL,JOSE REINALDO CHAN CAUICH
1152,31,52,31052,MOTUL,PRI,MARIO XAVIER PERAZA RAMIREZ ,JOSE ARMANDO KUK CHALE 
1153,31,52,31052,MOTUL,PRD,BARBARA IRENE IBARRA GALAVIZ,MARIA MANUELA PECH KOH
1154,31,52,31052,MOTUL,PVEM,JOSE CARLOS ORTEGA JIMENEZ ,NARCISO HORACIO CANCHE GOMEZ 
1155,31,52,31052,MOTUL,PT,JOSE CARLOS ORTEGA JIMENEZ ,NARCISO HORACIO CANCHE GOMEZ 
1156,31,52,31052,MOTUL,MC,ANA LETICIA KUK ESCOBEDO,CELMI DEL ROSARIO TAMAYO BASTO
1157,31,52,31052,MOTUL,MORENA,JOSE CARLOS ORTEGA JIMENEZ ,NARCISO HORACIO CANCHE GOMEZ 
1158,31,52,31052,MOTUL,NAY,MARIO XAVIER PERAZA RAMIREZ ,JOSE ARMANDO KUK CHALE 
1159,31,52,31052,MOTUL,C_PAN_PRI_PRD_NAY,Nombre Apellido Apellido,Nombre Apellido Apellido
1160,31,52,31052,MOTUL,C_PAN_PRI_PRD,Nombre Apellido Apellido,Nombre Apellido Apellido
1161,31,52,31052,MOTUL,C_PAN_PRI_NAY,Nombre Apellido Apellido,Nombre Apellido Apellido
1162,31,52,31052,MOTUL,C_PAN_PRD_NAY,Nombre Apellido Apellido,Nombre Apellido Apellido
1163,31,52,31052,MOTUL,C_PRI_PRD_NAY,Nombre Apellido Apellido,Nombre Apellido Apellido
1164,31,52,31052,MOTUL,C_PAN_PRI,Nombre Apellido Apellido,Nombre Apellido Apellido
1165,31,52,31052,MOTUL,C_PAN_PRD,Nombre Apellido Apellido,Nombre Apellido Apellido
1166,31,52,31052,MOTUL,C_PRI_PRD,Nombre Apellido Apellido,Nombre Apellido Apellido
1167,31,52,31052,MOTUL,C_PAN_NAY,Nombre Apellido Apellido,Nombre Apellido Apellido
1168,31,52,31052,MOTUL,C_PRI_NAY,MARIO XAVIER PERAZA RAMIREZ ,JOSE ARMANDO KUK CHALE 
1169,31,52,31052,MOTUL,C_PRD_NAY,Nombre Apellido Apellido,Nombre Apellido Apellido
1170,31,52,31052,MOTUL,C_PVEM_PT_MORENA,JOSE CARLOS ORTEGA JIMENEZ ,NARCISO HORACIO CANCHE GOMEZ 
1171,31,52,31052,MOTUL,C_PVEM_PT,JOSE CARLOS ORTEGA JIMENEZ ,NARCISO HORACIO CANCHE GOMEZ 
1172,31,52,31052,MOTUL,C_PVEM_MORENA,JOSE CARLOS ORTEGA JIMENEZ ,NARCISO HORACIO CANCHE GOMEZ 
1173,31,52,31052,MOTUL,C_PT_MORENA,JOSE CARLOS ORTEGA JIMENEZ ,NARCISO HORACIO CANCHE GOMEZ 
2094,31,53,31053,MUNA,PAN,MARIA ELOISA CASTRO CONTRERAS,KARLA YAJAIRA MARISOL JIMENEZ IHUIT
2095,31,53,31053,MUNA,PRI,CARLOS BALTAZAR AYUSO VERA ,LUIS FERNANDO CHAN CEN 
2096,31,53,31053,MUNA,PRD,INGRID JANET FUENTES CASANOVA ,LEDY DIANA FARFAN ARANA
2097,31,53,31053,MUNA,PVEM,LINA FABIOLA NEGRAN CANCHE ,MARGARITA CONCEPCION PECH CEN
2098,31,53,31053,MUNA,PT,LINA FABIOLA NEGRAN CANCHE ,MARGARITA CONCEPCION PECH CEN
2099,31,53,31053,MUNA,MC,MARTHA ELENA PISTE VELA,MARIA ANTONIA MIS KU
2100,31,53,31053,MUNA,MORENA,LINA FABIOLA NEGRAN CANCHE ,MARGARITA CONCEPCION PECH CEN
2101,31,53,31053,MUNA,NAY,CARLOS BALTAZAR AYUSO VERA ,LUIS FERNANDO CHAN CEN 
2102,31,53,31053,MUNA,C_PAN_PRI_PRD_NAY,Nombre Apellido Apellido,Nombre Apellido Apellido
2103,31,53,31053,MUNA,C_PAN_PRI_PRD,Nombre Apellido Apellido,Nombre Apellido Apellido
2104,31,53,31053,MUNA,C_PAN_PRI_NAY,Nombre Apellido Apellido,Nombre Apellido Apellido
2105,31,53,31053,MUNA,C_PAN_PRD_NAY,Nombre Apellido Apellido,Nombre Apellido Apellido
2106,31,53,31053,MUNA,C_PRI_PRD_NAY,Nombre Apellido Apellido,Nombre Apellido Apellido
2107,31,53,31053,MUNA,C_PAN_PRI,Nombre Apellido Apellido,Nombre Apellido Apellido
2108,31,53,31053,MUNA,C_PAN_PRD,Nombre Apellido Apellido,Nombre Apellido Apellido
2109,31,53,31053,MUNA,C_PRI_PRD,Nombre Apellido Apellido,Nombre Apellido Apellido
2110,31,53,31053,MUNA,C_PAN_NAY,Nombre Apellido Apellido,Nombre Apellido Apellido
2111,31,53,31053,MUNA,C_PRI_NAY,CARLOS BALTAZAR AYUSO VERA ,LUIS FERNANDO CHAN CEN 
2112,31,53,31053,MUNA,C_PRD_NAY,Nombre Apellido Apellido,Nombre Apellido Apellido
2113,31,53,31053,MUNA,C_PVEM_PT_MORENA,LINA FABIOLA NEGRAN CANCHE ,MARGARITA CONCEPCION PECH CEN
2114,31,53,31053,MUNA,C_PVEM_PT,LINA FABIOLA NEGRAN CANCHE ,MARGARITA CONCEPCION PECH CEN
2115,31,53,31053,MUNA,C_PVEM_MORENA,LINA FABIOLA NEGRAN CANCHE ,MARGARITA CONCEPCION PECH CEN
2116,31,53,31053,MUNA,C_PT_MORENA,LINA FABIOLA NEGRAN CANCHE ,MARGARITA CONCEPCION PECH CEN
1174,31,54,31054,MUXUPIP,PAN,MARIA INES CHIM AKE,LOURDES CONCEPCION CAUICH CHIM
1175,31,54,31054,MUXUPIP,PRI,MARIA INES CHIM AKE,LOURDES CONCEPCION CAUICH CHIM
1176,31,54,31054,MUXUPIP,PRD,VICTOR MANUEL CAN AKE,AGUSTIN ABAM CHIN
1177,31,54,31054,MUXUPIP,PVEM,RUBI YASMIN AKE CHAVES,MARIA ROSA ISELA CASTILLO ALVAREZ
1178,31,54,31054,MUXUPIP,PT,RUBI YASMIN AKE CHAVES,MARIA ROSA ISELA CASTILLO ALVAREZ
1179,31,54,31054,MUXUPIP,MC,KEILA KAREN CHIM MARTIN,YULIANA DE LOS ANGELES CERVANTES DOMINGUEZ
1180,31,54,31054,MUXUPIP,MORENA,RUBI YASMIN AKE CHAVES,MARIA ROSA ISELA CASTILLO ALVAREZ
1181,31,54,31054,MUXUPIP,NAY,Nombre Apellido Apellido,Nombre Apellido Apellido
1182,31,54,31054,MUXUPIP,C_PAN_PRI_PRD_NAY,Nombre Apellido Apellido,Nombre Apellido Apellido
1183,31,54,31054,MUXUPIP,C_PAN_PRI_PRD,Nombre Apellido Apellido,Nombre Apellido Apellido
1184,31,54,31054,MUXUPIP,C_PAN_PRI_NAY,Nombre Apellido Apellido,Nombre Apellido Apellido
1185,31,54,31054,MUXUPIP,C_PAN_PRD_NAY,Nombre Apellido Apellido,Nombre Apellido Apellido
1186,31,54,31054,MUXUPIP,C_PRI_PRD_NAY,Nombre Apellido Apellido,Nombre Apellido Apellido
1187,31,54,31054,MUXUPIP,C_PAN_PRI,MARIA INES CHIM AKE,LOURDES CONCEPCION CAUICH CHIM
1188,31,54,31054,MUXUPIP,C_PAN_PRD,Nombre Apellido Apellido,Nombre Apellido Apellido
1189,31,54,31054,MUXUPIP,C_PRI_PRD,Nombre Apellido Apellido,Nombre Apellido Apellido
1190,31,54,31054,MUXUPIP,C_PAN_NAY,Nombre Apellido Apellido,Nombre Apellido Apellido
1191,31,54,31054,MUXUPIP,C_PRI_NAY,Nombre Apellido Apellido,Nombre Apellido Apellido
1192,31,54,31054,MUXUPIP,C_PRD_NAY,Nombre Apellido Apellido,Nombre Apellido Apellido
1193,31,54,31054,MUXUPIP,C_PVEM_PT_MORENA,RUBI YASMIN AKE CHAVES,MARIA ROSA ISELA CASTILLO ALVAREZ
1194,31,54,31054,MUXUPIP,C_PVEM_PT,RUBI YASMIN AKE CHAVES,MARIA ROSA ISELA CASTILLO ALVAREZ
1195,31,54,31054,MUXUPIP,C_PVEM_MORENA,RUBI YASMIN AKE CHAVES,MARIA ROSA ISELA CASTILLO ALVAREZ
1196,31,54,31054,MUXUPIP,C_PT_MORENA,RUBI YASMIN AKE CHAVES,MARIA ROSA ISELA CASTILLO ALVAREZ
2117,31,55,31055,OPICHEN,PAN,RICARDO ORDOÑEZ CHAN,SANTIAGO TEC YAMA
2118,31,55,31055,OPICHEN,PRI,NORMA LETICIA ORDOÑEZ EUAN ,NORMA MARIA TEC MAY
2119,31,55,31055,OPICHEN,PRD,Nombre Apellido Apellido,Nombre Apellido Apellido
2120,31,55,31055,OPICHEN,PVEM,Nombre Apellido Apellido,Nombre Apellido Apellido
2121,31,55,31055,OPICHEN,PT,Nombre Apellido Apellido,Nombre Apellido Apellido
2122,31,55,31055,OPICHEN,MC,Nombre Apellido Apellido,Nombre Apellido Apellido
2123,31,55,31055,OPICHEN,MORENA,SANDI EMANUEL CALAN ORDOÑEZ,GUILLERMO ANTONIO HERRERA MOO
2124,31,55,31055,OPICHEN,NAY,Nombre Apellido Apellido,Nombre Apellido Apellido
2125,31,55,31055,OPICHEN,C_PAN_PRI_PRD_NAY,Nombre Apellido Apellido,Nombre Apellido Apellido
2126,31,55,31055,OPICHEN,C_PAN_PRI_PRD,Nombre Apellido Apellido,Nombre Apellido Apellido
2127,31,55,31055,OPICHEN,C_PAN_PRI_NAY,Nombre Apellido Apellido,Nombre Apellido Apellido
2128,31,55,31055,OPICHEN,C_PAN_PRD_NAY,Nombre Apellido Apellido,Nombre Apellido Apellido
2129,31,55,31055,OPICHEN,C_PRI_PRD_NAY,Nombre Apellido Apellido,Nombre Apellido Apellido
2130,31,55,31055,OPICHEN,C_PAN_PRI,Nombre Apellido Apellido,Nombre Apellido Apellido
2131,31,55,31055,OPICHEN,C_PAN_PRD,Nombre Apellido Apellido,Nombre Apellido Apellido
2132,31,55,31055,OPICHEN,C_PRI_PRD,Nombre Apellido Apellido,Nombre Apellido Apellido
2133,31,55,31055,OPICHEN,C_PAN_NAY,Nombre Apellido Apellido,Nombre Apellido Apellido
2134,31,55,31055,OPICHEN,C_PRI_NAY,Nombre Apellido Apellido,Nombre Apellido Apellido
2135,31,55,31055,OPICHEN,C_PRD_NAY,Nombre Apellido Apellido,Nombre Apellido Apellido
2136,31,55,31055,OPICHEN,C_PVEM_PT_MORENA,Nombre Apellido Apellido,Nombre Apellido Apellido
2137,31,55,31055,OPICHEN,C_PVEM_PT,Nombre Apellido Apellido,Nombre Apellido Apellido
2138,31,55,31055,OPICHEN,C_PVEM_MORENA,Nombre Apellido Apellido,Nombre Apellido Apellido
2139,31,55,31055,OPICHEN,C_PT_MORENA,Nombre Apellido Apellido,Nombre Apellido Apellido
2140,31,56,31056,OXKUTZCAB,PAN,JUAN JOSE MARTIN FRAGOSO,ALAN ADAIR DE JESUS LOPEZ ALDANA
2141,31,56,31056,OXKUTZCAB,PRI,JUAN JOSE MARTIN FRAGOSO,ALAN ADAIR DE JESUS LOPEZ ALDANA
2142,31,56,31056,OXKUTZCAB,PRD,GLENDY CAROLINA PUC CHAVARRIA,VANESSA VIRIDIANA AMARO VAZQUEZ 
2143,31,56,31056,OXKUTZCAB,PVEM,FERNANDO DE JESUS AYORA PUERTO,MIGUEL ANGEL AVILA VALDEZ
2144,31,56,31056,OXKUTZCAB,PT,FERNANDO DE JESUS AYORA PUERTO,MIGUEL ANGEL AVILA VALDEZ
2145,31,56,31056,OXKUTZCAB,MC,YAMILI BERENICE RUIZ PACHECO,HIRAYDA MAYROBY POOT MARTINEZ
2146,31,56,31056,OXKUTZCAB,MORENA,FERNANDO DE JESUS AYORA PUERTO,MIGUEL ANGEL AVILA VALDEZ
2147,31,56,31056,OXKUTZCAB,NAY,JUAN JOSE MARTIN FRAGOSO,ALAN ADAIR DE JESUS LOPEZ ALDANA
2148,31,56,31056,OXKUTZCAB,C_PAN_PRI_PRD_NAY,Nombre Apellido Apellido,Nombre Apellido Apellido
2149,31,56,31056,OXKUTZCAB,C_PAN_PRI_PRD,Nombre Apellido Apellido,Nombre Apellido Apellido
2150,31,56,31056,OXKUTZCAB,C_PAN_PRI_NAY,JUAN JOSE MARTIN FRAGOSO,ALAN ADAIR DE JESUS LOPEZ ALDANA
2151,31,56,31056,OXKUTZCAB,C_PAN_PRD_NAY,Nombre Apellido Apellido,Nombre Apellido Apellido
2152,31,56,31056,OXKUTZCAB,C_PRI_PRD_NAY,Nombre Apellido Apellido,Nombre Apellido Apellido
2153,31,56,31056,OXKUTZCAB,C_PAN_PRI,JUAN JOSE MARTIN FRAGOSO,ALAN ADAIR DE JESUS LOPEZ ALDANA
2154,31,56,31056,OXKUTZCAB,C_PAN_PRD,Nombre Apellido Apellido,Nombre Apellido Apellido
2155,31,56,31056,OXKUTZCAB,C_PRI_PRD,Nombre Apellido Apellido,Nombre Apellido Apellido
2156,31,56,31056,OXKUTZCAB,C_PAN_NAY,JUAN JOSE MARTIN FRAGOSO,ALAN ADAIR DE JESUS LOPEZ ALDANA
2157,31,56,31056,OXKUTZCAB,C_PRI_NAY,JUAN JOSE MARTIN FRAGOSO,ALAN ADAIR DE JESUS LOPEZ ALDANA
2158,31,56,31056,OXKUTZCAB,C_PRD_NAY,Nombre Apellido Apellido,Nombre Apellido Apellido
2159,31,56,31056,OXKUTZCAB,C_PVEM_PT_MORENA,FERNANDO DE JESUS AYORA PUERTO,MIGUEL ANGEL AVILA VALDEZ
2160,31,56,31056,OXKUTZCAB,C_PVEM_PT,FERNANDO DE JESUS AYORA PUERTO,MIGUEL ANGEL AVILA VALDEZ
2161,31,56,31056,OXKUTZCAB,C_PVEM_MORENA,FERNANDO DE JESUS AYORA PUERTO,MIGUEL ANGEL AVILA VALDEZ
2162,31,56,31056,OXKUTZCAB,C_PT_MORENA,FERNANDO DE JESUS AYORA PUERTO,MIGUEL ANGEL AVILA VALDEZ
254,31,57,31057,PANABA,PAN,SILVIA LEONOR MALDONADO ARANDA,MARIA BEATRIZ PACHECO DZIB
255,31,57,31057,PANABA,PRI,SILVIA LEONOR MALDONADO ARANDA,MARIA BEATRIZ PACHECO DZIB
256,31,57,31057,PANABA,PRD,Nombre Apellido Apellido,Nombre Apellido Apellido
257,31,57,31057,PANABA,PVEM,Nombre Apellido Apellido,Nombre Apellido Apellido
258,31,57,31057,PANABA,PT,Nombre Apellido Apellido,Nombre Apellido Apellido
259,31,57,31057,PANABA,MC,Nombre Apellido Apellido,Nombre Apellido Apellido
260,31,57,31057,PANABA,MORENA,JOSE NICOLAS IUIT ALCOCER,MARIO JESUS MENA HERRERA
261,31,57,31057,PANABA,NAY,SILVIA LEONOR MALDONADO ARANDA,MARIA BEATRIZ PACHECO DZIB
262,31,57,31057,PANABA,C_PAN_PRI_PRD_NAY,Nombre Apellido Apellido,Nombre Apellido Apellido
263,31,57,31057,PANABA,C_PAN_PRI_PRD,Nombre Apellido Apellido,Nombre Apellido Apellido
264,31,57,31057,PANABA,C_PAN_PRI_NAY,SILVIA LEONOR MALDONADO ARANDA,MARIA BEATRIZ PACHECO DZIB
265,31,57,31057,PANABA,C_PAN_PRD_NAY,Nombre Apellido Apellido,Nombre Apellido Apellido
266,31,57,31057,PANABA,C_PRI_PRD_NAY,Nombre Apellido Apellido,Nombre Apellido Apellido
267,31,57,31057,PANABA,C_PAN_PRI,SILVIA LEONOR MALDONADO ARANDA,MARIA BEATRIZ PACHECO DZIB
268,31,57,31057,PANABA,C_PAN_PRD,Nombre Apellido Apellido,Nombre Apellido Apellido
269,31,57,31057,PANABA,C_PRI_PRD,Nombre Apellido Apellido,Nombre Apellido Apellido
270,31,57,31057,PANABA,C_PAN_NAY,SILVIA LEONOR MALDONADO ARANDA,MARIA BEATRIZ PACHECO DZIB
271,31,57,31057,PANABA,C_PRI_NAY,SILVIA LEONOR MALDONADO ARANDA,MARIA BEATRIZ PACHECO DZIB
272,31,57,31057,PANABA,C_PRD_NAY,Nombre Apellido Apellido,Nombre Apellido Apellido
273,31,57,31057,PANABA,C_PVEM_PT_MORENA,Nombre Apellido Apellido,Nombre Apellido Apellido
274,31,57,31057,PANABA,C_PVEM_PT,Nombre Apellido Apellido,Nombre Apellido Apellido
275,31,57,31057,PANABA,C_PVEM_MORENA,Nombre Apellido Apellido,Nombre Apellido Apellido
276,31,57,31057,PANABA,C_PT_MORENA,Nombre Apellido Apellido,Nombre Apellido Apellido
277,31,58,31058,PETO,PAN,FELIPE ANGELES ESPINOSA BRITO,RAFAEL TAH ACEVEDO
278,31,58,31058,PETO,PRI,EDGAR ROMAN CALDERON SOSA,ANGEL GABRIEL CITUK DZIU
279,31,58,31058,PETO,PRD,Nombre Apellido Apellido,Nombre Apellido Apellido
280,31,58,31058,PETO,PVEM,RENAN GABRIEL JIMENEZ TAH,LUIS JAIR MARIN GALERA
281,31,58,31058,PETO,PT,EULOGIO PECH TAPIA,RUDDY EMMANUEL POOT GIMENEZ
282,31,58,31058,PETO,MC,RODOLFO RUIZ HERNANDEZ ,CARLOS EDILBERTO CARDEÑA CERVERA
283,31,58,31058,PETO,MORENA,EMERIO CALDERON GONGORA ,JUANA GUALBERTA CHIM BACAB
284,31,58,31058,PETO,NAY,GLORIA RAQUEL CASTRO BAEZ,ADRIANA CAUICH ECHEVERRIA
285,31,58,31058,PETO,C_PAN_PRI_PRD_NAY,Nombre Apellido Apellido,Nombre Apellido Apellido
286,31,58,31058,PETO,C_PAN_PRI_PRD,Nombre Apellido Apellido,Nombre Apellido Apellido
287,31,58,31058,PETO,C_PAN_PRI_NAY,Nombre Apellido Apellido,Nombre Apellido Apellido
288,31,58,31058,PETO,C_PAN_PRD_NAY,Nombre Apellido Apellido,Nombre Apellido Apellido
289,31,58,31058,PETO,C_PRI_PRD_NAY,Nombre Apellido Apellido,Nombre Apellido Apellido
290,31,58,31058,PETO,C_PAN_PRI,Nombre Apellido Apellido,Nombre Apellido Apellido
291,31,58,31058,PETO,C_PAN_PRD,Nombre Apellido Apellido,Nombre Apellido Apellido
292,31,58,31058,PETO,C_PRI_PRD,Nombre Apellido Apellido,Nombre Apellido Apellido
293,31,58,31058,PETO,C_PAN_NAY,Nombre Apellido Apellido,Nombre Apellido Apellido
294,31,58,31058,PETO,C_PRI_NAY,Nombre Apellido Apellido,Nombre Apellido Apellido
295,31,58,31058,PETO,C_PRD_NAY,Nombre Apellido Apellido,Nombre Apellido Apellido
296,31,58,31058,PETO,C_PVEM_PT_MORENA,Nombre Apellido Apellido,Nombre Apellido Apellido
297,31,58,31058,PETO,C_PVEM_PT,Nombre Apellido Apellido,Nombre Apellido Apellido
298,31,58,31058,PETO,C_PVEM_MORENA,Nombre Apellido Apellido,Nombre Apellido Apellido
299,31,58,31058,PETO,C_PT_MORENA,Nombre Apellido Apellido,Nombre Apellido Apellido
1197,31,59,31059,PROGRESO,PAN,ERICK JOSE RIHANI GONZALEZ,DAVID EDUARDO ESCALANTE ECHEVERRIA
1198,31,59,31059,PROGRESO,PRI,JUDITH ALHELI HERNANDEZ RIVERO,BLANCA ALICIA DE LA MACARENA OSORNO BERTATA
1199,31,59,31059,PROGRESO,PRD,FRANCISCO JAVIER GONGORA DOMANI,ROBERTO JAVIER DIAZ CEBALLOS
1200,31,59,31059,PROGRESO,PVEM,GLADYS SUGELY MANZANO ALVARADO,NELLY BEATRIZ UREÑA SAUIRI
1201,31,59,31059,PROGRESO,PT,LEANDO RAUL ALVARADO NAAL,CARLOS CORONEL GARCIA
1202,31,59,31059,PROGRESO,MC,ROSA MARIA CORTEZ HERRERA,SHEYLA ESTEFANY LEON ROSES
1203,31,59,31059,PROGRESO,MORENA,LEANDRO RAUL ALVARADO NAAL,CARLOS CORONEL GARCIA
1204,31,59,31059,PROGRESO,NAY,JUDITH ALHELI HERNANDEZ RIVERO,BLANCA ALICIA DE LA MACARENA OSORNO BERTATA
1205,31,59,31059,PROGRESO,C_PAN_PRI_PRD_NAY,Nombre Apellido Apellido,Nombre Apellido Apellido
1206,31,59,31059,PROGRESO,C_PAN_PRI_PRD,Nombre Apellido Apellido,Nombre Apellido Apellido
1207,31,59,31059,PROGRESO,C_PAN_PRI_NAY,Nombre Apellido Apellido,Nombre Apellido Apellido
1208,31,59,31059,PROGRESO,C_PAN_PRD_NAY,Nombre Apellido Apellido,Nombre Apellido Apellido
1209,31,59,31059,PROGRESO,C_PRI_PRD_NAY,Nombre Apellido Apellido,Nombre Apellido Apellido
1210,31,59,31059,PROGRESO,C_PAN_PRI,Nombre Apellido Apellido,Nombre Apellido Apellido
1211,31,59,31059,PROGRESO,C_PAN_PRD,Nombre Apellido Apellido,Nombre Apellido Apellido
1212,31,59,31059,PROGRESO,C_PRI_PRD,Nombre Apellido Apellido,Nombre Apellido Apellido
1213,31,59,31059,PROGRESO,C_PAN_NAY,Nombre Apellido Apellido,Nombre Apellido Apellido
1214,31,59,31059,PROGRESO,C_PRI_NAY,JUDITH ALHELI HERNANDEZ RIVERO,BLANCA ALICIA DE LA MACARENA OSORNO BERTATA
1215,31,59,31059,PROGRESO,C_PRD_NAY,Nombre Apellido Apellido,Nombre Apellido Apellido
1216,31,59,31059,PROGRESO,C_PVEM_PT_MORENA,LEANDO RAUL ALVARADO NAAL,CARLOS CORONEL GARCIA
1217,31,59,31059,PROGRESO,C_PVEM_PT,Nombre Apellido Apellido,Nombre Apellido Apellido
1218,31,59,31059,PROGRESO,C_PVEM_MORENA,Nombre Apellido Apellido,Nombre Apellido Apellido
1219,31,59,31059,PROGRESO,C_PT_MORENA,LEANDO RAUL ALVARADO NAAL,CARLOS CORONEL GARCIA
300,31,60,31060,QUINTANA ROO,PAN,MARIA MINELIA DE JESUS UICAB CEL,SANDRA INES ARANA CANCHE
301,31,60,31060,QUINTANA ROO,PRI,MARIA MINELIA DE JESUS UICAB CEL,SANDRA INES ARANA CANCHE
302,31,60,31060,QUINTANA ROO,PRD,Nombre Apellido Apellido,Nombre Apellido Apellido
303,31,60,31060,QUINTANA ROO,PVEM,JAIRO RODOLFO COLLI ABAN,MARGARITO ARANA MAY
304,31,60,31060,QUINTANA ROO,PT,ERMILA CATALINA NOVELO UCAN ,INGRIS RUBI MEDINA PETUL
305,31,60,31060,QUINTANA ROO,MC,Nombre Apellido Apellido,Nombre Apellido Apellido
306,31,60,31060,QUINTANA ROO,MORENA,ERMILA CATALINA NOVELO UCAN ,INGRIS RUBI MEDINA PETUL
307,31,60,31060,QUINTANA ROO,NAY,MIGUEL ARCANGEL SUARES CANCHE ,LIZZIE NADIR TUZ CEL
308,31,60,31060,QUINTANA ROO,C_PAN_PRI_PRD_NAY,Nombre Apellido Apellido,Nombre Apellido Apellido
309,31,60,31060,QUINTANA ROO,C_PAN_PRI_PRD,Nombre Apellido Apellido,Nombre Apellido Apellido
310,31,60,31060,QUINTANA ROO,C_PAN_PRI_NAY,Nombre Apellido Apellido,Nombre Apellido Apellido
311,31,60,31060,QUINTANA ROO,C_PAN_PRD_NAY,Nombre Apellido Apellido,Nombre Apellido Apellido
312,31,60,31060,QUINTANA ROO,C_PRI_PRD_NAY,Nombre Apellido Apellido,Nombre Apellido Apellido
313,31,60,31060,QUINTANA ROO,C_PAN_PRI,MARIA MINELIA DE JESUS UICAB CEL,SANDRA INES ARANA CANCHE
314,31,60,31060,QUINTANA ROO,C_PAN_PRD,Nombre Apellido Apellido,Nombre Apellido Apellido
315,31,60,31060,QUINTANA ROO,C_PRI_PRD,Nombre Apellido Apellido,Nombre Apellido Apellido
316,31,60,31060,QUINTANA ROO,C_PAN_NAY,Nombre Apellido Apellido,Nombre Apellido Apellido
317,31,60,31060,QUINTANA ROO,C_PRI_NAY,Nombre Apellido Apellido,Nombre Apellido Apellido
318,31,60,31060,QUINTANA ROO,C_PRD_NAY,Nombre Apellido Apellido,Nombre Apellido Apellido
319,31,60,31060,QUINTANA ROO,C_PVEM_PT_MORENA,Nombre Apellido Apellido,Nombre Apellido Apellido
320,31,60,31060,QUINTANA ROO,C_PVEM_PT,Nombre Apellido Apellido,Nombre Apellido Apellido
321,31,60,31060,QUINTANA ROO,C_PVEM_MORENA,Nombre Apellido Apellido,Nombre Apellido Apellido
322,31,60,31060,QUINTANA ROO,C_PT_MORENA,ERMILA CATALINA NOVELO UCAN ,INGRIS RUBI MEDINA PETUL
323,31,61,31061,RIO LAGARTOS,PAN,MIRZA VIANEY RAMOS ALCOCER,NAILE ZUMARA DE JESUS MARFIL CASTILLO
324,31,61,31061,RIO LAGARTOS,PRI,MIRZA VIANEY RAMOS ALCOCER,NAILE ZUMARA DE JESUS MARFIL CASTILLO
325,31,61,31061,RIO LAGARTOS,PRD,Nombre Apellido Apellido,Nombre Apellido Apellido
326,31,61,31061,RIO LAGARTOS,PVEM,MANUEL GERARDO RODRIGUEZ MENDOZA,Nombre Apellido Apellido
327,31,61,31061,RIO LAGARTOS,PT,YESEÑA OSIRIS LORIA MARFIL,REINA DANIELA MARFIL CANUL
328,31,61,31061,RIO LAGARTOS,MC,Nombre Apellido Apellido,Nombre Apellido Apellido
329,31,61,31061,RIO LAGARTOS,MORENA,YESEÑA OSIRIS LORIA MARFIL,REINA DANIELA MARFIL CANUL
330,31,61,31061,RIO LAGARTOS,NAY,MIRZA VIANEY RAMOS ALCOCER,NAILE ZUMARA DE JESUS MARFIL CASTILLO
331,31,61,31061,RIO LAGARTOS,C_PAN_PRI_PRD_NAY,Nombre Apellido Apellido,Nombre Apellido Apellido
332,31,61,31061,RIO LAGARTOS,C_PAN_PRI_PRD,Nombre Apellido Apellido,Nombre Apellido Apellido
333,31,61,31061,RIO LAGARTOS,C_PAN_PRI_NAY,MIRZA VIANEY RAMOS ALCOCER,NAILE ZUMARA DE JESUS MARFIL CASTILLO
334,31,61,31061,RIO LAGARTOS,C_PAN_PRD_NAY,Nombre Apellido Apellido,Nombre Apellido Apellido
335,31,61,31061,RIO LAGARTOS,C_PRI_PRD_NAY,Nombre Apellido Apellido,Nombre Apellido Apellido
336,31,61,31061,RIO LAGARTOS,C_PAN_PRI,MIRZA VIANEY RAMOS ALCOCER,NAILE ZUMARA DE JESUS MARFIL CASTILLO
337,31,61,31061,RIO LAGARTOS,C_PAN_PRD,Nombre Apellido Apellido,Nombre Apellido Apellido
338,31,61,31061,RIO LAGARTOS,C_PRI_PRD,Nombre Apellido Apellido,Nombre Apellido Apellido
339,31,61,31061,RIO LAGARTOS,C_PAN_NAY,MIRZA VIANEY RAMOS ALCOCER,NAILE ZUMARA DE JESUS MARFIL CASTILLO
340,31,61,31061,RIO LAGARTOS,C_PRI_NAY,MIRZA VIANEY RAMOS ALCOCER,NAILE ZUMARA DE JESUS MARFIL CASTILLO
341,31,61,31061,RIO LAGARTOS,C_PRD_NAY,Nombre Apellido Apellido,Nombre Apellido Apellido
342,31,61,31061,RIO LAGARTOS,C_PVEM_PT_MORENA,Nombre Apellido Apellido,Nombre Apellido Apellido
343,31,61,31061,RIO LAGARTOS,C_PVEM_PT,Nombre Apellido Apellido,Nombre Apellido Apellido
344,31,61,31061,RIO LAGARTOS,C_PVEM_MORENA,Nombre Apellido Apellido,Nombre Apellido Apellido
345,31,61,31061,RIO LAGARTOS,C_PT_MORENA,YESEÑA OSIRIS LORIA MARFIL,REINA DANIELA MARFIL CANUL
2163,31,62,31062,SACALUM,PAN,CARLOS ERNESTO ANDRADE SANTAMARIA,LUIS ALEJANDRO INTERIAN BRICEÑO
2164,31,62,31062,SACALUM,PRI,CARLOS ERNESTO ANDRADE SANTAMARIA,LUIS ALEJANDRO INTERIAN BRICEÑO
2165,31,62,31062,SACALUM,PRD,Nombre Apellido Apellido,Nombre Apellido Apellido
2166,31,62,31062,SACALUM,PVEM,Nombre Apellido Apellido,Nombre Apellido Apellido
2167,31,62,31062,SACALUM,PT,LUIS CARLOS NAJERA VAZQUEZ, BERNARDO BACAB CHAN
2168,31,62,31062,SACALUM,MC,SERGIO ALBERTO MANRIQUE CHABLE,ARMANDO CHABLE ANGUAS
2169,31,62,31062,SACALUM,MORENA,LUIS CARLOS NAJERA VAZQUEZ, BERNARDO BACAB CHAN
2170,31,62,31062,SACALUM,NAY,Nombre Apellido Apellido,Nombre Apellido Apellido
2171,31,62,31062,SACALUM,C_PAN_PRI_PRD_NAY,Nombre Apellido Apellido,Nombre Apellido Apellido
2172,31,62,31062,SACALUM,C_PAN_PRI_PRD,Nombre Apellido Apellido,Nombre Apellido Apellido
2173,31,62,31062,SACALUM,C_PAN_PRI_NAY,Nombre Apellido Apellido,Nombre Apellido Apellido
2174,31,62,31062,SACALUM,C_PAN_PRD_NAY,Nombre Apellido Apellido,Nombre Apellido Apellido
2175,31,62,31062,SACALUM,C_PRI_PRD_NAY,Nombre Apellido Apellido,Nombre Apellido Apellido
2176,31,62,31062,SACALUM,C_PAN_PRI,CARLOS ERNESTO ANDRADE SANTAMARIA,LUIS ALEJANDRO INTERIAN BRICEÑO
2177,31,62,31062,SACALUM,C_PAN_PRD,Nombre Apellido Apellido,Nombre Apellido Apellido
2178,31,62,31062,SACALUM,C_PRI_PRD,Nombre Apellido Apellido,Nombre Apellido Apellido
2179,31,62,31062,SACALUM,C_PAN_NAY,Nombre Apellido Apellido,Nombre Apellido Apellido
2180,31,62,31062,SACALUM,C_PRI_NAY,Nombre Apellido Apellido,Nombre Apellido Apellido
2181,31,62,31062,SACALUM,C_PRD_NAY,Nombre Apellido Apellido,Nombre Apellido Apellido
2182,31,62,31062,SACALUM,C_PVEM_PT_MORENA,Nombre Apellido Apellido,Nombre Apellido Apellido
2183,31,62,31062,SACALUM,C_PVEM_PT,Nombre Apellido Apellido,Nombre Apellido Apellido
2184,31,62,31062,SACALUM,C_PVEM_MORENA,Nombre Apellido Apellido,Nombre Apellido Apellido
2185,31,62,31062,SACALUM,C_PT_MORENA,LUIS CARLOS NAJERA VAZQUEZ, BERNARDO BACAB CHAN
2186,31,63,31063,SAMAHIL,PAN,MARIA MARBELIA DZUL CASTILLO,DIANA FLORICELLY GOMEZ MARTIN
2187,31,63,31063,SAMAHIL,PRI,MARIA ANGELA CHAKOM MOO,LIFNI MERARI PACHECO CHACON
2188,31,63,31063,SAMAHIL,PRD,JOSE CONCEPCION CETZ MARTIN,ABUNDIO CHALE EUAN
2189,31,63,31063,SAMAHIL,PVEM,SAMUEL MAYEN POOT ,RENE JULIAN GARCIA UC
2190,31,63,31063,SAMAHIL,PT,SAMUEL MAYEN POOT ,RENE JULIAN GARCIA UC
2191,31,63,31063,SAMAHIL,MC,Nombre Apellido Apellido,Nombre Apellido Apellido
2192,31,63,31063,SAMAHIL,MORENA,SAMUEL MAYEN POOT ,RENE JULIAN GARCIA UC
2193,31,63,31063,SAMAHIL,NAY,WILBERT JESUS PACHECO MARTIN,JORGE LUIS KANTUN CHACON
2194,31,63,31063,SAMAHIL,C_PAN_PRI_PRD_NAY,Nombre Apellido Apellido,Nombre Apellido Apellido
2195,31,63,31063,SAMAHIL,C_PAN_PRI_PRD,Nombre Apellido Apellido,Nombre Apellido Apellido
2196,31,63,31063,SAMAHIL,C_PAN_PRI_NAY,Nombre Apellido Apellido,Nombre Apellido Apellido
2197,31,63,31063,SAMAHIL,C_PAN_PRD_NAY,Nombre Apellido Apellido,Nombre Apellido Apellido
2198,31,63,31063,SAMAHIL,C_PRI_PRD_NAY,Nombre Apellido Apellido,Nombre Apellido Apellido
2199,31,63,31063,SAMAHIL,C_PAN_PRI,Nombre Apellido Apellido,Nombre Apellido Apellido
2200,31,63,31063,SAMAHIL,C_PAN_PRD,Nombre Apellido Apellido,Nombre Apellido Apellido
2201,31,63,31063,SAMAHIL,C_PRI_PRD,Nombre Apellido Apellido,Nombre Apellido Apellido
2202,31,63,31063,SAMAHIL,C_PAN_NAY,Nombre Apellido Apellido,Nombre Apellido Apellido
2203,31,63,31063,SAMAHIL,C_PRI_NAY,Nombre Apellido Apellido,Nombre Apellido Apellido
2204,31,63,31063,SAMAHIL,C_PRD_NAY,Nombre Apellido Apellido,Nombre Apellido Apellido
2205,31,63,31063,SAMAHIL,C_PVEM_PT_MORENA,SAMUEL MAYEN POOT ,RENE JULIAN GARCIA UC
2206,31,63,31063,SAMAHIL,C_PVEM_PT,SAMUEL MAYEN POOT ,RENE JULIAN GARCIA UC
2207,31,63,31063,SAMAHIL,C_PVEM_MORENA,SAMUEL MAYEN POOT ,RENE JULIAN GARCIA UC
2208,31,63,31063,SAMAHIL,C_PT_MORENA,SAMUEL MAYEN POOT ,RENE JULIAN GARCIA UC
1220,31,64,31064,SANAHCAT,PAN,ALMA ERNESTINA MANZANERO POLANCO,FLORA MARIA BAAS POOT
1221,31,64,31064,SANAHCAT,PRI,ALMA ERNESTINA MANZANERO POLANCO,FLORA MARIA BAAS POOT
1222,31,64,31064,SANAHCAT,PRD,Nombre Apellido Apellido,Nombre Apellido Apellido
1223,31,64,31064,SANAHCAT,PVEM,MANUELA ROSAURA KUK GARMA,MARIA MARBELLA CHAN EK
1224,31,64,31064,SANAHCAT,PT,MANUELA ROSAURA KUK GARMA,MARIA MARBELLA CHAN EK
1225,31,64,31064,SANAHCAT,MC,EMILIO CHAN PECH,EDDY DE LA CRUZ MOO CAAMAL
1226,31,64,31064,SANAHCAT,MORENA,MANUELA ROSAURA KUK GARMA,MARIA MARBELLA CHAN EK
1227,31,64,31064,SANAHCAT,NAY,AGUSTIN ERNESTO MOO HERRERA,LUIS MIGUEL POLANCO EK
1228,31,64,31064,SANAHCAT,C_PAN_PRI_PRD_NAY,Nombre Apellido Apellido,Nombre Apellido Apellido
1229,31,64,31064,SANAHCAT,C_PAN_PRI_PRD,Nombre Apellido Apellido,Nombre Apellido Apellido
1230,31,64,31064,SANAHCAT,C_PAN_PRI_NAY,Nombre Apellido Apellido,Nombre Apellido Apellido
1231,31,64,31064,SANAHCAT,C_PAN_PRD_NAY,Nombre Apellido Apellido,Nombre Apellido Apellido
1232,31,64,31064,SANAHCAT,C_PRI_PRD_NAY,Nombre Apellido Apellido,Nombre Apellido Apellido
1233,31,64,31064,SANAHCAT,C_PAN_PRI,ALMA ERNESTINA MANZANERO POLANCO,FLORA MARIA BAAS POOT
1234,31,64,31064,SANAHCAT,C_PAN_PRD,Nombre Apellido Apellido,Nombre Apellido Apellido
1235,31,64,31064,SANAHCAT,C_PRI_PRD,Nombre Apellido Apellido,Nombre Apellido Apellido
1236,31,64,31064,SANAHCAT,C_PAN_NAY,Nombre Apellido Apellido,Nombre Apellido Apellido
1237,31,64,31064,SANAHCAT,C_PRI_NAY,Nombre Apellido Apellido,Nombre Apellido Apellido
1238,31,64,31064,SANAHCAT,C_PRD_NAY,Nombre Apellido Apellido,Nombre Apellido Apellido
1239,31,64,31064,SANAHCAT,C_PVEM_PT_MORENA,MANUELA ROSAURA KUK GARMA,MARIA MARBELLA CHAN EK
1240,31,64,31064,SANAHCAT,C_PVEM_PT,MANUELA ROSAURA KUK GARMA,MARIA MARBELLA CHAN EK
1241,31,64,31064,SANAHCAT,C_PVEM_MORENA,MANUELA ROSAURA KUK GARMA,MARIA MARBELLA CHAN EK
1242,31,64,31064,SANAHCAT,C_PT_MORENA,MANUELA ROSAURA KUK GARMA,MARIA MARBELLA CHAN EK
346,31,65,31065,SAN FELIPE,PAN,MARIA DEL CARMEN MARRUFO BALTAZAR,NELLY GAMEBA LORIA PERERA
347,31,65,31065,SAN FELIPE,PRI,FELIPE ANTONIO MARRUFO LOPEZ,LUIS DOLORES MARRUFO MAGAÑA
348,31,65,31065,SAN FELIPE,PRD,Nombre Apellido Apellido,Nombre Apellido Apellido
349,31,65,31065,SAN FELIPE,PVEM,MANUELA DE JESUS HAU SILVA,GUADALUPE DEL SOCORRO MARRUFO POOL
350,31,65,31065,SAN FELIPE,PT,MANUELA DE JESUS HAU SILVA,GUADALUPE DEL SOCORRO MARRUFO POOL
351,31,65,31065,SAN FELIPE,MC,Nombre Apellido Apellido,Nombre Apellido Apellido
352,31,65,31065,SAN FELIPE,MORENA,MANUELA DE JESUS HAU SILVA,GUADALUPE DEL SOCORRO MARRUFO POOL
353,31,65,31065,SAN FELIPE,NAY,Nombre Apellido Apellido,Nombre Apellido Apellido
354,31,65,31065,SAN FELIPE,C_PAN_PRI_PRD_NAY,Nombre Apellido Apellido,Nombre Apellido Apellido
355,31,65,31065,SAN FELIPE,C_PAN_PRI_PRD,Nombre Apellido Apellido,Nombre Apellido Apellido
356,31,65,31065,SAN FELIPE,C_PAN_PRI_NAY,Nombre Apellido Apellido,Nombre Apellido Apellido
357,31,65,31065,SAN FELIPE,C_PAN_PRD_NAY,Nombre Apellido Apellido,Nombre Apellido Apellido
358,31,65,31065,SAN FELIPE,C_PRI_PRD_NAY,Nombre Apellido Apellido,Nombre Apellido Apellido
359,31,65,31065,SAN FELIPE,C_PAN_PRI,Nombre Apellido Apellido,Nombre Apellido Apellido
360,31,65,31065,SAN FELIPE,C_PAN_PRD,Nombre Apellido Apellido,Nombre Apellido Apellido
361,31,65,31065,SAN FELIPE,C_PRI_PRD,Nombre Apellido Apellido,Nombre Apellido Apellido
362,31,65,31065,SAN FELIPE,C_PAN_NAY,Nombre Apellido Apellido,Nombre Apellido Apellido
363,31,65,31065,SAN FELIPE,C_PRI_NAY,Nombre Apellido Apellido,Nombre Apellido Apellido
364,31,65,31065,SAN FELIPE,C_PRD_NAY,Nombre Apellido Apellido,Nombre Apellido Apellido
365,31,65,31065,SAN FELIPE,C_PVEM_PT_MORENA,MANUELA DE JESUS HAU SILVA,GUADALUPE DEL SOCORRO MARRUFO POOL
366,31,65,31065,SAN FELIPE,C_PVEM_PT,MANUELA DE JESUS HAU SILVA,GUADALUPE DEL SOCORRO MARRUFO POOL
367,31,65,31065,SAN FELIPE,C_PVEM_MORENA,MANUELA DE JESUS HAU SILVA,GUADALUPE DEL SOCORRO MARRUFO POOL
368,31,65,31065,SAN FELIPE,C_PT_MORENA,MANUELA DE JESUS HAU SILVA,GUADALUPE DEL SOCORRO MARRUFO POOL
2209,31,66,31066,SANTA ELENA,PAN,GALDINO POOT MORENO,JOSE ASUNCION TEC COYOC 
2210,31,66,31066,SANTA ELENA,PRI,MARIA LILIANA MUL MAY ,MARIA DEYSI DEL SOCORRO KU COLLI 
2211,31,66,31066,SANTA ELENA,PRD,Nombre Apellido Apellido,Nombre Apellido Apellido
2212,31,66,31066,SANTA ELENA,PVEM,Nombre Apellido Apellido,Nombre Apellido Apellido
2213,31,66,31066,SANTA ELENA,PT,Nombre Apellido Apellido,Nombre Apellido Apellido
2214,31,66,31066,SANTA ELENA,MC,Nombre Apellido Apellido,Nombre Apellido Apellido
2215,31,66,31066,SANTA ELENA,MORENA,JULIO HERNAN CHE ZAPATA,MIRIA FRANCISCA HUCHIN PUCH
2216,31,66,31066,SANTA ELENA,NAY,MARIA LILIANA MUL MAY ,MARIA DEYSI DEL SOCORRO KU COLLI 
2217,31,66,31066,SANTA ELENA,C_PAN_PRI_PRD_NAY,Nombre Apellido Apellido,Nombre Apellido Apellido
2218,31,66,31066,SANTA ELENA,C_PAN_PRI_PRD,Nombre Apellido Apellido,Nombre Apellido Apellido
2219,31,66,31066,SANTA ELENA,C_PAN_PRI_NAY,Nombre Apellido Apellido,Nombre Apellido Apellido
2220,31,66,31066,SANTA ELENA,C_PAN_PRD_NAY,Nombre Apellido Apellido,Nombre Apellido Apellido
2221,31,66,31066,SANTA ELENA,C_PRI_PRD_NAY,Nombre Apellido Apellido,Nombre Apellido Apellido
2222,31,66,31066,SANTA ELENA,C_PAN_PRI,Nombre Apellido Apellido,Nombre Apellido Apellido
2223,31,66,31066,SANTA ELENA,C_PAN_PRD,Nombre Apellido Apellido,Nombre Apellido Apellido
2224,31,66,31066,SANTA ELENA,C_PRI_PRD,Nombre Apellido Apellido,Nombre Apellido Apellido
2225,31,66,31066,SANTA ELENA,C_PAN_NAY,Nombre Apellido Apellido,Nombre Apellido Apellido
2226,31,66,31066,SANTA ELENA,C_PRI_NAY,MARIA LILIANA MUL MAY ,MARIA DEYSI DEL SOCORRO KU COLLI 
2227,31,66,31066,SANTA ELENA,C_PRD_NAY,Nombre Apellido Apellido,Nombre Apellido Apellido
2228,31,66,31066,SANTA ELENA,C_PVEM_PT_MORENA,Nombre Apellido Apellido,Nombre Apellido Apellido
2229,31,66,31066,SANTA ELENA,C_PVEM_PT,Nombre Apellido Apellido,Nombre Apellido Apellido
2230,31,66,31066,SANTA ELENA,C_PVEM_MORENA,Nombre Apellido Apellido,Nombre Apellido Apellido
2231,31,66,31066,SANTA ELENA,C_PT_MORENA,Nombre Apellido Apellido,Nombre Apellido Apellido
1243,31,67,31067,SEYE,PAN,WENDY MARIELLY CAUICH CAUICH,REINA MARIA CHAN PECH
1244,31,67,31067,SEYE,PRI,DIANA ISABEL DZUL LEO,MARIA GUADALUPE MANZANERO DZUL
1245,31,67,31067,SEYE,PRD,DIANA ISABEL DZUL LEO,MARIA GUADALUPE MANZANERO DZUL
1246,31,67,31067,SEYE,PVEM,EMILIA DEL SOCORRO HUCHIM ANGULO,SULEYMA JANEET HUCHIN CHAN
1247,31,67,31067,SEYE,PT,EMILIA DEL SOCORRO HUCHIM ANGULO,SULEYMA JANEET HUCHIN CHAN
1248,31,67,31067,SEYE,MC,MIGUEL ANGEL CHERREZ AKE,RICARDO DE JESUS NOVEL CANO
1249,31,67,31067,SEYE,MORENA,EMILIA DEL SOCORRO HUCHIM ANGULO,SULEYMA JANEET HUCHIN CHAN
1250,31,67,31067,SEYE,NAY,HERIBERTO ABRAHAM PALOMO CAN,MARIA IDELFIA CANO CANCHE
1251,31,67,31067,SEYE,C_PAN_PRI_PRD_NAY,Nombre Apellido Apellido,Nombre Apellido Apellido
1252,31,67,31067,SEYE,C_PAN_PRI_PRD,Nombre Apellido Apellido,Nombre Apellido Apellido
1253,31,67,31067,SEYE,C_PAN_PRI_NAY,Nombre Apellido Apellido,Nombre Apellido Apellido
1254,31,67,31067,SEYE,C_PAN_PRD_NAY,Nombre Apellido Apellido,Nombre Apellido Apellido
1255,31,67,31067,SEYE,C_PRI_PRD_NAY,Nombre Apellido Apellido,Nombre Apellido Apellido
1256,31,67,31067,SEYE,C_PAN_PRI,Nombre Apellido Apellido,Nombre Apellido Apellido
1257,31,67,31067,SEYE,C_PAN_PRD,Nombre Apellido Apellido,Nombre Apellido Apellido
1258,31,67,31067,SEYE,C_PRI_PRD,DIANA ISABEL DZUL LEO,MARIA GUADALUPE MANZANERO DZUL
1259,31,67,31067,SEYE,C_PAN_NAY,Nombre Apellido Apellido,Nombre Apellido Apellido
1260,31,67,31067,SEYE,C_PRI_NAY,Nombre Apellido Apellido,Nombre Apellido Apellido
1261,31,67,31067,SEYE,C_PRD_NAY,Nombre Apellido Apellido,Nombre Apellido Apellido
1262,31,67,31067,SEYE,C_PVEM_PT_MORENA,EMILIA DEL SOCORRO HUCHIM ANGULO,SULEYMA JANEET HUCHIN CHAN
1263,31,67,31067,SEYE,C_PVEM_PT,EMILIA DEL SOCORRO HUCHIM ANGULO,SULEYMA JANEET HUCHIN CHAN
1264,31,67,31067,SEYE,C_PVEM_MORENA,EMILIA DEL SOCORRO HUCHIM ANGULO,SULEYMA JANEET HUCHIN CHAN
1265,31,67,31067,SEYE,C_PT_MORENA,EMILIA DEL SOCORRO HUCHIM ANGULO,SULEYMA JANEET HUCHIN CHAN
1266,31,68,31068,SINANCHE,PAN,ABRIL ABIGAIL PALMA BACELIS,MELISSA ALEJANDRA HERRERA UITZ 
1267,31,68,31068,SINANCHE,PRI,ABRIL ABIGAIL PALMA BACELIS,MELISSA ALEJANDRA HERRERA UITZ 
1268,31,68,31068,SINANCHE,PRD,Nombre Apellido Apellido,Nombre Apellido Apellido
1269,31,68,31068,SINANCHE,PVEM,BENIGNO RAMIREZ ESPINOSA,VICTOR MANUEL PALMA CERVANTES
1270,31,68,31068,SINANCHE,PT,INES ANTONIO PERAZA MALDONADO,JOSE SANTIAGO CHALE POOT
1271,31,68,31068,SINANCHE,MC,YUSSIF EMMANUEL CHI QUIÑONES,ALMA ARACELY SAUIRI QUIÑONES
1272,31,68,31068,SINANCHE,MORENA,DALINDA CONCEPCION PUC AGUILAR ,OLGA MARIA HERRERA UC
1273,31,68,31068,SINANCHE,NAY,ABRIL ABIGAIL PALMA BACELIS,MELISSA ALEJANDRA HERRERA UITZ 
1274,31,68,31068,SINANCHE,C_PAN_PRI_PRD_NAY,Nombre Apellido Apellido,Nombre Apellido Apellido
1275,31,68,31068,SINANCHE,C_PAN_PRI_PRD,Nombre Apellido Apellido,Nombre Apellido Apellido
1276,31,68,31068,SINANCHE,C_PAN_PRI_NAY,ABRIL ABIGAIL PALMA BACELIS,MELISSA ALEJANDRA HERRERA UITZ 
1277,31,68,31068,SINANCHE,C_PAN_PRD_NAY,Nombre Apellido Apellido,Nombre Apellido Apellido
1278,31,68,31068,SINANCHE,C_PRI_PRD_NAY,Nombre Apellido Apellido,Nombre Apellido Apellido
1279,31,68,31068,SINANCHE,C_PAN_PRI,ABRIL ABIGAIL PALMA BACELIS,MELISSA ALEJANDRA HERRERA UITZ 
1280,31,68,31068,SINANCHE,C_PAN_PRD,Nombre Apellido Apellido,Nombre Apellido Apellido
1281,31,68,31068,SINANCHE,C_PRI_PRD,Nombre Apellido Apellido,Nombre Apellido Apellido
1282,31,68,31068,SINANCHE,C_PAN_NAY,ABRIL ABIGAIL PALMA BACELIS,MELISSA ALEJANDRA HERRERA UITZ 
1283,31,68,31068,SINANCHE,C_PRI_NAY,ABRIL ABIGAIL PALMA BACELIS,MELISSA ALEJANDRA HERRERA UITZ 
1284,31,68,31068,SINANCHE,C_PRD_NAY,Nombre Apellido Apellido,Nombre Apellido Apellido
1285,31,68,31068,SINANCHE,C_PVEM_PT_MORENA,Nombre Apellido Apellido,Nombre Apellido Apellido
1286,31,68,31068,SINANCHE,C_PVEM_PT,Nombre Apellido Apellido,Nombre Apellido Apellido
1287,31,68,31068,SINANCHE,C_PVEM_MORENA,Nombre Apellido Apellido,Nombre Apellido Apellido
1288,31,68,31068,SINANCHE,C_PT_MORENA,Nombre Apellido Apellido,Nombre Apellido Apellido
1289,31,69,31069,SOTUTA,PAN,DANILO CUEVAS MEDINA,JORGE TOMAS PECH OY
1290,31,69,31069,SOTUTA,PRI,ANDRES ISMAEL SANTANA FRAGA ,JOSE HERIBERTO NOVELO JIMENEZ 
1291,31,69,31069,SOTUTA,PRD,Nombre Apellido Apellido,Nombre Apellido Apellido
1292,31,69,31069,SOTUTA,PVEM,GERARDO JACOBO CUXIN ALFARO,RUSSY ANTONIO YAM CHAC
1293,31,69,31069,SOTUTA,PT,GERARDO JACOBO CUXIN ALFARO,RUSSY ANTONIO YAM CHAC
1294,31,69,31069,SOTUTA,MC,Nombre Apellido Apellido,Nombre Apellido Apellido
1295,31,69,31069,SOTUTA,MORENA,MANUEL ALEJANDRO ALCOCER JIMENEZ,ERICK ADOLFO MARTIN SOSA
1296,31,69,31069,SOTUTA,NAY,ANDRES GREGORIO NAVARRO CATZIN,LUIS FELIPE YAM SANTIAGO
1297,31,69,31069,SOTUTA,C_PAN_PRI_PRD_NAY,Nombre Apellido Apellido,Nombre Apellido Apellido
1298,31,69,31069,SOTUTA,C_PAN_PRI_PRD,Nombre Apellido Apellido,Nombre Apellido Apellido
1299,31,69,31069,SOTUTA,C_PAN_PRI_NAY,Nombre Apellido Apellido,Nombre Apellido Apellido
1300,31,69,31069,SOTUTA,C_PAN_PRD_NAY,Nombre Apellido Apellido,Nombre Apellido Apellido
1301,31,69,31069,SOTUTA,C_PRI_PRD_NAY,Nombre Apellido Apellido,Nombre Apellido Apellido
1302,31,69,31069,SOTUTA,C_PAN_PRI,Nombre Apellido Apellido,Nombre Apellido Apellido
1303,31,69,31069,SOTUTA,C_PAN_PRD,Nombre Apellido Apellido,Nombre Apellido Apellido
1304,31,69,31069,SOTUTA,C_PRI_PRD,Nombre Apellido Apellido,Nombre Apellido Apellido
1305,31,69,31069,SOTUTA,C_PAN_NAY,Nombre Apellido Apellido,Nombre Apellido Apellido
1306,31,69,31069,SOTUTA,C_PRI_NAY,Nombre Apellido Apellido,Nombre Apellido Apellido
1307,31,69,31069,SOTUTA,C_PRD_NAY,Nombre Apellido Apellido,Nombre Apellido Apellido
1308,31,69,31069,SOTUTA,C_PVEM_PT_MORENA,Nombre Apellido Apellido,Nombre Apellido Apellido
1309,31,69,31069,SOTUTA,C_PVEM_PT,GERARDO JACOBO CUXIN ALFARO,RUSSY ANTONIO YAM CHAC
1310,31,69,31069,SOTUTA,C_PVEM_MORENA,Nombre Apellido Apellido,Nombre Apellido Apellido
1311,31,69,31069,SOTUTA,C_PT_MORENA,Nombre Apellido Apellido,Nombre Apellido Apellido
369,31,70,31070,SUCILA,PAN,GABRIELA DE JESUS POOL CAMELO,NORA ALEJANDRA MONTERO MONFORTE
370,31,70,31070,SUCILA,PRI,DIEGO ALBERTO LUGO INTERIAN,ABRAHAM ALEJANDRO EK CETZAL
371,31,70,31070,SUCILA,PRD,Nombre Apellido Apellido,Nombre Apellido Apellido
372,31,70,31070,SUCILA,PVEM,PETRONA DE JESUS MEDRANO SANCHEZ,SONIA CARIDAD LORIA LUGO
373,31,70,31070,SUCILA,PT,PETRONA DE JESUS MEDRANO SANCHEZ,SONIA CARIDAD LORIA LUGO
374,31,70,31070,SUCILA,MC,Nombre Apellido Apellido,Nombre Apellido Apellido
375,31,70,31070,SUCILA,MORENA,PETRONA DE JESUS MEDRANO SANCHEZ,SONIA CARIDAD LORIA LUGO
376,31,70,31070,SUCILA,NAY,GABRIELA DE JESUS POOL CAMELO,NORA ALEJANDRA MONTERO MONFORTE
377,31,70,31070,SUCILA,C_PAN_PRI_PRD_NAY,Nombre Apellido Apellido,Nombre Apellido Apellido
378,31,70,31070,SUCILA,C_PAN_PRI_PRD,Nombre Apellido Apellido,Nombre Apellido Apellido
379,31,70,31070,SUCILA,C_PAN_PRI_NAY,Nombre Apellido Apellido,Nombre Apellido Apellido
380,31,70,31070,SUCILA,C_PAN_PRD_NAY,Nombre Apellido Apellido,Nombre Apellido Apellido
381,31,70,31070,SUCILA,C_PRI_PRD_NAY,Nombre Apellido Apellido,Nombre Apellido Apellido
382,31,70,31070,SUCILA,C_PAN_PRI,Nombre Apellido Apellido,Nombre Apellido Apellido
383,31,70,31070,SUCILA,C_PAN_PRD,Nombre Apellido Apellido,Nombre Apellido Apellido
384,31,70,31070,SUCILA,C_PRI_PRD,Nombre Apellido Apellido,Nombre Apellido Apellido
385,31,70,31070,SUCILA,C_PAN_NAY,GABRIELA DE JESUS POOL CAMELO,NORA ALEJANDRA MONTERO MONFORTE
386,31,70,31070,SUCILA,C_PRI_NAY,Nombre Apellido Apellido,Nombre Apellido Apellido
387,31,70,31070,SUCILA,C_PRD_NAY,Nombre Apellido Apellido,Nombre Apellido Apellido
388,31,70,31070,SUCILA,C_PVEM_PT_MORENA,PETRONA DE JESUS MEDRANO SANCHEZ,SONIA CARIDAD LORIA LUGO
389,31,70,31070,SUCILA,C_PVEM_PT,PETRONA DE JESUS MEDRANO SANCHEZ,SONIA CARIDAD LORIA LUGO
390,31,70,31070,SUCILA,C_PVEM_MORENA,PETRONA DE JESUS MEDRANO SANCHEZ,SONIA CARIDAD LORIA LUGO
391,31,70,31070,SUCILA,C_PT_MORENA,PETRONA DE JESUS MEDRANO SANCHEZ,SONIA CARIDAD LORIA LUGO
1312,31,71,31071,SUDZAL,PAN,RAUL ALFREDO VALENCIA HEREDIA,JOSE REYNALDO NOH CAAMAL
1313,31,71,31071,SUDZAL,PRI,ROSA ANGELA CHAN DZIB,MARTINA ORDOÑEZ MAAS
1314,31,71,31071,SUDZAL,PRD,Nombre Apellido Apellido,Nombre Apellido Apellido
1315,31,71,31071,SUDZAL,PVEM,JUANI VERONICA QUIÑONES LUGO,ELIDE CHIM EK
1316,31,71,31071,SUDZAL,PT,JUANI VERONICA QUIÑONES LUGO,ELIDE CHIM EK
1317,31,71,31071,SUDZAL,MC,Nombre Apellido Apellido,Nombre Apellido Apellido
1318,31,71,31071,SUDZAL,MORENA,JUANI VERONICA QUIÑONES LUGO,ELIDE CHIM EK
1319,31,71,31071,SUDZAL,NAY,Nombre Apellido Apellido,Nombre Apellido Apellido
1320,31,71,31071,SUDZAL,C_PAN_PRI_PRD_NAY,Nombre Apellido Apellido,Nombre Apellido Apellido
1321,31,71,31071,SUDZAL,C_PAN_PRI_PRD,Nombre Apellido Apellido,Nombre Apellido Apellido
1322,31,71,31071,SUDZAL,C_PAN_PRI_NAY,Nombre Apellido Apellido,Nombre Apellido Apellido
1323,31,71,31071,SUDZAL,C_PAN_PRD_NAY,Nombre Apellido Apellido,Nombre Apellido Apellido
1324,31,71,31071,SUDZAL,C_PRI_PRD_NAY,Nombre Apellido Apellido,Nombre Apellido Apellido
1325,31,71,31071,SUDZAL,C_PAN_PRI,Nombre Apellido Apellido,Nombre Apellido Apellido
1326,31,71,31071,SUDZAL,C_PAN_PRD,Nombre Apellido Apellido,Nombre Apellido Apellido
1327,31,71,31071,SUDZAL,C_PRI_PRD,Nombre Apellido Apellido,Nombre Apellido Apellido
1328,31,71,31071,SUDZAL,C_PAN_NAY,Nombre Apellido Apellido,Nombre Apellido Apellido
1329,31,71,31071,SUDZAL,C_PRI_NAY,Nombre Apellido Apellido,Nombre Apellido Apellido
1330,31,71,31071,SUDZAL,C_PRD_NAY,Nombre Apellido Apellido,Nombre Apellido Apellido
1331,31,71,31071,SUDZAL,C_PVEM_PT_MORENA,JUANI VERONICA QUIÑONES LUGO,ELIDE CHIM EK
1332,31,71,31071,SUDZAL,C_PVEM_PT,JUANI VERONICA QUIÑONES LUGO,ELIDE CHIM EK
1333,31,71,31071,SUDZAL,C_PVEM_MORENA,JUANI VERONICA QUIÑONES LUGO,ELIDE CHIM EK
1334,31,71,31071,SUDZAL,C_PT_MORENA,JUANI VERONICA QUIÑONES LUGO,ELIDE CHIM EK
1335,31,72,31072,SUMA,PAN,LENNY SICELA CASTILLO MAY,MARILIN DEL CARMEN CAMACHO TORRES
1336,31,72,31072,SUMA,PRI,SHIRLEY ANALI PAREDES PEREZ,SELENE MONTSERRAT SANCHEZ CONTRERAS
1337,31,72,31072,SUMA,PRD,Nombre Apellido Apellido,Nombre Apellido Apellido
1338,31,72,31072,SUMA,PVEM,DILMA EUNICE MORALES GONZALEZ,LEYDY MARLENE HAM BASTO
1339,31,72,31072,SUMA,PT,REYNA ISABEL ORDOÑEZ MOLINA,TARCILA PECH POOL
1340,31,72,31072,SUMA,MC,JOSE ELIAS BATUN PECH,Nombre Apellido Apellido
1341,31,72,31072,SUMA,MORENA,REYNA ISABEL ORDOÑEZ MOLINA,TARCILA PECH POOL
1342,31,72,31072,SUMA,NAY,ELIAS VIVAS MATOS,MIGUEL ANGEL CABRERA TORRES
1343,31,72,31072,SUMA,C_PAN_PRI_PRD_NAY,Nombre Apellido Apellido,Nombre Apellido Apellido
1344,31,72,31072,SUMA,C_PAN_PRI_PRD,Nombre Apellido Apellido,Nombre Apellido Apellido
1345,31,72,31072,SUMA,C_PAN_PRI_NAY,Nombre Apellido Apellido,Nombre Apellido Apellido
1346,31,72,31072,SUMA,C_PAN_PRD_NAY,Nombre Apellido Apellido,Nombre Apellido Apellido
1347,31,72,31072,SUMA,C_PRI_PRD_NAY,Nombre Apellido Apellido,Nombre Apellido Apellido
1348,31,72,31072,SUMA,C_PAN_PRI,Nombre Apellido Apellido,Nombre Apellido Apellido
1349,31,72,31072,SUMA,C_PAN_PRD,Nombre Apellido Apellido,Nombre Apellido Apellido
1350,31,72,31072,SUMA,C_PRI_PRD,Nombre Apellido Apellido,Nombre Apellido Apellido
1351,31,72,31072,SUMA,C_PAN_NAY,Nombre Apellido Apellido,Nombre Apellido Apellido
1352,31,72,31072,SUMA,C_PRI_NAY,Nombre Apellido Apellido,Nombre Apellido Apellido
1353,31,72,31072,SUMA,C_PRD_NAY,Nombre Apellido Apellido,Nombre Apellido Apellido
1354,31,72,31072,SUMA,C_PVEM_PT_MORENA,Nombre Apellido Apellido,Nombre Apellido Apellido
1355,31,72,31072,SUMA,C_PVEM_PT,Nombre Apellido Apellido,Nombre Apellido Apellido
1356,31,72,31072,SUMA,C_PVEM_MORENA,Nombre Apellido Apellido,Nombre Apellido Apellido
1357,31,72,31072,SUMA,C_PT_MORENA,REYNA ISABEL ORDOÑEZ MOLINA,TARCILA PECH POOL
392,31,73,31073,TAHDZIU,PAN,MARTIN PUC DZIB,EMILIO BALAM CAN
393,31,73,31073,TAHDZIU,PRI,MARIA ESTELA MONTEJO MANZANERO,MARIA DEL SOCORRO PUC CAAMAL
394,31,73,31073,TAHDZIU,PRD,ESTHER AKE UC,CECILIA TEH BALAM
395,31,73,31073,TAHDZIU,PVEM,ABRAHAM AKE UC,EMILIO MEDINA CHUC
396,31,73,31073,TAHDZIU,PT,ABRAHAM AKE UC,EMILIO MEDINA CHUC
397,31,73,31073,TAHDZIU,MC,Nombre Apellido Apellido,Nombre Apellido Apellido
398,31,73,31073,TAHDZIU,MORENA,ABRAHAM AKE UC,EMILIO MEDINA CHUC
399,31,73,31073,TAHDZIU,NAY,PEDRO YAH SABIDO,DEMETRIO VALLE CANTE
400,31,73,31073,TAHDZIU,C_PAN_PRI_PRD_NAY,Nombre Apellido Apellido,Nombre Apellido Apellido
401,31,73,31073,TAHDZIU,C_PAN_PRI_PRD,Nombre Apellido Apellido,Nombre Apellido Apellido
402,31,73,31073,TAHDZIU,C_PAN_PRI_NAY,Nombre Apellido Apellido,Nombre Apellido Apellido
403,31,73,31073,TAHDZIU,C_PAN_PRD_NAY,Nombre Apellido Apellido,Nombre Apellido Apellido
404,31,73,31073,TAHDZIU,C_PRI_PRD_NAY,Nombre Apellido Apellido,Nombre Apellido Apellido
405,31,73,31073,TAHDZIU,C_PAN_PRI,Nombre Apellido Apellido,Nombre Apellido Apellido
406,31,73,31073,TAHDZIU,C_PAN_PRD,Nombre Apellido Apellido,Nombre Apellido Apellido
407,31,73,31073,TAHDZIU,C_PRI_PRD,Nombre Apellido Apellido,Nombre Apellido Apellido
408,31,73,31073,TAHDZIU,C_PAN_NAY,Nombre Apellido Apellido,Nombre Apellido Apellido
409,31,73,31073,TAHDZIU,C_PRI_NAY,Nombre Apellido Apellido,Nombre Apellido Apellido
410,31,73,31073,TAHDZIU,C_PRD_NAY,Nombre Apellido Apellido,Nombre Apellido Apellido
411,31,73,31073,TAHDZIU,C_PVEM_PT_MORENA,ABRAHAM AKE UC,EMILIO MEDINA CHUC
412,31,73,31073,TAHDZIU,C_PVEM_PT,ABRAHAM AKE UC,EMILIO MEDINA CHUC
413,31,73,31073,TAHDZIU,C_PVEM_MORENA,ABRAHAM AKE UC,EMILIO MEDINA CHUC
414,31,73,31073,TAHDZIU,C_PT_MORENA,ABRAHAM AKE UC,EMILIO MEDINA CHUC
1358,31,74,31074,TAHMEK,PAN,MARTIN ORLANDO TUN GOMEZ ,RAMON POOL MEX
1359,31,74,31074,TAHMEK,PRI,Nombre Apellido Apellido,Nombre Apellido Apellido
1360,31,74,31074,TAHMEK,PRD,Nombre Apellido Apellido,Nombre Apellido Apellido
1361,31,74,31074,TAHMEK,PVEM,JULIO CESAR SOBERANIS ARGUELLES,KAROL MIGUEL ANGEL ZETINA PECH
1362,31,74,31074,TAHMEK,PT,MARTHA PATRICIA SILVEIRA PUERTO,NANCY DEL SOCORRO MAY CHAN
1363,31,74,31074,TAHMEK,MC,Nombre Apellido Apellido,Nombre Apellido Apellido
1364,31,74,31074,TAHMEK,MORENA,MARTHA PATRICIA SILVEIRA PUERTO,NANCY DEL SOCORRO MAY CHAN
1365,31,74,31074,TAHMEK,NAY,Nombre Apellido Apellido,Nombre Apellido Apellido
1366,31,74,31074,TAHMEK,C_PAN_PRI_PRD_NAY,Nombre Apellido Apellido,Nombre Apellido Apellido
1367,31,74,31074,TAHMEK,C_PAN_PRI_PRD,Nombre Apellido Apellido,Nombre Apellido Apellido
1368,31,74,31074,TAHMEK,C_PAN_PRI_NAY,Nombre Apellido Apellido,Nombre Apellido Apellido
1369,31,74,31074,TAHMEK,C_PAN_PRD_NAY,Nombre Apellido Apellido,Nombre Apellido Apellido
1370,31,74,31074,TAHMEK,C_PRI_PRD_NAY,Nombre Apellido Apellido,Nombre Apellido Apellido
1371,31,74,31074,TAHMEK,C_PAN_PRI,Nombre Apellido Apellido,Nombre Apellido Apellido
1372,31,74,31074,TAHMEK,C_PAN_PRD,Nombre Apellido Apellido,Nombre Apellido Apellido
1373,31,74,31074,TAHMEK,C_PRI_PRD,Nombre Apellido Apellido,Nombre Apellido Apellido
1374,31,74,31074,TAHMEK,C_PAN_NAY,Nombre Apellido Apellido,Nombre Apellido Apellido
1375,31,74,31074,TAHMEK,C_PRI_NAY,Nombre Apellido Apellido,Nombre Apellido Apellido
1376,31,74,31074,TAHMEK,C_PRD_NAY,Nombre Apellido Apellido,Nombre Apellido Apellido
1377,31,74,31074,TAHMEK,C_PVEM_PT_MORENA,Nombre Apellido Apellido,Nombre Apellido Apellido
1378,31,74,31074,TAHMEK,C_PVEM_PT,Nombre Apellido Apellido,Nombre Apellido Apellido
1379,31,74,31074,TAHMEK,C_PVEM_MORENA,Nombre Apellido Apellido,Nombre Apellido Apellido
1380,31,74,31074,TAHMEK,C_PT_MORENA,MARTHA PATRICIA SILVEIRA PUERTO,NANCY DEL SOCORRO MAY CHAN
2232,31,75,31075,TEABO,PAN,AIDA MARIA DE JESUS FERNANDEZ GONGORA ,ANITA GUADALUPE CAAMAL POOT
2233,31,75,31075,TEABO,PRI,AIDA MARIA DE JESUS FERNANDEZ GONGORA ,ANITA GUADALUPE CAAMAL POOT
2234,31,75,31075,TEABO,PRD,Nombre Apellido Apellido,Nombre Apellido Apellido
2235,31,75,31075,TEABO,PVEM,Nombre Apellido Apellido,Nombre Apellido Apellido
2236,31,75,31075,TEABO,PT,JAIME ORLANDO VALENCIA YAH ,JOSE FABIAN MOO DZUL 
2237,31,75,31075,TEABO,MC,Nombre Apellido Apellido,Nombre Apellido Apellido
2238,31,75,31075,TEABO,MORENA,CESAR AUGUSTO CARRILLO MAY,NIDIA DEL SOCORRO EK CHAB
2239,31,75,31075,TEABO,NAY,Nombre Apellido Apellido,Nombre Apellido Apellido
2240,31,75,31075,TEABO,C_PAN_PRI_PRD_NAY,Nombre Apellido Apellido,Nombre Apellido Apellido
2241,31,75,31075,TEABO,C_PAN_PRI_PRD,Nombre Apellido Apellido,Nombre Apellido Apellido
2242,31,75,31075,TEABO,C_PAN_PRI_NAY,Nombre Apellido Apellido,Nombre Apellido Apellido
2243,31,75,31075,TEABO,C_PAN_PRD_NAY,Nombre Apellido Apellido,Nombre Apellido Apellido
2244,31,75,31075,TEABO,C_PRI_PRD_NAY,Nombre Apellido Apellido,Nombre Apellido Apellido
2245,31,75,31075,TEABO,C_PAN_PRI,AIDA MARIA DE JESUS FERNANDEZ GONGORA ,ANITA GUADALUPE CAAMAL POOT
2246,31,75,31075,TEABO,C_PAN_PRD,Nombre Apellido Apellido,Nombre Apellido Apellido
2247,31,75,31075,TEABO,C_PRI_PRD,Nombre Apellido Apellido,Nombre Apellido Apellido
2248,31,75,31075,TEABO,C_PAN_NAY,Nombre Apellido Apellido,Nombre Apellido Apellido
2249,31,75,31075,TEABO,C_PRI_NAY,Nombre Apellido Apellido,Nombre Apellido Apellido
2250,31,75,31075,TEABO,C_PRD_NAY,Nombre Apellido Apellido,Nombre Apellido Apellido
2251,31,75,31075,TEABO,C_PVEM_PT_MORENA,Nombre Apellido Apellido,Nombre Apellido Apellido
2252,31,75,31075,TEABO,C_PVEM_PT,Nombre Apellido Apellido,Nombre Apellido Apellido
2253,31,75,31075,TEABO,C_PVEM_MORENA,Nombre Apellido Apellido,Nombre Apellido Apellido
2254,31,75,31075,TEABO,C_PT_MORENA,Nombre Apellido Apellido,Nombre Apellido Apellido
1381,31,76,31076,TECOH,PAN,BETHEL ABDEL ACHACH RODRIGUEZ,LUIS DAVID LARA PECH
1382,31,76,31076,TECOH,PRI,MARGARITA CHI MEDINA,MARIA ROSELLY DEL CARMEN CHAN MAY
1383,31,76,31076,TECOH,PRD,JOSE ENRIQUE MOO TAH,JUAN ALBERTO UCAN COCOM
1384,31,76,31076,TECOH,PVEM,LILIA ESTHER SUAREZ PINTO,ELSY YOLANDA POLANCO CAAMAL
1385,31,76,31076,TECOH,PT,LILIA ESTHER SUAREZ PINTO,ELSY YOLANDA POLANCO CAAMAL
1386,31,76,31076,TECOH,MC,Nombre Apellido Apellido,Nombre Apellido Apellido
1387,31,76,31076,TECOH,MORENA,LILIA ESTHER SUAREZ PINTO,ELSY YOLANDA POLANCO CAAMAL
1388,31,76,31076,TECOH,NAY,JUAN PABLO FRIAS TORRES,JOSE ALFREDO BALAM CHI
1389,31,76,31076,TECOH,C_PAN_PRI_PRD_NAY,Nombre Apellido Apellido,Nombre Apellido Apellido
1390,31,76,31076,TECOH,C_PAN_PRI_PRD,Nombre Apellido Apellido,Nombre Apellido Apellido
1391,31,76,31076,TECOH,C_PAN_PRI_NAY,Nombre Apellido Apellido,Nombre Apellido Apellido
1392,31,76,31076,TECOH,C_PAN_PRD_NAY,Nombre Apellido Apellido,Nombre Apellido Apellido
1393,31,76,31076,TECOH,C_PRI_PRD_NAY,Nombre Apellido Apellido,Nombre Apellido Apellido
1394,31,76,31076,TECOH,C_PAN_PRI,Nombre Apellido Apellido,Nombre Apellido Apellido
1395,31,76,31076,TECOH,C_PAN_PRD,Nombre Apellido Apellido,Nombre Apellido Apellido
1396,31,76,31076,TECOH,C_PRI_PRD,Nombre Apellido Apellido,Nombre Apellido Apellido
1397,31,76,31076,TECOH,C_PAN_NAY,Nombre Apellido Apellido,Nombre Apellido Apellido
1398,31,76,31076,TECOH,C_PRI_NAY,Nombre Apellido Apellido,Nombre Apellido Apellido
1399,31,76,31076,TECOH,C_PRD_NAY,Nombre Apellido Apellido,Nombre Apellido Apellido
1400,31,76,31076,TECOH,C_PVEM_PT_MORENA,LILIA ESTHER SUAREZ PINTO,ELSY YOLANDA POLANCO CAAMAL
1401,31,76,31076,TECOH,C_PVEM_PT,LILIA ESTHER SUAREZ PINTO,ELSY YOLANDA POLANCO CAAMAL
1402,31,76,31076,TECOH,C_PVEM_MORENA,LILIA ESTHER SUAREZ PINTO,ELSY YOLANDA POLANCO CAAMAL
1403,31,76,31076,TECOH,C_PT_MORENA,LILIA ESTHER SUAREZ PINTO,ELSY YOLANDA POLANCO CAAMAL
1404,31,77,31077,TEKAL DE VENEGAS,PAN,FREYNNE GUADALUPE ARAGON CORTEZ,YAJAIRA COUOH BRISEÑO 
1405,31,77,31077,TEKAL DE VENEGAS,PRI,FREYNNE GUADALUPE ARAGON CORTEZ,YAJAIRA COUOH BRISEÑO 
1406,31,77,31077,TEKAL DE VENEGAS,PRD,Nombre Apellido Apellido,Nombre Apellido Apellido
1407,31,77,31077,TEKAL DE VENEGAS,PVEM,ESTELA DZUL CHUC,MAYUMI ASUNCION ANCONA IX
1408,31,77,31077,TEKAL DE VENEGAS,PT,ESTELA DZUL CHUC,MAYUMI ASUNCION ANCONA IX
1409,31,77,31077,TEKAL DE VENEGAS,MC,MARTA CHALE CHI,GILDA RAQUEL DZUL KANTUN
1410,31,77,31077,TEKAL DE VENEGAS,MORENA,ESTELA DZUL CHUC,MAYUMI ASUNCION ANCONA IX
1411,31,77,31077,TEKAL DE VENEGAS,NAY,FREYNNE GUADALUPE ARAGON CORTEZ,YAJAIRA COUOH BRISEÑO 
1412,31,77,31077,TEKAL DE VENEGAS,C_PAN_PRI_PRD_NAY,Nombre Apellido Apellido,Nombre Apellido Apellido
1413,31,77,31077,TEKAL DE VENEGAS,C_PAN_PRI_PRD,Nombre Apellido Apellido,Nombre Apellido Apellido
1414,31,77,31077,TEKAL DE VENEGAS,C_PAN_PRI_NAY,FREYNNE GUADALUPE ARAGON CORTEZ,YAJAIRA COUOH BRISEÑO 
1415,31,77,31077,TEKAL DE VENEGAS,C_PAN_PRD_NAY,Nombre Apellido Apellido,Nombre Apellido Apellido
1416,31,77,31077,TEKAL DE VENEGAS,C_PRI_PRD_NAY,Nombre Apellido Apellido,Nombre Apellido Apellido
1417,31,77,31077,TEKAL DE VENEGAS,C_PAN_PRI,FREYNNE GUADALUPE ARAGON CORTEZ,YAJAIRA COUOH BRISEÑO 
1418,31,77,31077,TEKAL DE VENEGAS,C_PAN_PRD,Nombre Apellido Apellido,Nombre Apellido Apellido
1419,31,77,31077,TEKAL DE VENEGAS,C_PRI_PRD,Nombre Apellido Apellido,Nombre Apellido Apellido
1420,31,77,31077,TEKAL DE VENEGAS,C_PAN_NAY,FREYNNE GUADALUPE ARAGON CORTEZ,YAJAIRA COUOH BRISEÑO 
1421,31,77,31077,TEKAL DE VENEGAS,C_PRI_NAY,FREYNNE GUADALUPE ARAGON CORTEZ,YAJAIRA COUOH BRISEÑO 
1422,31,77,31077,TEKAL DE VENEGAS,C_PRD_NAY,Nombre Apellido Apellido,Nombre Apellido Apellido
1423,31,77,31077,TEKAL DE VENEGAS,C_PVEM_PT_MORENA,ESTELA DZUL CHUC,MAYUMI ASUNCION ANCONA IX
1424,31,77,31077,TEKAL DE VENEGAS,C_PVEM_PT,ESTELA DZUL CHUC,MAYUMI ASUNCION ANCONA IX
1425,31,77,31077,TEKAL DE VENEGAS,C_PVEM_MORENA,ESTELA DZUL CHUC,MAYUMI ASUNCION ANCONA IX
1426,31,77,31077,TEKAL DE VENEGAS,C_PT_MORENA,ESTELA DZUL CHUC,MAYUMI ASUNCION ANCONA IX
1427,31,78,31078,TEKANTO,PAN,MARISOL MAY ESCOBAR ,GUADALUPE ABIGAIL PISTE CHE
1428,31,78,31078,TEKANTO,PRI,MARISOL MAY ESCOBAR ,GUADALUPE ABIGAIL PISTE CHE
1429,31,78,31078,TEKANTO,PRD,Nombre Apellido Apellido,Nombre Apellido Apellido
1430,31,78,31078,TEKANTO,PVEM,FLORY GRISEL CEN BALAM,WUENDY MARIBEL MAY KANTUN
1431,31,78,31078,TEKANTO,PT,FLORY GRISEL CEN BALAM,WUENDY MARIBEL MAY KANTUN
1432,31,78,31078,TEKANTO,MC,Nombre Apellido Apellido,Nombre Apellido Apellido
1433,31,78,31078,TEKANTO,MORENA,FLORY GRISEL CEN BALAM,WUENDY MARIBEL MAY KANTUN
1434,31,78,31078,TEKANTO,NAY,MARISOL MAY ESCOBAR ,GUADALUPE ABIGAIL PISTE CHE
1435,31,78,31078,TEKANTO,C_PAN_PRI_PRD_NAY,Nombre Apellido Apellido,Nombre Apellido Apellido
1436,31,78,31078,TEKANTO,C_PAN_PRI_PRD,Nombre Apellido Apellido,Nombre Apellido Apellido
1437,31,78,31078,TEKANTO,C_PAN_PRI_NAY,MARISOL MAY ESCOBAR ,GUADALUPE ABIGAIL PISTE CHE
1438,31,78,31078,TEKANTO,C_PAN_PRD_NAY,Nombre Apellido Apellido,Nombre Apellido Apellido
1439,31,78,31078,TEKANTO,C_PRI_PRD_NAY,Nombre Apellido Apellido,Nombre Apellido Apellido
1440,31,78,31078,TEKANTO,C_PAN_PRI,MARISOL MAY ESCOBAR ,GUADALUPE ABIGAIL PISTE CHE
1441,31,78,31078,TEKANTO,C_PAN_PRD,Nombre Apellido Apellido,Nombre Apellido Apellido
1442,31,78,31078,TEKANTO,C_PRI_PRD,Nombre Apellido Apellido,Nombre Apellido Apellido
1443,31,78,31078,TEKANTO,C_PAN_NAY,MARISOL MAY ESCOBAR ,GUADALUPE ABIGAIL PISTE CHE
1444,31,78,31078,TEKANTO,C_PRI_NAY,MARISOL MAY ESCOBAR ,GUADALUPE ABIGAIL PISTE CHE
1445,31,78,31078,TEKANTO,C_PRD_NAY,Nombre Apellido Apellido,Nombre Apellido Apellido
1446,31,78,31078,TEKANTO,C_PVEM_PT_MORENA,FLORY GRISEL CEN BALAM,WUENDY MARIBEL MAY KANTUN
1447,31,78,31078,TEKANTO,C_PVEM_PT,FLORY GRISEL CEN BALAM,WUENDY MARIBEL MAY KANTUN
1448,31,78,31078,TEKANTO,C_PVEM_MORENA,FLORY GRISEL CEN BALAM,WUENDY MARIBEL MAY KANTUN
1449,31,78,31078,TEKANTO,C_PT_MORENA,FLORY GRISEL CEN BALAM,WUENDY MARIBEL MAY KANTUN
2255,31,79,31079,TEKAX,PAN,FABIOLA GUADALUPE SUAREZ VARGUEZ,MARIA ARELIS CAAMAL CAUICH
2256,31,79,31079,TEKAX,PRI,FABIOLA GUADALUPE SUAREZ VARGUEZ,MARIA ARELIS CAAMAL CAUICH
2257,31,79,31079,TEKAX,PRD,FABIOLA GUADALUPE SUAREZ VARGUEZ,MARIA ARELIS CAAMAL CAUICH
2258,31,79,31079,TEKAX,PVEM,SANTOS ROSALIA BUENFIL AVILA,LETICIA BELEN MIS UITZIL
2259,31,79,31079,TEKAX,PT,HERVE MANUEL VALLEJOS SANSORES,ARCEÑIO DURAN Y PACHECO
2260,31,79,31079,TEKAX,MC,Nombre Apellido Apellido,Nombre Apellido Apellido
2261,31,79,31079,TEKAX,MORENA,HERVE MANUEL VALLEJOS SANSORES,ARCEÑIO DURAN Y PACHECO
2262,31,79,31079,TEKAX,NAY,FABIOLA GUADALUPE SUAREZ VARGUEZ,MARIA ARELIS CAAMAL CAUICH
2263,31,79,31079,TEKAX,C_PAN_PRI_PRD_NAY,FABIOLA GUADALUPE SUAREZ VARGUEZ,MARIA ARELIS CAAMAL CAUICH
2264,31,79,31079,TEKAX,C_PAN_PRI_PRD,FABIOLA GUADALUPE SUAREZ VARGUEZ,MARIA ARELIS CAAMAL CAUICH
2265,31,79,31079,TEKAX,C_PAN_PRI_NAY,FABIOLA GUADALUPE SUAREZ VARGUEZ,MARIA ARELIS CAAMAL CAUICH
2266,31,79,31079,TEKAX,C_PAN_PRD_NAY,FABIOLA GUADALUPE SUAREZ VARGUEZ,MARIA ARELIS CAAMAL CAUICH
2267,31,79,31079,TEKAX,C_PRI_PRD_NAY,FABIOLA GUADALUPE SUAREZ VARGUEZ,MARIA ARELIS CAAMAL CAUICH
2268,31,79,31079,TEKAX,C_PAN_PRI,FABIOLA GUADALUPE SUAREZ VARGUEZ,MARIA ARELIS CAAMAL CAUICH
2269,31,79,31079,TEKAX,C_PAN_PRD,FABIOLA GUADALUPE SUAREZ VARGUEZ,MARIA ARELIS CAAMAL CAUICH
2270,31,79,31079,TEKAX,C_PRI_PRD,FABIOLA GUADALUPE SUAREZ VARGUEZ,MARIA ARELIS CAAMAL CAUICH
2271,31,79,31079,TEKAX,C_PAN_NAY,FABIOLA GUADALUPE SUAREZ VARGUEZ,MARIA ARELIS CAAMAL CAUICH
2272,31,79,31079,TEKAX,C_PRI_NAY,FABIOLA GUADALUPE SUAREZ VARGUEZ,MARIA ARELIS CAAMAL CAUICH
2273,31,79,31079,TEKAX,C_PRD_NAY,FABIOLA GUADALUPE SUAREZ VARGUEZ,MARIA ARELIS CAAMAL CAUICH
2274,31,79,31079,TEKAX,C_PVEM_PT_MORENA,Nombre Apellido Apellido,Nombre Apellido Apellido
2275,31,79,31079,TEKAX,C_PVEM_PT,Nombre Apellido Apellido,Nombre Apellido Apellido
2276,31,79,31079,TEKAX,C_PVEM_MORENA,Nombre Apellido Apellido,Nombre Apellido Apellido
2277,31,79,31079,TEKAX,C_PT_MORENA,HERVE MANUEL VALLEJOS SANSORES,ARCEÑIO DURAN Y PACHECO
2278,31,80,31080,TEKIT,PAN,JOSE ANTONIO SOSA HERNANDEZ ,OMAR ANTONIO PIÑA GONZALEZ 
2279,31,80,31080,TEKIT,PRI,MARIA DEL SOCORRO PECH PANTI,NAYELI BEATRIZ CHABLE CAUICH
2280,31,80,31080,TEKIT,PRD,Nombre Apellido Apellido,Nombre Apellido Apellido
2281,31,80,31080,TEKIT,PVEM,Nombre Apellido Apellido,Nombre Apellido Apellido
2282,31,80,31080,TEKIT,PT,Nombre Apellido Apellido,Nombre Apellido Apellido
2283,31,80,31080,TEKIT,MC,Nombre Apellido Apellido,Nombre Apellido Apellido
2284,31,80,31080,TEKIT,MORENA,FELIPE DE JESUS MEDINA COLLI,EJIDIO PECH MUKUL
2285,31,80,31080,TEKIT,NAY,Nombre Apellido Apellido,Nombre Apellido Apellido
2286,31,80,31080,TEKIT,C_PAN_PRI_PRD_NAY,Nombre Apellido Apellido,Nombre Apellido Apellido
2287,31,80,31080,TEKIT,C_PAN_PRI_PRD,Nombre Apellido Apellido,Nombre Apellido Apellido
2288,31,80,31080,TEKIT,C_PAN_PRI_NAY,Nombre Apellido Apellido,Nombre Apellido Apellido
2289,31,80,31080,TEKIT,C_PAN_PRD_NAY,Nombre Apellido Apellido,Nombre Apellido Apellido
2290,31,80,31080,TEKIT,C_PRI_PRD_NAY,Nombre Apellido Apellido,Nombre Apellido Apellido
2291,31,80,31080,TEKIT,C_PAN_PRI,Nombre Apellido Apellido,Nombre Apellido Apellido
2292,31,80,31080,TEKIT,C_PAN_PRD,Nombre Apellido Apellido,Nombre Apellido Apellido
2293,31,80,31080,TEKIT,C_PRI_PRD,Nombre Apellido Apellido,Nombre Apellido Apellido
2294,31,80,31080,TEKIT,C_PAN_NAY,Nombre Apellido Apellido,Nombre Apellido Apellido
2295,31,80,31080,TEKIT,C_PRI_NAY,Nombre Apellido Apellido,Nombre Apellido Apellido
2296,31,80,31080,TEKIT,C_PRD_NAY,Nombre Apellido Apellido,Nombre Apellido Apellido
2297,31,80,31080,TEKIT,C_PVEM_PT_MORENA,Nombre Apellido Apellido,Nombre Apellido Apellido
2298,31,80,31080,TEKIT,C_PVEM_PT,Nombre Apellido Apellido,Nombre Apellido Apellido
2299,31,80,31080,TEKIT,C_PVEM_MORENA,Nombre Apellido Apellido,Nombre Apellido Apellido
2300,31,80,31080,TEKIT,C_PT_MORENA,Nombre Apellido Apellido,Nombre Apellido Apellido
415,31,81,31081,TEKOM,PAN,ARMIN ARMANDO KUMUL COCOM,RAYMUNDO MAY POOT
416,31,81,31081,TEKOM,PRI,GLORIA ARACELLY COCOM CAN,ZAINNI DAYAMARA KU TEC
417,31,81,31081,TEKOM,PRD,Nombre Apellido Apellido,Nombre Apellido Apellido
418,31,81,31081,TEKOM,PVEM,Nombre Apellido Apellido,Nombre Apellido Apellido
419,31,81,31081,TEKOM,PT,Nombre Apellido Apellido,Nombre Apellido Apellido
420,31,81,31081,TEKOM,MC,Nombre Apellido Apellido,Nombre Apellido Apellido
421,31,81,31081,TEKOM,MORENA,OSWALDO BATUN POOL,JOSE LUIS CANCHE CHAN
422,31,81,31081,TEKOM,NAY,GLORIA ARACELLY COCOM CAN,ZAINNI DAYAMARA KU TEC
423,31,81,31081,TEKOM,C_PAN_PRI_PRD_NAY,Nombre Apellido Apellido,Nombre Apellido Apellido
424,31,81,31081,TEKOM,C_PAN_PRI_PRD,Nombre Apellido Apellido,Nombre Apellido Apellido
425,31,81,31081,TEKOM,C_PAN_PRI_NAY,Nombre Apellido Apellido,Nombre Apellido Apellido
426,31,81,31081,TEKOM,C_PAN_PRD_NAY,Nombre Apellido Apellido,Nombre Apellido Apellido
427,31,81,31081,TEKOM,C_PRI_PRD_NAY,Nombre Apellido Apellido,Nombre Apellido Apellido
428,31,81,31081,TEKOM,C_PAN_PRI,Nombre Apellido Apellido,Nombre Apellido Apellido
429,31,81,31081,TEKOM,C_PAN_PRD,Nombre Apellido Apellido,Nombre Apellido Apellido
430,31,81,31081,TEKOM,C_PRI_PRD,Nombre Apellido Apellido,Nombre Apellido Apellido
431,31,81,31081,TEKOM,C_PAN_NAY,Nombre Apellido Apellido,Nombre Apellido Apellido
432,31,81,31081,TEKOM,C_PRI_NAY,GLORIA ARACELLY COCOM CAN,ZAINNI DAYAMARA KU TEC
433,31,81,31081,TEKOM,C_PRD_NAY,Nombre Apellido Apellido,Nombre Apellido Apellido
434,31,81,31081,TEKOM,C_PVEM_PT_MORENA,Nombre Apellido Apellido,Nombre Apellido Apellido
435,31,81,31081,TEKOM,C_PVEM_PT,Nombre Apellido Apellido,Nombre Apellido Apellido
436,31,81,31081,TEKOM,C_PVEM_MORENA,Nombre Apellido Apellido,Nombre Apellido Apellido
437,31,81,31081,TEKOM,C_PT_MORENA,Nombre Apellido Apellido,Nombre Apellido Apellido
1450,31,82,31082,TELCHAC PUEBLO,PAN,LEIDY ALICIA CASTILLO MENA,KARLA JULISSA CAMPOS LOPE
1451,31,82,31082,TELCHAC PUEBLO,PRI,CARLOS HUMBERTO CABRERA RIVERO,HERNAN CORTEZ SEGURA
1452,31,82,31082,TELCHAC PUEBLO,PRD,Nombre Apellido Apellido,Nombre Apellido Apellido
1453,31,82,31082,TELCHAC PUEBLO,PVEM,SHEYLA MARIA CETINA COHUO,KARINA DEL SOCORRO TAMAYO HAY
1454,31,82,31082,TELCHAC PUEBLO,PT,MANUEL JESUS AGUILAR PECH,REYES GASPAR CETZ NOH
1455,31,82,31082,TELCHAC PUEBLO,MC,Nombre Apellido Apellido,Nombre Apellido Apellido
1456,31,82,31082,TELCHAC PUEBLO,MORENA,GRISELDA GUADALUPE MALDONADO QUIJANO,FATIMA ALEJANDRA SEGURA RAMIREZ
1457,31,82,31082,TELCHAC PUEBLO,NAY,LEIDY ALICIA CASTILLO MENA,KARLA JULISSA CAMPOS LOPE
1458,31,82,31082,TELCHAC PUEBLO,C_PAN_PRI_PRD_NAY,Nombre Apellido Apellido,Nombre Apellido Apellido
1459,31,82,31082,TELCHAC PUEBLO,C_PAN_PRI_PRD,Nombre Apellido Apellido,Nombre Apellido Apellido
1460,31,82,31082,TELCHAC PUEBLO,C_PAN_PRI_NAY,Nombre Apellido Apellido,Nombre Apellido Apellido
1461,31,82,31082,TELCHAC PUEBLO,C_PAN_PRD_NAY,Nombre Apellido Apellido,Nombre Apellido Apellido
1462,31,82,31082,TELCHAC PUEBLO,C_PRI_PRD_NAY,Nombre Apellido Apellido,Nombre Apellido Apellido
1463,31,82,31082,TELCHAC PUEBLO,C_PAN_PRI,Nombre Apellido Apellido,Nombre Apellido Apellido
1464,31,82,31082,TELCHAC PUEBLO,C_PAN_PRD,Nombre Apellido Apellido,Nombre Apellido Apellido
1465,31,82,31082,TELCHAC PUEBLO,C_PRI_PRD,Nombre Apellido Apellido,Nombre Apellido Apellido
1466,31,82,31082,TELCHAC PUEBLO,C_PAN_NAY,LEIDY ALICIA CASTILLO MENA,KARLA JULISSA CAMPOS LOPE
1467,31,82,31082,TELCHAC PUEBLO,C_PRI_NAY,Nombre Apellido Apellido,Nombre Apellido Apellido
1468,31,82,31082,TELCHAC PUEBLO,C_PRD_NAY,Nombre Apellido Apellido,Nombre Apellido Apellido
1469,31,82,31082,TELCHAC PUEBLO,C_PVEM_PT_MORENA,Nombre Apellido Apellido,Nombre Apellido Apellido
1470,31,82,31082,TELCHAC PUEBLO,C_PVEM_PT,Nombre Apellido Apellido,Nombre Apellido Apellido
1471,31,82,31082,TELCHAC PUEBLO,C_PVEM_MORENA,Nombre Apellido Apellido,Nombre Apellido Apellido
1472,31,82,31082,TELCHAC PUEBLO,C_PT_MORENA,Nombre Apellido Apellido,Nombre Apellido Apellido
1473,31,83,31083,TELCHAC PUERTO,PAN,ALEJANDRO PERAZA CHAY ,JOSE UBALDO CANCHE DOMINGUEZ
1474,31,83,31083,TELCHAC PUERTO,PRI,EDMUNDO ALFONZO NUÑEZ ERGUERA,RODOLFO ARGAEZ CAN
1475,31,83,31083,TELCHAC PUERTO,PRD,Nombre Apellido Apellido,Nombre Apellido Apellido
1476,31,83,31083,TELCHAC PUERTO,PVEM,MARIO ALEJANDRO SANTANA PALMA,PEDRO ADIEL TEC TEC
1477,31,83,31083,TELCHAC PUERTO,PT,MARTINA CAAMAL CHUC,GIROMY ABIGAIL MARTIN PECH
1478,31,83,31083,TELCHAC PUERTO,MC,DIANE GEORGINA CARRILLO VEGA,SAHADY YOLANDA ALVARADO CHALE
1479,31,83,31083,TELCHAC PUERTO,MORENA,MARIO ALEJANDRO SANTANA PALMA,PEDRO ADIEL TEC TEC
1480,31,83,31083,TELCHAC PUERTO,NAY,Nombre Apellido Apellido,Nombre Apellido Apellido
1481,31,83,31083,TELCHAC PUERTO,C_PAN_PRI_PRD_NAY,Nombre Apellido Apellido,Nombre Apellido Apellido
1482,31,83,31083,TELCHAC PUERTO,C_PAN_PRI_PRD,Nombre Apellido Apellido,Nombre Apellido Apellido
1483,31,83,31083,TELCHAC PUERTO,C_PAN_PRI_NAY,Nombre Apellido Apellido,Nombre Apellido Apellido
1484,31,83,31083,TELCHAC PUERTO,C_PAN_PRD_NAY,Nombre Apellido Apellido,Nombre Apellido Apellido
1485,31,83,31083,TELCHAC PUERTO,C_PRI_PRD_NAY,Nombre Apellido Apellido,Nombre Apellido Apellido
1486,31,83,31083,TELCHAC PUERTO,C_PAN_PRI,Nombre Apellido Apellido,Nombre Apellido Apellido
1487,31,83,31083,TELCHAC PUERTO,C_PAN_PRD,Nombre Apellido Apellido,Nombre Apellido Apellido
1488,31,83,31083,TELCHAC PUERTO,C_PRI_PRD,Nombre Apellido Apellido,Nombre Apellido Apellido
1489,31,83,31083,TELCHAC PUERTO,C_PAN_NAY,Nombre Apellido Apellido,Nombre Apellido Apellido
1490,31,83,31083,TELCHAC PUERTO,C_PRI_NAY,Nombre Apellido Apellido,Nombre Apellido Apellido
1491,31,83,31083,TELCHAC PUERTO,C_PRD_NAY,Nombre Apellido Apellido,Nombre Apellido Apellido
1492,31,83,31083,TELCHAC PUERTO,C_PVEM_PT_MORENA,Nombre Apellido Apellido,Nombre Apellido Apellido
1493,31,83,31083,TELCHAC PUERTO,C_PVEM_PT,Nombre Apellido Apellido,Nombre Apellido Apellido
1494,31,83,31083,TELCHAC PUERTO,C_PVEM_MORENA,MARIO ALEJANDRO SANTANA PALMA,PEDRO ADIEL TEC TEC
1495,31,83,31083,TELCHAC PUERTO,C_PT_MORENA,Nombre Apellido Apellido,Nombre Apellido Apellido
1496,31,84,31084,TEMAX,PAN,ANGEL ANTONIO ESCALANTE GONZALEZ,VERONICA DE LA CRUZ MONTALVO UC
1497,31,84,31084,TEMAX,PRI,ANGEL ANTONIO ESCALANTE GONZALEZ,VERONICA DE LA CRUZ MONTALVO UC
1498,31,84,31084,TEMAX,PRD,Nombre Apellido Apellido,Nombre Apellido Apellido
1499,31,84,31084,TEMAX,PVEM,MARIA CRISTINA OSORIO POLANCO,MARCI HERRERA UH
1500,31,84,31084,TEMAX,PT,RAYMUNDO ALVAREZ ADRIAN,MIGUEL ANGEL SOSA PORTILLO
1501,31,84,31084,TEMAX,MC,Nombre Apellido Apellido,Nombre Apellido Apellido
1502,31,84,31084,TEMAX,MORENA,MARIA CRISTINA OSORIO POLANCO,MARCI HERRERA UH
1503,31,84,31084,TEMAX,NAY,GORETTI ABIGAIL ZAVALA BAEZA,NEFTALY GUADALUPE LIZAMA ZAVALA
1504,31,84,31084,TEMAX,C_PAN_PRI_PRD_NAY,Nombre Apellido Apellido,Nombre Apellido Apellido
1505,31,84,31084,TEMAX,C_PAN_PRI_PRD,Nombre Apellido Apellido,Nombre Apellido Apellido
1506,31,84,31084,TEMAX,C_PAN_PRI_NAY,Nombre Apellido Apellido,Nombre Apellido Apellido
1507,31,84,31084,TEMAX,C_PAN_PRD_NAY,Nombre Apellido Apellido,Nombre Apellido Apellido
1508,31,84,31084,TEMAX,C_PRI_PRD_NAY,Nombre Apellido Apellido,Nombre Apellido Apellido
1509,31,84,31084,TEMAX,C_PAN_PRI,ANGEL ANTONIO ESCALANTE GONZALEZ,VERONICA DE LA CRUZ MONTALVO UC
1510,31,84,31084,TEMAX,C_PAN_PRD,Nombre Apellido Apellido,Nombre Apellido Apellido
1511,31,84,31084,TEMAX,C_PRI_PRD,Nombre Apellido Apellido,Nombre Apellido Apellido
1512,31,84,31084,TEMAX,C_PAN_NAY,Nombre Apellido Apellido,Nombre Apellido Apellido
1513,31,84,31084,TEMAX,C_PRI_NAY,Nombre Apellido Apellido,Nombre Apellido Apellido
1514,31,84,31084,TEMAX,C_PRD_NAY,Nombre Apellido Apellido,Nombre Apellido Apellido
1515,31,84,31084,TEMAX,C_PVEM_PT_MORENA,Nombre Apellido Apellido,Nombre Apellido Apellido
1516,31,84,31084,TEMAX,C_PVEM_PT,Nombre Apellido Apellido,Nombre Apellido Apellido
1517,31,84,31084,TEMAX,C_PVEM_MORENA,MARIA CRISTINA OSORIO POLANCO,MARCI HERRERA UH
1518,31,84,31084,TEMAX,C_PT_MORENA,Nombre Apellido Apellido,Nombre Apellido Apellido
438,31,85,31085,TEMOZON,PAN,EDY GUADALUPE RIEGOS MEDINA,ELBIA VIDANY POOT CORDERO
439,31,85,31085,TEMOZON,PRI,EDY GUADALUPE RIEGOS MEDINA,ELBIA VIDANY POOT CORDERO
440,31,85,31085,TEMOZON,PRD,GRISELDA DEL ROSARIO POOT DIAZ,Nombre Apellido Apellido
441,31,85,31085,TEMOZON,PVEM,MINERVA TUYU CHAN,MARIA YOLANDA CEN CEN
442,31,85,31085,TEMOZON,PT,Nombre Apellido Apellido,Nombre Apellido Apellido
443,31,85,31085,TEMOZON,MC,DANTE ANTONIO ARJONA AGUILAR,IGNACIO ELIGIO NOVELO AGUILAR
444,31,85,31085,TEMOZON,MORENA,GERONIMO AGUILAR CANCHE,NICANOR EPIFANIO NOVELO AGUILAR
445,31,85,31085,TEMOZON,NAY,MARIO ALARIO AGUILAR DIAZ,MIGUEL ANGEL ROSADO MENA
446,31,85,31085,TEMOZON,C_PAN_PRI_PRD_NAY,Nombre Apellido Apellido,Nombre Apellido Apellido
447,31,85,31085,TEMOZON,C_PAN_PRI_PRD,Nombre Apellido Apellido,Nombre Apellido Apellido
448,31,85,31085,TEMOZON,C_PAN_PRI_NAY,Nombre Apellido Apellido,Nombre Apellido Apellido
449,31,85,31085,TEMOZON,C_PAN_PRD_NAY,Nombre Apellido Apellido,Nombre Apellido Apellido
450,31,85,31085,TEMOZON,C_PRI_PRD_NAY,Nombre Apellido Apellido,Nombre Apellido Apellido
451,31,85,31085,TEMOZON,C_PAN_PRI,EDY GUADALUPE RIEGOS MEDINA,ELBIA VIDANY POOT CORDERO
452,31,85,31085,TEMOZON,C_PAN_PRD,Nombre Apellido Apellido,Nombre Apellido Apellido
453,31,85,31085,TEMOZON,C_PRI_PRD,Nombre Apellido Apellido,Nombre Apellido Apellido
454,31,85,31085,TEMOZON,C_PAN_NAY,Nombre Apellido Apellido,Nombre Apellido Apellido
455,31,85,31085,TEMOZON,C_PRI_NAY,Nombre Apellido Apellido,Nombre Apellido Apellido
456,31,85,31085,TEMOZON,C_PRD_NAY,Nombre Apellido Apellido,Nombre Apellido Apellido
457,31,85,31085,TEMOZON,C_PVEM_PT_MORENA,Nombre Apellido Apellido,Nombre Apellido Apellido
458,31,85,31085,TEMOZON,C_PVEM_PT,Nombre Apellido Apellido,Nombre Apellido Apellido
459,31,85,31085,TEMOZON,C_PVEM_MORENA,GERONIMO AGUILAR CANCHE,Nombre Apellido Apellido
460,31,85,31085,TEMOZON,C_PT_MORENA,Nombre Apellido Apellido,Nombre Apellido Apellido
1519,31,86,31086,TEPAKAN,PAN,EDWIN FERNANDO RODRIGUEZ OJEDA,ALEXIS IVAN POOL MAY
1520,31,86,31086,TEPAKAN,PRI,ROGEL ISMAEL GAMBOA CASTILLO,NIDIA MARIA CORREA MENDOZA
1521,31,86,31086,TEPAKAN,PRD,ROGEL ISMAEL GAMBOA CASTILLO,NIDIA MARIA CORREA MENDOZA
1522,31,86,31086,TEPAKAN,PVEM,GABRIELA CEN PERERA,AMALIA BEATRIZ PUC CEN
1523,31,86,31086,TEPAKAN,PT,GABRIELA CEN PERERA,AMALIA BEATRIZ PUC CEN
1524,31,86,31086,TEPAKAN,MC,Nombre Apellido Apellido,Nombre Apellido Apellido
1525,31,86,31086,TEPAKAN,MORENA,GABRIELA CEN PERERA,AMALIA BEATRIZ PUC CEN
1526,31,86,31086,TEPAKAN,NAY,ROGEL ISMAEL GAMBOA CASTILLA,NIDIA MARIA CORREA MENDOZA
1527,31,86,31086,TEPAKAN,C_PAN_PRI_PRD_NAY,Nombre Apellido Apellido,Nombre Apellido Apellido
1528,31,86,31086,TEPAKAN,C_PAN_PRI_PRD,Nombre Apellido Apellido,Nombre Apellido Apellido
1529,31,86,31086,TEPAKAN,C_PAN_PRI_NAY,Nombre Apellido Apellido,Nombre Apellido Apellido
1530,31,86,31086,TEPAKAN,C_PAN_PRD_NAY,Nombre Apellido Apellido,Nombre Apellido Apellido
1531,31,86,31086,TEPAKAN,C_PRI_PRD_NAY,ROGEL ISMAEL GAMBOA CASTILLO,NIDIA MARIA CORREA MENDOZA
1532,31,86,31086,TEPAKAN,C_PAN_PRI,Nombre Apellido Apellido,Nombre Apellido Apellido
1533,31,86,31086,TEPAKAN,C_PAN_PRD,Nombre Apellido Apellido,Nombre Apellido Apellido
1534,31,86,31086,TEPAKAN,C_PRI_PRD,ROGEL ISMAEL GAMBOA CASTILLO,NIDIA MARIA CORREA MENDOZA
1535,31,86,31086,TEPAKAN,C_PAN_NAY,Nombre Apellido Apellido,Nombre Apellido Apellido
1536,31,86,31086,TEPAKAN,C_PRI_NAY,ROGEL ISMAEL GAMBOA CASTILLO,NIDIA MARIA CORREA MENDOZA
1537,31,86,31086,TEPAKAN,C_PRD_NAY,ROGEL ISMAEL GAMBOA CASTILLO,NIDIA MARIA CORREA MENDOZA
1538,31,86,31086,TEPAKAN,C_PVEM_PT_MORENA,GABRIELA CEN PERERA,AMALIA BEATRIZ PUC CEN
1539,31,86,31086,TEPAKAN,C_PVEM_PT,GABRIELA CEN PERERA,AMALIA BEATRIZ PUC CEN
1540,31,86,31086,TEPAKAN,C_PVEM_MORENA,GABRIELA CEN PERERA,AMALIA BEATRIZ PUC CEN
1541,31,86,31086,TEPAKAN,C_PT_MORENA,GABRIELA CEN PERERA,AMALIA BEATRIZ PUC CEN
2301,31,87,31087,TETIZ,PAN,MARIA AGUSTINA CAAMAL CUA,KARLA ISABEL CANCHE OY
2302,31,87,31087,TETIZ,PRI,MELESIO CANCHE RUIZ ,JOSE HUMBERTO CAUICH NAH
2303,31,87,31087,TETIZ,PRD,Nombre Apellido Apellido,Nombre Apellido Apellido
2304,31,87,31087,TETIZ,PVEM,MARTHA MARIA POOT KOYOC,YNGRI ROSALIA PECH CHAN
2305,31,87,31087,TETIZ,PT,CRISTIAN DANIEL POOT CHAN,MARIA DEL PILAR BAAS KU
2306,31,87,31087,TETIZ,MC,Nombre Apellido Apellido,Nombre Apellido Apellido
2307,31,87,31087,TETIZ,MORENA,MARTHA MARIA POOT KOYOC,YNGRI ROSALIA PECH CHAN
2308,31,87,31087,TETIZ,NAY,MARIA AGUSTINA CAAMAL CUA,KARLA ISABEL CANCHE OY
2309,31,87,31087,TETIZ,C_PAN_PRI_PRD_NAY,Nombre Apellido Apellido,Nombre Apellido Apellido
2310,31,87,31087,TETIZ,C_PAN_PRI_PRD,Nombre Apellido Apellido,Nombre Apellido Apellido
2311,31,87,31087,TETIZ,C_PAN_PRI_NAY,Nombre Apellido Apellido,Nombre Apellido Apellido
2312,31,87,31087,TETIZ,C_PAN_PRD_NAY,Nombre Apellido Apellido,Nombre Apellido Apellido
2313,31,87,31087,TETIZ,C_PRI_PRD_NAY,Nombre Apellido Apellido,Nombre Apellido Apellido
2314,31,87,31087,TETIZ,C_PAN_PRI,Nombre Apellido Apellido,Nombre Apellido Apellido
2315,31,87,31087,TETIZ,C_PAN_PRD,Nombre Apellido Apellido,Nombre Apellido Apellido
2316,31,87,31087,TETIZ,C_PRI_PRD,Nombre Apellido Apellido,Nombre Apellido Apellido
2317,31,87,31087,TETIZ,C_PAN_NAY,MARIA AGUSTINA CAAMAL CUA,KARLA ISABEL CANCHE OY
2318,31,87,31087,TETIZ,C_PRI_NAY,Nombre Apellido Apellido,Nombre Apellido Apellido
2319,31,87,31087,TETIZ,C_PRD_NAY,Nombre Apellido Apellido,Nombre Apellido Apellido
2320,31,87,31087,TETIZ,C_PVEM_PT_MORENA,Nombre Apellido Apellido,Nombre Apellido Apellido
2321,31,87,31087,TETIZ,C_PVEM_PT,Nombre Apellido Apellido,Nombre Apellido Apellido
2322,31,87,31087,TETIZ,C_PVEM_MORENA,MARTHA MARIA POOT KOYOC,YNGRI ROSALIA PECH CHAN
2323,31,87,31087,TETIZ,C_PT_MORENA,Nombre Apellido Apellido,Nombre Apellido Apellido
1542,31,88,31088,TEYA,PAN,JOSE BERNARDO RODRIGUEZ ARCEO,JOSE EDUARDO CHACN CHIN
1543,31,88,31088,TEYA,PRI,LANNY MAURICIA ARCEO DZIB,MARIA MARGARITA PECH SANCHEZ
1544,31,88,31088,TEYA,PRD,Nombre Apellido Apellido,Nombre Apellido Apellido
1545,31,88,31088,TEYA,PVEM,Nombre Apellido Apellido,Nombre Apellido Apellido
1546,31,88,31088,TEYA,PT,Nombre Apellido Apellido,Nombre Apellido Apellido
1547,31,88,31088,TEYA,MC,CARLOS ENRIQUE ARCEO RODRIGUEZ,JOSE DE JESUS SANCHEZ ARCEO
1548,31,88,31088,TEYA,MORENA,RAMON ALEJANDRO ESTRELLA POOL,MARIA CANDELARIA ADRIAN SANCHEZ
1549,31,88,31088,TEYA,NAY,Nombre Apellido Apellido,Nombre Apellido Apellido
1550,31,88,31088,TEYA,C_PAN_PRI_PRD_NAY,Nombre Apellido Apellido,Nombre Apellido Apellido
1551,31,88,31088,TEYA,C_PAN_PRI_PRD,Nombre Apellido Apellido,Nombre Apellido Apellido
1552,31,88,31088,TEYA,C_PAN_PRI_NAY,Nombre Apellido Apellido,Nombre Apellido Apellido
1553,31,88,31088,TEYA,C_PAN_PRD_NAY,Nombre Apellido Apellido,Nombre Apellido Apellido
1554,31,88,31088,TEYA,C_PRI_PRD_NAY,Nombre Apellido Apellido,Nombre Apellido Apellido
1555,31,88,31088,TEYA,C_PAN_PRI,Nombre Apellido Apellido,Nombre Apellido Apellido
1556,31,88,31088,TEYA,C_PAN_PRD,Nombre Apellido Apellido,Nombre Apellido Apellido
1557,31,88,31088,TEYA,C_PRI_PRD,Nombre Apellido Apellido,Nombre Apellido Apellido
1558,31,88,31088,TEYA,C_PAN_NAY,Nombre Apellido Apellido,Nombre Apellido Apellido
1559,31,88,31088,TEYA,C_PRI_NAY,Nombre Apellido Apellido,Nombre Apellido Apellido
1560,31,88,31088,TEYA,C_PRD_NAY,Nombre Apellido Apellido,Nombre Apellido Apellido
1561,31,88,31088,TEYA,C_PVEM_PT_MORENA,Nombre Apellido Apellido,Nombre Apellido Apellido
1562,31,88,31088,TEYA,C_PVEM_PT,Nombre Apellido Apellido,Nombre Apellido Apellido
1563,31,88,31088,TEYA,C_PVEM_MORENA,Nombre Apellido Apellido,Nombre Apellido Apellido
1564,31,88,31088,TEYA,C_PT_MORENA,Nombre Apellido Apellido,Nombre Apellido Apellido
2324,31,89,31089,TICUL,PAN,TERESA IRENE UCAN MARTIN,MARGARITA DE JESUS DZUL NOVELO
2325,31,89,31089,TICUL,PRI,MANUEL ALEJANDRO PACHECO MEDINA,MIGUEL ANGEL SOSA VELA
2326,31,89,31089,TICUL,PRD,JAEL NAVARRO OLIVARES ,TERESA DEL ROSARIO MAY OJEDA
2327,31,89,31089,TICUL,PVEM,HUMBERTO PARRA SOSA,RAUL HERNANDEZ MOO
2328,31,89,31089,TICUL,PT,HUMBERTO PARRA SOSA,RAUL HERNANDEZ MOO
2329,31,89,31089,TICUL,MC,MINERVA ISELA CHAN HAU ,LETICIA CONCEPCION FUENTES COLLI
2330,31,89,31089,TICUL,MORENA,HUMBERTO PARRA SOSA,RAUL HERNANDEZ MOO
2331,31,89,31089,TICUL,NAY,TERESA IRENE UCAN MARTIN,MARGARITA DE JESUS DZUL NOVELO
2332,31,89,31089,TICUL,C_PAN_PRI_PRD_NAY,Nombre Apellido Apellido,Nombre Apellido Apellido
2333,31,89,31089,TICUL,C_PAN_PRI_PRD,Nombre Apellido Apellido,Nombre Apellido Apellido
2334,31,89,31089,TICUL,C_PAN_PRI_NAY,Nombre Apellido Apellido,Nombre Apellido Apellido
2335,31,89,31089,TICUL,C_PAN_PRD_NAY,Nombre Apellido Apellido,Nombre Apellido Apellido
2336,31,89,31089,TICUL,C_PRI_PRD_NAY,Nombre Apellido Apellido,Nombre Apellido Apellido
2337,31,89,31089,TICUL,C_PAN_PRI,Nombre Apellido Apellido,Nombre Apellido Apellido
2338,31,89,31089,TICUL,C_PAN_PRD,Nombre Apellido Apellido,Nombre Apellido Apellido
2339,31,89,31089,TICUL,C_PRI_PRD,Nombre Apellido Apellido,Nombre Apellido Apellido
2340,31,89,31089,TICUL,C_PAN_NAY,TERESA IRENA UCAN MARTIN,MARGARITA DE JESUS DZUL NOVELO
2341,31,89,31089,TICUL,C_PRI_NAY,Nombre Apellido Apellido,Nombre Apellido Apellido
2342,31,89,31089,TICUL,C_PRD_NAY,Nombre Apellido Apellido,Nombre Apellido Apellido
2343,31,89,31089,TICUL,C_PVEM_PT_MORENA,HUMBERTO PARRA SOSA,RAUL HERNANDEZ MOO
2344,31,89,31089,TICUL,C_PVEM_PT,HUMBERTO PARRA SOSA,RAUL HERNANDEZ MOO
2345,31,89,31089,TICUL,C_PVEM_MORENA,HUMBERTO PARRA SOSA,RAUL HERNANDEZ MOO
2346,31,89,31089,TICUL,C_PT_MORENA,HUMBERTO PARRA SOSA,RAUL HERNANDEZ MOO
1565,31,90,31090,TIMUCUY,PAN,CAROLINA UCAN CHAN,MARIA ESMERALDA DEL ROCIO UCAN RAVELL
1566,31,90,31090,TIMUCUY,PRI,JOSE RODRIGO MUÑOZ CEH,CRISTHIAN ABIGAIL UICAB TUN
1567,31,90,31090,TIMUCUY,PRD,Nombre Apellido Apellido,Nombre Apellido Apellido
1568,31,90,31090,TIMUCUY,PVEM,Nombre Apellido Apellido,Nombre Apellido Apellido
1569,31,90,31090,TIMUCUY,PT,Nombre Apellido Apellido,Nombre Apellido Apellido
1570,31,90,31090,TIMUCUY,MC,Nombre Apellido Apellido,Nombre Apellido Apellido
1571,31,90,31090,TIMUCUY,MORENA,FABIAN MAGDALENO RAMIREZ PEREZ,Nombre Apellido Apellido
1572,31,90,31090,TIMUCUY,NAY,Nombre Apellido Apellido,Nombre Apellido Apellido
1573,31,90,31090,TIMUCUY,C_PAN_PRI_PRD_NAY,Nombre Apellido Apellido,Nombre Apellido Apellido
1574,31,90,31090,TIMUCUY,C_PAN_PRI_PRD,Nombre Apellido Apellido,Nombre Apellido Apellido
1575,31,90,31090,TIMUCUY,C_PAN_PRI_NAY,Nombre Apellido Apellido,Nombre Apellido Apellido
1576,31,90,31090,TIMUCUY,C_PAN_PRD_NAY,Nombre Apellido Apellido,Nombre Apellido Apellido
1577,31,90,31090,TIMUCUY,C_PRI_PRD_NAY,Nombre Apellido Apellido,Nombre Apellido Apellido
1578,31,90,31090,TIMUCUY,C_PAN_PRI,Nombre Apellido Apellido,Nombre Apellido Apellido
1579,31,90,31090,TIMUCUY,C_PAN_PRD,Nombre Apellido Apellido,Nombre Apellido Apellido
1580,31,90,31090,TIMUCUY,C_PRI_PRD,Nombre Apellido Apellido,Nombre Apellido Apellido
1581,31,90,31090,TIMUCUY,C_PAN_NAY,Nombre Apellido Apellido,Nombre Apellido Apellido
1582,31,90,31090,TIMUCUY,C_PRI_NAY,Nombre Apellido Apellido,Nombre Apellido Apellido
1583,31,90,31090,TIMUCUY,C_PRD_NAY,Nombre Apellido Apellido,Nombre Apellido Apellido
1584,31,90,31090,TIMUCUY,C_PVEM_PT_MORENA,Nombre Apellido Apellido,Nombre Apellido Apellido
1585,31,90,31090,TIMUCUY,C_PVEM_PT,Nombre Apellido Apellido,Nombre Apellido Apellido
1586,31,90,31090,TIMUCUY,C_PVEM_MORENA,Nombre Apellido Apellido,Nombre Apellido Apellido
1587,31,90,31090,TIMUCUY,C_PT_MORENA,Nombre Apellido Apellido,Nombre Apellido Apellido
461,31,91,31091,TINUM,PAN,ALICIA AURORA GONGORA MEJIA,WIGELMI MAGALI LOPEZ MAAS
462,31,91,31091,TINUM,PRI,ALICIA AURORA GONGORA MEJIA,WIGELMI MAGALI LOPEZ MAAS
463,31,91,31091,TINUM,PRD,Nombre Apellido Apellido,Nombre Apellido Apellido
464,31,91,31091,TINUM,PVEM,EVELIO MIS TUN,BRAULIO MOO MAY
465,31,91,31091,TINUM,PT,MARIELA DE ROSARIO PECH HU,CITLALI GUADALUPE CETINA CIME
466,31,91,31091,TINUM,MC,Nombre Apellido Apellido,Nombre Apellido Apellido
467,31,91,31091,TINUM,MORENA,MARIELA DE ROSARIO PECH HU,CITLALI GUADALUPE CETINA CIME
468,31,91,31091,TINUM,NAY,JOSE ALFREDO CEME TUN,MERCY HAMELIN GAMBOA BALAM 
469,31,91,31091,TINUM,C_PAN_PRI_PRD_NAY,Nombre Apellido Apellido,Nombre Apellido Apellido
470,31,91,31091,TINUM,C_PAN_PRI_PRD,Nombre Apellido Apellido,Nombre Apellido Apellido
471,31,91,31091,TINUM,C_PAN_PRI_NAY,Nombre Apellido Apellido,Nombre Apellido Apellido
472,31,91,31091,TINUM,C_PAN_PRD_NAY,Nombre Apellido Apellido,Nombre Apellido Apellido
473,31,91,31091,TINUM,C_PRI_PRD_NAY,Nombre Apellido Apellido,Nombre Apellido Apellido
474,31,91,31091,TINUM,C_PAN_PRI,ALICIA AURORA GONGORA MEJIA,WIGELMI MAGALI LOPEZ MAAS
475,31,91,31091,TINUM,C_PAN_PRD,Nombre Apellido Apellido,Nombre Apellido Apellido
476,31,91,31091,TINUM,C_PRI_PRD,Nombre Apellido Apellido,Nombre Apellido Apellido
477,31,91,31091,TINUM,C_PAN_NAY,Nombre Apellido Apellido,Nombre Apellido Apellido
478,31,91,31091,TINUM,C_PRI_NAY,Nombre Apellido Apellido,Nombre Apellido Apellido
479,31,91,31091,TINUM,C_PRD_NAY,Nombre Apellido Apellido,Nombre Apellido Apellido
480,31,91,31091,TINUM,C_PVEM_PT_MORENA,Nombre Apellido Apellido,Nombre Apellido Apellido
481,31,91,31091,TINUM,C_PVEM_PT,Nombre Apellido Apellido,Nombre Apellido Apellido
482,31,91,31091,TINUM,C_PVEM_MORENA,Nombre Apellido Apellido,Nombre Apellido Apellido
483,31,91,31091,TINUM,C_PT_MORENA,MARIELA DEL ROSARIO PECH UH,CITLALLI GUDALUPE CETINA CIME
484,31,92,31092,TIXCACALCUPUL,PAN,RAMON NONATO TUN CHAN,JUAN DE MATA TUN UICAB
485,31,92,31092,TIXCACALCUPUL,PRI,RAMON NONATO TUN CHAN,JUAN DE MATA TUN UICAB
486,31,92,31092,TIXCACALCUPUL,PRD,Nombre Apellido Apellido,Nombre Apellido Apellido
487,31,92,31092,TIXCACALCUPUL,PVEM,GABRIELA PUC MIS,CONCEPCION MELQUIADES MIS PUC
488,31,92,31092,TIXCACALCUPUL,PT,GABRIELA PUC MIS,CONCEPCION MELQUIADES MIS PUC
489,31,92,31092,TIXCACALCUPUL,MC,Nombre Apellido Apellido,Nombre Apellido Apellido
490,31,92,31092,TIXCACALCUPUL,MORENA,GABRIELA PUC MIS,CONCEPCION MELQUIADES MIS PUC
491,31,92,31092,TIXCACALCUPUL,NAY,Nombre Apellido Apellido,Nombre Apellido Apellido
492,31,92,31092,TIXCACALCUPUL,C_PAN_PRI_PRD_NAY,Nombre Apellido Apellido,Nombre Apellido Apellido
493,31,92,31092,TIXCACALCUPUL,C_PAN_PRI_PRD,Nombre Apellido Apellido,Nombre Apellido Apellido
494,31,92,31092,TIXCACALCUPUL,C_PAN_PRI_NAY,Nombre Apellido Apellido,Nombre Apellido Apellido
495,31,92,31092,TIXCACALCUPUL,C_PAN_PRD_NAY,Nombre Apellido Apellido,Nombre Apellido Apellido
496,31,92,31092,TIXCACALCUPUL,C_PRI_PRD_NAY,Nombre Apellido Apellido,Nombre Apellido Apellido
497,31,92,31092,TIXCACALCUPUL,C_PAN_PRI,RAMON NONATO TUN CHAN,JUAN DE MATA TUN UICAB
498,31,92,31092,TIXCACALCUPUL,C_PAN_PRD,Nombre Apellido Apellido,Nombre Apellido Apellido
499,31,92,31092,TIXCACALCUPUL,C_PRI_PRD,Nombre Apellido Apellido,Nombre Apellido Apellido
500,31,92,31092,TIXCACALCUPUL,C_PAN_NAY,Nombre Apellido Apellido,Nombre Apellido Apellido
501,31,92,31092,TIXCACALCUPUL,C_PRI_NAY,Nombre Apellido Apellido,Nombre Apellido Apellido
502,31,92,31092,TIXCACALCUPUL,C_PRD_NAY,Nombre Apellido Apellido,Nombre Apellido Apellido
503,31,92,31092,TIXCACALCUPUL,C_PVEM_PT_MORENA,GABRIELA PUC MIS,CONCEPCION MELQUIADES MIS PUC
504,31,92,31092,TIXCACALCUPUL,C_PVEM_PT,GABRIELA PUC MIS,CONCEPCION MELQUIADES MIS PUC
505,31,92,31092,TIXCACALCUPUL,C_PVEM_MORENA,GABRIELA PUC MIS,CONCEPCION MELQUIADES MIS PUC
506,31,92,31092,TIXCACALCUPUL,C_PT_MORENA,GABRIELA PUC MIS,CONCEPCION MELQUIADES MIS PUC
1588,31,93,31093,TIXKOKOB,PAN,MIGUEL ESTEBAN RODRIGUEZ BAQUEIRO,FRANK EMILIO CHALE CETINA
1589,31,93,31093,TIXKOKOB,PRI,CELIA DE LA CRUZ GOMEX MARTIN,MILDRED JAQUELINE DEL ROSARIO JUANES VAZQUEZ
1590,31,93,31093,TIXKOKOB,PRD,CELIA DE LA CRUZ GOMEX MARTIN,MILDRED JAQUELINE DEL ROSARIO JUANES VAZQUEZ
1591,31,93,31093,TIXKOKOB,PVEM,GUADALUPE CAUICH TZUC,AGRIPINA CACHON MOGUEL
1592,31,93,31093,TIXKOKOB,PT,MIGUEL ANGEL MENESES AYALA,JOSE MARTIN AKE CANCHE
1593,31,93,31093,TIXKOKOB,MC,YAMILY ANGELICA BURGOS GUERRA,YAJAIRA BEATRIZ MUKUL ARAUJO
1594,31,93,31093,TIXKOKOB,MORENA,GUADALUPE CAUICH TZUC,AGRIPINA CACHON MOGUEL
1595,31,93,31093,TIXKOKOB,NAY,JAZAR MAVET NAVARRETE CONCHA,LUCIANO REYNALDO MEZETA BOLIVAR
1596,31,93,31093,TIXKOKOB,C_PAN_PRI_PRD_NAY,Nombre Apellido Apellido,Nombre Apellido Apellido
1597,31,93,31093,TIXKOKOB,C_PAN_PRI_PRD,Nombre Apellido Apellido,Nombre Apellido Apellido
1598,31,93,31093,TIXKOKOB,C_PAN_PRI_NAY,Nombre Apellido Apellido,Nombre Apellido Apellido
1599,31,93,31093,TIXKOKOB,C_PAN_PRD_NAY,Nombre Apellido Apellido,Nombre Apellido Apellido
1600,31,93,31093,TIXKOKOB,C_PRI_PRD_NAY,Nombre Apellido Apellido,Nombre Apellido Apellido
1601,31,93,31093,TIXKOKOB,C_PAN_PRI,Nombre Apellido Apellido,Nombre Apellido Apellido
1602,31,93,31093,TIXKOKOB,C_PAN_PRD,Nombre Apellido Apellido,Nombre Apellido Apellido
1603,31,93,31093,TIXKOKOB,C_PRI_PRD,CELIA DE LA CRUZ GOMEX MARTIN,MILDRED JAQUELINE DEL ROSARIO JUANES VAZQUEZ
1604,31,93,31093,TIXKOKOB,C_PAN_NAY,Nombre Apellido Apellido,Nombre Apellido Apellido
1605,31,93,31093,TIXKOKOB,C_PRI_NAY,Nombre Apellido Apellido,Nombre Apellido Apellido
1606,31,93,31093,TIXKOKOB,C_PRD_NAY,Nombre Apellido Apellido,Nombre Apellido Apellido
1607,31,93,31093,TIXKOKOB,C_PVEM_PT_MORENA,Nombre Apellido Apellido,Nombre Apellido Apellido
1608,31,93,31093,TIXKOKOB,C_PVEM_PT,Nombre Apellido Apellido,Nombre Apellido Apellido
1609,31,93,31093,TIXKOKOB,C_PVEM_MORENA,GUADALUPE CAUICH TZUC,AGRIPINA CACHON MOGUEL
1610,31,93,31093,TIXKOKOB,C_PT_MORENA,Nombre Apellido Apellido,Nombre Apellido Apellido
507,31,94,31094,TIXMEHUAC,PAN,GASPAR PANTI SEL,FRANCISCO JAVIER DIAZ SEGURA
508,31,94,31094,TIXMEHUAC,PRI,GASPAR PANTI SEL,FRANCISCO JAVIER DIAZ SEGURA
509,31,94,31094,TIXMEHUAC,PRD,AURELIA ROSENDA PERALTA ALONZO,SUSANA XOOL MARIN
510,31,94,31094,TIXMEHUAC,PVEM,CARLOS EFRAIN BALAM LOPEZ,NICANOR LOPEZ PANTI
511,31,94,31094,TIXMEHUAC,PT,CARLOS EFRAIN BALAM LOPEZ,NICANOR LOPEZ PANTI
512,31,94,31094,TIXMEHUAC,MC,Nombre Apellido Apellido,Nombre Apellido Apellido
513,31,94,31094,TIXMEHUAC,MORENA,CARLOS EFRAIN BALAM LOPEZ,NICANOR LOPEZ PANTI
514,31,94,31094,TIXMEHUAC,NAY,SEYMI ARACELI MAY BRICEÑO,GLORIA DE JESUS CAT ECHEVERRIA
515,31,94,31094,TIXMEHUAC,C_PAN_PRI_PRD_NAY,Nombre Apellido Apellido,Nombre Apellido Apellido
516,31,94,31094,TIXMEHUAC,C_PAN_PRI_PRD,Nombre Apellido Apellido,Nombre Apellido Apellido
517,31,94,31094,TIXMEHUAC,C_PAN_PRI_NAY,Nombre Apellido Apellido,Nombre Apellido Apellido
518,31,94,31094,TIXMEHUAC,C_PAN_PRD_NAY,Nombre Apellido Apellido,Nombre Apellido Apellido
519,31,94,31094,TIXMEHUAC,C_PRI_PRD_NAY,Nombre Apellido Apellido,Nombre Apellido Apellido
520,31,94,31094,TIXMEHUAC,C_PAN_PRI,GASPAR PANTI SEL,FRANCISCO JAVIER DIAZ SEGURA
521,31,94,31094,TIXMEHUAC,C_PAN_PRD,Nombre Apellido Apellido,Nombre Apellido Apellido
522,31,94,31094,TIXMEHUAC,C_PRI_PRD,Nombre Apellido Apellido,Nombre Apellido Apellido
523,31,94,31094,TIXMEHUAC,C_PAN_NAY,Nombre Apellido Apellido,Nombre Apellido Apellido
524,31,94,31094,TIXMEHUAC,C_PRI_NAY,Nombre Apellido Apellido,Nombre Apellido Apellido
525,31,94,31094,TIXMEHUAC,C_PRD_NAY,Nombre Apellido Apellido,Nombre Apellido Apellido
526,31,94,31094,TIXMEHUAC,C_PVEM_PT_MORENA,CARLOS EFRAIN BALAM LOPEZ,NICANOR LOPEZ PANTI
527,31,94,31094,TIXMEHUAC,C_PVEM_PT,CARLOS EFRAIN BALAM LOPEZ,NICANOR LOPEZ PANTI
528,31,94,31094,TIXMEHUAC,C_PVEM_MORENA,CARLOS EFRAIN BALAM LOPEZ,NICANOR LOPEZ PANTI
529,31,94,31094,TIXMEHUAC,C_PT_MORENA,CARLOS EFRAIN BALAM LOPEZ,NICANOR LOPEZ PANTI
1611,31,95,31095,TIXPEHUAL,PAN,ELIA DEL SOCORRO UC CANCHE,GEISY NOEMI CHAN CANCHE
1612,31,95,31095,TIXPEHUAL,PRI,CARLOS FERNANDO VARGUEZ CIAU,JORGE ALEJANDRO CHAN PUC
1613,31,95,31095,TIXPEHUAL,PRD,IRVIN OSCAR CAUICH VARGUEZ,FRANCISCO ADRIAN CEN HOIL
1614,31,95,31095,TIXPEHUAL,PVEM,JOSE FELICIANO AGUILAR TZAB,MICHEL OMAR CITUK PUCH
1615,31,95,31095,TIXPEHUAL,PT,VICTOR RENE LARA CAUICH,ANGEL EFRAIN PUCH KU
1616,31,95,31095,TIXPEHUAL,MC,MANUEL JAVIER TZAB JUAREZ,GASPAR ALEJANDRO CANTE MAY
1617,31,95,31095,TIXPEHUAL,MORENA,VICTOR RENE LARA CAUICH,ANGEL EFRAIN PUCH KU
1618,31,95,31095,TIXPEHUAL,NAY,GILBERTO DEL CARMEN KANTUN TEPAL,ALEJANDRO ISRAEL ESTRADA CIAU
1619,31,95,31095,TIXPEHUAL,C_PAN_PRI_PRD_NAY,Nombre Apellido Apellido,Nombre Apellido Apellido
1620,31,95,31095,TIXPEHUAL,C_PAN_PRI_PRD,Nombre Apellido Apellido,Nombre Apellido Apellido
1621,31,95,31095,TIXPEHUAL,C_PAN_PRI_NAY,Nombre Apellido Apellido,Nombre Apellido Apellido
1622,31,95,31095,TIXPEHUAL,C_PAN_PRD_NAY,Nombre Apellido Apellido,Nombre Apellido Apellido
1623,31,95,31095,TIXPEHUAL,C_PRI_PRD_NAY,Nombre Apellido Apellido,Nombre Apellido Apellido
1624,31,95,31095,TIXPEHUAL,C_PAN_PRI,Nombre Apellido Apellido,Nombre Apellido Apellido
1625,31,95,31095,TIXPEHUAL,C_PAN_PRD,Nombre Apellido Apellido,Nombre Apellido Apellido
1626,31,95,31095,TIXPEHUAL,C_PRI_PRD,Nombre Apellido Apellido,Nombre Apellido Apellido
1627,31,95,31095,TIXPEHUAL,C_PAN_NAY,Nombre Apellido Apellido,Nombre Apellido Apellido
1628,31,95,31095,TIXPEHUAL,C_PRI_NAY,Nombre Apellido Apellido,Nombre Apellido Apellido
1629,31,95,31095,TIXPEHUAL,C_PRD_NAY,Nombre Apellido Apellido,Nombre Apellido Apellido
1630,31,95,31095,TIXPEHUAL,C_PVEM_PT_MORENA,Nombre Apellido Apellido,Nombre Apellido Apellido
1631,31,95,31095,TIXPEHUAL,C_PVEM_PT,Nombre Apellido Apellido,Nombre Apellido Apellido
1632,31,95,31095,TIXPEHUAL,C_PVEM_MORENA,Nombre Apellido Apellido,Nombre Apellido Apellido
1633,31,95,31095,TIXPEHUAL,C_PT_MORENA,VICTOR RENE LARA CAUICH,ANGEL EFRAIN PUCH KU
530,31,96,31096,TIZIMIN,PAN,JORGE ANDRE DIAZ LOEZA,MANUEL JESUS ARAUJO ALAMILLA
531,31,96,31096,TIZIMIN,PRI,JORGE ANDRE DIAZ LOEZA,MANUEL JESUS ARAUJO ALAMILLA
532,31,96,31096,TIZIMIN,PRD,Nombre Apellido Apellido,Nombre Apellido Apellido
533,31,96,31096,TIZIMIN,PVEM,CARLOS ADRIAN QUIROZ OSORIO,RAUL JACOBO EK CAN
534,31,96,31096,TIZIMIN,PT,CARLOS ADRIAN QUIROZ OSORIO,RAUL JACOBO EK CAN
535,31,96,31096,TIZIMIN,MC,Nombre Apellido Apellido,Nombre Apellido Apellido
536,31,96,31096,TIZIMIN,MORENA,CARLOS ADRIAN QUIROZ OSORIO,RAUL JACOBO EK CAN
537,31,96,31096,TIZIMIN,NAY,JORGE ANDRE DIAZ LOEZA,MANUEL JESUS ARAUJO ALAMILLA
538,31,96,31096,TIZIMIN,C_PAN_PRI_PRD_NAY,Nombre Apellido Apellido,Nombre Apellido Apellido
539,31,96,31096,TIZIMIN,C_PAN_PRI_PRD,Nombre Apellido Apellido,Nombre Apellido Apellido
540,31,96,31096,TIZIMIN,C_PAN_PRI_NAY,JORGE ANDRE DIAZ LOEZA,MANUEL JESUS ARAUJO ALAMILLA
541,31,96,31096,TIZIMIN,C_PAN_PRD_NAY,Nombre Apellido Apellido,Nombre Apellido Apellido
542,31,96,31096,TIZIMIN,C_PRI_PRD_NAY,Nombre Apellido Apellido,Nombre Apellido Apellido
543,31,96,31096,TIZIMIN,C_PAN_PRI,JORGE ANDRE DIAZ LOEZA,MANUEL JESUS ARAUJO ALAMILLA
544,31,96,31096,TIZIMIN,C_PAN_PRD,Nombre Apellido Apellido,Nombre Apellido Apellido
545,31,96,31096,TIZIMIN,C_PRI_PRD,Nombre Apellido Apellido,Nombre Apellido Apellido
546,31,96,31096,TIZIMIN,C_PAN_NAY,JORGE ANDRE DIAZ LOEZA,MANUEL JESUS ARAUJO ALAMILLA
547,31,96,31096,TIZIMIN,C_PRI_NAY,JORGE ANDRE DIAZ LOEZA,MANUEL JESUS ARAUJO ALAMILLA
548,31,96,31096,TIZIMIN,C_PRD_NAY,Nombre Apellido Apellido,Nombre Apellido Apellido
549,31,96,31096,TIZIMIN,C_PVEM_PT_MORENA,CARLOS ADRIAN QUIROZ OSORIO,RAUL JACOBO EK CAN
550,31,96,31096,TIZIMIN,C_PVEM_PT,CARLOS ADRIAN QUIROZ OSORIO,RAUL JACOBO EK CAN
551,31,96,31096,TIZIMIN,C_PVEM_MORENA,CARLOS ADRIAN QUIROZ OSORIO,RAUL JACOBO EK CAN
552,31,96,31096,TIZIMIN,C_PT_MORENA,CARLOS ADRIAN QUIROZ OSORIO,RAUL JACOBO EK CAN
1634,31,97,31097,TUNKAS,PAN,JORGE RICARDO KUH MENDEZ,JESUS ALBERTO ESTRELLA SANTOS
1635,31,97,31097,TUNKAS,PRI,Nombre Apellido Apellido,Nombre Apellido Apellido
1636,31,97,31097,TUNKAS,PRD,Nombre Apellido Apellido,Nombre Apellido Apellido
1637,31,97,31097,TUNKAS,PVEM,Nombre Apellido Apellido,Nombre Apellido Apellido
1638,31,97,31097,TUNKAS,PT,EDUARDO CUPUL NOH,HUMBERTO CHAN MAY
1639,31,97,31097,TUNKAS,MC,Nombre Apellido Apellido,Nombre Apellido Apellido
1640,31,97,31097,TUNKAS,MORENA,EDUARDO CUPUL NOH,HUMBERTO CHAN MAY
1641,31,97,31097,TUNKAS,NAY,ANTONIO CANUL LLANES,PAULINO ALCOCER CHI
1642,31,97,31097,TUNKAS,C_PAN_PRI_PRD_NAY,Nombre Apellido Apellido,Nombre Apellido Apellido
1643,31,97,31097,TUNKAS,C_PAN_PRI_PRD,Nombre Apellido Apellido,Nombre Apellido Apellido
1644,31,97,31097,TUNKAS,C_PAN_PRI_NAY,Nombre Apellido Apellido,Nombre Apellido Apellido
1645,31,97,31097,TUNKAS,C_PAN_PRD_NAY,Nombre Apellido Apellido,Nombre Apellido Apellido
1646,31,97,31097,TUNKAS,C_PRI_PRD_NAY,Nombre Apellido Apellido,Nombre Apellido Apellido
1647,31,97,31097,TUNKAS,C_PAN_PRI,Nombre Apellido Apellido,Nombre Apellido Apellido
1648,31,97,31097,TUNKAS,C_PAN_PRD,Nombre Apellido Apellido,Nombre Apellido Apellido
1649,31,97,31097,TUNKAS,C_PRI_PRD,Nombre Apellido Apellido,Nombre Apellido Apellido
1650,31,97,31097,TUNKAS,C_PAN_NAY,Nombre Apellido Apellido,Nombre Apellido Apellido
1651,31,97,31097,TUNKAS,C_PRI_NAY,Nombre Apellido Apellido,Nombre Apellido Apellido
1652,31,97,31097,TUNKAS,C_PRD_NAY,Nombre Apellido Apellido,Nombre Apellido Apellido
1653,31,97,31097,TUNKAS,C_PVEM_PT_MORENA,Nombre Apellido Apellido,Nombre Apellido Apellido
1654,31,97,31097,TUNKAS,C_PVEM_PT,Nombre Apellido Apellido,Nombre Apellido Apellido
1655,31,97,31097,TUNKAS,C_PVEM_MORENA,Nombre Apellido Apellido,Nombre Apellido Apellido
1656,31,97,31097,TUNKAS,C_PT_MORENA,EDUARDO CUPUL NOH,HUMBERTO CHAN MAY
2347,31,98,31098,TZUCACAB,PAN,MARIA ISABEL HOIL HOIL,MIREYA CHULIN CAB
2348,31,98,31098,TZUCACAB,PRI,AIDA CANDELARIA XIX TUT,MARIA LUISA ALDANA CUY
2349,31,98,31098,TZUCACAB,PRD,AIDA CANDELARIA XIX TUT,MARIA LUISA ALDANA CUY
2350,31,98,31098,TZUCACAB,PVEM,ERICK FERNANDO KU CAAMAL,CARLOS LEONEL PIÑA SERRANO 
2351,31,98,31098,TZUCACAB,PT,FREDDY ALEJANDRO CARRILLO BLANCO,DARVY JAVIER HERRERA SIERRA
2352,31,98,31098,TZUCACAB,MC,JORGE LUIS PINEDA ESTRELLA,EMMANUEL ACOSTA GUEMEZ
2353,31,98,31098,TZUCACAB,MORENA,FREDDY ALEJANDRO CARRILLO BLANCO,DARVY JAVIER HERRERA SIERRA
2354,31,98,31098,TZUCACAB,NAY,AIDA CANDELARIA XIX TUT,MARIA LUISA ALDANA CUY
2355,31,98,31098,TZUCACAB,C_PAN_PRI_PRD_NAY,Nombre Apellido Apellido,Nombre Apellido Apellido
2356,31,98,31098,TZUCACAB,C_PAN_PRI_PRD,Nombre Apellido Apellido,Nombre Apellido Apellido
2357,31,98,31098,TZUCACAB,C_PAN_PRI_NAY,Nombre Apellido Apellido,Nombre Apellido Apellido
2358,31,98,31098,TZUCACAB,C_PAN_PRD_NAY,Nombre Apellido Apellido,Nombre Apellido Apellido
2359,31,98,31098,TZUCACAB,C_PRI_PRD_NAY,AIDA CANDELARIA XIX TUT,MARIA LUISA ALDANA CUY
2360,31,98,31098,TZUCACAB,C_PAN_PRI,Nombre Apellido Apellido,Nombre Apellido Apellido
2361,31,98,31098,TZUCACAB,C_PAN_PRD,Nombre Apellido Apellido,Nombre Apellido Apellido
2362,31,98,31098,TZUCACAB,C_PRI_PRD,AIDA CANDELARIA XIX TUT,MARIA LUISA ALDANA CUY
2363,31,98,31098,TZUCACAB,C_PAN_NAY,Nombre Apellido Apellido,Nombre Apellido Apellido
2364,31,98,31098,TZUCACAB,C_PRI_NAY,AIDA CANDELARIA XIX TUT,MARIA LUISA ALDANA CUY
2365,31,98,31098,TZUCACAB,C_PRD_NAY,AIDA CANDELARIA XIX TUT,MARIA LUISA ALDANA CUY
2366,31,98,31098,TZUCACAB,C_PVEM_PT_MORENA,Nombre Apellido Apellido,Nombre Apellido Apellido
2367,31,98,31098,TZUCACAB,C_PVEM_PT,Nombre Apellido Apellido,Nombre Apellido Apellido
2368,31,98,31098,TZUCACAB,C_PVEM_MORENA,Nombre Apellido Apellido,Nombre Apellido Apellido
2369,31,98,31098,TZUCACAB,C_PT_MORENA,FREDDY ALEJANDRO CARRILLO BLANCO,DARVY JAVIER HERRERA SIERRA
553,31,99,31099,UAYMA,PAN,GRETTY NOEMI CUPUL BALAM,LIDIA ALEJANDRA CANCHE GOMEZ
554,31,99,31099,UAYMA,PRI,GRETTY NOEMI CUPUL BALAM,LIDIA ALEJANDRA CANCHE GOMEZ
555,31,99,31099,UAYMA,PRD,GRETTY NOEMI CUPUL BALAM,LIDIA ALEJANDRA CANCHE GOMEZ
556,31,99,31099,UAYMA,PVEM,Nombre Apellido Apellido,Nombre Apellido Apellido
557,31,99,31099,UAYMA,PT,WILBERT ARMIN CASTILLO ELIODORO,MARTIN CAN CIAU
558,31,99,31099,UAYMA,MC,Nombre Apellido Apellido,Nombre Apellido Apellido
559,31,99,31099,UAYMA,MORENA,WILBERT ARMIN CASTILLO ELIODORO,MARTIN CAN CIAU
560,31,99,31099,UAYMA,NAY,Nombre Apellido Apellido,Nombre Apellido Apellido
561,31,99,31099,UAYMA,C_PAN_PRI_PRD_NAY,Nombre Apellido Apellido,Nombre Apellido Apellido
562,31,99,31099,UAYMA,C_PAN_PRI_PRD,GRETTY NOEMI CUPUL BALAM,LIDIA ALEJANDRA CANCHE GOMEZ
563,31,99,31099,UAYMA,C_PAN_PRI_NAY,Nombre Apellido Apellido,Nombre Apellido Apellido
564,31,99,31099,UAYMA,C_PAN_PRD_NAY,Nombre Apellido Apellido,Nombre Apellido Apellido
565,31,99,31099,UAYMA,C_PRI_PRD_NAY,Nombre Apellido Apellido,Nombre Apellido Apellido
566,31,99,31099,UAYMA,C_PAN_PRI,GRETTY NOEMI CUPUL BALAM,LIDIA ALEJANDRA CANCHE GOMEZ
567,31,99,31099,UAYMA,C_PAN_PRD,GRETTY NOEMI CUPUL BALAM,LIDIA ALEJANDRA CANCHE GOMEZ
568,31,99,31099,UAYMA,C_PRI_PRD,GRETTY NOEMI CUPUL BALAM,LIDIA ALEJANDRA CANCHE GOMEZ
569,31,99,31099,UAYMA,C_PAN_NAY,Nombre Apellido Apellido,Nombre Apellido Apellido
570,31,99,31099,UAYMA,C_PRI_NAY,Nombre Apellido Apellido,Nombre Apellido Apellido
571,31,99,31099,UAYMA,C_PRD_NAY,Nombre Apellido Apellido,Nombre Apellido Apellido
572,31,99,31099,UAYMA,C_PVEM_PT_MORENA,Nombre Apellido Apellido,Nombre Apellido Apellido
573,31,99,31099,UAYMA,C_PVEM_PT,Nombre Apellido Apellido,Nombre Apellido Apellido
574,31,99,31099,UAYMA,C_PVEM_MORENA,Nombre Apellido Apellido,Nombre Apellido Apellido
575,31,99,31099,UAYMA,C_PT_MORENA,WILBERT ARMIN CASTILLO ELIODORO,MARTIN CAN CIAU
2370,31,100,31100,UCU,PAN,JOSE RICARDO LUNA CAN,SAMI ISRAEL GARCIA BALAM
2371,31,100,31100,UCU,PRI,SILVIA DEL SOCORRO CANUL LUNA,ALBA MELISSA KOYOC GARCIA
2372,31,100,31100,UCU,PRD,HUGO HUSSEIN MEX EK ,DARWIN ALDAIR CHAN VALDEZ
2373,31,100,31100,UCU,PVEM,GENER ISMAEL PECH LEON,FELIPE DE JESUS GARCIA CANUL
2374,31,100,31100,UCU,PT,GENER ISMAEL PECH LEON,FELIPE DE JESUS GARCIA CANUL
2375,31,100,31100,UCU,MC,Nombre Apellido Apellido,Nombre Apellido Apellido
2376,31,100,31100,UCU,MORENA,GENER ISMAEL PECH LEON,FELIPE DE JESUS GARCIA CANUL
2377,31,100,31100,UCU,NAY,HUGO RACIEL LUNA MAGAÑA ,JESUS ISAIAS RAMOS DZUL
2378,31,100,31100,UCU,C_PAN_PRI_PRD_NAY,Nombre Apellido Apellido,Nombre Apellido Apellido
2379,31,100,31100,UCU,C_PAN_PRI_PRD,Nombre Apellido Apellido,Nombre Apellido Apellido
2380,31,100,31100,UCU,C_PAN_PRI_NAY,Nombre Apellido Apellido,Nombre Apellido Apellido
2381,31,100,31100,UCU,C_PAN_PRD_NAY,Nombre Apellido Apellido,Nombre Apellido Apellido
2382,31,100,31100,UCU,C_PRI_PRD_NAY,Nombre Apellido Apellido,Nombre Apellido Apellido
2383,31,100,31100,UCU,C_PAN_PRI,Nombre Apellido Apellido,Nombre Apellido Apellido
2384,31,100,31100,UCU,C_PAN_PRD,Nombre Apellido Apellido,Nombre Apellido Apellido
2385,31,100,31100,UCU,C_PRI_PRD,Nombre Apellido Apellido,Nombre Apellido Apellido
2386,31,100,31100,UCU,C_PAN_NAY,Nombre Apellido Apellido,Nombre Apellido Apellido
2387,31,100,31100,UCU,C_PRI_NAY,Nombre Apellido Apellido,Nombre Apellido Apellido
2388,31,100,31100,UCU,C_PRD_NAY,Nombre Apellido Apellido,Nombre Apellido Apellido
2389,31,100,31100,UCU,C_PVEM_PT_MORENA,GENER ISMAEL PECH LEON,FELIPE DE JESUS GARCIA CANUL
2390,31,100,31100,UCU,C_PVEM_PT,GENER ISMAEL PECH LEON,FELIPE DE JESUS GARCIA CANUL
2391,31,100,31100,UCU,C_PVEM_MORENA,GENER ISMAEL PECH LEON,FELIPE DE JESUS GARCIA CANUL
2392,31,100,31100,UCU,C_PT_MORENA,GENER ISMAEL PECH LEON,FELIPE DE JESUS GARCIA CANUL
2393,31,101,31101,UMAN,PAN,GREGORIO ERNESTO MONTERO MARTIN,JUAN MANUEL LOPEZ RODRIGUEZ 
2394,31,101,31101,UMAN,PRI,EMILIANA CANUL CABALLERO,MARIA DE LOS ANGELES PECH SAENZ
2395,31,101,31101,UMAN,PRD,GENARO ALEJANDRO BALAM POOL,ANDRES AGUSTO DOMINGUEZ TINAL
2396,31,101,31101,UMAN,PVEM,KENIA WALLDINA SAURI MARADIAGA,ROSA MAGDALENA GONZALEZ GUITIERREZ
2397,31,101,31101,UMAN,PT,KENIA WALLDINA SAURI MARADIAGA,ROSA MAGDALENA GONZALEZ GUITIERREZ
2398,31,101,31101,UMAN,MC,MARIA CONCHITA RUIZ HUCHIN,RITA LUDUMILDA BRACAMONTE SANDOVAL
2399,31,101,31101,UMAN,MORENA,KENIA WALLDINA SAURI MARADIAGA,ROSA MAGDALENA GONZALEZ GUITIERREZ
2400,31,101,31101,UMAN,NAY,EMILIANA CANUL CABALLERO,MARIA DE LOS ANGELES PECH SAENZ
2401,31,101,31101,UMAN,C_PAN_PRI_PRD_NAY,Nombre Apellido Apellido,Nombre Apellido Apellido
2402,31,101,31101,UMAN,C_PAN_PRI_PRD,Nombre Apellido Apellido,Nombre Apellido Apellido
2403,31,101,31101,UMAN,C_PAN_PRI_NAY,Nombre Apellido Apellido,Nombre Apellido Apellido
2404,31,101,31101,UMAN,C_PAN_PRD_NAY,Nombre Apellido Apellido,Nombre Apellido Apellido
2405,31,101,31101,UMAN,C_PRI_PRD_NAY,Nombre Apellido Apellido,Nombre Apellido Apellido
2406,31,101,31101,UMAN,C_PAN_PRI,Nombre Apellido Apellido,Nombre Apellido Apellido
2407,31,101,31101,UMAN,C_PAN_PRD,Nombre Apellido Apellido,Nombre Apellido Apellido
2408,31,101,31101,UMAN,C_PRI_PRD,Nombre Apellido Apellido,Nombre Apellido Apellido
2409,31,101,31101,UMAN,C_PAN_NAY,Nombre Apellido Apellido,Nombre Apellido Apellido
2410,31,101,31101,UMAN,C_PRI_NAY,EMILIANA CANUL CABALLERO,MARIA DE LOS ANGELES PECH SAENZ
2411,31,101,31101,UMAN,C_PRD_NAY,Nombre Apellido Apellido,Nombre Apellido Apellido
2412,31,101,31101,UMAN,C_PVEM_PT_MORENA,KENIA WALLDINA SAURI MARADIAGA,ROSA MAGDALENA GONZALEZ GUITIERREZ
2413,31,101,31101,UMAN,C_PVEM_PT,KENIA WALLDINA SAURI MARADIAGA,ROSA MAGDALENA GONZALEZ GUITIERREZ
2414,31,101,31101,UMAN,C_PVEM_MORENA,KENIA WALLDINA SAURI MARADIAGA,ROSA MAGDALENA GONZALEZ GUITIERREZ
2415,31,101,31101,UMAN,C_PT_MORENA,KENIA WALLDINA SAURI MARADIAGA,ROSA MAGDALENA GONZALEZ GUITIERREZ
576,31,102,31102,VALLADOLID,PAN,ALFREDO FERNANDEZ ARCEO,JUAN PABLO MENA ROSADO
577,31,102,31102,VALLADOLID,PRI,ALFREDO FERNANDEZ ARCEO,JUAN PABLO MENA ROSADO
578,31,102,31102,VALLADOLID,PRD,Nombre Apellido Apellido,Nombre Apellido Apellido
579,31,102,31102,VALLADOLID,PVEM,Nombre Apellido Apellido,Nombre Apellido Apellido
580,31,102,31102,VALLADOLID,PT,HOMERO NOVELO BURGOS,LORENZO CHUC CHAN
581,31,102,31102,VALLADOLID,MC,MARIA ELENA CHUC PECH,TERESITAS MAY MAY
582,31,102,31102,VALLADOLID,MORENA,HOMERO NOVELO BURGOS,LORENZO CHUC CHAN
583,31,102,31102,VALLADOLID,NAY,ALFREDO FERNANDEZ ARCEO,JUAN PABLO MENA ROSADO
584,31,102,31102,VALLADOLID,C_PAN_PRI_PRD_NAY,Nombre Apellido Apellido,Nombre Apellido Apellido
585,31,102,31102,VALLADOLID,C_PAN_PRI_PRD,Nombre Apellido Apellido,Nombre Apellido Apellido
586,31,102,31102,VALLADOLID,C_PAN_PRI_NAY,ALFREDO FERNANDEZ ARCEO,JUAN PABLO MENA ROSADO
587,31,102,31102,VALLADOLID,C_PAN_PRD_NAY,Nombre Apellido Apellido,Nombre Apellido Apellido
588,31,102,31102,VALLADOLID,C_PRI_PRD_NAY,Nombre Apellido Apellido,Nombre Apellido Apellido
589,31,102,31102,VALLADOLID,C_PAN_PRI,ALFREDO FERNANDEZ ARCEO,JUAN PABLO MENA ROSADO
590,31,102,31102,VALLADOLID,C_PAN_PRD,Nombre Apellido Apellido,Nombre Apellido Apellido
591,31,102,31102,VALLADOLID,C_PRI_PRD,Nombre Apellido Apellido,Nombre Apellido Apellido
592,31,102,31102,VALLADOLID,C_PAN_NAY,ALFREDO FERNANDEZ ARCEO,JUAN PABLO MENA ROSADO
593,31,102,31102,VALLADOLID,C_PRI_NAY,ALFREDO FERNANDEZ ARCEO,JUAN PABLO MENA ROSADO
594,31,102,31102,VALLADOLID,C_PRD_NAY,Nombre Apellido Apellido,Nombre Apellido Apellido
595,31,102,31102,VALLADOLID,C_PVEM_PT_MORENA,Nombre Apellido Apellido,Nombre Apellido Apellido
596,31,102,31102,VALLADOLID,C_PVEM_PT,Nombre Apellido Apellido,Nombre Apellido Apellido
597,31,102,31102,VALLADOLID,C_PVEM_MORENA,Nombre Apellido Apellido,Nombre Apellido Apellido
598,31,102,31102,VALLADOLID,C_PT_MORENA,HOMERO NOVELO BURGOS,LORENZO CHUC CHAN
1657,31,103,31103,XOCCHEL,PAN,LOURDES MARIA TAH MAAS,NAIBY CRISTINA UC COUOH
1658,31,103,31103,XOCCHEL,PRI,ELDA VIRGINIA BALAM KOH,MARTHA MARIBEL MATU CHEL
1659,31,103,31103,XOCCHEL,PRD,ROSA MARIA CHALE,LIDIA ESPERANZA TUN CHALE
1660,31,103,31103,XOCCHEL,PVEM,ROSALBA GUADALUPE UC ZAPATA,REGINA CONCEPCION CHABLE COUOH
1661,31,103,31103,XOCCHEL,PT,ROSALBA GUADALUPE UC ZAPATA,REGINA CONCEPCION CHABLE COUOH
1662,31,103,31103,XOCCHEL,MC,Nombre Apellido Apellido,Nombre Apellido Apellido
1663,31,103,31103,XOCCHEL,MORENA,ROSALBA GUADALUPE UC ZAPATA,REGINA CONCEPCION CHABLE COUOH
1664,31,103,31103,XOCCHEL,NAY,Nombre Apellido Apellido,Nombre Apellido Apellido
1665,31,103,31103,XOCCHEL,C_PAN_PRI_PRD_NAY,Nombre Apellido Apellido,Nombre Apellido Apellido
1666,31,103,31103,XOCCHEL,C_PAN_PRI_PRD,Nombre Apellido Apellido,Nombre Apellido Apellido
1667,31,103,31103,XOCCHEL,C_PAN_PRI_NAY,Nombre Apellido Apellido,Nombre Apellido Apellido
1668,31,103,31103,XOCCHEL,C_PAN_PRD_NAY,Nombre Apellido Apellido,Nombre Apellido Apellido
1669,31,103,31103,XOCCHEL,C_PRI_PRD_NAY,Nombre Apellido Apellido,Nombre Apellido Apellido
1670,31,103,31103,XOCCHEL,C_PAN_PRI,Nombre Apellido Apellido,Nombre Apellido Apellido
1671,31,103,31103,XOCCHEL,C_PAN_PRD,Nombre Apellido Apellido,Nombre Apellido Apellido
1672,31,103,31103,XOCCHEL,C_PRI_PRD,Nombre Apellido Apellido,Nombre Apellido Apellido
1673,31,103,31103,XOCCHEL,C_PAN_NAY,Nombre Apellido Apellido,Nombre Apellido Apellido
1674,31,103,31103,XOCCHEL,C_PRI_NAY,Nombre Apellido Apellido,Nombre Apellido Apellido
1675,31,103,31103,XOCCHEL,C_PRD_NAY,Nombre Apellido Apellido,Nombre Apellido Apellido
1676,31,103,31103,XOCCHEL,C_PVEM_PT_MORENA,ROSALBA GUADALUPE UC ZAPATA,REGINA CONCEPCION CHABLE COUOH
1677,31,103,31103,XOCCHEL,C_PVEM_PT,ROSALBA GUADALUPE UC ZAPATA,REGINA CONCEPCION CHABLE COUOH
1678,31,103,31103,XOCCHEL,C_PVEM_MORENA,ROSALBA GUADALUPE UC ZAPATA,REGINA CONCEPCION CHABLE COUOH
1679,31,103,31103,XOCCHEL,C_PT_MORENA,ROSALBA GUADALUPE UC ZAPATA,REGINA CONCEPCION CHABLE COUOH
599,31,104,31104,YAXCABA,PAN,GENRI ALB ERTO PACAB HERRERA,FELIPE DE JESUS CAXIN ALBORBOZ
600,31,104,31104,YAXCABA,PRI,FERNANDO ARIEL PEÑA TUN,MANUEL KEN MOH
601,31,104,31104,YAXCABA,PRD,GENRI ALB ERTO PACAB HERRERA,FELIPE DE JESUS CAXIN ALBORBOZ
602,31,104,31104,YAXCABA,PVEM,SANSON ISRAEL PALMA SANTOS,GASPAR PADILLA SANTOS
603,31,104,31104,YAXCABA,PT,SANSON ISRAEL PALMA SANTOS,GASPAR PADILLA SANTOS
604,31,104,31104,YAXCABA,MC,Nombre Apellido Apellido,Nombre Apellido Apellido
605,31,104,31104,YAXCABA,MORENA,DAYSI MARIA UICAB PAT,JUANITA TINAL SANCHEZ
606,31,104,31104,YAXCABA,NAY,Nombre Apellido Apellido,Nombre Apellido Apellido
607,31,104,31104,YAXCABA,C_PAN_PRI_PRD_NAY,Nombre Apellido Apellido,Nombre Apellido Apellido
608,31,104,31104,YAXCABA,C_PAN_PRI_PRD,Nombre Apellido Apellido,Nombre Apellido Apellido
609,31,104,31104,YAXCABA,C_PAN_PRI_NAY,Nombre Apellido Apellido,Nombre Apellido Apellido
610,31,104,31104,YAXCABA,C_PAN_PRD_NAY,Nombre Apellido Apellido,Nombre Apellido Apellido
611,31,104,31104,YAXCABA,C_PRI_PRD_NAY,Nombre Apellido Apellido,Nombre Apellido Apellido
612,31,104,31104,YAXCABA,C_PAN_PRI,Nombre Apellido Apellido,Nombre Apellido Apellido
613,31,104,31104,YAXCABA,C_PAN_PRD,GENRI ALB ERTO PACAB HERRERA,FELIPE DE JESUS CAXIN ALBORBOZ
614,31,104,31104,YAXCABA,C_PRI_PRD,Nombre Apellido Apellido,Nombre Apellido Apellido
615,31,104,31104,YAXCABA,C_PAN_NAY,Nombre Apellido Apellido,Nombre Apellido Apellido
616,31,104,31104,YAXCABA,C_PRI_NAY,Nombre Apellido Apellido,Nombre Apellido Apellido
617,31,104,31104,YAXCABA,C_PRD_NAY,Nombre Apellido Apellido,Nombre Apellido Apellido
618,31,104,31104,YAXCABA,C_PVEM_PT_MORENA,Nombre Apellido Apellido,Nombre Apellido Apellido
619,31,104,31104,YAXCABA,C_PVEM_PT,SANSON ISRAEL PALMA SANTOS,GASPAR PADILLA SANTOS
620,31,104,31104,YAXCABA,C_PVEM_MORENA,Nombre Apellido Apellido,Nombre Apellido Apellido
621,31,104,31104,YAXCABA,C_PT_MORENA,Nombre Apellido Apellido,Nombre Apellido Apellido
1680,31,105,31105,YAXKUKUL,PAN,JESUS ERNESTO PUGA TUN,LUIS MIGUEL AKE CANTO
1681,31,105,31105,YAXKUKUL,PRI,YMARY YAZIR CHUC AKE,ESTEFANY PAULINA HERNANDEZ CHI
1682,31,105,31105,YAXKUKUL,PRD,TANIA KARINA CERVANTES FALCON,CINTHIA NOEMI VALENCIA BARRERA
1683,31,105,31105,YAXKUKUL,PVEM,FERNANDO PRIMITIVO YGNACIO LOERA LOZADA,GERARDO OTONIEL UC CERVANTES
1684,31,105,31105,YAXKUKUL,PT,DEYMI LUCELI CERVANTES PUGA,YIMI MARICELA TORRES EK
1685,31,105,31105,YAXKUKUL,MC,MINERVA DEL ROSARIO BURGOS FLOTA ,VERONICA BATRIZ LOERA EK
1686,31,105,31105,YAXKUKUL,MORENA,DEYMI LUCELI CERVANTES PUGA,YIMI MARICELA TORRES EK
1687,31,105,31105,YAXKUKUL,NAY,CARLOS JESUS UC PECH ,MARCO ANTONIO PUGA TUN
1688,31,105,31105,YAXKUKUL,C_PAN_PRI_PRD_NAY,Nombre Apellido Apellido,Nombre Apellido Apellido
1689,31,105,31105,YAXKUKUL,C_PAN_PRI_PRD,Nombre Apellido Apellido,Nombre Apellido Apellido
1690,31,105,31105,YAXKUKUL,C_PAN_PRI_NAY,Nombre Apellido Apellido,Nombre Apellido Apellido
1691,31,105,31105,YAXKUKUL,C_PAN_PRD_NAY,Nombre Apellido Apellido,Nombre Apellido Apellido
1692,31,105,31105,YAXKUKUL,C_PRI_PRD_NAY,Nombre Apellido Apellido,Nombre Apellido Apellido
1693,31,105,31105,YAXKUKUL,C_PAN_PRI,Nombre Apellido Apellido,Nombre Apellido Apellido
1694,31,105,31105,YAXKUKUL,C_PAN_PRD,Nombre Apellido Apellido,Nombre Apellido Apellido
1695,31,105,31105,YAXKUKUL,C_PRI_PRD,Nombre Apellido Apellido,Nombre Apellido Apellido
1696,31,105,31105,YAXKUKUL,C_PAN_NAY,Nombre Apellido Apellido,Nombre Apellido Apellido
1697,31,105,31105,YAXKUKUL,C_PRI_NAY,Nombre Apellido Apellido,Nombre Apellido Apellido
1698,31,105,31105,YAXKUKUL,C_PRD_NAY,Nombre Apellido Apellido,Nombre Apellido Apellido
1699,31,105,31105,YAXKUKUL,C_PVEM_PT_MORENA,Nombre Apellido Apellido,Nombre Apellido Apellido
1700,31,105,31105,YAXKUKUL,C_PVEM_PT,Nombre Apellido Apellido,Nombre Apellido Apellido
1701,31,105,31105,YAXKUKUL,C_PVEM_MORENA,Nombre Apellido Apellido,Nombre Apellido Apellido
1702,31,105,31105,YAXKUKUL,C_PT_MORENA,DEYMI LUCELI CERVANTES PUGA,YIMI MARICELA TORRES EK
1703,31,106,31106,YOBAIN,PAN,ALEX CONSEPCION DURAN QUIÑONES,JUAN ALBERTO HERNANDEZ BORGES
1704,31,106,31106,YOBAIN,PRI,ALEX CONSEPCION DURAN QUIÑONES,JUAN ALBERTO HERNANDEZ BORGES
1705,31,106,31106,YOBAIN,PRD,Nombre Apellido Apellido,Nombre Apellido Apellido
1706,31,106,31106,YOBAIN,PVEM,Nombre Apellido Apellido,Nombre Apellido Apellido
1707,31,106,31106,YOBAIN,PT,Nombre Apellido Apellido,Nombre Apellido Apellido
1708,31,106,31106,YOBAIN,MC,Nombre Apellido Apellido,Nombre Apellido Apellido
1709,31,106,31106,YOBAIN,MORENA,JESUS ALBERTO COOL AKE,ADONAY AVILES SIERRA
1710,31,106,31106,YOBAIN,NAY,ALEX CONSEPCION DURAN QUIÑONES,JUAN ALBERTO HERNANDEZ BORGES
1711,31,106,31106,YOBAIN,C_PAN_PRI_PRD_NAY,Nombre Apellido Apellido,Nombre Apellido Apellido
1712,31,106,31106,YOBAIN,C_PAN_PRI_PRD,Nombre Apellido Apellido,Nombre Apellido Apellido
1713,31,106,31106,YOBAIN,C_PAN_PRI_NAY,ALEX CONSEPCION DURAN QUIÑONES,JUAN ALBERTO HERNANDEZ BORGES
1714,31,106,31106,YOBAIN,C_PAN_PRD_NAY,Nombre Apellido Apellido,Nombre Apellido Apellido
1715,31,106,31106,YOBAIN,C_PRI_PRD_NAY,Nombre Apellido Apellido,Nombre Apellido Apellido
1716,31,106,31106,YOBAIN,C_PAN_PRI,ALEX CONSEPCION DURAN QUIÑONES,JUAN ALBERTO HERNANDEZ BORGES
1717,31,106,31106,YOBAIN,C_PAN_PRD,Nombre Apellido Apellido,Nombre Apellido Apellido
1718,31,106,31106,YOBAIN,C_PRI_PRD,Nombre Apellido Apellido,Nombre Apellido Apellido
1719,31,106,31106,YOBAIN,C_PAN_NAY,ALEX CONSEPCION DURAN QUIÑONES,JUAN ALBERTO HERNANDEZ BORGES
1720,31,106,31106,YOBAIN,C_PRI_NAY,ALEX CONSEPCION DURAN QUIÑONES,JUAN ALBERTO HERNANDEZ BORGES
1721,31,106,31106,YOBAIN,C_PRD_NAY,Nombre Apellido Apellido,Nombre Apellido Apellido
1722,31,106,31106,YOBAIN,C_PVEM_PT_MORENA,Nombre Apellido Apellido,Nombre Apellido Apellido
1723,31,106,31106,YOBAIN,C_PVEM_PT,Nombre Apellido Apellido,Nombre Apellido Apellido
1724,31,106,31106,YOBAIN,C_PVEM_MORENA,Nombre Apellido Apellido,Nombre Apellido Apellido
1725,31,106,31106,YOBAIN,C_PT_MORENA,Nombre Apellido Apellido,Nombre Apellido Apellido
