ord,emm,yr,inegi,ife,mun,demn,dem,stars,fch,status,pan,pri,prd,pt,pvem,mc,pna,pac,ps,morena,pes,pest,piss,rsp,fxm,pri.pvem,pt.pac,pri.pvem.ps,indep,lindep,indep2,lindep2,nr,nul,tot,lisnom,partic,secciones,nota,ndem,ndemmaj,ndemuyc,dunelect
1,tla-10.001.001,1998,29001,29001,AMAXAC DE GUERRERO,1,SAN DAMIAN TLACOCALPAN,,19990418,extra,,,,,,,,,,,,,,,,,,,147,ind.felipe.corona.lucio,132,ind.julio.perez.munoz,,0,279,.,,,,,,,0
2,tla-10.013.083,1998,29013,29013,HUAMANTLA,83,HERMENEGILDO GALEANA,,19990418,extra,,,,,8,,,,,,,,,,,,,,239,ind.vicente.reyes.vazquez,139,ind.pedro.duran.montes,,3,389,.,,,,,,,0
3,tla-10.033.579,1998,29033,29033,TLAXCALA,579,SAN SEBASTIAN ATLAHAPA,,19990418,extra,,,,,,,,,,,,,,,,,,,802,ind.roberto.perez.simental,309,ind.emilio.perez.soto,,12,1123,.,,,no era uyc en 1998,,,,0
4,tla-10.039.263,1998,29039,29039,XALOZTOC,263,SAN COSME XALOSTOC HUIZNAHUAC 1A SECCION,,19990418,extra,,426,557,,,,,,,,,,,,,,,,80,ind.gerardo.sanchez.montiel,,,,9,1072,.,,,,,,,0
5,tla-14.001.001,2010,29001,29001,AMAXAC DE GUERRERO,1,SAN DAMIAN TLACOCALPAN,,20100704,,,,,,,,,,,,,,,,,,,,,,,,,,,,,4,iee no publico resultados pero si la lista de demarcaciones uyc y los muns sin presidencias comunitarias,1,1,0,0
6,tla-14.002.002,2010,29002,29002,APETATITLAN DE ANTONIO CARVAJAL,2,TLATEMPA,,20100704,,,,,,,,,,,,,,,,,,,,,,,,,,,,,5,,4,4,0,0
7,tla-14.002.003,2010,29002,29002,APETATITLAN DE ANTONIO CARVAJAL,3,SAN MATIAS TEPETOMATITLAN,,20100704,,,,,,,,,,,,,,,,,,,,,,,,,,,,,9,,4,4,0,0
8,tla-14.002.004,2010,29002,29002,APETATITLAN DE ANTONIO CARVAJAL,4,BELEN ATZITZIMITITLAN,,20100704,,,,,,,,,,,,,,,,,,,,,,,,,,,,,10,,4,4,0,0
9,tla-14.002.005,2010,29002,29002,APETATITLAN DE ANTONIO CARVAJAL,5,BARRIO DE TECOLOTLA,,20100704,,,,,,,,,,,,,,,,,,,,,,,,,,,,,11,,4,4,0,0
10,tla-14.003.013,2010,29003,29004,ATLANGATEPEC,13,SANTA CLARA OZUMBA,,20100704,,,,,,,,,,,,,,,,,,,,,,,,,,,,,50,,9,8,1,0
11,tla-14.003.014,2010,29003,29004,ATLANGATEPEC,14,SANTIAGO VILLALTA,,20100704,,,,,,,,,,,,,,,,,,,,,,,,,,,,,51,,9,8,1,0
12,tla-14.003.015,2010,29003,29004,ATLANGATEPEC,15,COLONIA AGRICOLA SAN LUIS,,20100704,,,,,,,,,,,,,,,,,,,,,,,,,,,,,52,,9,8,1,0
13,tla-14.003.016,2010,29003,29004,ATLANGATEPEC,16,ZUMPANGO,,20100704,,,,,,,,,,,,,,,,,,,,,,,,,,,,,53,,9,8,1,0
14,tla-14.003.017,2010,29003,29004,ATLANGATEPEC,17,BENITO JUAREZ TEZOYO,,20100704,,,,,,,,,,,,,,,,,,,,,,,,,,,,,54,,9,8,1,0
15,tla-14.003.018,2010,29003,29004,ATLANGATEPEC,18,COLONIA LA TRASQUILA,,20100704,,,,,,,,,,,,,,,,,,,,,,,,,,,,,55,,9,8,1,0
16,tla-14.003.019,2010,29003,29004,ATLANGATEPEC,19,SAN PEDRO ECACTEPEC,,20100704,,,,,,,,,,,,,,,,,,,,,,,,,,,,,56,,9,8,1,0
17,tla-14.003.020,2010,29003,29004,ATLANGATEPEC,20,COLONIA VILLA DE LAS FLORES,,20100704,,,,,,,,,,,,,,,,,,,,,,,,,,,,,57,,9,8,1,0
18,tla-14.004.021,2010,29004,29005,ATLTZAYANCA  ,21,BARRIO DE GUADALUPE,,20100704,,,,,,,,,,,,,,,,,,,,,,,,,,,,,59,,21,20,1,0
19,tla-14.004.022,2010,29004,29005,ATLTZAYANCA  ,22,BARRIO DE LA CONCEPCION,,20100704,,,,,,,,,,,,,,,,,,,,,,,,,,,,,59,,21,20,1,0
20,tla-14.004.023,2010,29004,29005,ATLTZAYANCA  ,23,BARRIO DE SANTIAGO,,20100704,,,,,,,,,,,,,,,,,,,,,,,,,,,,,60,,21,20,1,0
21,tla-14.004.024,2010,29004,29005,ATLTZAYANCA  ,24,LA GARITA,,20100704,,,,,,,,,,,,,,,,,,,,,,,,,,,,,61‐E,,21,20,1,0
22,tla-14.004.025,2010,29004,29005,ATLTZAYANCA  ,25,SAN JOSE BUENAVISTA,,20100704,,,,,,,,,,,,,,,,,,,,,,,,,,,,,61,,21,20,1,0
23,tla-14.004.026,2010,29004,29005,ATLTZAYANCA  ,26,LAZARO CARDENAS,,20100704,,,,,,,,,,,,,,,,,,,,,,,,,,,,,62,,21,20,1,0
24,tla-14.004.027,2010,29004,29005,ATLTZAYANCA  ,27,SAN ANTONIO TECOPILCO,,20100704,,,,,,,,,,,,,,,,,,,,,,,,,,,,,63,,21,20,1,0
25,tla-14.004.028,2010,29004,29005,ATLTZAYANCA  ,28,SAN JUAN OCOTITLA,,20100704,,,,,,,,,,,,,,,,,,,,,,,,,,,,,64,,21,20,1,0
26,tla-14.004.029,2010,29004,29005,ATLTZAYANCA  ,29,SAN JOSE PILANCON,,20100704,,,,,,,,,,,,,,,,,,,,,,,,,,,,,65,,21,20,1,0
27,tla-14.004.030,2010,29004,29005,ATLTZAYANCA  ,30,XALTITLA,,20100704,,,,,,,,,,,,,,,,,,,,,,,,,,,,,60|66|72,,21,20,1,0
28,tla-14.004.031,2010,29004,29005,ATLTZAYANCA  ,31,MESA REDONDA,,20100704,,,,,,,,,,,,,,,,,,,,,,,,,,,,,67,,21,20,1,0
29,tla-14.004.032,2010,29004,29005,ATLTZAYANCA  ,32,CONCEPCION HIDALGO,,20100704,,,,,,,,,,,,,,,,,,,,,,,,,,,,,68,,21,20,1,0
30,tla-14.004.033,2010,29004,29005,ATLTZAYANCA  ,33,FELIPE CARRILLO PUERTO,,20100704,,,,,,,,,,,,,,,,,,,,,,,,,,,,,69,,21,20,1,0
31,tla-14.004.034,2010,29004,29005,ATLTZAYANCA  ,34,NEXNOPALA,,20100704,,,,,,,,,,,,,,,,,,,,,,,,,,,,,70,,21,20,1,0
32,tla-14.004.035,2010,29004,29005,ATLTZAYANCA  ,35,RANCHERIA POCITOS,,20100704,,,,,,,,,,,,,,,,,,,,,,,,,,,,,71,,21,20,1,0
33,tla-14.004.036,2010,29004,29005,ATLTZAYANCA  ,36,SANTA MARIA LAS CUEVAS,,20100704,,,,,,,,,,,,,,,,,,,,,,,,,,,,,72,,21,20,1,0
34,tla-14.004.037,2010,29004,29005,ATLTZAYANCA  ,37,NAZARETH,,20100704,,,,,,,,,,,,,,,,,,,,,,,,,,,,,73,,21,20,1,0
35,tla-14.004.038,2010,29004,29005,ATLTZAYANCA  ,38,SANTA CRUZ POCITOS,,20100704,,,,,,,,,,,,,,,,,,,,,,,,,,,,,74,,21,20,1,0
36,tla-14.004.039,2010,29004,29005,ATLTZAYANCA  ,39,LOMAS DE JUNGUITO,,20100704,,,,,,,,,,,,,,,,,,,,,,,,,,,,,76,,21,20,1,0
37,tla-14.004.040,2010,29004,29005,ATLTZAYANCA  ,40,BARRIO DE SAN ANTONIO,,20100704,,,,,,,,,,,,,,,,,,,,,,,,,,,,,77,,21,20,1,0
38,tla-14.005.006,2010,29005,29003,APIZACO,6,COLONIA CERRITO DE GUADALUPE,,20100704,,,,,,,,,,,,,,,,,,,,,,,,,,,,,13,,7,7,0,0
39,tla-14.005.007,2010,29005,29003,APIZACO,7,SAN LUIS APIZAQUITO,,20100704,,,,,,,,,,,,,,,,,,,,,,,,,,,,,14,,7,7,0,0
40,tla-14.005.008,2010,29005,29003,APIZACO,8,COLONIA JOSE MARIA MORELOS,,20100704,,,,,,,,,,,,,,,,,,,,,,,,,,,,,38,,7,7,0,0
41,tla-14.005.009,2010,29005,29003,APIZACO,9,GUADALUPE TEXCALAC,,20100704,,,,,,,,,,,,,,,,,,,,,,,,,,,,,39,,7,7,0,0
42,tla-14.005.010,2010,29005,29003,APIZACO,10,SANTA MARIA TEXCALAC,,20100704,,,,,,,,,,,,,,,,,,,,,,,,,,,,,40:41,,7,7,0,0
43,tla-14.005.011,2010,29005,29003,APIZACO,11,SANTA ANITA HUILOAC,,20100704,,,,,,,,,,,,,,,,,,,,,,,,,,,,,42:45,,7,7,0,0
44,tla-14.005.012,2010,29005,29003,APIZACO,12,COLONIA SAN ISIDRO APIZAQUITO,,20100704,,,,,,,,,,,,,,,,,,,,,,,,,,,,,46,,7,7,0,0
45,tla-14.006.041,2010,29006,29006,CALPULALPAN,41,COLONIA ALFONSO ESPEJEL,,20100704,,,,,,,,,,,,,,,,,,,,,,,,,,,,,78,,13,5.00000000000001,8,0
46,tla-14.006.042,2010,29006,29006,CALPULALPAN,42,COLONIA EL MIRADOR,,20100704,,,,,,,,,,,,,,,,,,,,,,,,,,,,,82:83|88:90,,13,5.00000000000001,8,0
47,tla-14.006.043,2010,29006,29006,CALPULALPAN,43,COLONIA FRANCISCO SARABIA,,20100704,,,,,,,,,,,,,,,,,,,,,,,,,,,,,85:86,,13,5.00000000000001,8,0
48,tla-14.006.044,2010,29006,29006,CALPULALPAN,44,SAN MATEO ACTIPAN,,20100704,,,,,,,,,,,,,,,,,,,,,,,,,,,,,91,,13,5.00000000000001,8,0
49,tla-14.006.045,2010,29006,29006,CALPULALPAN,45,SAN CRISTOBAL ZACACALCO,,20100704,,,,,,,,,,,,,,,,,,,,,,,,,,,,,96,,13,5.00000000000001,8,0
50,tla-14.007.046,2010,29007,29007,CARMEN TEQUEXQUITLA--EL,46,BARRIO DE GUADALUPE,,20100704,,,,,,,,,,,,,,,,,,,,,,,,,,,,,103,,6,5,1,0
51,tla-14.007.047,2010,29007,29007,CARMEN TEQUEXQUITLA--EL,47,COLONIA MAZATEPEC,,20100704,,,,,,,,,,,,,,,,,,,,,,,,,,,,,104,,6,5,1,0
52,tla-14.007.048,2010,29007,29007,CARMEN TEQUEXQUITLA--EL,48,COLONIA LA SOLEDAD,,20100704,,,,,,,,,,,,,,,,,,,,,,,,,,,,,105,,6,5,1,0
53,tla-14.007.049,2010,29007,29007,CARMEN TEQUEXQUITLA--EL,49,VICENTE GUERRERO,,20100704,,,,,,,,,,,,,,,,,,,,,,,,,,,,,106,,6,5,1,0
54,tla-14.007.052,2010,29007,29007,CARMEN TEQUEXQUITLA--EL,52,COLONIA LOMA BONITA,,20100704,,,,,,,,,,,,,,,,,,,,,,,,,,,,,112,,6,5,1,0
55,tla-14.008.050,2010,29008,29008,CUAPIAXTLA,50,COLONIA IGNACIO ALLENDE,,20100704,,,,,,,,,,,,,,,,,,,,,,,,,,,,,110,,8,6,2,0
56,tla-14.008.051,2010,29008,29008,CUAPIAXTLA,51,SANTA BEATRIZ LA NUEVA,,20100704,,,,,,,,,,,,,,,,,,,,,,,,,,,,,111,,8,6,2,0
57,tla-14.008.053,2010,29008,29008,CUAPIAXTLA,53,COLONIA MANUEL AVILA CAMACHO,,20100704,,,,,,,,,,,,,,,,,,,,,,,,,,,,,113,,8,6,2,0
58,tla-14.008.054,2010,29008,29008,CUAPIAXTLA,54,SAN FRANCISCO CUEXCONTZI,,20100704,,,,,,,,,,,,,,,,,,,,,,,,,,,,,114,,8,6,2,0
59,tla-14.008.055,2010,29008,29008,CUAPIAXTLA,55,COLONIA PLAN DE AYALA,,20100704,,,,,,,,,,,,,,,,,,,,,,,,,,,,,115,,8,6,2,0
60,tla-14.008.056,2010,29008,29008,CUAPIAXTLA,56,COLONIA JOSE MARIA MORELOS,,20100704,,,,,,,,,,,,,,,,,,,,,,,,,,,,,116,,8,6,2,0
61,tla-14.009.057,2010,29009,29009,CUAXOMULCO,57,2A SECCION COAXOMULCO (TECUICUILCO),,20100704,,,,,,,,,,,,,,,,,,,,,,,,,,,,,117,,5,5,0,0
62,tla-14.009.058,2010,29009,29009,CUAXOMULCO,58,1A SECCION CUAXOMULCO (BARRIO DE ATENCO),,20100704,,,,,,,,,,,,,,,,,,,,,,,,,,,,,118,,5,5,0,0
63,tla-14.009.059,2010,29009,29009,CUAXOMULCO,59,SAN MIGUEL BUENAVISTA,,20100704,,,,,,,,,,,,,,,,,,,,,,,,,,,,,119,,5,5,0,0
64,tla-14.009.060,2010,29009,29009,CUAXOMULCO,60,ZACAMOLPA,,20100704,,,,,,,,,,,,,,,,,,,,,,,,,,,,,120,,5,5,0,0
65,tla-14.009.061,2010,29009,29009,CUAXOMULCO,61,SAN LORENZO XALTELULCO,,20100704,,,,,,,,,,,,,,,,,,,,,,,,,,,,,121,,5,5,0,0
66,tla-14.010.062,2010,29010,29010,CHIAUTEMPAN,62,COLONIA CHALMA,,20100704,,,,,,,,,,,,,,,,,,,,,,,,,,,,,122:123,,15,7.00000000000001,8,0
67,tla-14.010.063,2010,29010,29010,CHIAUTEMPAN,63,SANTA CRUZ GUADALUPE,,20100704,,,,,,,,,,,,,,,,,,,,,,,,,,,,,126,,15,7.00000000000001,8,0
68,tla-14.010.064,2010,29010,29010,CHIAUTEMPAN,64,COLONIA REFORMA,,20100704,,,,,,,,,,,,,,,,,,,,,,,,,,,,,127|140,,15,7.00000000000001,8,0
69,tla-14.010.065,2010,29010,29010,CHIAUTEMPAN,65,COLONIA INDUSTRIAL,,20100704,,,,,,,,,,,,,,,,,,,,,,,,,,,,,133,,15,7.00000000000001,8,0
70,tla-14.010.066,2010,29010,29010,CHIAUTEMPAN,66,COLONIA EL ALTO,,20100704,,,,,,,,,,,,,,,,,,,,,,,,,,,,,137|144,,15,7.00000000000001,8,0
71,tla-14.010.067,2010,29010,29010,CHIAUTEMPAN,67,BARRIO DE TEXCACOAC,,20100704,,,,,,,,,,,,,,,,,,,,,,,,,,,,,141,,15,7.00000000000001,8,0
72,tla-14.010.068,2010,29010,29010,CHIAUTEMPAN,68,BARRIO DE XAXALA,,20100704,,,,,,,,,,,,,,,,,,,,,,,,,,,,,142,,15,7.00000000000001,8,0
73,tla-14.011.069,2010,29011,29011,MUÑOZ DE DOMINGO ARENAS,69,SAN JOSE CUAMATZINGO,,20100704,,,,,,,,,,,,,,,,,,,,,,,,,,,,,162,,3,3,0,0
74,tla-14.011.070,2010,29011,29011,MUÑOZ DE DOMINGO ARENAS,70,GUADALUPE CUAUHTEMOC,,20100704,,,,,,,,,,,,,,,,,,,,,,,,,,,,,163,,3,3,0,0
75,tla-14.011.071,2010,29011,29011,MUÑOZ DE DOMINGO ARENAS,71,COLONIA SAN ISIDRO CHIPILA,,20100704,,,,,,,,,,,,,,,,,,,,,,,,,,,,,164,,3,3,0,0
76,tla-14.013.072,2010,29013,29013,HUAMANTLA,72,COLONIA EMILIANO ZAPATA,,20100704,,,,,,,,,,,,,,,,,,,,,,,,,,,,,178,,39,31,8,0
77,tla-14.013.073,2010,29013,29013,HUAMANTLA,73,BARRIO DE SAN SEBASTIAN,,20100704,,,,,,,,,,,,,,,,,,,,,,,,,,,,,179:181|187,,39,31,8,0
78,tla-14.013.074,2010,29013,29013,HUAMANTLA,74,BARRIO DE SANTA ANITA,,20100704,,,,,,,,,,,,,,,,,,,,,,,,,,,,,179:180,,39,31,8,0
79,tla-14.013.075,2010,29013,29013,HUAMANTLA,75,BARRIO DE SAN FRANCISCO YANCUITLALPAN,,20100704,,,,,,,,,,,,,,,,,,,,,,,,,,,,,184,,39,31,8,0
80,tla-14.013.076,2010,29013,29013,HUAMANTLA,76,RANCHERIA DE LA CRUZ,,20100704,,,,,,,,,,,,,,,,,,,,,,,,,,,,,218,,39,31,8,0
81,tla-14.013.077,2010,29013,29013,HUAMANTLA,77,BARRIO DE SANTA MARIA YANCUITLALPAN,,20100704,,,,,,,,,,,,,,,,,,,,,,,,,,,,,217,,39,31,8,0
82,tla-14.013.078,2010,29013,29013,HUAMANTLA,78,BARRIO DE SAN LUCAS,,20100704,,,,,,,,,,,,,,,,,,,,,,,,,,,,,188|195,,39,31,8,0
83,tla-14.013.079,2010,29013,29013,HUAMANTLA,79,BARRIO DE LA PRECIOSA,,20100704,,,,,,,,,,,,,,,,,,,,,,,,,,,,,190:191|194,,39,31,8,0
84,tla-14.013.080,2010,29013,29013,HUAMANTLA,80,BARRIO DE SAN ANTONIO,,20100704,,,,,,,,,,,,,,,,,,,,,,,,,,,,,192|194,,39,31,8,0
85,tla-14.013.081,2010,29013,29013,HUAMANTLA,81,BARRIO DE SAN JOSE,,20100704,,,,,,,,,,,,,,,,,,,,,,,,,,,,,192,,39,31,8,0
86,tla-14.013.082,2010,29013,29013,HUAMANTLA,82,COLONIA MARIANO MATAMOROS,,20100704,,,,,,,,,,,,,,,,,,,,,,,,,,,,,193,,39,31,8,0
87,tla-14.013.083,2010,29013,29013,HUAMANTLA,83,HERMENEGILDO GALEANA,,20100704,,,,,,,,,,,,,,,,,,,,,,,,,,,,,196,,39,31,8,0
88,tla-14.013.084,2010,29013,29013,HUAMANTLA,84,RANCHERIA DE TORRES,,20100704,,,,,,,,,,,,,,,,,,,,,,,,,,,,,197,,39,31,8,0
89,tla-14.013.085,2010,29013,29013,HUAMANTLA,85,FRANCISCO I MADERO LA MESA,,20100704,,,,,,,,,,,,,,,,,,,,,,,,,,,,,198,,39,31,8,0
90,tla-14.013.086,2010,29013,29013,HUAMANTLA,86,COLONIA FRANCISCO VILLA TECOAC,,20100704,,,,,,,,,,,,,,,,,,,,,,,,,,,,,199,,39,31,8,0
91,tla-14.013.087,2010,29013,29013,HUAMANTLA,87,EL CARMEN XALPATALAHUAYA,,20100704,,,,,,,,,,,,,,,,,,,,,,,,,,,,,200,,39,31,8,0
92,tla-14.013.088,2010,29013,29013,HUAMANTLA,88,BENITO JUAREZ,,20100704,,,,,,,,,,,,,,,,,,,,,,,,,,,,,201,,39,31,8,0
93,tla-14.013.089,2010,29013,29013,HUAMANTLA,89,FRANCISCO I MADERO TECOPILCO EL VALLE,,20100704,,,,,,,,,,,,,,,,,,,,,,,,,,,,,202,,39,31,8,0
94,tla-14.013.090,2010,29013,29013,HUAMANTLA,90,SAN JOSE XICOHTENCATL,,20100704,,,,,,,,,,,,,,,,,,,,,,,,,,,,,203:204,,39,31,8,0
95,tla-14.013.091,2010,29013,29013,HUAMANTLA,91,COLONIA ACASILLADOS SAN MARTIN NOTARIO,,20100704,,,,,,,,,,,,,,,,,,,,,,,,,,,,,205,,39,31,8,0
96,tla-14.013.092,2010,29013,29013,HUAMANTLA,92,LAZARO CARDENAS,,20100704,,,,,,,,,,,,,,,,,,,,,,,,,,,,,206,,39,31,8,0
97,tla-14.013.093,2010,29013,29013,HUAMANTLA,93,COLONIA CHAPULTEPEC,,20100704,,,,,,,,,,,,,,,,,,,,,,,,,,,,,207,,39,31,8,0
98,tla-14.013.094,2010,29013,29013,HUAMANTLA,94,COLONIA SAN FRANCISCO TECOAC,,20100704,,,,,,,,,,,,,,,,,,,,,,,,,,,,,208,,39,31,8,0
99,tla-14.013.095,2010,29013,29013,HUAMANTLA,95,NUEVO BARRIO FRANCISCO VILLA,,20100704,,,,,,,,,,,,,,,,,,,,,,,,,,,,,208,,39,31,8,0
100,tla-14.013.096,2010,29013,29013,HUAMANTLA,96,COLONIA CUAUHTEMOC,,20100704,,,,,,,,,,,,,,,,,,,,,,,,,,,,,209,,39,31,8,0
101,tla-14.013.097,2010,29013,29013,HUAMANTLA,97,COLONIA JOSE MARIA MORELOS,,20100704,,,,,,,,,,,,,,,,,,,,,,,,,,,,,211,,39,31,8,0
102,tla-14.013.098,2010,29013,29013,HUAMANTLA,98,COLONIA JOSE MARIA MORELOS,,20100704,,,,,,,,,,,,,,,,,,,,,,,,,,,,,212,,39,31,8,0
103,tla-14.013.099,2010,29013,29013,HUAMANTLA,99,IGNACIO ZARAGOZA,,20100704,,,,,,,,,,,,,,,,,,,,,,,,,,,,,213:214,,39,31,8,0
104,tla-14.013.100,2010,29013,29013,HUAMANTLA,100,RANCHERIA ALTAMIRA DE GUADALUPE,,20100704,,,,,,,,,,,,,,,,,,,,,,,,,,,,,215,,39,31,8,0
105,tla-14.013.101,2010,29013,29013,HUAMANTLA,101,RANCHERIA LOS PILARES,,20100704,,,,,,,,,,,,,,,,,,,,,,,,,,,,,216,,39,31,8,0
106,tla-14.013.102,2010,29013,29013,HUAMANTLA,102,RANCHERIA DE JESUS,,20100704,,,,,,,,,,,,,,,,,,,,,,,,,,,,,219,,39,31,8,0
107,tla-14.014.103,2010,29014,29014,HUEYOTLIPAN,103,IGNACIO ZARAGOZA,,20100704,,,,,,,,,,,,,,,,,,,,,,,,,,,,,222,,11,7,4,0
108,tla-14.014.104,2010,29014,29014,HUEYOTLIPAN,104,ADOLFO LOPEZ MATEOS,,20100704,,,,,,,,,,,,,,,,,,,,,,,,,,,,,224,,11,7,4,0
109,tla-14.014.105,2010,29014,29014,HUEYOTLIPAN,105,SAN LORENZO TECHALOTE,,20100704,,,,,,,,,,,,,,,,,,,,,,,,,,,,,225,,11,7,4,0
110,tla-14.014.106,2010,29014,29014,HUEYOTLIPAN,106,SANTIAGO TLALPAN,,20100704,,,,,,,,,,,,,,,,,,,,,,,,,,,,,227,,11,7,4,0
111,tla-14.014.107,2010,29014,29014,HUEYOTLIPAN,107,SAN SIMEON XIPETZINGO,,20100704,,,,,,,,,,,,,,,,,,,,,,,,,,,,,228,,11,7,4,0
112,tla-14.014.108,2010,29014,29014,HUEYOTLIPAN,108,SAN MANUEL TLALPAN,,20100704,,,,,,,,,,,,,,,,,,,,,,,,,,,,,229,,11,7,4,0
113,tla-14.014.109,2010,29014,29014,HUEYOTLIPAN,109,SANTA MARIA IXCOTLA,,20100704,,,,,,,,,,,,,,,,,,,,,,,,,,,,,230,,11,7,4,0
114,tla-14.015.110,2010,29015,29015,IXTACUIXTLA DE MARIANO MATAMOROS,110,SAN FELIPE IXTACUIXTLA,,20100704,,,,,,,,,,,,,,,,,,,,,,,,,,,,,232:234,,21,12,9.00000000000001,0
115,tla-14.015.111,2010,29015,29015,IXTACUIXTLA DE MARIANO MATAMOROS,111,RANCHERIA LA SOLEDAD,,20100704,,,,,,,,,,,,,,,,,,,,,,,,,,,,,235,,21,12,9.00000000000001,0
116,tla-14.015.112,2010,29015,29015,IXTACUIXTLA DE MARIANO MATAMOROS,112,SAN ANTONIO ATOTONILCO,,20100704,,,,,,,,,,,,,,,,,,,,,,,,,,,,,241:242,,21,12,9.00000000000001,0
117,tla-14.015.113,2010,29015,29015,IXTACUIXTLA DE MARIANO MATAMOROS,113,SAN MIGUEL LA PRESA,,20100704,,,,,,,,,,,,,,,,,,,,,,,,,,,,,243,,21,12,9.00000000000001,0
118,tla-14.015.114,2010,29015,29015,IXTACUIXTLA DE MARIANO MATAMOROS,114,LA TRINIDAD TENEXYECAC,,20100704,,,,,,,,,,,,,,,,,,,,,,,,,,,,,245,,21,12,9.00000000000001,0
119,tla-14.015.115,2010,29015,29015,IXTACUIXTLA DE MARIANO MATAMOROS,115,SAN ANTONIO TECOAC,,20100704,,,,,,,,,,,,,,,,,,,,,,,,,,,,,246,,21,12,9.00000000000001,0
120,tla-14.015.116,2010,29015,29015,IXTACUIXTLA DE MARIANO MATAMOROS,116,SAN ANTONIO TIZOSTOC,,20100704,,,,,,,,,,,,,,,,,,,,,,,,,,,,,247,,21,12,9.00000000000001,0
121,tla-14.015.117,2010,29015,29015,IXTACUIXTLA DE MARIANO MATAMOROS,117,SANTA CRUZ EL PORVENIR,,20100704,,,,,,,,,,,,,,,,,,,,,,,,,,,,,248,,21,12,9.00000000000001,0
122,tla-14.015.118,2010,29015,29015,IXTACUIXTLA DE MARIANO MATAMOROS,118,ESPIRITU SANTO,,20100704,,,,,,,,,,,,,,,,,,,,,,,,,,,,,249,,21,12,9.00000000000001,0
123,tla-14.015.119,2010,29015,29015,IXTACUIXTLA DE MARIANO MATAMOROS,119,SAN GABRIEL POPOCATLA,,20100704,,,,,,,,,,,,,,,,,,,,,,,,,,,,,250,,21,12,9.00000000000001,0
124,tla-14.015.120,2010,29015,29015,IXTACUIXTLA DE MARIANO MATAMOROS,120,SAN DIEGO XOCOYUCAN,,20100704,,,,,,,,,,,,,,,,,,,,,,,,,,,,,251,,21,12,9.00000000000001,0
125,tla-14.015.121,2010,29015,29015,IXTACUIXTLA DE MARIANO MATAMOROS,121,SANTA INES TECUEXCOMAC,,20100704,,,,,,,,,,,,,,,,,,,,,,,,,,,,,256:257,,21,12,9.00000000000001,0
126,tla-14.017.122,2010,29017,29017,MAZATECOCHCO DE JOSE MARIA MORELOS,122,CUARTA SECCION,,20100704,,,,,,,,,,,,,,,,,,,,,,,,,,,,,263,,4,4,0,0
127,tla-14.017.123,2010,29017,29017,MAZATECOCHCO DE JOSE MARIA MORELOS,123,TERCERA SECCION,,20100704,,,,,,,,,,,,,,,,,,,,,,,,,,,,,264,,4,4,0,0
128,tla-14.017.124,2010,29017,29017,MAZATECOCHCO DE JOSE MARIA MORELOS,124,SEGUNDA SECCION,,20100704,,,,,,,,,,,,,,,,,,,,,,,,,,,,,265,,4,4,0,0
129,tla-14.017.125,2010,29017,29017,MAZATECOCHCO DE JOSE MARIA MORELOS,125,PRIMERA SECCION,,20100704,,,,,,,,,,,,,,,,,,,,,,,,,,,,,266,,4,4,0,0
130,tla-14.018.126,2010,29018,29018,CONTLA DE JUAN CUAMATZI,126,SECCION 1A SAN BERNARDINO,,20100704,,,,,,,,,,,,,,,,,,,,,,,,,,,,,267|273,,12,7,5,0
131,tla-14.018.127,2010,29018,29018,CONTLA DE JUAN CUAMATZI,127,SECCION 6A TLACATECPA,,20100704,,,,,,,,,,,,,,,,,,,,,,,,,,,,,268:269,,12,7,5,0
132,tla-14.018.128,2010,29018,29018,CONTLA DE JUAN CUAMATZI,128,SECCION SEPTIMA,,20100704,,,,,,,,,,,,,,,,,,,,,,,,,,,,,270:271|283,,12,7,5,0
133,tla-14.018.129,2010,29018,29018,CONTLA DE JUAN CUAMATZI,129,SECCION SEGUNDA,,20100704,,,,,,,,,,,,,,,,,,,,,,,,,,,,,272,,12,7,5,0
134,tla-14.018.130,2010,29018,29018,CONTLA DE JUAN CUAMATZI,130,SECCION 9A COLHUACA,,20100704,,,,,,,,,,,,,,,,,,,,,,,,,,,,,274,,12,7,5,0
135,tla-14.018.131,2010,29018,29018,CONTLA DE JUAN CUAMATZI,131,SECCION 3A SAN MIGUEL XALTIPAN,,20100704,,,,,,,,,,,,,,,,,,,,,,,,,,,,,275:276,,12,7,5,0
136,tla-14.018.132,2010,29018,29018,CONTLA DE JUAN CUAMATZI,132,SECCION 8A STA MARIA AQUIAHUAC,,20100704,,,,,,,,,,,,,,,,,,,,,,,,,,,,,277,,12,7,5,0
137,tla-14.019.133,2010,29019,29019,TEPETITLA DE LARDIZABAL,133,VILLALTA,,20100704,,,,,,,,,,,,,,,,,,,,,,,,,,,,,288:289,,3,3,0,0
138,tla-14.019.134,2010,29019,29019,TEPETITLA DE LARDIZABAL,134,SAN MATEO AYECAC,,20100704,,,,,,,,,,,,,,,,,,,,,,,,,,,,,290,,3,3,0,0
139,tla-14.019.135,2010,29019,29019,TEPETITLA DE LARDIZABAL,135,GUADALUPE VICTORIA,,20100704,,,,,,,,,,,,,,,,,,,,,,,,,,,,,291,,3,3,0,0
140,tla-14.020.136,2010,29020,29020,SANCTORUM DE LAZARO CARDENAS,136,LA PROVIDENCIA,,20100704,,,,,,,,,,,,,,,,,,,,,,,,,,,,,293,,3,2,0.999999999999999,0
141,tla-14.020.137,2010,29020,29020,SANCTORUM DE LAZARO CARDENAS,137,FRANCISCO VILLA,,20100704,,,,,,,,,,,,,,,,,,,,,,,,,,,,,297:298,,3,2,0.999999999999999,0
142,tla-14.021.138,2010,29021,29021,NANACAMILPA DE MARIANO ARISTA,138,FRANCISCO I MADERO,,20100704,,,,,,,,,,,,,,,,,,,,,,,,,,,,,304,,5,3,2,0
143,tla-14.021.139,2010,29021,29021,NANACAMILPA DE MARIANO ARISTA,139,TEPUENTE,,20100704,,,,,,,,,,,,,,,,,,,,,,,,,,,,,306,,5,3,2,0
144,tla-14.021.140,2010,29021,29021,NANACAMILPA DE MARIANO ARISTA,140,SAN FELIPE HIDALGO,,20100704,,,,,,,,,,,,,,,,,,,,,,,,,,,,,308,,5,3,2,0
145,tla-14.022.141,2010,29022,29022,ACUAMANALA DE MIGUEL HIDALGO,141,SECCION 1A ACUAMANALA,,20100704,,,,,,,,,,,,,,,,,,,,,,,,,,,,,309,,4,4,0,0
146,tla-14.022.142,2010,29022,29022,ACUAMANALA DE MIGUEL HIDALGO,142,SECCION 3A CHIMALPA,,20100704,,,,,,,,,,,,,,,,,,,,,,,,,,,,,310,,4,4,0,0
147,tla-14.022.143,2010,29022,29022,ACUAMANALA DE MIGUEL HIDALGO,143,SECCION 2A GUADALUPE HIDALGO,,20100704,,,,,,,,,,,,,,,,,,,,,,,,,,,,,311,,4,4,0,0
148,tla-14.022.144,2010,29022,29022,ACUAMANALA DE MIGUEL HIDALGO,144,SECCION 4A OLEXTLA DE JUAREZ,,20100704,,,,,,,,,,,,,,,,,,,,,,,,,,,,,312,,4,4,0,0
149,tla-14.023.145,2010,29023,29023,NATIVITAS,145,SAN JOSE ATOYATENCO,,20100704,,,,,,,,,,,,,,,,,,,,,,,,,,,,,325,,13,5.00000000000001,8,0
150,tla-14.023.146,2010,29023,29023,NATIVITAS,146,SAN RAFAEL TENANYECAC,,20100704,,,,,,,,,,,,,,,,,,,,,,,,,,,,,326,,13,5.00000000000001,8,0
151,tla-14.023.147,2010,29023,29023,NATIVITAS,147,SAN MIGUEL XOCHITECATITLA,,20100704,,,,,,,,,,,,,,,,,,,,,,,,,,,,,327,,13,5.00000000000001,8,0
152,tla-14.023.148,2010,29023,29023,NATIVITAS,148,SANTIAGO MICHAC,,20100704,,,,,,,,,,,,,,,,,,,,,,,,,,,,,329:330,,13,5.00000000000001,8,0
153,tla-14.023.149,2010,29023,29023,NATIVITAS,149,SAN MIGUEL ANALCO,,20100704,,,,,,,,,,,,,,,,,,,,,,,,,,,,,331,,13,5.00000000000001,8,0
154,tla-14.024.150,2010,29024,29024,PANOTLA,150,COLONIA EMILIANO ZAPATA,,20100704,,,,,,,,,,,,,,,,,,,,,,,,,,,,,335:336,,9,8,1,0
155,tla-14.024.151,2010,29024,29024,PANOTLA,151,SAN TADEO HUILOAPAN,,20100704,,,,,,,,,,,,,,,,,,,,,,,,,,,,,338,,9,8,1,0
156,tla-14.024.152,2010,29024,29024,PANOTLA,152,SANTA CATARINA APATLAHCO,,20100704,,,,,,,,,,,,,,,,,,,,,,,,,,,,,341,,9,8,1,0
157,tla-14.024.153,2010,29024,29024,PANOTLA,153,SAN FRANCISCO TEMEZONTLA,,20100704,,,,,,,,,,,,,,,,,,,,,,,,,,,,,342,,9,8,1,0
158,tla-14.024.154,2010,29024,29024,PANOTLA,154,SAN AMBROSIO TEXANTLA,,20100704,,,,,,,,,,,,,,,,,,,,,,,,,,,,,343,,9,8,1,0
159,tla-14.024.155,2010,29024,29024,PANOTLA,155,JESUS ACATITLA,,20100704,,,,,,,,,,,,,,,,,,,,,,,,,,,,,344,,9,8,1,0
160,tla-14.024.156,2010,29024,29024,PANOTLA,156,SANTA CRUZ TECHACHALCO,,20100704,,,,,,,,,,,,,,,,,,,,,,,,,,,,,345,,9,8,1,0
161,tla-14.024.157,2010,29024,29024,PANOTLA,157,SAN JORGE TEZOQUIPAN,,20100704,,,,,,,,,,,,,,,,,,,,,,,,,,,,,346:347,,9,8,1,0
162,tla-14.025.158,2010,29025,29025,SAN PABLO DEL MONTE,158,BARRIO DE SAN COSME,,20100704,,,,,,,,,,,,,,,,,,,,,,,,,,,,,348,,12,12,0,0
163,tla-14.025.159,2010,29025,29025,SAN PABLO DEL MONTE,159,BARRIO DE SANTIAGO,,20100704,,,,,,,,,,,,,,,,,,,,,,,,,,,,,349,,12,12,0,0
164,tla-14.025.160,2010,29025,29025,SAN PABLO DEL MONTE,160,BARRIO DE CRISTO,,20100704,,,,,,,,,,,,,,,,,,,,,,,,,,,,,350,,12,12,0,0
165,tla-14.025.161,2010,29025,29025,SAN PABLO DEL MONTE,161,BARRIO DE SAN NICOLAS,,20100704,,,,,,,,,,,,,,,,,,,,,,,,,,,,,351:352,,12,12,0,0
166,tla-14.025.162,2010,29025,29025,SAN PABLO DEL MONTE,162,BARRIO DE LA SANTISIMA,,20100704,,,,,,,,,,,,,,,,,,,,,,,,,,,,,353,,12,12,0,0
167,tla-14.025.163,2010,29025,29025,SAN PABLO DEL MONTE,163,BARRIO DE SAN MIGUEL,,20100704,,,,,,,,,,,,,,,,,,,,,,,,,,,,,354,,12,12,0,0
168,tla-14.025.164,2010,29025,29025,SAN PABLO DEL MONTE,164,BARRIO DE JESUS,,20100704,,,,,,,,,,,,,,,,,,,,,,,,,,,,,355,,12,12,0,0
169,tla-14.025.165,2010,29025,29025,SAN PABLO DEL MONTE,165,BARRIO DE SAN SEBASTIAN,,20100704,,,,,,,,,,,,,,,,,,,,,,,,,,,,,356,,12,12,0,0
170,tla-14.025.166,2010,29025,29025,SAN PABLO DEL MONTE,166,BARRIO DE SAN BARTOLOME,,20100704,,,,,,,,,,,,,,,,,,,,,,,,,,,,,357:358,,12,12,0,0
171,tla-14.025.167,2010,29025,29025,SAN PABLO DEL MONTE,167,BARRIO DE SAN PEDRO,,20100704,,,,,,,,,,,,,,,,,,,,,,,,,,,,,359:360,,12,12,0,0
172,tla-14.025.168,2010,29025,29025,SAN PABLO DEL MONTE,168,BARRIO DE TLALTEPANGO,,20100704,,,,,,,,,,,,,,,,,,,,,,,,,,,,,361:362,,12,12,0,0
173,tla-14.025.169,2010,29025,29025,SAN PABLO DEL MONTE,169,BARRIO DE SAN ISIDRO BUENSUCESO,,20100704,,,,,,,,,,,,,,,,,,,,,,,,,,,,,363:364,,12,12,0,0
174,tla-14.026.170,2010,29026,29026,SANTA CRUZ TLAXCALA,170,SAN MIGUEL CONTLA,,20100704,,,,,,,,,,,,,,,,,,,,,,,,,,,,,365:366,,4,4,0,0
175,tla-14.026.171,2010,29026,29026,SANTA CRUZ TLAXCALA,171,SAN LUCAS TLACOCHCALCO,,20100704,,,,,,,,,,,,,,,,,,,,,,,,,,,,,369,,4,4,0,0
176,tla-14.026.172,2010,29026,29026,SANTA CRUZ TLAXCALA,172,JESUS HUIZNAHUAC,,20100704,,,,,,,,,,,,,,,,,,,,,,,,,,,,,370,,4,4,0,0
177,tla-14.026.173,2010,29026,29026,SANTA CRUZ TLAXCALA,173,GUADALUPE TLACHCO,,20100704,,,,,,,,,,,,,,,,,,,,,,,,,,,,,371,,4,4,0,0
178,tla-14.028.174,2010,29028,29028,TEOLOCHOLCO,174,SECCION 1A TECAHUALOYA,,20100704,,,,,,,,,,,,,,,,,,,,,,,,,,,,,378|384,,8,8,0,0
179,tla-14.028.175,2010,29028,29028,TEOLOCHOLCO,175,SECCION 2A TEOLOCHOLCO,,20100704,,,,,,,,,,,,,,,,,,,,,,,,,,,,,379,,8,8,0,0
180,tla-14.028.176,2010,29028,29028,TEOLOCHOLCO,176,SECCION 3A BARRIO DE CONTLA,,20100704,,,,,,,,,,,,,,,,,,,,,,,,,,,,,380,,8,8,0,0
181,tla-14.028.177,2010,29028,29028,TEOLOCHOLCO,177,ACXOTLA DEL MONTE,,20100704,,,,,,,,,,,,,,,,,,,,,,,,,,,,,381,,8,8,0,0
182,tla-14.028.178,2010,29028,29028,TEOLOCHOLCO,178,SECCION 5A ACTIPAC,,20100704,,,,,,,,,,,,,,,,,,,,,,,,,,,,,382,,8,8,0,0
183,tla-14.028.179,2010,29028,29028,TEOLOCHOLCO,179,SECCION 6A CUAUHTLA,,20100704,,,,,,,,,,,,,,,,,,,,,,,,,,,,,383,,8,8,0,0
184,tla-14.028.180,2010,29028,29028,TEOLOCHOLCO,180,CUAXINCA,,20100704,,,,,,,,,,,,,,,,,,,,,,,,,,,,,385,,8,8,0,0
185,tla-14.028.181,2010,29028,29028,TEOLOCHOLCO,181,EL CARMEN AZTAMA,,20100704,,,,,,,,,,,,,,,,,,,,,,,,,,,,,386,,8,8,0,0
186,tla-14.029.182,2010,29029,29029,TEPEYANCO,182,SANTIAGO TLACOCHCALCO,,20100704,,,,,,,,,,,,,,,,,,,,,,,,,,,,,390,,7,4,3,0
187,tla-14.029.183,2010,29029,29029,TEPEYANCO,183,LA AURORA,,20100704,,,,,,,,,,,,,,,,,,,,,,,,,,,,,393,,7,4,3,0
188,tla-14.029.184,2010,29029,29029,TEPEYANCO,184,SAN COSME ATLAMAXAC,,20100704,,,,,,,,,,,,,,,,,,,,,,,,,,,,,394,,7,4,3,0
189,tla-14.029.185,2010,29029,29029,TEPEYANCO,185,SAN PEDRO XACALTZINGO,,20100704,,,,,,,,,,,,,,,,,,,,,,,,,,,,,397,,7,4,3,0
190,tla-14.030.186,2010,29030,29030,TERRENATE,186,CHIPILO,,20100704,,,,,,,,,,,,,,,,,,,,,,,,,,,,,399,,7,6,1,0
191,tla-14.030.187,2010,29030,29030,TERRENATE,187,VILLAREAL,,20100704,,,,,,,,,,,,,,,,,,,,,,,,,,,,,403,,7,6,1,0
192,tla-14.030.188,2010,29030,29030,TERRENATE,188,TOLUCA DE GUADALUPE,,20100704,,,,,,,,,,,,,,,,,,,,,,,,,,,,,404,,7,6,1,0
193,tla-14.030.189,2010,29030,29030,TERRENATE,189,COLONIA EL CAPULIN,,20100704,,,,,,,,,,,,,,,,,,,,,,,,,,,,,406,,7,6,1,0
194,tla-14.030.190,2010,29030,29030,TERRENATE,190,COLONIA GUADALUPE VICTORIA,,20100704,,,,,,,,,,,,,,,,,,,,,,,,,,,,,407,,7,6,1,0
195,tla-14.030.191,2010,29030,29030,TERRENATE,191,NICOLAS BRAVO,,20100704,,,,,,,,,,,,,,,,,,,,,,,,,,,,,408,,7,6,1,0
196,tla-14.031.192,2010,29031,29031,TETLA DE LA SOLIDARIDAD,192,COLONIA AGRICOLA DE DOLORES,,20100704,,,,,,,,,,,,,,,,,,,,,,,,,,,,,409,,12,12,0,0
197,tla-14.031.193,2010,29031,29031,TETLA DE LA SOLIDARIDAD,193,SECCION 4A CHIAUTZINGO,,20100704,,,,,,,,,,,,,,,,,,,,,,,,,,,,,410,,12,12,0,0
198,tla-14.031.194,2010,29031,29031,TETLA DE LA SOLIDARIDAD,194,SECCION 1A ACTIPAN INFONAVIT,,20100704,,,,,,,,,,,,,,,,,,,,,,,,,,,,,411|414:415,,12,12,0,0
199,tla-14.031.195,2010,29031,29031,TETLA DE LA SOLIDARIDAD,195,SECCION 2A TEOTLALPAN,,20100704,,,,,,,,,,,,,,,,,,,,,,,,,,,,,412,,12,12,0,0
200,tla-14.031.196,2010,29031,29031,TETLA DE LA SOLIDARIDAD,196,SECCION 3A OCOTITLA,,20100704,,,,,,,,,,,,,,,,,,,,,,,,,,,,,413,,12,12,0,0
201,tla-14.031.197,2010,29031,29031,TETLA DE LA SOLIDARIDAD,197,SANTA MARIA CAPULAC,,20100704,,,,,,,,,,,,,,,,,,,,,,,,,,,,,416,,12,12,0,0
202,tla-14.031.198,2010,29031,29031,TETLA DE LA SOLIDARIDAD,198,SANTA FE LA TROJE,,20100704,,,,,,,,,,,,,,,,,,,,,,,,,,,,,417,,12,12,0,0
203,tla-14.031.199,2010,29031,29031,TETLA DE LA SOLIDARIDAD,199,COLONIA PLAN DE AYALA,,20100704,,,,,,,,,,,,,,,,,,,,,,,,,,,,,418,,12,12,0,0
204,tla-14.031.200,2010,29031,29031,TETLA DE LA SOLIDARIDAD,200,JOSE MARIA MORELOS Y PAVON,,20100704,,,,,,,,,,,,,,,,,,,,,,,,,,,,,419,,12,12,0,0
205,tla-14.031.201,2010,29031,29031,TETLA DE LA SOLIDARIDAD,201,SAN FRANCISCO ATEXCATZINGO,,20100704,,,,,,,,,,,,,,,,,,,,,,,,,,,,,420:421,,12,12,0,0
206,tla-14.031.202,2010,29031,29031,TETLA DE LA SOLIDARIDAD,202,SAN BARTOLOME MATLALOHCAN,,20100704,,,,,,,,,,,,,,,,,,,,,,,,,,,,,422,,12,12,0,0
207,tla-14.031.203,2010,29031,29031,TETLA DE LA SOLIDARIDAD,203,SAN ISIDRO PIEDRAS NEGRAS,,20100704,,,,,,,,,,,,,,,,,,,,,,,,,,,,,423,,12,12,0,0
208,tla-14.032.204,2010,29032,29032,TETLATLAHUCA,204,SAN BARTOLOME TENANGO,,20100704,,,,,,,,,,,,,,,,,,,,,,,,,,,,,424,,6,5,1,0
209,tla-14.032.205,2010,29032,29032,TETLATLAHUCA,205,SANTA CRUZ AQUIAHUAC,,20100704,,,,,,,,,,,,,,,,,,,,,,,,,,,,,425:426,,6,5,1,0
210,tla-14.032.206,2010,29032,29032,TETLATLAHUCA,206,SANTA ISABEL TETLATLAHUCA,,20100704,,,,,,,,,,,,,,,,,,,,,,,,,,,,,427:428,,6,5,1,0
211,tla-14.032.207,2010,29032,29032,TETLATLAHUCA,207,SAN ANDRES CUAMILPA,,20100704,,,,,,,,,,,,,,,,,,,,,,,,,,,,,431,,6,5,1,0
212,tla-14.032.210,2010,29032,29032,TETLATLAHUCA,210,SAN BUENAVENTURA ATEMPAN,,20100704,,,,,,,,,,,,,,,,,,,,,,,,,,,,,440,,6,5,1,0
213,tla-14.033.208,2010,29033,29033,TLAXCALA,208,SAN ESTEBAN TIZATLAN,,20100704,,,,,,,,,,,,,,,,,,,,,,,,,,,,,435:437,,10,8,2,0
214,tla-14.033.209,2010,29033,29033,TLAXCALA,209,SANTA MARIA IXTULCO,,20100704,,,,,,,,,,,,,,,,,,,,,,,,,,,,,438:439,,10,8,2,0
215,tla-14.033.211,2010,29033,29033,TLAXCALA,211,OCOTLAN,,20100704,,,,,,,,,,,,,,,,,,,,,,,,,,,,,444:445|453|458,,10,8,2,0
216,tla-14.033.212,2010,29033,29033,TLAXCALA,212,SAN HIPOLITO CHIMALPA,,20100704,,,,,,,,,,,,,,,,,,,,,,,,,,,,,448,,10,8,2,0
217,tla-14.033.213,2010,29033,29033,TLAXCALA,213,SAN GABRIEL CUAUHTLA,,20100704,,,,,,,,,,,,,,,,,,,,,,,,,,,,,451:453|458,,10,8,2,0
218,tla-14.033.214,2010,29033,29033,TLAXCALA,214,LA TRINIDAD TEPEHITEC,,20100704,,,,,,,,,,,,,,,,,,,,,,,,,,,,,461:463,,10,8,2,0
219,tla-14.033.215,2010,29033,29033,TLAXCALA,215,SANTA MARIA ACUITLAPILCO,,20100704,,,,,,,,,,,,,,,,,,,,,,,,,,,,,465:466,,10,8,2,0
220,tla-14.033.216,2010,29033,29033,TLAXCALA,216,SAN LUCAS CUAHTELULPAN,,20100704,,,,,,,,,,,,,,,,,,,,,,,,,,,,,468:469,,10,8,2,0
221,tla-14.034.217,2010,29034,29034,TLAXCO,217,6A SECCION,,20100704,,,,,,,,,,,,,,,,,,,,,,,,,,,,,470,,37,29,7.99999999999999,0
222,tla-14.034.218,2010,29034,29034,TLAXCO,218,EL SABINAL,,20100704,,,,,,,,,,,,,,,,,,,,,,,,,,,,,471,,37,29,7.99999999999999,0
223,tla-14.034.219,2010,29034,29034,TLAXCO,219,COL. ITURBIDE,,20100704,,,,,,,,,,,,,,,,,,,,,,,,,,,,,472,,37,29,7.99999999999999,0
224,tla-14.034.220,2010,29034,29034,TLAXCO,220,QUINTA SECCION BARRIO CHICO,,20100704,,,,,,,,,,,,,,,,,,,,,,,,,,,,,473,,37,29,7.99999999999999,0
225,tla-14.034.221,2010,29034,29034,TLAXCO,221,COLONIA TEPATLAXCO,,20100704,,,,,,,,,,,,,,,,,,,,,,,,,,,,,474,,37,29,7.99999999999999,0
226,tla-14.034.222,2010,29034,29034,TLAXCO,222,COL. POSTAL Y VISTA HERMOSA,,20100704,,,,,,,,,,,,,,,,,,,,,,,,,,,,,476,,37,29,7.99999999999999,0
227,tla-14.034.223,2010,29034,29034,TLAXCO,223,COLONIA EJIDAL,,20100704,,,,,,,,,,,,,,,,,,,,,,,,,,,,,477,,37,29,7.99999999999999,0
228,tla-14.034.224,2010,29034,29034,TLAXCO,224,COLONIA SAN JUAN,,20100704,,,,,,,,,,,,,,,,,,,,,,,,,,,,,478,,37,29,7.99999999999999,0
229,tla-14.034.225,2010,29034,29034,TLAXCO,225,ACOPINALCO DEL PEÑON,,20100704,,,,,,,,,,,,,,,,,,,,,,,,,,,,,481,,37,29,7.99999999999999,0
230,tla-14.034.226,2010,29034,29034,TLAXCO,226,EL ROSARIO,,20100704,,,,,,,,,,,,,,,,,,,,,,,,,,,,,482,,37,29,7.99999999999999,0
231,tla-14.034.227,2010,29034,29034,TLAXCO,227,UNION EJIDAL TIERRA Y LIBERTAD,,20100704,,,,,,,,,,,,,,,,,,,,,,,,,,,,,484,,37,29,7.99999999999999,0
232,tla-14.034.228,2010,29034,29034,TLAXCO,228,MARIANO MATAMOROS,,20100704,,,,,,,,,,,,,,,,,,,,,,,,,,,,,485,,37,29,7.99999999999999,0
233,tla-14.034.229,2010,29034,29034,TLAXCO,229,ASERRADERO CASA BLANCA,,20100704,,,,,,,,,,,,,,,,,,,,,,,,,,,,,486,,37,29,7.99999999999999,0
234,tla-14.034.230,2010,29034,29034,TLAXCO,230,LAGUNILLAS,,20100704,,,,,,,,,,,,,,,,,,,,,,,,,,,,,488,,37,29,7.99999999999999,0
235,tla-14.034.231,2010,29034,29034,TLAXCO,231,LA CIENEGA,,20100704,,,,,,,,,,,,,,,,,,,,,,,,,,,,,490,,37,29,7.99999999999999,0
236,tla-14.034.232,2010,29034,29034,TLAXCO,232,ATOTONILCO,,20100704,,,,,,,,,,,,,,,,,,,,,,,,,,,,,491,,37,29,7.99999999999999,0
237,tla-14.034.233,2010,29034,29034,TLAXCO,233,SAN PEDRO LA CUEVA,,20100704,,,,,,,,,,,,,,,,,,,,,,,,,,,,,492,,37,29,7.99999999999999,0
238,tla-14.034.234,2010,29034,29034,TLAXCO,234,SAN ANTONIO HUEXOTITLA,,20100704,,,,,,,,,,,,,,,,,,,,,,,,,,,,,493,,37,29,7.99999999999999,0
239,tla-14.034.235,2010,29034,29034,TLAXCO,235,SAN JOSE TEPEYAHUALCO,,20100704,,,,,,,,,,,,,,,,,,,,,,,,,,,,,494,,37,29,7.99999999999999,0
240,tla-14.034.236,2010,29034,29034,TLAXCO,236,SAN LORENZO SOLTEOPEC,,20100704,,,,,,,,,,,,,,,,,,,,,,,,,,,,,495,,37,29,7.99999999999999,0
241,tla-14.034.237,2010,29034,29034,TLAXCO,237,LA PALMA,,20100704,,,,,,,,,,,,,,,,,,,,,,,,,,,,,497,,37,29,7.99999999999999,0
242,tla-14.034.238,2010,29034,29034,TLAXCO,238,LA ROSA,,20100704,,,,,,,,,,,,,,,,,,,,,,,,,,,,,497,,37,29,7.99999999999999,0
243,tla-14.034.239,2010,29034,29034,TLAXCO,239,RANCHERIA LAS MESAS,,20100704,,,,,,,,,,,,,,,,,,,,,,,,,,,,,498,,37,29,7.99999999999999,0
244,tla-14.034.240,2010,29034,29034,TLAXCO,240,COL MAXIMO ROJAS XALOSTOC,,20100704,,,,,,,,,,,,,,,,,,,,,,,,,,,,,499,,37,29,7.99999999999999,0
245,tla-14.034.241,2010,29034,29034,TLAXCO,241,LA MAGDALENA SOLTEPEC,,20100704,,,,,,,,,,,,,,,,,,,,,,,,,,,,,500,,37,29,7.99999999999999,0
246,tla-14.034.242,2010,29034,29034,TLAXCO,242,COL. JOSE MA. MORELOS BUENAVISTA,,20100704,,,,,,,,,,,,,,,,,,,,,,,,,,,,,501,,37,29,7.99999999999999,0
247,tla-14.034.243,2010,29034,29034,TLAXCO,243,SANTA MARIA ZOTOLUCA,,20100704,,,,,,,,,,,,,,,,,,,,,,,,,,,,,502,,37,29,7.99999999999999,0
248,tla-14.034.244,2010,29034,29034,TLAXCO,244,CAPILLA DE TEPEYAHUALCO,,20100704,,,,,,,,,,,,,,,,,,,,,,,,,,,,,503,,37,29,7.99999999999999,0
249,tla-14.034.245,2010,29034,29034,TLAXCO,245,RANCHERIA OJO DE AGUA,,20100704,,,,,,,,,,,,,,,,,,,,,,,,,,,,,504,,37,29,7.99999999999999,0
250,tla-14.035.246,2010,29035,29035,TOCATLAN,246,SANTACRUZ VENUSTIANO CARRANZA,,20100704,,,,,,,,,,,,,,,,,,,,,,,,,,,,,507,,1,1,0,0
251,tla-14.036.247,2010,29036,29036,TOTOLAC,247,LOS REYES QUIAHUIXTLAN,,20100704,,,,,,,,,,,,,,,,,,,,,,,,,,,,,508:509,,9,7,2,0
252,tla-14.036.248,2010,29036,29036,TOTOLAC,248,LA CANDELARIA TEOTLALPAN,,20100704,,,,,,,,,,,,,,,,,,,,,,,,,,,,,511,,9,7,2,0
253,tla-14.036.249,2010,29036,29036,TOTOLAC,249,SAN FRANCISCO OCOTELULCO,,20100704,,,,,,,,,,,,,,,,,,,,,,,,,,,,,512,,9,7,2,0
254,tla-14.036.250,2010,29036,29036,TOTOLAC,250,ACXOTLA DEL RIO,,20100704,,,,,,,,,,,,,,,,,,,,,,,,,,,,,513,,9,7,2,0
255,tla-14.036.251,2010,29036,29036,TOTOLAC,251,SAN MIGUEL TLAMAHUCO,,20100704,,,,,,,,,,,,,,,,,,,,,,,,,,,,,514,,9,7,2,0
256,tla-14.036.252,2010,29036,29036,TOTOLAC,252,SAN JUAN TOTOLAC,,20100704,,,,,,,,,,,,,,,,,,,,,,,,,,,,,515:517,,9,7,2,0
257,tla-14.036.253,2010,29036,29036,TOTOLAC,253,BARRIO DE ZARAGOZA,,20100704,,,,,,,,,,,,,,,,,,,,,,,,,,,,,335|518,,9,7,2,0
258,tla-14.037.254,2010,29037,29037,ZITLALTEPEC DE TRINIDAD SANCHEZ SANTOS,254,SAN JUAN BAUTISTA MIER,,20100704,,,,,,,,,,,,,,,,,,,,,,,,,,,,,524,,2,2,0,0
259,tla-14.037.255,2010,29037,29037,ZITLALTEPEC DE TRINIDAD SANCHEZ SANTOS,255,COLONIA FRANCISCO JAVIER MINA,,20100704,,,,,,,,,,,,,,,,,,,,,,,,,,,,,525,,2,2,0,0
260,tla-14.038.256,2010,29038,29038,TZOMPANTEPEC,256,SAN ANDRES AHUASHUASTEPEC,,20100704,,,,,,,,,,,,,,,,,,,,,,,,,,,,,527:528,,5,5,0,0
261,tla-14.038.257,2010,29038,29038,TZOMPANTEPEC,257,SAN SALVADOR TZOMPANTEPEC,,20100704,,,,,,,,,,,,,,,,,,,,,,,,,,,,,529,,5,5,0,0
262,tla-14.038.258,2010,29038,29038,TZOMPANTEPEC,258,SAN JUAN QUETZALCOALPAN,,20100704,,,,,,,,,,,,,,,,,,,,,,,,,,,,,530,,5,5,0,0
263,tla-14.038.259,2010,29038,29038,TZOMPANTEPEC,259,XALTIANQUISCO SECCION 3A,,20100704,,,,,,,,,,,,,,,,,,,,,,,,,,,,,536,,5,5,0,0
264,tla-14.038.260,2010,29038,29038,TZOMPANTEPEC,260,SAN MATEO INOPHIL,,20100704,,,,,,,,,,,,,,,,,,,,,,,,,,,,,537,,5,5,0,0
265,tla-14.039.261,2010,29039,29039,XALOZTOC,261,GUADALUPE TEXMOLAC,,20100704,,,,,,,,,,,,,,,,,,,,,,,,,,,,,538,,9,9,0,0
266,tla-14.039.262,2010,29039,29039,XALOZTOC,262,COLONIA SANTA MARTHA SECCION TERCERA,,20100704,,,,,,,,,,,,,,,,,,,,,,,,,,,,,539,,9,9,0,0
267,tla-14.039.263,2010,29039,29039,XALOZTOC,263,SAN COSME XALOSTOC HUIZNAHUAC 1A SECCION,,20100704,,,,,,,,,,,,,,,,,,,,,,,,,,,,,540,,9,9,0,0
268,tla-14.039.264,2010,29039,29039,XALOZTOC,264,SAN COSME XALOZTOC 2A SECCION,,20100704,,,,,,,,,,,,,,,,,,,,,,,,,,,,,541,,9,9,0,0
269,tla-14.039.265,2010,29039,29039,XALOZTOC,265,SAN PEDRO TLACOTEPEC,,20100704,,,,,,,,,,,,,,,,,,,,,,,,,,,,,542,,9,9,0,0
270,tla-14.039.266,2010,29039,29039,XALOZTOC,266,COLONIA VENUSTIANO CARRANZA,,20100704,,,,,,,,,,,,,,,,,,,,,,,,,,,,,543,,9,9,0,0
271,tla-14.039.267,2010,29039,29039,XALOZTOC,267,COLONIA VELASCO,,20100704,,,,,,,,,,,,,,,,,,,,,,,,,,,,,544,,9,9,0,0
272,tla-14.039.268,2010,29039,29039,XALOZTOC,268,COLONIA JOSE LOPEZ PORTILLO,,20100704,,,,,,,,,,,,,,,,,,,,,,,,,,,,,545,,9,9,0,0
273,tla-14.039.269,2010,29039,29039,XALOZTOC,269,SANTA CRUZ ZACATZONTETLA,,20100704,,,,,,,,,,,,,,,,,,,,,,,,,,,,,546,,9,9,0,0
274,tla-14.040.270,2010,29040,29040,XALTOCAN,270,TOPILCO DE JUAREZ,,20100704,,,,,,,,,,,,,,,,,,,,,,,,,,,,,548,,7,6,1,0
275,tla-14.040.271,2010,29040,29040,XALTOCAN,271,SAN JOSE TEXOPA,,20100704,,,,,,,,,,,,,,,,,,,,,,,,,,,,,553,,7,6,1,0
276,tla-14.040.272,2010,29040,29040,XALTOCAN,272,LAS MESAS,,20100704,,,,,,,,,,,,,,,,,,,,,,,,,,,,,554,,7,6,1,0
277,tla-14.040.273,2010,29040,29040,XALTOCAN,273,SANTA BARBARA ACUIZCUIZTEPEC,,20100704,,,,,,,,,,,,,,,,,,,,,,,,,,,,,555,,7,6,1,0
278,tla-14.040.274,2010,29040,29040,XALTOCAN,274,CUATLA,,20100704,,,,,,,,,,,,,,,,,,,,,,,,,,,,,556,,7,6,1,0
279,tla-14.040.275,2010,29040,29040,XALTOCAN,275,LA ASCENCION HUIZCOLOTEPEC,,20100704,,,,,,,,,,,,,,,,,,,,,,,,,,,,,557,,7,6,1,0
280,tla-14.041.276,2010,29041,29041,PAPALOTLA DE XICOHTENCATL,276,SAN BUENAVENTURA,,20100704,,,,,,,,,,,,,,,,,,,,,,,,,,,,,563,,3,3,0,0
281,tla-14.041.277,2010,29041,29041,PAPALOTLA DE XICOHTENCATL,277,PANZACOLA,,20100704,,,,,,,,,,,,,,,,,,,,,,,,,,,,,564:565,,3,3,0,0
282,tla-14.041.278,2010,29041,29041,PAPALOTLA DE XICOHTENCATL,278,SAN MARCOS CONTLA,,20100704,,,,,,,,,,,,,,,,,,,,,,,,,,,,,566:567,,3,3,0,0
283,tla-14.043.279,2010,29043,29043,YAUHQUEMEHCAN ,279,SAN FRANCISCO TLACUILOHCAN,,20100704,,,,,,,,,,,,,,,,,,,,,,,,,,,,,575:576|579,,8,8,0,0
284,tla-14.043.280,2010,29043,29043,YAUHQUEMEHCAN ,280,SAN LORENZO TLACUALOYAN,,20100704,,,,,,,,,,,,,,,,,,,,,,,,,,,,,577,,8,8,0,0
285,tla-14.043.281,2010,29043,29043,YAUHQUEMEHCAN ,281,OCOTOXCO,,20100704,,,,,,,,,,,,,,,,,,,,,,,,,,,,,578,,8,8,0,0
286,tla-14.043.282,2010,29043,29043,YAUHQUEMEHCAN ,282,SANTA MARIA ATLIHUETZIA,,20100704,,,,,,,,,,,,,,,,,,,,,,,,,,,,,578|585,,8,8,0,0
287,tla-14.043.283,2010,29043,29043,YAUHQUEMEHCAN ,283,SAN JOSE TETEL,,20100704,,,,,,,,,,,,,,,,,,,,,,,,,,,,,580:581,,8,8,0,0
288,tla-14.043.284,2010,29043,29043,YAUHQUEMEHCAN ,284,SANTA URSULA ZIMATEPEC,,20100704,,,,,,,,,,,,,,,,,,,,,,,,,,,,,582,,8,8,0,0
289,tla-14.043.285,2010,29043,29043,YAUHQUEMEHCAN ,285,SAN BENITO XALTOCAN,,20100704,,,,,,,,,,,,,,,,,,,,,,,,,,,,,583,,8,8,0,0
290,tla-14.043.286,2010,29043,29043,YAUHQUEMEHCAN ,286,BARRIO DE HUACALTZINGO,,20100704,,,,,,,,,,,,,,,,,,,,,,,,,,,,,584,,8,8,0,0
291,tla-14.044.287,2010,29044,29044,ZACATELCO,287,1A SECCION TLATLACOLA,,20100704,,,,,,,,,,,,,,,,,,,,,,,,,,,,,588:591|593:594,,7,7,0,0
292,tla-14.044.288,2010,29044,29044,ZACATELCO,288,2A SECCION,,20100704,,,,,,,,,,,,,,,,,,,,,,,,,,,,,588|591:593,,7,7,0,0
293,tla-14.044.289,2010,29044,29044,ZACATELCO,289,BARRIO DE EXQUITLA,,20100704,,,,,,,,,,,,,,,,,,,,,,,,,,,,,594:595,,7,7,0,0
294,tla-14.044.290,2010,29044,29044,ZACATELCO,290,3A SECCION BARRIO DE XOCHICALCO,,20100704,,,,,,,,,,,,,,,,,,,,,,,,,,,,,596:597,,7,7,0,0
295,tla-14.044.291,2010,29044,29044,ZACATELCO,291,4A SECCION BARRIO DE MANANTIALES,,20100704,,,,,,,,,,,,,,,,,,,,,,,,,,,,,598:599,,7,7,0,0
296,tla-14.044.292,2010,29044,29044,ZACATELCO,292,8A SECCION BARRIO DE XITOTOTLA,,20100704,,,,,,,,,,,,,,,,,,,,,,,,,,,,,599|601,,7,7,0,0
297,tla-14.044.293,2010,29044,29044,ZACATELCO,293,7A SECCION DE BARRIO DE GUARDIA,,20100704,,,,,,,,,,,,,,,,,,,,,,,,,,,,,600,,7,7,0,0
298,tla-14.046.299,2010,29046,29054,EMILIANO ZAPATA,299,COLONIA GUSTAVO DIAZ ORDAZ,,20100704,,,,,,,,,,,,,,,,,,,,,,,,,,,,,100|608,,1,1,0,0
299,tla-14.058.296,2010,29058,29048,SANTA CATARINA AYOMETLA,296,BARRIO DE TLAXCALTECATLA,,20100704,,,,,,,,,,,,,,,,,,,,,,,,,,,,,602,,3,3,0,0
300,tla-14.058.297,2010,29058,29048,SANTA CATARINA AYOMETLA,297,COLONIA ESTOCAPA,,20100704,,,,,,,,,,,,,,,,,,,,,,,,,,,,,603,,3,3,0,0
301,tla-14.058.298,2010,29058,29048,SANTA CATARINA AYOMETLA,298,BARRIO DE TLAPAYATLA,,20100704,,,,,,,,,,,,,,,,,,,,,,,,,,,,,605,,3,3,0,0
302,tla-14.059.294,2010,29059,29046,SANTA CRUZ QUILEHTLA,294,SANTA CRUZ QUILEHTLA,,20100704,,,,,,,,,,,,,,,,,,,,,,,,,,,,,313:314,,2,2,0,0
303,tla-14.059.295,2010,29059,29046,SANTA CRUZ QUILEHTLA,295,SANTIAGO AYOMETITLA,,20100704,,,,,,,,,,,,,,,,,,,,,,,,,,,,,315,,2,2,0,0
304,tla-15.001.001,2013,29001,29001,AMAXAC DE GUERRERO,1,SAN DAMIAN TLACOCALPAN,,20130707,,,86,92,,,,,172,122,,,,,,,,,,,,,,,8,480,574,0.836236933797909,4,info seccione de c demarcacion es de 2013,1,1,0,0
305,tla-15.002.002,2013,29002,29002,APETATITLAN DE ANTONIO CARVAJAL,2,TLATEMPA,,20130707,,280,219,223,,255,103,189,276,96,,,,,,,,,,,,,,,32,1673,2209,0.757356269805342,5,info seccione de c demarcacion es de 2013,4,4,0,0
306,tla-15.002.003,2013,29002,29002,APETATITLAN DE ANTONIO CARVAJAL,3,SAN MATIAS TEPETOMATITLAN,,20130707,,357,249,77,96,92,2,195,294,70,,,,,,,,,,,,,,,44,1476,2072,0.712355212355212,9,info seccione de c demarcacion es de 2013,4,4,0,0
307,tla-15.002.004,2013,29002,29002,APETATITLAN DE ANTONIO CARVAJAL,4,BELEN ATZITZIMITITLAN,,20130707,,146,298,81,202,248,130,,492,,,,,,,,,,,,,,,,44,1641,2270,0.722907488986784,10,info seccione de c demarcacion es de 2013,4,4,0,0
308,tla-15.002.005,2013,29002,29002,APETATITLAN DE ANTONIO CARVAJAL,5,BARRIO DE TECOLOTLA,,20130707,,190,111,33,33,102,4,18,74,12,,,,,,,,,,,,,,,8,585,727,0.804676753782668,11,info seccione de c demarcacion es de 2013,4,4,0,0
309,tla-15.003.013,2013,29003,29004,ATLANGATEPEC,13,SANTA CLARA OZUMBA,,20130707,,,149,17,,,,,,84,,,,,,,,,,,,,,,13,263,336,0.782738095238095,50,info seccione de c demarcacion es de 2013,9,8,1,0
310,tla-15.003.014,2013,29003,29004,ATLANGATEPEC,14,SANTIAGO VILLALTA,,20130707,,,85,16,77,,,,,50,,,,,,,,,,,,,,,5,233,293,0.795221843003413,51,info seccione de c demarcacion es de 2013,9,8,1,0
311,tla-15.003.015,2013,29003,29004,ATLANGATEPEC,15,COLONIA AGRICOLA SAN LUIS,,20130707,,,24,,41,,,,9,,,,,,,,,,,,,,,,2,76,94,0.808510638297872,52,info seccione de c demarcacion es de 2013,9,8,1,0
312,tla-15.003.016,2013,29003,29004,ATLANGATEPEC,16,ZUMPANGO,,20130707,,49,166,15,244,,,,,229,,,,,,,,,,,,,,,22,725,1059,0.684608120868744,53,info seccione de c demarcacion es de 2013,9,8,1,0
313,tla-15.003.017,2013,29003,29004,ATLANGATEPEC,17,BENITO JUAREZ TEZOYO,,20130707,,,,30,123,,,,93,10,,,,,,,,,,,,,,,5,261,367,0.711171662125341,54,info seccione de c demarcacion es de 2013,9,8,1,0
314,tla-15.003.018,2013,29003,29004,ATLANGATEPEC,18,COLONIA LA TRASQUILA,,20130707,,6,54,52,92,,,,11,,,,,,,,,,,,,,,,10,225,311,0.723472668810289,55,info seccione de c demarcacion es de 2013,9,8,1,0
315,tla-15.003.019,2013,29003,29004,ATLANGATEPEC,19,SAN PEDRO ECACTEPEC,,20130707,,,398,104,301,,,,,14,,,,,,,,,,,,,,,18,835,1086,0.768876611418048,56,info seccione de c demarcacion es de 2013,9,8,1,0
316,tla-15.003.020,2013,29003,29004,ATLANGATEPEC,20,COLONIA VILLA DE LAS FLORES,,20130707,,,21,24,44,,,,,93,,,,,,,,,,,,,,,5,187,344,0.543604651162791,57,info seccione de c demarcacion es de 2013,9,8,1,0
317,tla-15.004.021,2013,29004,29005,ATLTZAYANCA  ,21,BARRIO DE GUADALUPE,,20130707,,112,52,89,,46,,41,44,,,,,,,,,,,,,,,,11,395,531,0.743879472693032,59,info seccione de c demarcacion es de 2013,21,20,1,0
318,tla-15.004.022,2013,29004,29005,ATLTZAYANCA  ,22,BARRIO DE LA CONCEPCION,,20130707,,13,51,19,,114,,135,,,,,,,,,,,,,,,,,13,345,426,0.809859154929577,59,info seccione de c demarcacion es de 2013,21,20,1,0
319,tla-15.004.023,2013,29004,29005,ATLTZAYANCA  ,23,BARRIO DE SANTIAGO,,20130707,,108,111,87,,29,,99,,,,,,,,,,,,,,,,,20,454,599,0.757929883138564,60,info seccione de c demarcacion es de 2013,21,20,1,0
320,tla-15.004.024,2013,29004,29005,ATLTZAYANCA  ,24,LA GARITA,,20130707,,69,60,,20,60,,,,,,,,,,,,,,,,,,,15,224,359,0.623955431754875,61‐E,info seccione de c demarcacion es de 2013,21,20,1,0
321,tla-15.004.025,2013,29004,29005,ATLTZAYANCA  ,25,SAN JOSE BUENAVISTA,,20130707,,76,19,17,,27,,,,,,,,,,,,,,,,,,,6,145,169,0.857988165680473,61,info seccione de c demarcacion es de 2013,21,20,1,0
322,tla-15.004.026,2013,29004,29005,ATLTZAYANCA  ,26,LAZARO CARDENAS,,20130707,,132,102,,,,,,,,,,,,,,,,,,,,,,10,244,304,0.802631578947369,62,info seccione de c demarcacion es de 2013,21,20,1,0
323,tla-15.004.027,2013,29004,29005,ATLTZAYANCA  ,27,SAN ANTONIO TECOPILCO,,20130707,,125,50,,,68,,,,,,,,,,,,,,,,,,,11,254,296,0.858108108108108,63,info seccione de c demarcacion es de 2013,21,20,1,0
324,tla-15.004.028,2013,29004,29005,ATLTZAYANCA  ,28,SAN JUAN OCOTITLA,,20130707,,,98,10,,6,45,,,,,,,,,,,,,,,,,,0,159,196,0.811224489795918,64,info seccione de c demarcacion es de 2013,21,20,1,0
325,tla-15.004.029,2013,29004,29005,ATLTZAYANCA  ,29,SAN JOSE PILANCON,,20130707,,,59,26,,41,,50,,,,,,,,,,,,,,,,,3,179,206,0.868932038834951,65,info seccione de c demarcacion es de 2013,21,20,1,0
326,tla-15.004.030,2013,29004,29005,ATLTZAYANCA  ,30,XALTITLA,,20130707,,95,133,76,,,58,,16,,,,,,,,,,,,,,,,22,400,525,0.761904761904762,60|66|72,info seccione de c demarcacion es de 2013,21,20,1,0
327,tla-15.004.031,2013,29004,29005,ATLTZAYANCA  ,31,MESA REDONDA,,20130707,,,105,,,,,55,,,,,,,,,,,,,,,,,7,167,201,0.830845771144279,67,info seccione de c demarcacion es de 2013,21,20,1,0
328,tla-15.004.032,2013,29004,29005,ATLTZAYANCA  ,32,CONCEPCION HIDALGO,,20130707,,375,333,53,,43,,157,267,,,,,,,,,,,,,,,,59,1287,1722,0.747386759581882,68,info seccione de c demarcacion es de 2013,21,20,1,0
329,tla-15.004.033,2013,29004,29005,ATLTZAYANCA  ,33,FELIPE CARRILLO PUERTO,,20130707,,186,22,129,68,,37,7,91,,,,,,,,,,,,,,,,22,562,742,0.757412398921833,69,info seccione de c demarcacion es de 2013,21,20,1,0
330,tla-15.004.034,2013,29004,29005,ATLTZAYANCA  ,34,NEXNOPALA,,20130707,,47,126,28,,78,,43,54,,,,,,,,,,,,,,,,19,395,490,0.806122448979592,70,info seccione de c demarcacion es de 2013,21,20,1,0
331,tla-15.004.035,2013,29004,29005,ATLTZAYANCA  ,35,RANCHERIA POCITOS,,20130707,,,265,,,297,,,56,,,,,,,,,,,,,,,,25,643,843,0.762752075919336,71,info seccione de c demarcacion es de 2013,21,20,1,0
332,tla-15.004.036,2013,29004,29005,ATLTZAYANCA  ,36,SANTA MARIA LAS CUEVAS,,20130707,,202,230,,,,,13,,,,,,,,,,,,,,,,,6,451,558,0.808243727598566,72,info seccione de c demarcacion es de 2013,21,20,1,0
333,tla-15.004.037,2013,29004,29005,ATLTZAYANCA  ,37,NAZARETH,,20130707,,43,23,55,44,27,,,,,,,,,,,,,,,,,,,8,200,234,0.854700854700855,73,info seccione de c demarcacion es de 2013,21,20,1,0
334,tla-15.004.038,2013,29004,29005,ATLTZAYANCA  ,38,SANTA CRUZ POCITOS,,20130707,,93,292,276,,,,,,,,,,,,,,,,,,,,,30,691,869,0.795166858457998,74,info seccione de c demarcacion es de 2013,21,20,1,0
335,tla-15.004.039,2013,29004,29005,ATLTZAYANCA  ,39,LOMAS DE JUNGUITO,,20130707,,42,81,,,9,,,,,,,,,,,,,,,,,,,9,141,185,0.762162162162162,76,info seccione de c demarcacion es de 2013,21,20,1,0
336,tla-15.004.040,2013,29004,29005,ATLTZAYANCA  ,40,BARRIO DE SAN ANTONIO,,20130707,,104,181,47,,128,,162,283,,,,,,,,,,,,,,,,45,950,1230,0.772357723577236,77,info seccione de c demarcacion es de 2013,21,20,1,0
337,tla-15.005.006,2013,29005,29003,APIZACO,6,COLONIA CERRITO DE GUADALUPE,,20130707,,269,208,216,140,47,,,95,301,,,,,,,,,,,,,,,44,1320,2012,0.656063618290258,13,info seccione de c demarcacion es de 2013,7,7,0,0
338,tla-15.005.007,2013,29005,29003,APIZACO,7,SAN LUIS APIZAQUITO,,20130707,,532,631,,104,567,127,,,132,,,,,,,,,,,,,,,44,2137,3751,0.569714742735271,14,info seccione de c demarcacion es de 2013,7,7,0,0
339,tla-15.005.008,2013,29005,29003,APIZACO,8,COLONIA JOSE MARIA MORELOS,,20130707,,74,181,,31,109,87,,65,19,,,,,,,,,,,,,,,25,591,824,0.717233009708738,38,info seccione de c demarcacion es de 2013,7,7,0,0
340,tla-15.005.009,2013,29005,29003,APIZACO,9,GUADALUPE TEXCALAC,,20130707,,33,304,168,,115,48,,,11,,,,,,,,,,,,,,,20,699,1006,0.694831013916501,39,info seccione de c demarcacion es de 2013,7,7,0,0
341,tla-15.005.010,2013,29005,29003,APIZACO,10,SANTA MARIA TEXCALAC,,20130707,,340,461,321,610,668,180,67,385,128,,,,,,,,,,,,,,,90,3250,4961,0.655109856883693,40:41,info seccione de c demarcacion es de 2013,7,7,0,0
342,tla-15.005.011,2013,29005,29003,APIZACO,11,SANTA ANITA HUILOAC,,20130707,,861,599,263,139,251,196,212,418,63,,,,,,,,,,,,,,,142,3144,5413,0.580823942360983,42:45,info seccione de c demarcacion es de 2013,7,7,0,0
343,tla-15.005.012,2013,29005,29003,APIZACO,12,COLONIA SAN ISIDRO APIZAQUITO,,20130707,,111,149,96,56,192,97,56,158,46,,,,,,,,,,,,,,,26,987,1619,0.609635577516986,46,info seccione de c demarcacion es de 2013,7,7,0,0
344,tla-15.006.041,2013,29006,29006,CALPULALPAN,41,COLONIA ALFONSO ESPEJEL,,20130707,,489,266,102,162,203,74,24,222,101,,,,,,,,,,,,,,,105,1748,3421,0.510961707103186,78,info seccione de c demarcacion es de 2013,13,5.00000000000001,8,0
345,tla-15.006.042,2013,29006,29006,CALPULALPAN,42,COLONIA EL MIRADOR,,20130707,,305,355,141,157,337,152,48,650,,,,,,,,,,,,,,,,72,2217,3816,0.580974842767296,82:83|88:90,info seccione de c demarcacion es de 2013,13,5.00000000000001,8,0
346,tla-15.006.043,2013,29006,29006,CALPULALPAN,43,COLONIA FRANCISCO SARABIA,,20130707,,520,695,613,,,,122,202,,,,,,,,,,,,,,,,64,2216,3512,0.630979498861048,85:86,info seccione de c demarcacion es de 2013,13,5.00000000000001,8,0
347,tla-15.006.044,2013,29006,29006,CALPULALPAN,44,SAN MATEO ACTIPAN,,20130707,,208,235,,,,,,85,,,,,,,,,,,,,,,,6,534,714,0.747899159663866,91,info seccione de c demarcacion es de 2013,13,5.00000000000001,8,0
348,tla-15.006.045,2013,29006,29006,CALPULALPAN,45,SAN CRISTOBAL ZACACALCO,,20130707,,13,216,40,,,,121,22,,,,,,,,,,,,,,,,12,424,603,0.703150912106136,96,info seccione de c demarcacion es de 2013,13,5.00000000000001,8,0
349,tla-15.007.046,2013,29007,29007,CARMEN TEQUEXQUITLA--EL,46,BARRIO DE GUADALUPE,,20130707,,121,120,112,,163,29,63,,116,,,,,,,,,,,,,,,68,792,1132,0.699646643109541,103,info seccione de c demarcacion es de 2013,6,5,1,0
350,tla-15.007.047,2013,29007,29007,CARMEN TEQUEXQUITLA--EL,47,COLONIA MAZATEPEC,,20130707,,244,129,91,,187,72,127,149,210,,,,,,,,,,,,,,,80,1289,1962,0.656982670744139,104,info seccione de c demarcacion es de 2013,6,5,1,0
351,tla-15.007.048,2013,29007,29007,CARMEN TEQUEXQUITLA--EL,48,COLONIA LA SOLEDAD,,20130707,,96,6,49,,,,51,76,,,,,,,,,,,,,,,,12,290,344,0.843023255813954,105,info seccione de c demarcacion es de 2013,6,5,1,0
352,tla-15.007.049,2013,29007,29007,CARMEN TEQUEXQUITLA--EL,49,VICENTE GUERRERO,,20130707,,43,,76,,2,,40,,,,,,,,,,,,,,,,,5,166,197,0.842639593908629,106,info seccione de c demarcacion es de 2013,6,5,1,0
353,tla-15.007.052,2013,29007,29007,CARMEN TEQUEXQUITLA--EL,52,COLONIA LOMA BONITA,,20130707,,,57,67,,,,,,,,,,,,,,,,,,,,,1,125,148,0.844594594594595,112,info seccione de c demarcacion es de 2013,6,5,1,0
354,tla-15.008.050,2013,29008,29008,CUAPIAXTLA,50,COLONIA IGNACIO ALLENDE,,20130707,,100,352,416,,,,,,,,,,,,,,,,,,,,,31,899,1260,0.713492063492063,110,info seccione de c demarcacion es de 2013,8,6,2,0
355,tla-15.008.051,2013,29008,29008,CUAPIAXTLA,51,SANTA BEATRIZ LA NUEVA,,20130707,,23,59,116,,,,10,,,,,,,,,,,,,,,,,2,210,228,0.921052631578947,111,info seccione de c demarcacion es de 2013,8,6,2,0
356,tla-15.008.053,2013,29008,29008,CUAPIAXTLA,53,COLONIA MANUEL AVILA CAMACHO,,20130707,,,64,96,,,,56,,,,,,,,,,,,,,,,,0,216,253,0.853754940711462,113,info seccione de c demarcacion es de 2013,8,6,2,0
357,tla-15.008.054,2013,29008,29008,CUAPIAXTLA,54,SAN FRANCISCO CUEXCONTZI,,20130707,,,113,130,125,71,,63,39,,,,,,,,,,,,,,,,22,563,711,0.791842475386779,114,info seccione de c demarcacion es de 2013,8,6,2,0
358,tla-15.008.055,2013,29008,29008,CUAPIAXTLA,55,COLONIA PLAN DE AYALA,,20130707,,11,25,61,,40,,,65,35,,,,,,,,,,,,,,,10,247,362,0.68232044198895,115,info seccione de c demarcacion es de 2013,8,6,2,0
359,tla-15.008.056,2013,29008,29008,CUAPIAXTLA,56,COLONIA JOSE MARIA MORELOS,,20130707,,,79,96,,,,95,,,,,,,,,,,,,,,,,7,277,344,0.805232558139535,116,info seccione de c demarcacion es de 2013,8,6,2,0
360,tla-15.009.057,2013,29009,29009,CUAXOMULCO,57,2A SECCION COAXOMULCO (TECUICUILCO),,20130707,,213,165,167,173,164,,,11,,,,,,,,,1,,,,,,,28,922,1224,0.753267973856209,117,info seccione de c demarcacion es de 2013,5,5,0,0
361,tla-15.009.058,2013,29009,29009,CUAXOMULCO,58,1A SECCION CUAXOMULCO (BARRIO DE ATENCO),,20130707,,166,246,149,87,77,,,17,,,,,,,,,1,,,,,,,27,770,956,0.805439330543933,118,info seccione de c demarcacion es de 2013,5,5,0,0
362,tla-15.009.059,2013,29009,29009,CUAXOMULCO,59,SAN MIGUEL BUENAVISTA,,20130707,,58,102,107,43,61,,26,8,,,,,,,,,1,,,,,,,19,425,522,0.814176245210728,119,info seccione de c demarcacion es de 2013,5,5,0,0
363,tla-15.009.060,2013,29009,29009,CUAXOMULCO,60,ZACAMOLPA,,20130707,,106,7,53,,,,,,,,,,,,,,1,,,,,,,8,174,206,0.844660194174757,120,info seccione de c demarcacion es de 2013,5,5,0,0
364,tla-15.009.061,2013,29009,29009,CUAXOMULCO,61,SAN LORENZO XALTELULCO,,20130707,,264,287,57,37,139,,,17,,,,,,,,,1,,,,,,,33,835,1064,0.784774436090226,121,info seccione de c demarcacion es de 2013,5,5,0,0
365,tla-15.010.062,2013,29010,29010,CHIAUTEMPAN,62,COLONIA CHALMA,,20130707,,126,65,203,104,36,131,91,172,86,,,,,,,,,,,,,,,35,1049,1627,0.644744929317763,122:123,info seccione de c demarcacion es de 2013,15,7.00000000000001,8,0
366,tla-15.010.063,2013,29010,29010,CHIAUTEMPAN,63,SANTA CRUZ GUADALUPE,,20130707,,69,125,339,41,187,201,,240,,,,,,,,,,,,,,,,31,1233,1863,0.661835748792271,126,info seccione de c demarcacion es de 2013,15,7.00000000000001,8,0
367,tla-15.010.064,2013,29010,29010,CHIAUTEMPAN,64,COLONIA REFORMA,,20130707,,183,244,397,310,121,138,81,473,247,,,,,,,,,,,,,,,97,2291,3916,0.585035750766088,127|140,info seccione de c demarcacion es de 2013,15,7.00000000000001,8,0
368,tla-15.010.065,2013,29010,29010,CHIAUTEMPAN,65,COLONIA INDUSTRIAL,,20130707,,115,110,187,,,118,,80,,,,,,,,,,,,,,,,23,633,1065,0.594366197183099,133,info seccione de c demarcacion es de 2013,15,7.00000000000001,8,0
369,tla-15.010.066,2013,29010,29010,CHIAUTEMPAN,66,COLONIA EL ALTO,,20140223,extra,354,287,613,49,11,36,,663,12,,,,,,,,,1,,,,,0,35,2061,5179,0.397953272832593,137|144,info seccione de c demarcacion es de 2013,15,7.00000000000001,8,0
370,tla-15.010.067,2013,29010,29010,CHIAUTEMPAN,67,BARRIO DE TEXCACOAC,,20130707,,174,272,844,445,112,206,,203,,,,,,,,,,,,,,,,84,2340,3935,0.594663278271919,141,info seccione de c demarcacion es de 2013,15,7.00000000000001,8,0
371,tla-15.010.068,2013,29010,29010,CHIAUTEMPAN,68,BARRIO DE XAXALA,,20130707,,131,126,324,30,231,125,,94,59,,,,,,,,,,,,,,,56,1176,1790,0.656983240223464,142,info seccione de c demarcacion es de 2013,15,7.00000000000001,8,0
372,tla-15.011.069,2013,29011,29011,MUÑOZ DE DOMINGO ARENAS,69,SAN JOSE CUAMATZINGO,,20130707,,184,283,246,,,,,,,,,,,,,,,,,,,,,20,733,974,0.752566735112936,162,info seccione de c demarcacion es de 2013,3,3,0,0
373,tla-15.011.070,2013,29011,29011,MUÑOZ DE DOMINGO ARENAS,70,GUADALUPE CUAUHTEMOC,,20130707,,71,51,119,10,35,,,44,,,,,,,,,1,,,,,,,0,331,465,0.711827956989247,163,info seccione de c demarcacion es de 2013,3,3,0,0
374,tla-15.011.071,2013,29011,29011,MUÑOZ DE DOMINGO ARENAS,71,COLONIA SAN ISIDRO CHIPILA,,20130707,,,62,,,87,,32,,,,,,,,,,,,,,,,,15,196,238,0.823529411764706,164,info seccione de c demarcacion es de 2013,3,3,0,0
375,tla-15.013.072,2013,29013,29013,HUAMANTLA,72,COLONIA EMILIANO ZAPATA,,20130707,,82,160,121,82,55,,151,430,80,,,,,,,,,,,,,,,41,1202,2165,0.555196304849885,178,info seccione de c demarcacion es de 2013,39,31,8,0
376,tla-15.013.073,2013,29013,29013,HUAMANTLA,73,BARRIO DE SAN SEBASTIAN,,20130707,,454,478,351,51,79,40,71,321,404,,,,,,,,,,,,,,,106,2355,4197,0.561115082201573,179:181|187,info seccione de c demarcacion es de 2013,39,31,8,0
377,tla-15.013.074,2013,29013,29013,HUAMANTLA,74,BARRIO DE SANTA ANITA,,20130707,,78,149,265,221,40,12,366,151,,,,,,,,,,,,,,,,65,1347,1981,0.679959616355376,179:180,info seccione de c demarcacion es de 2013,39,31,8,0
378,tla-15.013.075,2013,29013,29013,HUAMANTLA,75,BARRIO DE SAN FRANCISCO YANCUITLALPAN,,20130707,,20,93,70,,14,11,,26,221,,,,,,,,,,,,,,,35,490,1033,0.474346563407551,184,info seccione de c demarcacion es de 2013,39,31,8,0
379,tla-15.013.076,2013,29013,29013,HUAMANTLA,76,RANCHERIA DE LA CRUZ,,20130707,,70,112,153,,46,26,,73,140,,,,,,,,,,,,,,,20,640,990,0.646464646464646,218,info seccione de c demarcacion es de 2013,39,31,8,0
380,tla-15.013.077,2013,29013,29013,HUAMANTLA,77,BARRIO DE SANTA MARIA YANCUITLALPAN,,20130707,,45,4,9,15,,,,29,14,,,,,,,,,,,,,,,7,123,564,0.218085106382979,217,info seccione de c demarcacion es de 2013,39,31,8,0
381,tla-15.013.078,2013,29013,29013,HUAMANTLA,78,BARRIO DE SAN LUCAS,,20130707,,377,310,177,275,65,49,118,122,309,,,,,,,,,,,,,,,92,1894,4673,0.405307083244169,188|195,info seccione de c demarcacion es de 2013,39,31,8,0
382,tla-15.013.079,2013,29013,29013,HUAMANTLA,79,BARRIO DE LA PRECIOSA,,20130707,,73,90,75,34,24,33,,59,35,,,,,,,,,,,,,,,35,458,1218,0.376026272577997,190:191|194,info seccione de c demarcacion es de 2013,39,31,8,0
383,tla-15.013.080,2013,29013,29013,HUAMANTLA,80,BARRIO DE SAN ANTONIO,,20130707,,126,154,55,31,34,22,,196,142,,,,,,,,,,,,,,,62,822,1259,0.652899126290707,192|194,info seccione de c demarcacion es de 2013,39,31,8,0
384,tla-15.013.081,2013,29013,29013,HUAMANTLA,81,BARRIO DE SAN JOSE,,20130707,,180,163,137,45,23,,95,176,23,,,,,,,,,,,,,,,52,894,1538,0.581274382314694,192,info seccione de c demarcacion es de 2013,39,31,8,0
385,tla-15.013.082,2013,29013,29013,HUAMANTLA,82,COLONIA MARIANO MATAMOROS,,20130707,,117,50,144,12,,195,,60,45,,,,,,,,,,,,,,,14,637,806,0.790322580645161,193,info seccione de c demarcacion es de 2013,39,31,8,0
386,tla-15.013.083,2013,29013,29013,HUAMANTLA,83,HERMENEGILDO GALEANA,,20130707,,121,145,126,,,,,262,,,,,,,,,,,,,,,,23,677,942,0.718683651804671,196,info seccione de c demarcacion es de 2013,39,31,8,0
387,tla-15.013.084,2013,29013,29013,HUAMANTLA,84,RANCHERIA DE TORRES,,20130707,,26,52,,,,,,63,,,,,,,,,,,,,,,,6,147,184,0.798913043478261,197,info seccione de c demarcacion es de 2013,39,31,8,0
388,tla-15.013.085,2013,29013,29013,HUAMANTLA,85,FRANCISCO I MADERO LA MESA,,20130707,,36,51,,,,,,,,,,,,,,,,,,,,,,0,87,467,0.186295503211991,198,info seccione de c demarcacion es de 2013,39,31,8,0
389,tla-15.013.086,2013,29013,29013,HUAMANTLA,86,COLONIA FRANCISCO VILLA TECOAC,,20130707,,97,129,54,43,50,35,,,38,,,,,,,,,,,,,,,16,462,563,0.820603907637655,199,info seccione de c demarcacion es de 2013,39,31,8,0
390,tla-15.013.087,2013,29013,29013,HUAMANTLA,87,EL CARMEN XALPATALAHUAYA,,20130707,,341,435,73,,,,,102,,,,,,,,,,,,,,,,20,971,1285,0.755642023346304,200,info seccione de c demarcacion es de 2013,39,31,8,0
391,tla-15.013.088,2013,29013,29013,HUAMANTLA,88,BENITO JUAREZ,,20130707,,701,397,409,43,58,,,403,,,,,,,,,,,,,,,,93,2104,2906,0.72401927047488,201,info seccione de c demarcacion es de 2013,39,31,8,0
392,tla-15.013.089,2013,29013,29013,HUAMANTLA,89,FRANCISCO I MADERO TECOPILCO EL VALLE,,20130707,,55,138,,,,,,105,,,,,,,,,,,,,,,,13,311,433,0.71824480369515,202,info seccione de c demarcacion es de 2013,39,31,8,0
393,tla-15.013.090,2013,29013,29013,HUAMANTLA,90,SAN JOSE XICOHTENCATL,,20130707,,190,779,114,17,265,101,102,548,34,,,,,,,,,,,,,,,166,2316,3578,0.647288988261599,203:204,info seccione de c demarcacion es de 2013,39,31,8,0
394,tla-15.013.091,2013,29013,29013,HUAMANTLA,91,COLONIA ACASILLADOS SAN MARTIN NOTARIO,,20130707,,64,80,17,,,,,40,,,,,,,,,,,,,,,,4,205,240,0.854166666666667,205,info seccione de c demarcacion es de 2013,39,31,8,0
395,tla-15.013.092,2013,29013,29013,HUAMANTLA,92,LAZARO CARDENAS,,20130707,,164,142,211,,,,,46,58,,,,,,,,,,,,,,,17,638,874,0.729977116704805,206,info seccione de c demarcacion es de 2013,39,31,8,0
396,tla-15.013.093,2013,29013,29013,HUAMANTLA,93,COLONIA CHAPULTEPEC,,20130707,,122,74,29,32,,,,206,,,,,,,,,,,,,,,,20,483,669,0.721973094170404,207,info seccione de c demarcacion es de 2013,39,31,8,0
397,tla-15.013.094,2013,29013,29013,HUAMANTLA,94,COLONIA SAN FRANCISCO TECOAC,,20130707,,,12,68,,,,,46,,,,,,,,,,,,,,,,1,127,162,0.783950617283951,208,info seccione de c demarcacion es de 2013,39,31,8,0
398,tla-15.013.095,2013,29013,29013,HUAMANTLA,95,NUEVO BARRIO FRANCISCO VILLA,,20140223,extra,65,151,144,,9,22,,,6,,,,,,,,,,,,,,,0,397,515,0.770873786407767,208,info seccione de c demarcacion es de 2013,39,31,8,0
399,tla-15.013.096,2013,29013,29013,HUAMANTLA,96,COLONIA CUAUHTEMOC,,20130707,,,32,179,22,16,47,,195,,,,,,,,,,,,,,,,24,515,702,0.733618233618234,209,info seccione de c demarcacion es de 2013,39,31,8,0
400,tla-15.013.097,2013,29013,29013,HUAMANTLA,97,COLONIA JOSE MARIA MORELOS,,20130707,,51,158,102,,111,101,,61,,,,,,,,,,,,,,,,41,625,780,0.801282051282051,211,info seccione de c demarcacion es de 2013,39,31,8,0
401,tla-15.013.098,2013,29013,29013,HUAMANTLA,98,COLONIA JOSE MARIA MORELOS,,20130707,,17,79,110,,,,,,27,,,,,,,,,,,,,,,22,255,429,0.594405594405594,212,info seccione de c demarcacion es de 2013,39,31,8,0
402,tla-15.013.099,2013,29013,29013,HUAMANTLA,99,IGNACIO ZARAGOZA,,20130707,,162,731,805,98,692,,,128,30,,,,,,,,,,,,,,,143,2789,4247,0.656698846244408,213:214,info seccione de c demarcacion es de 2013,39,31,8,0
403,tla-15.013.100,2013,29013,29013,HUAMANTLA,100,RANCHERIA ALTAMIRA DE GUADALUPE,,20130707,,,,96,,,61,,67,,,,,,,,,,,,,,,,4,228,268,0.850746268656716,215,info seccione de c demarcacion es de 2013,39,31,8,0
404,tla-15.013.101,2013,29013,29013,HUAMANTLA,101,RANCHERIA LOS PILARES,,20130707,,147,37,56,,39,69,,72,23,,,,,,,,,,,,,,,51,494,768,0.643229166666667,216,info seccione de c demarcacion es de 2013,39,31,8,0
405,tla-15.013.102,2013,29013,29013,HUAMANTLA,102,RANCHERIA DE JESUS,,20130707,,45,53,50,,23,40,56,16,59,,,,,,,,,,,,,,,17,359,629,0.570747217806041,219,info seccione de c demarcacion es de 2013,39,31,8,0
406,tla-15.014.103,2013,29014,29014,HUEYOTLIPAN,103,IGNACIO ZARAGOZA,,20130707,,81,288,,311,,,,,,,,,,,,,,,,,,,,26,706,979,0.721144024514811,222,info seccione de c demarcacion es de 2013,11,7,4,0
407,tla-15.014.104,2013,29014,29014,HUEYOTLIPAN,104,ADOLFO LOPEZ MATEOS,,20130707,,220,281,,,,,,,,,,,,,,,,,,,,,,11,512,614,0.833876221498371,224,info seccione de c demarcacion es de 2013,11,7,4,0
408,tla-15.014.105,2013,29014,29014,HUEYOTLIPAN,105,SAN LORENZO TECHALOTE,,20130707,,88,,,63,,,,,43,,,,,,,,,,,,,,,5,199,246,0.808943089430894,225,info seccione de c demarcacion es de 2013,11,7,4,0
409,tla-15.014.106,2013,29014,29014,HUEYOTLIPAN,106,SANTIAGO TLALPAN,,20130707,,180,145,,,,131,,,,,,,,,,,,,,,,,,8,464,620,0.748387096774194,227,info seccione de c demarcacion es de 2013,11,7,4,0
410,tla-15.014.107,2013,29014,29014,HUEYOTLIPAN,107,SAN SIMEON XIPETZINGO,,20130707,,177,760,,18,188,320,,,,,,,,,,,,,,,,,,79,1542,2614,0.589900535577659,228,info seccione de c demarcacion es de 2013,11,7,4,0
411,tla-15.014.108,2013,29014,29014,HUEYOTLIPAN,108,SAN MANUEL TLALPAN,,20140223,extra,41,18,,,32,,,,1,,,,,,,,,1,,,,,,2,95,111,0.855855855855856,229,info seccione de c demarcacion es de 2013,11,7,4,0
412,tla-15.014.109,2013,29014,29014,HUEYOTLIPAN,109,SANTA MARIA IXCOTLA,,20130707,,,264,88,10,,,,,,,,,,,,,,,,,,,,17,379,541,0.700554528650647,230,info seccione de c demarcacion es de 2013,11,7,4,0
413,tla-15.015.110,2013,29015,29015,IXTACUIXTLA DE MARIANO MATAMOROS,110,SAN FELIPE IXTACUIXTLA,,20130707,,137,265,268,217,743,,475,342,303,,,,,,,,,,,,,,,118,2868,4670,0.614132762312634,232:234,info seccione de c demarcacion es de 2013,21,12,9.00000000000001,0
414,tla-15.015.111,2013,29015,29015,IXTACUIXTLA DE MARIANO MATAMOROS,111,RANCHERIA LA SOLEDAD,,20130707,,,16,32,33,9,,,43,,,,,,,,,,,,,,,,9,142,199,0.71356783919598,235,info seccione de c demarcacion es de 2013,21,12,9.00000000000001,0
415,tla-15.015.112,2013,29015,29015,IXTACUIXTLA DE MARIANO MATAMOROS,112,SAN ANTONIO ATOTONILCO,,20130707,,180,209,619,,132,121,207,,,,,,,,,,,,,,,,,87,1555,2898,0.536576949620428,241:242,info seccione de c demarcacion es de 2013,21,12,9.00000000000001,0
416,tla-15.015.113,2013,29015,29015,IXTACUIXTLA DE MARIANO MATAMOROS,113,SAN MIGUEL LA PRESA,,20130707,,,63,86,,92,,,,,,,,,,,,,,,,,,,6,247,310,0.796774193548387,243,info seccione de c demarcacion es de 2013,21,12,9.00000000000001,0
417,tla-15.015.114,2013,29015,29015,IXTACUIXTLA DE MARIANO MATAMOROS,114,LA TRINIDAD TENEXYECAC,,20130707,,411,299,207,109,48,264,,120,162,,,,,,,,,,,,,,,47,1667,2211,0.753957485300769,245,info seccione de c demarcacion es de 2013,21,12,9.00000000000001,0
418,tla-15.015.115,2013,29015,29015,IXTACUIXTLA DE MARIANO MATAMOROS,115,SAN ANTONIO TECOAC,,20130707,,,66,145,,20,,157,,92,,,,,,,,,,,,,,,14,494,675,0.731851851851852,246,info seccione de c demarcacion es de 2013,21,12,9.00000000000001,0
419,tla-15.015.116,2013,29015,29015,IXTACUIXTLA DE MARIANO MATAMOROS,116,SAN ANTONIO TIZOSTOC,,20130707,,48,18,95,,108,2,,123,135,,,,,,,,,,,,,,,17,546,1541,0.354315379623621,247,info seccione de c demarcacion es de 2013,21,12,9.00000000000001,0
420,tla-15.015.117,2013,29015,29015,IXTACUIXTLA DE MARIANO MATAMOROS,117,SANTA CRUZ EL PORVENIR,,20130707,,,93,239,,171,198,,155,,,,,,,,,,,,,,,,9,865,1164,0.743127147766323,248,info seccione de c demarcacion es de 2013,21,12,9.00000000000001,0
421,tla-15.015.118,2013,29015,29015,IXTACUIXTLA DE MARIANO MATAMOROS,118,ESPIRITU SANTO,,20130707,,55,4,63,,248,,,,,,,,,,,,,,,,,,,7,377,535,0.704672897196262,249,info seccione de c demarcacion es de 2013,21,12,9.00000000000001,0
422,tla-15.015.119,2013,29015,29015,IXTACUIXTLA DE MARIANO MATAMOROS,119,SAN GABRIEL POPOCATLA,,20130707,,,155,183,,138,,,189,,,,,,,,,,,,,,,,22,687,927,0.741100323624595,250,info seccione de c demarcacion es de 2013,21,12,9.00000000000001,0
423,tla-15.015.120,2013,29015,29015,IXTACUIXTLA DE MARIANO MATAMOROS,120,SAN DIEGO XOCOYUCAN,,20130707,,561,290,187,23,153,75,89,279,,,,,,,,,,,,,,,,54,1711,2681,0.638194703468855,251,info seccione de c demarcacion es de 2013,21,12,9.00000000000001,0
424,tla-15.015.121,2013,29015,29015,IXTACUIXTLA DE MARIANO MATAMOROS,121,SANTA INES TECUEXCOMAC,,20130707,,,365,192,174,,66,427,125,,,,,,,,,,,,,,,,232,1581,2239,0.70611880303707,256:257,info seccione de c demarcacion es de 2013,21,12,9.00000000000001,0
425,tla-15.017.122,2013,29017,29017,MAZATECOCHCO DE JOSE MARIA MORELOS,122,CUARTA SECCION,,20130707,,454,240,448,3,,318,,9,,,,,,,,,1,,,,,,,18,1491,1907,0.78185631882538,263,info seccione de c demarcacion es de 2013,4,4,0,0
426,tla-15.017.123,2013,29017,29017,MAZATECOCHCO DE JOSE MARIA MORELOS,123,TERCERA SECCION,,20130707,,595,218,256,2,,230,,2,,,,,,,,,1,,,,,,,29,1333,1688,0.789691943127962,264,info seccione de c demarcacion es de 2013,4,4,0,0
427,tla-15.017.124,2013,29017,29017,MAZATECOCHCO DE JOSE MARIA MORELOS,124,SEGUNDA SECCION,,20130707,,145,194,519,1,,462,,7,,,,,,,,,1,,,,,,,26,1355,1758,0.770762229806598,265,info seccione de c demarcacion es de 2013,4,4,0,0
428,tla-15.017.125,2013,29017,29017,MAZATECOCHCO DE JOSE MARIA MORELOS,125,PRIMERA SECCION,,20130707,,245,271,276,15,,,332,7,,,,,,,,,1,,,,,,,17,1164,1522,0.764783180026281,266,info seccione de c demarcacion es de 2013,4,4,0,0
429,tla-15.018.126,2013,29018,29018,CONTLA DE JUAN CUAMATZI,126,SECCION 1A SAN BERNARDINO,,20130707,,278,631,176,315,377,,391,239,,,,,,,,,,,,,,,,97,2504,3590,0.697493036211699,267|273,info seccione de c demarcacion es de 2013,12,7,5,0
430,tla-15.018.127,2013,29018,29018,CONTLA DE JUAN CUAMATZI,127,SECCION 6A TLACATECPA,,20130707,,180,431,404,181,849,96,,189,,,,,,,,,,,,,,,,184,2514,3858,0.651632970451011,268:269,info seccione de c demarcacion es de 2013,12,7,5,0
431,tla-15.018.128,2013,29018,29018,CONTLA DE JUAN CUAMATZI,128,SECCION SEPTIMA,,20130707,,815,303,132,168,487,332,,406,80,,,,,,,,,,,,,,,91,2814,4281,0.657323055360897,270:271|283,info seccione de c demarcacion es de 2013,12,7,5,0
432,tla-15.018.129,2013,29018,29018,CONTLA DE JUAN CUAMATZI,129,SECCION SEGUNDA,,20130707,,264,223,636,,227,187,,334,50,,,,,,,,,,,,,,,77,1998,2962,0.674544226873734,272,info seccione de c demarcacion es de 2013,12,7,5,0
433,tla-15.018.130,2013,29018,29018,CONTLA DE JUAN CUAMATZI,130,SECCION 9A COLHUACA,,20130707,,116,257,77,,114,85,11,95,65,,,,,,,,,,,,,,,32,852,1144,0.744755244755245,274,info seccione de c demarcacion es de 2013,12,7,5,0
434,tla-15.018.131,2013,29018,29018,CONTLA DE JUAN CUAMATZI,131,SECCION 3A SAN MIGUEL XALTIPAN,,20130707,,354,218,180,149,669,124,155,448,70,,,,,,,,,,,,,,,97,2464,3223,0.764505119453925,275:276,info seccione de c demarcacion es de 2013,12,7,5,0
435,tla-15.018.132,2013,29018,29018,CONTLA DE JUAN CUAMATZI,132,SECCION 8A STA MARIA AQUIAHUAC,,20130707,,117,49,40,21,,,,84,,,,,,,,,,,,,,,,16,327,425,0.769411764705882,277,info seccione de c demarcacion es de 2013,12,7,5,0
436,tla-15.019.133,2013,29019,29019,TEPETITLA DE LARDIZABAL,133,VILLALTA,,20130707,,170,366,46,51,332,349,330,639,140,,,,,,,,,,,,,,,58,2481,3843,0.645589383294301,288:289,info seccione de c demarcacion es de 2013,3,3,0,0
437,tla-15.019.134,2013,29019,29019,TEPETITLA DE LARDIZABAL,134,SAN MATEO AYECAC,,20130707,,,327,329,233,213,22,225,390,39,,,,,,,,,,,,,,,46,1824,2434,0.749383730484799,290,info seccione de c demarcacion es de 2013,3,3,0,0
438,tla-15.019.135,2013,29019,29019,TEPETITLA DE LARDIZABAL,135,GUADALUPE VICTORIA,,20130707,,,93,110,,38,46,,82,13,,,,,,,,,,,,,,,14,396,485,0.816494845360825,291,info seccione de c demarcacion es de 2013,3,3,0,0
439,tla-15.020.136,2013,29020,29020,SANCTORUM DE LAZARO CARDENAS,136,LA PROVIDENCIA,,20130707,,,69,,1,,,,30,,,,,,,,,1,,,,,,,3,104,1279,0.0813135261923378,293,info seccione de c demarcacion es de 2013,3,2,0.999999999999999,0
440,tla-15.020.137,2013,29020,29020,SANCTORUM DE LAZARO CARDENAS,137,FRANCISCO VILLA,,20130707,,295,1021,,,,,180,,,,,,,,,,,,,,,,,45,1541,2153,0.715745471435207,297:298,info seccione de c demarcacion es de 2013,3,2,0.999999999999999,0
441,tla-15.021.138,2013,29021,29021,NANACAMILPA DE MARIANO ARISTA,138,FRANCISCO I MADERO,,20130707,,197,276,,,,57,,,115,,,,,,,,,,,,,,,16,661,900,0.734444444444444,304,info seccione de c demarcacion es de 2013,5,3,2,0
442,tla-15.021.139,2013,29021,29021,NANACAMILPA DE MARIANO ARISTA,139,TEPUENTE,,20130707,,34,38,,,,22,,,,,,,,,,,,,,,,,,4,98,143,0.685314685314685,306,info seccione de c demarcacion es de 2013,5,3,2,0
443,tla-15.021.140,2013,29021,29021,NANACAMILPA DE MARIANO ARISTA,140,SAN FELIPE HIDALGO,,20130707,,287,321,145,,,,,,,,,,,,,,,,,,,,,17,770,1111,0.693069306930693,308,info seccione de c demarcacion es de 2013,5,3,2,0
444,tla-15.022.141,2013,29022,29022,ACUAMANALA DE MIGUEL HIDALGO,141,SECCION 1A ACUAMANALA,,20130707,,401,95,142,149,,94,,13,,,,,,,,,1,,,,,,,32,927,1190,0.778991596638655,309,info seccione de c demarcacion es de 2013,4,4,0,0
445,tla-15.022.142,2013,29022,29022,ACUAMANALA DE MIGUEL HIDALGO,142,SECCION 3A CHIMALPA,,20130707,,118,92,289,167,,72,,15,196,,,,,,,,1,,,,,,,0,950,1208,0.786423841059603,310,info seccione de c demarcacion es de 2013,4,4,0,0
446,tla-15.022.143,2013,29022,29022,ACUAMANALA DE MIGUEL HIDALGO,143,SECCION 2A GUADALUPE HIDALGO,,20130707,,232,110,76,193,,250,,8,,,,,,,,,1,,,,,,,16,886,1073,0.825722273998136,311,info seccione de c demarcacion es de 2013,4,4,0,0
447,tla-15.022.144,2013,29022,29022,ACUAMANALA DE MIGUEL HIDALGO,144,SECCION 4A OLEXTLA DE JUAREZ,,20130707,,168,143,111,,,13,,,,,,,,,,,,,,,,,,20,455,613,0.742251223491028,312,info seccione de c demarcacion es de 2013,4,4,0,0
448,tla-15.023.145,2013,29023,29023,NATIVITAS,145,SAN JOSE ATOYATENCO,,20130707,,,31,99,195,,65,274,,183,,,,,,,,,,,,,,,51,898,1313,0.683929931454684,325,info seccione de c demarcacion es de 2013,13,5.00000000000001,8,0
449,tla-15.023.146,2013,29023,29023,NATIVITAS,146,SAN RAFAEL TENANYECAC,,20130707,,,351,628,287,,48,,90,,,,,,,,,,,,,,,,61,1465,2018,0.725966303270565,326,info seccione de c demarcacion es de 2013,13,5.00000000000001,8,0
450,tla-15.023.147,2013,29023,29023,NATIVITAS,147,SAN MIGUEL XOCHITECATITLA,,20130707,,27,263,495,,,,,335,,,,,,,,,,,,,,,,11,1131,1654,0.683796856106409,327,info seccione de c demarcacion es de 2013,13,5.00000000000001,8,0
451,tla-15.023.148,2013,29023,29023,NATIVITAS,148,SANTIAGO MICHAC,,20130707,,157,534,430,,577,,,,,,,,,,,,,,,,,,,41,1739,2490,0.698393574297189,329:330,info seccione de c demarcacion es de 2013,13,5.00000000000001,8,0
452,tla-15.023.149,2013,29023,29023,NATIVITAS,149,SAN MIGUEL ANALCO,,20130707,,121,109,49,303,38,,,80,,,,,,,,,,,,,,,,45,745,1051,0.708848715509039,331,info seccione de c demarcacion es de 2013,13,5.00000000000001,8,0
453,tla-15.024.150,2013,29024,29024,PANOTLA,150,COLONIA EMILIANO ZAPATA,,20130707,,42,227,223,,,105,77,108,,,,,,,,,,,,,,,,21,803,1191,0.674223341729639,335:336,info seccione de c demarcacion es de 2013,9,8,1,0
454,tla-15.024.151,2013,29024,29024,PANOTLA,151,SAN TADEO HUILOAPAN,,20130707,,414,226,164,,47,,134,216,,,,,,,,,,,,,,,,71,1272,2131,0.596902862505866,338,info seccione de c demarcacion es de 2013,9,8,1,0
455,tla-15.024.152,2013,29024,29024,PANOTLA,152,SANTA CATARINA APATLAHCO,,20130707,,86,,,,,70,,,,,,,,,,,,,,,,,,3,159,192,0.828125,341,info seccione de c demarcacion es de 2013,9,8,1,0
456,tla-15.024.153,2013,29024,29024,PANOTLA,153,SAN FRANCISCO TEMEZONTLA,,20130707,,134,83,197,212,42,26,,179,201,,,,,,,,,,,,,,,46,1120,1693,0.661547548730065,342,info seccione de c demarcacion es de 2013,9,8,1,0
457,tla-15.024.154,2013,29024,29024,PANOTLA,154,SAN AMBROSIO TEXANTLA,,20130707,,,112,195,,,,,,185,,,,,,,,,,,,,,,6,498,629,0.791732909379968,343,info seccione de c demarcacion es de 2013,9,8,1,0
458,tla-15.024.155,2013,29024,29024,PANOTLA,155,JESUS ACATITLA,,20130707,,,102,,,,59,205,131,32,,,,,,,,,,,,,,,3,532,688,0.773255813953488,344,info seccione de c demarcacion es de 2013,9,8,1,0
459,tla-15.024.156,2013,29024,29024,PANOTLA,156,SANTA CRUZ TECHACHALCO,,20130707,,,144,216,189,,306,,,152,,,,,,,,,,,,,,,21,1028,1482,0.693657219973009,345,info seccione de c demarcacion es de 2013,9,8,1,0
460,tla-15.024.157,2013,29024,29024,PANOTLA,157,SAN JORGE TEZOQUIPAN,,20130707,,279,423,335,,,165,516,,220,,,,,,,,,,,,,,,58,1996,3269,0.610584276537167,346:347,info seccione de c demarcacion es de 2013,9,8,1,0
461,tla-15.025.158,2013,29025,29025,SAN PABLO DEL MONTE,158,BARRIO DE SAN COSME,,20130707,,163,376,243,226,13,150,,296,508,,,,,,,1,,,,,,,,58,2034,2914,0.698009608785175,348,info seccione de c demarcacion es de 2013,12,12,0,0
462,tla-15.025.159,2013,29025,29025,SAN PABLO DEL MONTE,159,BARRIO DE SANTIAGO,,20130707,,273,395,260,145,18,535,322,55,,,,,,,,1,,,,,,,,73,2077,2919,0.711545049674546,349,info seccione de c demarcacion es de 2013,12,12,0,0
463,tla-15.025.160,2013,29025,29025,SAN PABLO DEL MONTE,160,BARRIO DE CRISTO,,20130707,,,507,737,557,43,499,,263,,,,,,,,1,,,,,,,,76,2683,3897,0.688478316653836,350,info seccione de c demarcacion es de 2013,12,12,0,0
464,tla-15.025.161,2013,29025,29025,SAN PABLO DEL MONTE,161,BARRIO DE SAN NICOLAS,,20130707,,851,723,866,,37,,,71,910,,,,,,,1,,,,,,,,108,3567,5430,0.656906077348066,351:352,info seccione de c demarcacion es de 2013,12,12,0,0
465,tla-15.025.162,2013,29025,29025,SAN PABLO DEL MONTE,162,BARRIO DE LA SANTISIMA,,20130707,,,548,495,421,28,,418,42,,,,,,,,1,,,,,,,,52,2005,2783,0.720445562342796,353,info seccione de c demarcacion es de 2013,12,12,0,0
466,tla-15.025.163,2013,29025,29025,SAN PABLO DEL MONTE,163,BARRIO DE SAN MIGUEL,,20130707,,408,674,614,,21,,,141,106,,,,,,,1,,,,,,,,61,2026,2976,0.680779569892473,354,info seccione de c demarcacion es de 2013,12,12,0,0
467,tla-15.025.164,2013,29025,29025,SAN PABLO DEL MONTE,164,BARRIO DE JESUS,,20130707,,219,434,325,239,14,,376,36,,,,,,,,1,,,,,,,,50,1694,2415,0.701449275362319,355,info seccione de c demarcacion es de 2013,12,12,0,0
468,tla-15.025.165,2013,29025,29025,SAN PABLO DEL MONTE,165,BARRIO DE SAN SEBASTIAN,,20130707,,232,344,656,431,14,,,140,189,,,,,,,1,,,,,,,,40,2047,3087,0.663103336572724,356,info seccione de c demarcacion es de 2013,12,12,0,0
469,tla-15.025.166,2013,29025,29025,SAN PABLO DEL MONTE,166,BARRIO DE SAN BARTOLOME,,20130707,,460,661,461,995,33,,257,334,231,,,,,,,1,,,,,,,,112,3545,5286,0.670639424895952,357:358,info seccione de c demarcacion es de 2013,12,12,0,0
470,tla-15.025.167,2013,29025,29025,SAN PABLO DEL MONTE,167,BARRIO DE SAN PEDRO,,20130707,,326,465,412,601,20,,,331,327,,,,,,,1,,,,,,,,57,2540,3865,0.657179818887451,359:360,info seccione de c demarcacion es de 2013,12,12,0,0
471,tla-15.025.168,2013,29025,29025,SAN PABLO DEL MONTE,168,BARRIO DE TLALTEPANGO,,20130707,,181,812,713,1505,65,,,112,130,,,,,,,1,,,,,,,,147,3666,5504,0.666061046511628,361:362,info seccione de c demarcacion es de 2013,12,12,0,0
472,tla-15.025.169,2013,29025,29025,SAN PABLO DEL MONTE,169,BARRIO DE SAN ISIDRO BUENSUCESO,,20130707,,450,1010,1625,,43,11,,323,,,,,,,,1,,,,,,,,107,3570,5401,0.660988705795223,363:364,info seccione de c demarcacion es de 2013,12,12,0,0
473,tla-15.026.170,2013,29026,29026,SANTA CRUZ TLAXCALA,170,SAN MIGUEL CONTLA,,20130707,,185,322,668,405,142,,104,86,154,,,,,,,,,,,,,,,77,2143,3454,0.620440069484655,365:366,info seccione de c demarcacion es de 2013,4,4,0,0
474,tla-15.026.171,2013,29026,29026,SANTA CRUZ TLAXCALA,171,SAN LUCAS TLACOCHCALCO,,20130707,,65,395,191,115,60,,15,409,,,,,,,,,,,,,,,,52,1302,1915,0.679895561357702,369,info seccione de c demarcacion es de 2013,4,4,0,0
475,tla-15.026.172,2013,29026,29026,SANTA CRUZ TLAXCALA,172,JESUS HUIZNAHUAC,,20130707,,223,220,,,72,49,,132,,,,,,,,,,,,,,,,14,710,876,0.810502283105023,370,info seccione de c demarcacion es de 2013,4,4,0,0
476,tla-15.026.173,2013,29026,29026,SANTA CRUZ TLAXCALA,173,GUADALUPE TLACHCO,,20130707,,495,465,,184,120,,99,169,,,,,,,,,,,,,,,,69,1601,2339,0.684480547242411,371,info seccione de c demarcacion es de 2013,4,4,0,0
477,tla-15.028.174,2013,29028,29028,TEOLOCHOLCO,174,SECCION 1A TECAHUALOYA,,20130707,,145,205,262,,186,,,60,190,,,,,,,,,,,,,,,24,1072,2976,0.360215053763441,378|384,info seccione de c demarcacion es de 2013,8,8,0,0
478,tla-15.028.175,2013,29028,29028,TEOLOCHOLCO,175,SECCION 2A TEOLOCHOLCO,,20130707,,264,226,631,,,,,,233,,,,,,,,,,,,,,,44,1398,2064,0.677325581395349,379,info seccione de c demarcacion es de 2013,8,8,0,0
479,tla-15.028.176,2013,29028,29028,TEOLOCHOLCO,176,SECCION 3A BARRIO DE CONTLA,,20130707,,588,536,865,,,,,,317,,,,,,,,,,,,,,,103,2409,3537,0.68108566581849,380,info seccione de c demarcacion es de 2013,8,8,0,0
480,tla-15.028.177,2013,29028,29028,TEOLOCHOLCO,177,ACXOTLA DEL MONTE,,20130707,,131,368,54,11,359,,,115,131,,,,,,,,,,,,,,,64,1233,1840,0.670108695652174,381,info seccione de c demarcacion es de 2013,8,8,0,0
481,tla-15.028.178,2013,29028,29028,TEOLOCHOLCO,178,SECCION 5A ACTIPAC,,20130707,,269,228,243,,168,,,,37,,,,,,,,,,,,,,,32,977,1347,0.725315515961396,382,info seccione de c demarcacion es de 2013,8,8,0,0
482,tla-15.028.179,2013,29028,29028,TEOLOCHOLCO,179,SECCION 6A CUAUHTLA,,20130707,,198,222,216,,321,,,,122,,,,,,,,,,,,,,,20,1099,1418,0.775035260930889,383,info seccione de c demarcacion es de 2013,8,8,0,0
483,tla-15.028.180,2013,29028,29028,TEOLOCHOLCO,180,CUAXINCA,,20130707,,29,145,50,,,,,,35,,,,,,,,,,,,,,,3,262,314,0.834394904458599,385,info seccione de c demarcacion es de 2013,8,8,0,0
484,tla-15.028.181,2013,29028,29028,TEOLOCHOLCO,181,EL CARMEN AZTAMA,,20130707,,520,284,407,,,,158,,,,,,,,,,,,,,,,,28,1397,1855,0.753099730458221,386,info seccione de c demarcacion es de 2013,8,8,0,0
485,tla-15.029.182,2013,29029,29029,TEPEYANCO,182,SANTIAGO TLACOCHCALCO,,20130707,,,125,,,274,204,,,,,,,,,,,,,,,,,,8,611,838,0.729116945107399,390,info seccione de c demarcacion es de 2013,7,4,3,0
486,tla-15.029.183,2013,29029,29029,TEPEYANCO,183,LA AURORA,,20130707,,,211,,,,307,,,,,,,,,,,,,,,,,,0,518,767,0.675358539765319,393,info seccione de c demarcacion es de 2013,7,4,3,0
487,tla-15.029.184,2013,29029,29029,TEPEYANCO,184,SAN COSME ATLAMAXAC,,20130707,,261,413,406,,,,,,262,,,,,,,,,,,,,,,32,1374,1706,0.805392731535756,394,info seccione de c demarcacion es de 2013,7,4,3,0
488,tla-15.029.185,2013,29029,29029,TEPEYANCO,185,SAN PEDRO XACALTZINGO,,20130707,,,114,315,,,375,215,,175,,,,,,,,,,,,,,,18,1212,1626,0.745387453874539,397,info seccione de c demarcacion es de 2013,7,4,3,0
489,tla-15.030.186,2013,29030,29030,TERRENATE,186,CHIPILO,,20130707,,306,250,161,,48,27,,123,81,,,,,,,,,,,,,,,68,1064,1459,0.729266620973269,399,info seccione de c demarcacion es de 2013,7,6,1,0
490,tla-15.030.187,2013,29030,29030,TERRENATE,187,VILLAREAL,,20130707,,77,168,,26,66,88,,122,226,,,,,,,,,,,,,,,39,812,1203,0.674979218620116,403,info seccione de c demarcacion es de 2013,7,6,1,0
491,tla-15.030.188,2013,29030,29030,TERRENATE,188,TOLUCA DE GUADALUPE,,20130707,,115,243,99,325,309,106,,171,100,,,,,,,,,,,,,,,94,1562,2193,0.712266301869585,404,info seccione de c demarcacion es de 2013,7,6,1,0
492,tla-15.030.189,2013,29030,29030,TERRENATE,189,COLONIA EL CAPULIN,,20130707,,41,66,18,101,87,17,,,,,,,,,,,,,,,,,,9,339,405,0.837037037037037,406,info seccione de c demarcacion es de 2013,7,6,1,0
493,tla-15.030.190,2013,29030,29030,TERRENATE,190,COLONIA GUADALUPE VICTORIA,,20130707,,42,261,,,,128,,65,10,,,,,,,,,,,,,,,18,524,622,0.842443729903537,407,info seccione de c demarcacion es de 2013,7,6,1,0
494,tla-15.030.191,2013,29030,29030,TERRENATE,191,NICOLAS BRAVO,,20130707,,,222,476,,,50,,96,,,,,,,,,,,,,,,,26,870,1140,0.763157894736842,408,info seccione de c demarcacion es de 2013,7,6,1,0
495,tla-15.031.192,2013,29031,29031,TETLA DE LA SOLIDARIDAD,192,COLONIA AGRICOLA DE DOLORES,,20130707,,199,86,91,113,92,,70,24,200,,,,,,,,,,,,,,,36,911,1191,0.764903442485307,409,info seccione de c demarcacion es de 2013,12,12,0,0
496,tla-15.031.193,2013,29031,29031,TETLA DE LA SOLIDARIDAD,193,SECCION 4A CHIAUTZINGO,,20130707,,164,198,82,89,32,53,33,30,141,,,,,,,,,,,,,,,29,851,1145,0.743231441048035,410,info seccione de c demarcacion es de 2013,12,12,0,0
497,tla-15.031.194,2013,29031,29031,TETLA DE LA SOLIDARIDAD,194,SECCION 1A ACTIPAN INFONAVIT,,20130707,,507,276,256,424,280,199,277,59,206,,,,,,,,,,,,,,,72,2556,4199,0.608716361038342,411|414:415,info seccione de c demarcacion es de 2013,12,12,0,0
498,tla-15.031.195,2013,29031,29031,TETLA DE LA SOLIDARIDAD,195,SECCION 2A TEOTLALPAN,,20130707,,353,119,242,261,24,162,161,110,109,,,,,,,,,,,,,,,39,1580,2486,0.635559131134352,412,info seccione de c demarcacion es de 2013,12,12,0,0
499,tla-15.031.196,2013,29031,29031,TETLA DE LA SOLIDARIDAD,196,SECCION 3A OCOTITLA,,20130707,,114,156,106,201,50,47,50,,53,,,,,,,,,,,,,,,40,817,1136,0.71919014084507,413,info seccione de c demarcacion es de 2013,12,12,0,0
500,tla-15.031.197,2013,29031,29031,TETLA DE LA SOLIDARIDAD,197,SANTA MARIA CAPULAC,,20130707,,194,,22,225,39,138,19,,141,,,,,,,,,,,,,,,29,807,1036,0.778957528957529,416,info seccione de c demarcacion es de 2013,12,12,0,0
501,tla-15.031.198,2013,29031,29031,TETLA DE LA SOLIDARIDAD,198,SANTA FE LA TROJE,,20130707,,25,10,61,39,3,94,,,13,,,,,,,,,,,,,,,2,247,291,0.848797250859107,417,info seccione de c demarcacion es de 2013,12,12,0,0
502,tla-15.031.199,2013,29031,29031,TETLA DE LA SOLIDARIDAD,199,COLONIA PLAN DE AYALA,,20130707,,12,50,,131,32,46,,,33,,,,,,,,,,,,,,,8,312,393,0.793893129770992,418,info seccione de c demarcacion es de 2013,12,12,0,0
503,tla-15.031.200,2013,29031,29031,TETLA DE LA SOLIDARIDAD,200,JOSE MARIA MORELOS Y PAVON,,20130707,,36,146,,96,,118,,,39,,,,,,,,,,,,,,,20,455,562,0.809608540925267,419,info seccione de c demarcacion es de 2013,12,12,0,0
504,tla-15.031.201,2013,29031,29031,TETLA DE LA SOLIDARIDAD,201,SAN FRANCISCO ATEXCATZINGO,,20130707,,635,225,160,134,229,264,102,,518,,,,,,,,,,,,,,,84,2351,3485,0.674605451936872,420:421,info seccione de c demarcacion es de 2013,12,12,0,0
505,tla-15.031.202,2013,29031,29031,TETLA DE LA SOLIDARIDAD,202,SAN BARTOLOME MATLALOHCAN,,20130707,,261,185,148,161,68,152,203,182,393,,,,,,,,,,,,,,,74,1827,2891,0.631961259079903,422,info seccione de c demarcacion es de 2013,12,12,0,0
506,tla-15.031.203,2013,29031,29031,TETLA DE LA SOLIDARIDAD,203,SAN ISIDRO PIEDRAS NEGRAS,,20130707,,61,14,,108,3,,,,,,,,,,,,,,,,,,,3,189,219,0.863013698630137,423,info seccione de c demarcacion es de 2013,12,12,0,0
507,tla-15.032.204,2013,29032,29032,TETLATLAHUCA,204,SAN BARTOLOME TENANGO,,20130707,,,,,,102,,306,282,329,,,,,,,,,,,,,,,16,1035,1316,0.786474164133739,424,info seccione de c demarcacion es de 2013,6,5,1,0
508,tla-15.032.205,2013,29032,29032,TETLATLAHUCA,205,SANTA CRUZ AQUIAHUAC,,20130707,,,1376,,,600,,,,,,,,,,,,,,,,,,,55,2031,2793,0.727175080558539,425:426,info seccione de c demarcacion es de 2013,6,5,1,0
509,tla-15.032.206,2013,29032,29032,TETLATLAHUCA,206,SANTA ISABEL TETLATLAHUCA,,20130707,,230,120,123,509,84,638,97,208,84,,,,,,,,,,,,,,,85,2178,3265,0.667075038284839,427:428,info seccione de c demarcacion es de 2013,6,5,1,0
510,tla-15.032.207,2013,29032,29032,TETLATLAHUCA,207,SAN ANDRES CUAMILPA,,20130707,,264,359,,,,121,,,,,,,,,,,,,,,,,,17,761,1042,0.730326295585413,431,info seccione de c demarcacion es de 2013,6,5,1,0
511,tla-15.032.210,2013,29032,29032,TETLATLAHUCA,210,SAN BUENAVENTURA ATEMPAN,,20130707,,120,168,202,,217,179,128,,,,,,,,,,,,,,,,,19,1033,1690,0.611242603550296,440,info seccione de c demarcacion es de 2013,6,5,1,0
512,tla-15.033.208,2013,29033,29033,TLAXCALA,208,SAN ESTEBAN TIZATLAN,,20130707,,421,1027,216,93,,65,220,472,48,,,,,,,,,,,,,,,96,2658,4465,0.595296752519597,435:437,info seccione de c demarcacion es de 2013,10,8,2,0
513,tla-15.033.209,2013,29033,29033,TLAXCALA,209,SANTA MARIA IXTULCO,,20130707,,133,310,663,132,,110,312,574,,,,,,,,,,,,,,,,62,2296,3518,0.652643547470154,438:439,info seccione de c demarcacion es de 2013,10,8,2,0
514,tla-15.033.211,2013,29033,29033,TLAXCALA,211,OCOTLAN,,20130707,,548,957,925,,606,367,999,471,173,,,,,,,,,,,,,,,256,5302,11066,0.479125248508946,444:445|453|458,info seccione de c demarcacion es de 2013,10,8,2,0
515,tla-15.033.212,2013,29033,29033,TLAXCALA,212,SAN HIPOLITO CHIMALPA,,20130707,,61,231,431,,216,,55,280,23,,,,,,,,,,,,,,,36,1333,2036,0.654715127701375,448,info seccione de c demarcacion es de 2013,10,8,2,0
516,tla-15.033.213,2013,29033,29033,TLAXCALA,213,SAN GABRIEL CUAUHTLA,,20130707,,170,347,426,,174,448,215,646,174,,,,,,,,,,,,,,,131,2731,5194,0.525798998844821,451:453|458,info seccione de c demarcacion es de 2013,10,8,2,0
517,tla-15.033.214,2013,29033,29033,TLAXCALA,214,LA TRINIDAD TEPEHITEC,,20130707,,163,279,183,,,168,232,,66,,,,,,,,,,,,,,,38,1129,1894,0.596092925026399,461:463,info seccione de c demarcacion es de 2013,10,8,2,0
518,tla-15.033.215,2013,29033,29033,TLAXCALA,215,SANTA MARIA ACUITLAPILCO,,20130707,,618,790,560,504,997,,345,746,146,,,,,,,,,,,,,,,226,4932,9142,0.539488077007219,465:466,info seccione de c demarcacion es de 2013,10,8,2,0
519,tla-15.033.216,2013,29033,29033,TLAXCALA,216,SAN LUCAS CUAHTELULPAN,,20130707,,510,299,394,,,305,391,178,339,,,,,,,,,,,,,,,75,2491,3546,0.702481669486746,468:469,info seccione de c demarcacion es de 2013,10,8,2,0
520,tla-15.034.217,2013,29034,29034,TLAXCO,217,6A SECCION,,20130707,,81,120,84,,25,130,75,29,,,,,,,,,,,,,,,,29,573,835,0.68622754491018,470,info seccione de c demarcacion es de 2013,37,29,7.99999999999999,0
521,tla-15.034.218,2013,29034,29034,TLAXCO,218,EL SABINAL,,20130707,,251,246,41,39,,,109,28,,,,,,,,,,,,,,,,63,777,1172,0.662969283276451,471,info seccione de c demarcacion es de 2013,37,29,7.99999999999999,0
522,tla-15.034.219,2013,29034,29034,TLAXCO,219,COL. ITURBIDE,,20130707,,282,211,95,,,,20,,24,,,,,,,,,,,,,,,34,666,1094,0.608775137111517,472,info seccione de c demarcacion es de 2013,37,29,7.99999999999999,0
523,tla-15.034.220,2013,29034,29034,TLAXCO,220,QUINTA SECCION BARRIO CHICO,,20130707,,136,157,92,,140,,13,80,,,,,,,,,,,,,,,,25,643,939,0.684771033013845,473,info seccione de c demarcacion es de 2013,37,29,7.99999999999999,0
524,tla-15.034.221,2013,29034,29034,TLAXCO,221,COLONIA TEPATLAXCO,,20130707,,363,189,35,,31,,6,,332,,,,,,,,,,,,,,,30,986,1496,0.659090909090909,474,info seccione de c demarcacion es de 2013,37,29,7.99999999999999,0
525,tla-15.034.222,2013,29034,29034,TLAXCO,222,COL. POSTAL Y VISTA HERMOSA,,20130707,,490,402,46,,358,,50,,31,,,,,,,,,,,,,,,70,1447,2327,0.621830683283197,476,info seccione de c demarcacion es de 2013,37,29,7.99999999999999,0
526,tla-15.034.223,2013,29034,29034,TLAXCO,223,COLONIA EJIDAL,,20130707,,161,173,36,,45,,44,105,132,,,,,,,,,,,,,,,17,713,1037,0.687560270009643,477,info seccione de c demarcacion es de 2013,37,29,7.99999999999999,0
527,tla-15.034.224,2013,29034,29034,TLAXCO,224,COLONIA SAN JUAN,,20130707,,87,90,14,20,,,9,62,25,,,,,,,,,,,,,,,3,310,428,0.724299065420561,478,info seccione de c demarcacion es de 2013,37,29,7.99999999999999,0
528,tla-15.034.225,2013,29034,29034,TLAXCO,225,ACOPINALCO DEL PEÑON,,20130707,,236,192,112,45,505,,29,,73,,,,,,,,,,,,,,,40,1232,1846,0.66738894907909,481,info seccione de c demarcacion es de 2013,37,29,7.99999999999999,0
529,tla-15.034.226,2013,29034,29034,TLAXCO,226,EL ROSARIO,,20130707,,465,94,400,,,,77,,,,,,,,,,,,,,,,,29,1065,1645,0.64741641337386,482,info seccione de c demarcacion es de 2013,37,29,7.99999999999999,0
530,tla-15.034.227,2013,29034,29034,TLAXCO,227,UNION EJIDAL TIERRA Y LIBERTAD,,20130707,,207,95,282,,,236,11,,122,,,,,,,,,,,,,,,24,977,1526,0.640235910878113,484,info seccione de c demarcacion es de 2013,37,29,7.99999999999999,0
531,tla-15.034.228,2013,29034,29034,TLAXCO,228,MARIANO MATAMOROS,,20130707,,206,99,110,,,,,,,,,,,,,,,,,,,,,7,422,627,0.67304625199362,485,info seccione de c demarcacion es de 2013,37,29,7.99999999999999,0
532,tla-15.034.229,2013,29034,29034,TLAXCO,229,ASERRADERO CASA BLANCA,,20130707,,126,64,163,,,,49,,,,,,,,,,,,,,,,,14,416,552,0.753623188405797,486,info seccione de c demarcacion es de 2013,37,29,7.99999999999999,0
533,tla-15.034.230,2013,29034,29034,TLAXCO,230,LAGUNILLAS,,20130707,,79,262,253,,,,37,,44,,,,,,,,,,,,,,,24,699,1133,0.616946160635481,488,info seccione de c demarcacion es de 2013,37,29,7.99999999999999,0
534,tla-15.034.231,2013,29034,29034,TLAXCO,231,LA CIENEGA,,20130707,,69,42,17,,,,,,,,,,,,,,,,,,,,,6,134,171,0.783625730994152,490,info seccione de c demarcacion es de 2013,37,29,7.99999999999999,0
535,tla-15.034.232,2013,29034,29034,TLAXCO,232,ATOTONILCO,,20130707,,169,196,351,,,,68,222,341,,,,,,,,,,,,,,,159,1506,2401,0.627238650562266,491,info seccione de c demarcacion es de 2013,37,29,7.99999999999999,0
536,tla-15.034.233,2013,29034,29034,TLAXCO,233,SAN PEDRO LA CUEVA,,20130707,,29,79,1,,,,39,,,,,,,,,,,,,,,,,7,155,257,0.603112840466926,492,info seccione de c demarcacion es de 2013,37,29,7.99999999999999,0
537,tla-15.034.234,2013,29034,29034,TLAXCO,234,SAN ANTONIO HUEXOTITLA,,20130707,,129,94,,,,,,,,,,,,,,,,,,,,,,5,228,458,0.497816593886463,493,info seccione de c demarcacion es de 2013,37,29,7.99999999999999,0
538,tla-15.034.235,2013,29034,29034,TLAXCO,235,SAN JOSE TEPEYAHUALCO,,20130707,,269,,34,,223,,28,,,,,,,,,,,,,,,,,21,575,783,0.734355044699872,494,info seccione de c demarcacion es de 2013,37,29,7.99999999999999,0
539,tla-15.034.236,2013,29034,29034,TLAXCO,236,SAN LORENZO SOLTEOPEC,,20130707,,,58,79,,,,19,206,128,,,,,,,,,,,,,,,16,506,727,0.696011004126548,495,info seccione de c demarcacion es de 2013,37,29,7.99999999999999,0
540,tla-15.034.237,2013,29034,29034,TLAXCO,237,LA PALMA,,20130707,,80,,23,,59,,3,,,,,,,,,,,,,,,,,4,169,204,0.82843137254902,497,info seccione de c demarcacion es de 2013,37,29,7.99999999999999,0
541,tla-15.034.238,2013,29034,29034,TLAXCO,238,LA ROSA,,20130707,,,84,,,47,,3,,,,,,,,,,,,,,,,,1,135,184,0.733695652173913,497,info seccione de c demarcacion es de 2013,37,29,7.99999999999999,0
542,tla-15.034.239,2013,29034,29034,TLAXCO,239,RANCHERIA LAS MESAS,,20130707,,79,,9,,,,58,,,,,,,,,,,,,,,,,4,150,181,0.828729281767956,498,info seccione de c demarcacion es de 2013,37,29,7.99999999999999,0
543,tla-15.034.240,2013,29034,29034,TLAXCO,240,COL MAXIMO ROJAS XALOSTOC,,20130707,,142,49,83,121,166,,25,22,,,,,,,,,,,,,,,,14,622,765,0.813071895424837,499,info seccione de c demarcacion es de 2013,37,29,7.99999999999999,0
544,tla-15.034.241,2013,29034,29034,TLAXCO,241,LA MAGDALENA SOLTEPEC,,20130707,,57,67,71,,,,121,,,,,,,,,,,,,,,,,14,330,451,0.731707317073171,500,info seccione de c demarcacion es de 2013,37,29,7.99999999999999,0
545,tla-15.034.242,2013,29034,29034,TLAXCO,242,COL. JOSE MA. MORELOS BUENAVISTA,,20130707,,212,398,44,,,,53,211,,,,,,,,,,,,,,,,35,953,1283,0.742790335151988,501,info seccione de c demarcacion es de 2013,37,29,7.99999999999999,0
546,tla-15.034.243,2013,29034,29034,TLAXCO,243,SANTA MARIA ZOTOLUCA,,20130707,,,136,28,,,,15,,53,,,,,,,,,,,,,,,15,247,311,0.794212218649518,502,info seccione de c demarcacion es de 2013,37,29,7.99999999999999,0
547,tla-15.034.244,2013,29034,29034,TLAXCO,244,CAPILLA DE TEPEYAHUALCO,,20130707,,46,3,49,,,,,,,,,,,,,,,,,,,,,1,99,129,0.767441860465116,503,info seccione de c demarcacion es de 2013,37,29,7.99999999999999,0
548,tla-15.034.245,2013,29034,29034,TLAXCO,245,RANCHERIA OJO DE AGUA,,20130707,,27,55,60,,7,,,,,,,,,,,,,,,,,,,1,150,185,0.810810810810811,504,info seccione de c demarcacion es de 2013,37,29,7.99999999999999,0
549,tla-15.035.246,2013,29035,29035,TOCATLAN,246,SANTACRUZ VENUSTIANO CARRANZA,,20130707,,16,41,24,77,120,27,,,136,,,,,,,,,,,,,,,8,449,566,0.793286219081272,507,info seccione de c demarcacion es de 2013,1,1,0,0
550,tla-15.036.247,2013,29036,29036,TOTOLAC,247,LOS REYES QUIAHUIXTLAN,,20130707,,275,61,31,173,200,244,99,78,91,,,,,,,,,,,,,,,64,1316,1795,0.733147632311978,508:509,info seccione de c demarcacion es de 2013,9,7,2,0
551,tla-15.036.248,2013,29036,29036,TOTOLAC,248,LA CANDELARIA TEOTLALPAN,,20130707,,64,143,42,21,,38,112,119,35,,,,,,,,,,,,,,,28,602,868,0.693548387096774,511,info seccione de c demarcacion es de 2013,9,7,2,0
552,tla-15.036.249,2013,29036,29036,TOTOLAC,249,SAN FRANCISCO OCOTELULCO,,20130707,,36,162,136,80,,115,131,245,31,,,,,,,,,,,,,,,32,968,1462,0.662106703146375,512,info seccione de c demarcacion es de 2013,9,7,2,0
553,tla-15.036.250,2013,29036,29036,TOTOLAC,250,ACXOTLA DEL RIO,,20130707,,68,421,284,,,101,234,105,23,,,,,,,,,,,,,,,53,1289,2117,0.608880491261219,513,info seccione de c demarcacion es de 2013,9,7,2,0
554,tla-15.036.251,2013,29036,29036,TOTOLAC,251,SAN MIGUEL TLAMAHUCO,,20130707,,143,146,132,113,,,110,121,,,,,,,,,,,,,,,,37,802,1283,0.625097427903352,514,info seccione de c demarcacion es de 2013,9,7,2,0
555,tla-15.036.252,2013,29036,29036,TOTOLAC,252,SAN JUAN TOTOLAC,,20130707,,181,1219,391,369,,,605,354,203,,,,,,,,,,,,,,,90,3412,4841,0.704813055153894,515:517,info seccione de c demarcacion es de 2013,9,7,2,0
556,tla-15.036.253,2013,29036,29036,TOTOLAC,253,BARRIO DE ZARAGOZA,,20130707,,147,68,262,21,,,212,153,,,,,,,,,,,,,,,,37,900,1319,0.682335102350265,335|518,info seccione de c demarcacion es de 2013,9,7,2,0
557,tla-15.037.254,2013,29037,29037,ZITLALTEPEC DE TRINIDAD SANCHEZ SANTOS,254,SAN JUAN BAUTISTA MIER,,20130707,,,213,,,,27,,157,,,,,,,,,,,,,,,,7,404,512,0.7890625,524,info seccione de c demarcacion es de 2013,2,2,0,0
558,tla-15.037.255,2013,29037,29037,ZITLALTEPEC DE TRINIDAD SANCHEZ SANTOS,255,COLONIA FRANCISCO JAVIER MINA,,20130707,,,142,125,,376,,,37,,,,,,,,,,,,,,,,30,710,857,0.828471411901984,525,info seccione de c demarcacion es de 2013,2,2,0,0
559,tla-15.038.256,2013,29038,29038,TZOMPANTEPEC,256,SAN ANDRES AHUASHUASTEPEC,,20130707,,215,410,440,347,225,360,396,561,400,,,,,,,,,,,,,,,154,3508,6235,0.562630312750602,527:528,info seccione de c demarcacion es de 2013,5,5,0,0
560,tla-15.038.257,2013,29038,29038,TZOMPANTEPEC,257,SAN SALVADOR TZOMPANTEPEC,,20130707,,165,236,103,,300,,104,,,,,,,,,,,,,,,,,45,953,1329,0.717080511662904,529,info seccione de c demarcacion es de 2013,5,5,0,0
561,tla-15.038.258,2013,29038,29038,TZOMPANTEPEC,258,SAN JUAN QUETZALCOALPAN,,20130707,,88,196,91,,68,165,24,44,18,,,,,,,,,,,,,,,32,726,1033,0.702807357212004,530,info seccione de c demarcacion es de 2013,5,5,0,0
562,tla-15.038.259,2013,29038,29038,TZOMPANTEPEC,259,XALTIANQUISCO SECCION 3A,,20130707,,35,143,25,13,81,24,,142,43,,,,,,,,,,,,,,,22,528,617,0.855753646677472,536,info seccione de c demarcacion es de 2013,5,5,0,0
563,tla-15.038.260,2013,29038,29038,TZOMPANTEPEC,260,SAN MATEO INOPHIL,,20130707,,,40,41,,41,67,,,,,,,,,,,,,,,,,,4,193,236,0.817796610169492,537,info seccione de c demarcacion es de 2013,5,5,0,0
564,tla-15.039.261,2013,29039,29039,XALOZTOC,261,GUADALUPE TEXMOLAC,,20130707,,252,315,137,,211,163,123,29,11,,,,,,,,,,,,,,,57,1298,1938,0.669762641898865,538,info seccione de c demarcacion es de 2013,9,9,0,0
565,tla-15.039.262,2013,29039,29039,XALOZTOC,262,COLONIA SANTA MARTHA SECCION TERCERA,,20130707,,193,284,108,112,84,141,,67,276,,,,,,,,,,,,,,,70,1335,1861,0.717356260075228,539,info seccione de c demarcacion es de 2013,9,9,0,0
566,tla-15.039.263,2013,29039,29039,XALOZTOC,263,SAN COSME XALOSTOC HUIZNAHUAC 1A SECCION,,20130707,,225,236,390,192,285,280,71,88,55,,,,,,,,,,,,,,,60,1882,2857,0.658732936646832,540,info seccione de c demarcacion es de 2013,9,9,0,0
567,tla-15.039.264,2013,29039,29039,XALOZTOC,264,SAN COSME XALOZTOC 2A SECCION,,20130707,,208,424,248,92,306,68,,194,32,,,,,,,,,,,,,,,60,1632,2552,0.639498432601881,541,info seccione de c demarcacion es de 2013,9,9,0,0
568,tla-15.039.265,2013,29039,29039,XALOZTOC,265,SAN PEDRO TLACOTEPEC,,20130707,,28,340,130,81,306,173,,173,123,,,,,,,,,,,,,,,51,1405,2152,0.652881040892193,542,info seccione de c demarcacion es de 2013,9,9,0,0
569,tla-15.039.266,2013,29039,29039,XALOZTOC,266,COLONIA VENUSTIANO CARRANZA,,20130707,,150,326,282,173,58,65,112,56,46,,,,,,,,,,,,,,,51,1319,1903,0.693116132422491,543,info seccione de c demarcacion es de 2013,9,9,0,0
570,tla-15.039.267,2013,29039,29039,XALOZTOC,267,COLONIA VELASCO,,20130707,,26,57,125,,97,100,18,5,,,,,,,,,,,,,,,,26,454,553,0.820976491862568,544,info seccione de c demarcacion es de 2013,9,9,0,0
571,tla-15.039.268,2013,29039,29039,XALOZTOC,268,COLONIA JOSE LOPEZ PORTILLO,,20130707,,66,31,59,,69,21,19,,32,,,,,,,,,,,,,,,9,306,451,0.678492239467849,545,info seccione de c demarcacion es de 2013,9,9,0,0
572,tla-15.039.269,2013,29039,29039,XALOZTOC,269,SANTA CRUZ ZACATZONTETLA,,20130707,,13,103,109,,36,82,135,24,8,,,,,,,,,,,,,,,17,527,655,0.804580152671756,546,info seccione de c demarcacion es de 2013,9,9,0,0
573,tla-15.040.270,2013,29040,29040,XALTOCAN,270,TOPILCO DE JUAREZ,,20130707,,70,340,137,62,76,348,,83,42,,,,,,,,,,,,,,,54,1212,1770,0.684745762711864,548,info seccione de c demarcacion es de 2013,7,6,1,0
574,tla-15.040.271,2013,29040,29040,XALTOCAN,271,SAN JOSE TEXOPA,,20130707,,,97,37,,67,,,,,,,,,,,,,,,,,,,7,208,267,0.779026217228464,553,info seccione de c demarcacion es de 2013,7,6,1,0
575,tla-15.040.272,2013,29040,29040,XALTOCAN,272,LAS MESAS,,20130707,,,,36,,68,,,,,,,,,,,,,,,,,,,3,107,150,0.713333333333333,554,info seccione de c demarcacion es de 2013,7,6,1,0
576,tla-15.040.273,2013,29040,29040,XALTOCAN,273,SANTA BARBARA ACUIZCUIZTEPEC,,20130707,,34,92,48,,80,100,24,29,67,,,,,,,,,,,,,,,20,494,660,0.748484848484849,555,info seccione de c demarcacion es de 2013,7,6,1,0
577,tla-15.040.274,2013,29040,29040,XALTOCAN,274,CUATLA,,20130707,,56,90,147,13,,61,,,132,,,,,,,,,,,,,,,11,510,679,0.751104565537555,556,info seccione de c demarcacion es de 2013,7,6,1,0
578,tla-15.040.275,2013,29040,29040,XALTOCAN,275,LA ASCENCION HUIZCOLOTEPEC,,20130707,,,,,,,,,,,,,,,,,,,,,,,,,0,0,672,0,557,info seccione de c demarcacion es de 2013,7,6,1,0
579,tla-15.041.276,2013,29041,29041,PAPALOTLA DE XICOHTENCATL,276,SAN BUENAVENTURA,,20130707,,,312,818,,,,,,43,,,,,,,,,,,,,,,23,1196,1820,0.657142857142857,563,info seccione de c demarcacion es de 2013,3,3,0,0
580,tla-15.041.277,2013,29041,29041,PAPALOTLA DE XICOHTENCATL,277,PANZACOLA,,20130707,,,564,1061,,,,,,65,,,,,,,,,,,,,,,30,1720,2749,0.625682066205893,564:565,info seccione de c demarcacion es de 2013,3,3,0,0
581,tla-15.041.278,2013,29041,29041,PAPALOTLA DE XICOHTENCATL,278,SAN MARCOS CONTLA,,20130707,,,622,133,,,692,,199,34,,,,,,,,,,,,,,,53,1733,2418,0.716708023159636,566:567,info seccione de c demarcacion es de 2013,3,3,0,0
582,tla-15.043.279,2013,29043,29043,YAUHQUEMEHCAN ,279,SAN FRANCISCO TLACUILOHCAN,,20130707,,311,251,216,,46,,,226,,,,,,,,,,,,,,,,28,1078,1596,0.675438596491228,575:576|579,info seccione de c demarcacion es de 2013,8,8,0,0
583,tla-15.043.280,2013,29043,29043,YAUHQUEMEHCAN ,280,SAN LORENZO TLACUALOYAN,,20130707,,85,78,80,132,35,,,23,,,,,,,,,,,,,,,,18,451,597,0.755443886097152,577,info seccione de c demarcacion es de 2013,8,8,0,0
584,tla-15.043.281,2013,29043,29043,YAUHQUEMEHCAN ,281,OCOTOXCO,,20130707,,182,100,76,36,74,,,,30,,,,,,,,,,,,,,,6,504,635,0.793700787401575,578,info seccione de c demarcacion es de 2013,8,8,0,0
585,tla-15.043.282,2013,29043,29043,YAUHQUEMEHCAN ,282,SANTA MARIA ATLIHUETZIA,,20130707,,366,930,153,166,,,,,,,,,,,,,,,,,,,,59,1674,2725,0.614311926605505,578|585,info seccione de c demarcacion es de 2013,8,8,0,0
586,tla-15.043.283,2013,29043,29043,YAUHQUEMEHCAN ,283,SAN JOSE TETEL,,20130707,,457,439,255,633,127,165,,141,108,,,,,,,,,,,,,,,143,2468,4573,0.539689481740652,580:581,info seccione de c demarcacion es de 2013,8,8,0,0
587,tla-15.043.284,2013,29043,29043,YAUHQUEMEHCAN ,284,SANTA URSULA ZIMATEPEC,,20130707,,444,466,189,,170,,265,119,228,,,,,,,,,,,,,,,82,1963,3690,0.531978319783198,582,info seccione de c demarcacion es de 2013,8,8,0,0
588,tla-15.043.285,2013,29043,29043,YAUHQUEMEHCAN ,285,SAN BENITO XALTOCAN,,20130707,,294,247,214,,216,,,,107,,,,,,,,,,,,,,,49,1127,2439,0.462074620746207,583,info seccione de c demarcacion es de 2013,8,8,0,0
589,tla-15.043.286,2013,29043,29043,YAUHQUEMEHCAN ,286,BARRIO DE HUACALTZINGO,,20130707,,152,133,48,,,,,112,128,,,,,,,,,,,,,,,28,601,951,0.631966351209253,584,info seccione de c demarcacion es de 2013,8,8,0,0
590,tla-15.044.287,2013,29044,29044,ZACATELCO,287,1A SECCION TLATLACOLA,,20130707,,501,687,618,8,312,414,552,341,517,,,,,,,,,,,,,,,184,4134,7675,0.538631921824104,588:591|593:594,info seccione de c demarcacion es de 2013,7,7,0,0
591,tla-15.044.288,2013,29044,29044,ZACATELCO,288,2A SECCION,,20130707,,482,906,965,166,521,1030,90,,359,,,,,,,,,,,,,,,210,4729,7706,0.613677653776278,588|591:593,info seccione de c demarcacion es de 2013,7,7,0,0
592,tla-15.044.289,2013,29044,29044,ZACATELCO,289,BARRIO DE EXQUITLA,,20130707,,462,144,201,35,,83,82,,200,,,,,,,,,,,,,,,42,1249,1906,0.655299055613851,594:595,info seccione de c demarcacion es de 2013,7,7,0,0
593,tla-15.044.290,2013,29044,29044,ZACATELCO,290,3A SECCION BARRIO DE XOCHICALCO,,20130707,,457,89,431,105,,366,100,248,54,,,,,,,,,,,,,,,60,1910,2825,0.676106194690265,596:597,info seccione de c demarcacion es de 2013,7,7,0,0
594,tla-15.044.291,2013,29044,29044,ZACATELCO,291,4A SECCION BARRIO DE MANANTIALES,,20130707,,273,233,400,107,142,50,190,335,741,,,,,,,,,,,,,,,67,2538,3940,0.644162436548223,598:599,info seccione de c demarcacion es de 2013,7,7,0,0
595,tla-15.044.292,2013,29044,29044,ZACATELCO,292,8A SECCION BARRIO DE XITOTOTLA,,20130707,,433,655,270,146,,,,,94,,,,,,,,,,,,,,,33,1631,2427,0.672023073753605,599|601,info seccione de c demarcacion es de 2013,7,7,0,0
596,tla-15.044.293,2013,29044,29044,ZACATELCO,293,7A SECCION DE BARRIO DE GUARDIA,,20130707,,411,376,266,93,,,,414,167,,,,,,,,,,,,,,,49,1776,2709,0.655592469545958,600,info seccione de c demarcacion es de 2013,7,7,0,0
597,tla-15.046.299,2013,29046,29054,EMILIANO ZAPATA,299,COLONIA GUSTAVO DIAZ ORDAZ,,20130707,,118,139,161,9,,,48,23,97,,,,,,,,1,,,,,,,31,627,745,0.841610738255034,100|608,info seccione de c demarcacion es de 2013,1,1,0,0
598,tla-15.058.296,2013,29058,29048,SANTA CATARINA AYOMETLA,296,BARRIO DE TLAXCALTECATLA,,20130707,,310,297,227,239,,100,63,,,,,,,,,,,,,,,,,42,1278,1738,0.735327963176064,602,info seccione de c demarcacion es de 2013,3,3,0,0
599,tla-15.058.297,2013,29058,29048,SANTA CATARINA AYOMETLA,297,COLONIA ESTOCAPA,,20130707,,95,66,80,91,,41,40,,,,,,,,,,,,,,,,,14,427,1158,0.36873920552677,603,info seccione de c demarcacion es de 2013,3,3,0,0
600,tla-15.058.298,2013,29058,29048,SANTA CATARINA AYOMETLA,298,BARRIO DE TLAPAYATLA,,20130707,,139,200,241,120,,43,13,,,,,,,,,,,,,,,,,15,771,1065,0.723943661971831,605,info seccione de c demarcacion es de 2013,3,3,0,0
601,tla-15.059.294,2013,29059,29046,SANTA CRUZ QUILEHTLA,294,SANTA CRUZ QUILEHTLA,,20130707,,565,361,456,,,262,,329,,,,,,,,,,,,,,,,61,2034,3050,0.666885245901639,313:314,info seccione de c demarcacion es de 2013,2,2,0,0
602,tla-15.059.295,2013,29059,29046,SANTA CRUZ QUILEHTLA,295,SANTIAGO AYOMETITLA,,20130707,,,422,,225,,,,175,,,,,,,,,,,,,,,,32,854,1209,0.706368899917287,315,info seccione de c demarcacion es de 2013,2,2,0,0
603,tla-16.001.001,2016,29001,29001,AMAXAC DE GUERRERO,1,SAN DAMIAN TLACOCALPAN,,20160605,,,200,,,,,,,,268,,,,,,,,,,,,,30,16,514,627,0.819776714513557,4,,1,1,0,0
604,tla-16.002.002,2016,29002,29002,APETATITLAN DE ANTONIO CARVAJAL,2,TLATEMPA,***,20160605,,222,725,386,,,,,39,,214,33,,,,,,,,,,,,21,70,1710,2366,0.722738799661877,5,,4,4,0,0
605,tla-16.002.003,2016,29002,29002,APETATITLAN DE ANTONIO CARVAJAL,3,SAN MATIAS TEPETOMATITLAN,***,20160605,,829,243,233,16,,,,183,,85,,,,,,,,,,,,,34,44,1667,2271,0.734037868780273,9,,4,4,0,0
606,tla-16.002.004,2016,29002,29002,APETATITLAN DE ANTONIO CARVAJAL,4,BELEN ATZITZIMITITLAN,,20160605,,313,648,381,43,,,66,245,,,,,,,,,,,,,,,1,34,1731,2363,0.732543377063055,10,,4,4,0,0
607,tla-16.002.005,2016,29002,29002,APETATITLAN DE ANTONIO CARVAJAL,5,BARRIO DE TECOLOTLA,,20160605,,194,68,191,,,,,18,,43,,,,,,,,,113,ind_braulio_muñoz_cocoletzi,,,0,16,643,826,0.778450363196126,11,,4,4,0,0
608,tla-16.003.013,2016,29003,29004,ATLANGATEPEC,13,SANTA CLARA OZUMBA,,20160605,,3,140,,,,,129,,3,,,,,,,,,,,,,,0,11,286,343,0.833819241982507,50,,9,8,1,0
609,tla-16.003.014,2016,29003,29004,ATLANGATEPEC,14,SANTIAGO VILLALTA,,20160605,,35,96,,,,26,64,,7,10,,,,,,,,,,,,,0,12,250,305,0.819672131147541,51,,9,8,1,0
610,tla-16.003.015,2016,29003,29004,ATLANGATEPEC,15,COLONIA AGRICOLA SAN LUIS,,20160605,,,47,,,,,,,35,,,,,,,,,,,,,,0,1,83,101,0.821782178217822,52,,9,8,1,0
611,tla-16.003.016,2016,29003,29004,ATLANGATEPEC,16,ZUMPANGO,,20160605,,115,209,,,55,53,166,,11,135,,,,,,,,,,,,,0,24,768,1065,0.72112676056338,53,,9,8,1,0
612,tla-16.003.017,2016,29003,29004,ATLANGATEPEC,17,BENITO JUAREZ TEZOYO,,20160605,,,156,,,,21,,,6,71,,,,,,,,,,,,,0,12,266,380,0.7,54,,9,8,1,0
613,tla-16.003.018,2016,29003,29004,ATLANGATEPEC,18,COLONIA LA TRASQUILA,,20160605,,72,66,8,,,2,20,,62,8,,,,,,,,,,,,,0,9,247,311,0.794212218649518,55,,9,8,1,0
614,tla-16.003.019,2016,29003,29004,ATLANGATEPEC,19,SAN PEDRO ECACTEPEC,,20160605,,66,404,,,,9,198,158,15,,,,,,,,,,,,,,0,57,907,1163,0.7798796216681,56,,9,8,1,0
615,tla-16.003.020,2016,29003,29004,ATLANGATEPEC,20,COLONIA VILLA DE LAS FLORES,,20160605,,59,83,,,,51,,,4,,,,,,,,,,,,,,0,5,202,299,0.675585284280936,57,,9,8,1,0
616,tla-16.004.021,2016,29004,29005,ATLTZAYANCA  ,21,BARRIO DE GUADALUPE,,20160605,,,84,92,,,46,,128,,35,,,,,,,,,,,,,0,15,400,539,0.742115027829313,59,,21,20,1,0
617,tla-16.004.022,2016,29004,29005,ATLTZAYANCA  ,22,BARRIO DE LA CONCEPCION,,20160605,,6,60,,,105,1,,98,,40,,,,,,,,,,,,,2,14,326,424,0.768867924528302,59,,21,20,1,0
618,tla-16.004.023,2016,29004,29005,ATLTZAYANCA  ,23,BARRIO DE SANTIAGO,,20170604,extra,0,121,133,,,,,51,43,59,,,,,,,,,,,,,0,15,422,632,0.667721518987342,60,,21,20,1,0
619,tla-16.004.024,2016,29004,29005,ATLTZAYANCA  ,24,LA GARITA,,20170604,extra,0,82,0,,,,,22,0,138,,,,,,,,,,,,,0,9,251,363,0.691460055096419,61,,21,20,1,0
620,tla-16.004.025,2016,29004,29005,ATLTZAYANCA  ,25,SAN JOSE BUENAVISTA,,20160605,,12,,22,,1,,,20,,61,,,,,,,,,,,,,0,13,129,177,0.728813559322034,61,,21,20,1,0
621,tla-16.004.026,2016,29004,29005,ATLTZAYANCA  ,26,LAZARO CARDENAS,,20160605,,8,53,52,,125,,,1,,10,,,,,,,,,,,,,0,13,262,313,0.837060702875399,62,,21,20,1,0
622,tla-16.004.027,2016,29004,29005,ATLTZAYANCA  ,27,SAN ANTONIO TECOPILCO,,20160605,,,116,66,,11,,27,23,,,,,,,,,,,,,,,0,7,250,323,0.773993808049536,63,,21,20,1,0
623,tla-16.004.028,2016,29004,29005,ATLTZAYANCA  ,28,SAN JUAN OCOTITLA,,20160605,,,,94,,,,,9,3,61,,,,,,,,,,,,,0,5,172,212,0.811320754716981,64,,21,20,1,0
624,tla-16.004.029,2016,29004,29005,ATLTZAYANCA  ,29,SAN JOSE PILANCON,,20160605,,8,65,20,,64,,,27,,4,,,,,,,,,,,,,0,1,189,212,0.891509433962264,65,,21,20,1,0
625,tla-16.004.030,2016,29004,29005,ATLTZAYANCA  ,30,XALTITLA,,20160605,,0,0,68,0,172,0,0,80,0,47,0,0,0,0,0,,,,0,,0,,0,26,393,529,0.742911153119093,60|66|72,,21,20,1,0
626,tla-16.004.031,2016,29004,29005,ATLTZAYANCA  ,31,MESA REDONDA,,20160605,,,98,,,,,,67,,,,,,,,,,,,,,,0,6,171,204,0.838235294117647,67,,21,20,1,0
627,tla-16.004.032,2016,29004,29005,ATLTZAYANCA  ,32,CONCEPCION HIDALGO,,20160605,,273,364,354,,15,,,140,3,105,,,,,,,,,,,,,1,72,1327,1821,0.728720483250961,68,,21,20,1,0
628,tla-16.004.033,2016,29004,29005,ATLTZAYANCA  ,33,FELIPE CARRILLO PUERTO,***,20160605,,53,86,146,,3,,,13,,187,,,,,,,,,,,,,92,24,604,798,0.756892230576441,69,,21,20,1,0
629,tla-16.004.034,2016,29004,29005,ATLTZAYANCA  ,34,NEXNOPALA,,20160605,,45,157,,,,,,149,,28,,,,,,,,,,,,,0,22,401,518,0.774131274131274,70,,21,20,1,0
630,tla-16.004.035,2016,29004,29005,ATLTZAYANCA  ,35,RANCHERIA POCITOS,***,20160605,,17,224,133,,153,,,6,,4,,,,,,,,,,,,,130,27,694,878,0.790432801822323,71,,21,20,1,0
631,tla-16.004.036,2016,29004,29005,ATLTZAYANCA  ,36,SANTA MARIA LAS CUEVAS,,20160605,,80,195,181,,29,,,6,,2,,,,,,,,,,,,,0,20,513,603,0.850746268656716,72,,21,20,1,0
632,tla-16.004.037,2016,29004,29005,ATLTZAYANCA  ,37,NAZARETH,***,20160605,,,30,40,,,,,84,,23,,,,,,,,,,,,,39,7,223,252,0.884920634920635,73,,21,20,1,0
633,tla-16.004.038,2016,29004,29005,ATLTZAYANCA  ,38,SANTA CRUZ POCITOS,,20160605,,207,116,163,,3,,,244,,19,,,,,,,,,,,,,0,29,781,954,0.818658280922432,74,,21,20,1,0
634,tla-16.004.039,2016,29004,29005,ATLTZAYANCA  ,39,LOMAS DE JUNGUITO,,20160605,,,88,56,,11,,,1,,,,,,,,,,,,,,,0,6,162,199,0.814070351758794,76,,21,20,1,0
635,tla-16.004.040,2016,29004,29005,ATLTZAYANCA  ,40,BARRIO DE SAN ANTONIO,***,20160605,,140,186,126,,39,,111,113,3,192,13,,,,,,,,,,,,34,31,988,1310,0.754198473282443,77,,21,20,1,0
636,tla-16.005.006,2016,29005,29003,APIZACO,6,COLONIA CERRITO DE GUADALUPE,***,20160605,,289,355,57,,12,,80,77,312,94,,,,,,,,,,,,,106,50,1432,2191,0.653582838886353,13,,7,7,0,0
637,tla-16.005.007,2016,29005,29003,APIZACO,7,SAN LUIS APIZAQUITO,,20160605,,412,247,137,9,432,416,12,143,,501,58,,,,,,,,,,,,2,101,2470,4158,0.594035594035594,14,,7,7,0,0
638,tla-16.005.008,2016,29005,29003,APIZACO,8,COLONIA JOSE MARIA MORELOS,,20160605,,235,26,,6,63,81,,231,,,,,,,,,,,,,,,0,27,669,882,0.758503401360544,38,,7,7,0,0
639,tla-16.005.009,2016,29005,29003,APIZACO,9,GUADALUPE TEXCALAC,***,20160605,,174,265,116,,,,,36,,,10,,,,,,,,,,,,172,25,798,1098,0.726775956284153,39,,7,7,0,0
640,tla-16.005.010,2016,29005,29003,APIZACO,10,SANTA MARIA TEXCALAC,,20160605,,307,722,298,,136,200,16,989,24,89,615,,,,,,,,,,,,1,110,3507,5204,0.673904688700999,40:41,,7,7,0,0
641,tla-16.005.011,2016,29005,29003,APIZACO,11,SANTA ANITA HUILOAC,,20160605,,421,797,556,25,566,195,108,332,107,225,78,,,,,,,,,,,,7,156,3573,5960,0.599496644295302,42:45,,7,7,0,0
642,tla-16.005.012,2016,29005,29003,APIZACO,12,COLONIA SAN ISIDRO APIZAQUITO,,20160605,,133,303,53,117,37,,,192,,158,40,,,,,,,,,,,,0,33,1066,1717,0.62085032032615,46,,7,7,0,0
643,tla-16.006.041,2016,29006,29006,CALPULALPAN,41,COLONIA ALFONSO ESPEJEL,,20160605,,193,354,307,66,155,108,114,372,124,53,,,,,,,,,,,,,5,112,1963,3784,0.518763213530655,78,,13,5.00000000000001,8,0
644,tla-16.006.042,2016,29006,29006,CALPULALPAN,42,COLONIA EL MIRADOR,,20160605,,789,498,,1,39,268,40,266,159,202,,,,,,,,,,,,,1,111,2374,3984,0.595883534136546,82:83|88:90,,13,5.00000000000001,8,0
645,tla-16.006.043,2016,29006,29006,CALPULALPAN,43,COLONIA FRANCISCO SARABIA,,20160605,,548,89,,231,,425,,356,235,246,,,,,,,,,,,,,4,88,2222,3620,0.613812154696133,85:86,,13,5.00000000000001,8,0
646,tla-16.006.044,2016,29006,29006,CALPULALPAN,44,SAN MATEO ACTIPAN,,20160605,,181,153,,7,,,,175,25,,,,,,,,,,,,,,0,8,549,740,0.741891891891892,91,,13,5.00000000000001,8,0
647,tla-16.006.045,2016,29006,29006,CALPULALPAN,45,SAN CRISTOBAL ZACACALCO,,20170604,extra,113,81,,,,,,,,5,,,,,,,,,,,,,148,12,359,513,0.699805068226121,96,,13,5.00000000000001,8,0
648,tla-16.007.046,2016,29007,29007,CARMEN TEQUEXQUITLA--EL,46,BARRIO DE GUADALUPE,,20160605,,144,342,153,,,,,66,,,,,,,,,,,,,,,0,50,755,1144,0.659965034965035,103,,6,5,1,0
649,tla-16.007.047,2016,29007,29007,CARMEN TEQUEXQUITLA--EL,47,COLONIA MAZATEPEC,,20160605,,438,452,204,3,8,,97,171,5,,,,,,,,,,,,,,0,63,1441,2229,0.64647824136384,104,,6,5,1,0
650,tla-16.007.048,2016,29007,29007,CARMEN TEQUEXQUITLA--EL,48,COLONIA LA SOLEDAD,,20160605,,13,52,,,4,,,72,159,,,,,,,,,,,,,,0,29,329,399,0.824561403508772,105,,6,5,1,0
651,tla-16.007.049,2016,29007,29007,CARMEN TEQUEXQUITLA--EL,49,VICENTE GUERRERO,,20160605,,36,74,62,,,,,,,,,,,,,,,,,,,,0,4,176,214,0.822429906542056,106,,6,5,1,0
652,tla-16.008.050,2016,29008,29008,CUAPIAXTLA,50,COLONIA IGNACIO ALLENDE,***,20160605,,173,262,,,324,,,,69,54,,,,,,,,,,,,,45,52,979,1249,0.78382706164932,110,,8,6,2,0
653,tla-16.008.051,2016,29008,29008,CUAPIAXTLA,51,SANTA BEATRIZ LA NUEVA,,20160605,,100,,,,68,,,,,20,,,,,,,,,,,,,3,7,198,251,0.788844621513944,111,,8,6,2,0
654,tla-16.008.052,2016,29008,29008,CUAPIAXTLA,52,COLONIA LOMA BONITA,,20160605,,17,39,,,67,,,,,8,,,,,,,,,,,,,0,2,133,156,0.852564102564103,112,,8,6,2,0
655,tla-16.008.053,2016,29008,29008,CUAPIAXTLA,53,COLONIA MANUEL AVILA CAMACHO,,20160605,,16,,,,97,,,,63,,,,,,,,,,,,,,44,7,227,264,0.859848484848485,113,,8,6,2,0
656,tla-16.008.054,2016,29008,29008,CUAPIAXTLA,54,SAN FRANCISCO CUEXCONTZI,,20160605,,43,226,,197,54,,,,82,10,,,,,,,,,,,,,0,36,648,766,0.845953002610966,114,,8,6,2,0
657,tla-16.008.055,2016,29008,29008,CUAPIAXTLA,55,COLONIA PLAN DE AYALA,,20160605,,105,,,,,,,,32,,,,,,,,,,,,,,102,13,252,299,0.842809364548495,115,,8,6,2,0
658,tla-16.008.056,2016,29008,29008,CUAPIAXTLA,56,COLONIA JOSE MARIA MORELOS,,20160605,,9,165,,,152,,,,,,,,,,,,,,,,,,0,4,330,375,0.88,116,,8,6,2,0
659,tla-16.009.057,2016,29009,29009,CUAXOMULCO,57,2A SECCION COAXOMULCO (TECUICUILCO),,20160605,,275,78,80,,86,,,322,,42,3,,,,,,,,,,,,0,41,927,1254,0.739234449760766,117,,5,5,0,0
660,tla-16.009.058,2016,29009,29009,CUAXOMULCO,58,1A SECCION CUAXOMULCO (BARRIO DE ATENCO),***,20160605,,84,,90,,179,,,261,,27,,,,,,,,,,,,,104,24,769,979,0.785495403472932,118,,5,5,0,0
661,tla-16.009.059,2016,29009,29009,CUAXOMULCO,59,SAN MIGUEL BUENAVISTA,,20170604,extra,0,219,114,,,,,50,0,33,,,,,,,,,,,,,0,10,426,542,0.785977859778598,119,,5,5,0,0
662,tla-16.009.060,2016,29009,29009,CUAXOMULCO,60,ZACAMOLPA,,20160605,,12,,47,,51,,,14,2,64,,,,,,,,,,,,,0,2,192,226,0.849557522123894,120,,5,5,0,0
663,tla-16.009.061,2016,29009,29009,CUAXOMULCO,61,SAN LORENZO XALTELULCO,,20160605,,154,,218,,253,,,202,,32,,,,,,,,,,,,,0,25,884,1137,0.777484608619173,121,,5,5,0,0
664,tla-16.010.062,2016,29010,29010,CHIAUTEMPAN,62,COLONIA CHALMA,,20160605,,228,156,295,,19,205,,,50,,214,,,,,,,,,,,,1,74,1242,1715,0.724198250728863,122:123,,15,7.00000000000001,8,0
665,tla-16.010.063,2016,29010,29010,CHIAUTEMPAN,63,SANTA CRUZ GUADALUPE,,20160605,,164,227,250,301,,188,151,107,,,,,,,,,,,,,,,1,58,1447,2012,0.719184890656064,126,,15,7.00000000000001,8,0
666,tla-16.010.064,2016,29010,29010,CHIAUTEMPAN,64,COLONIA REFORMA,,20160605,,307,547,482,278,,195,93,,226,237,,,,,,,,,,,,,6,147,2518,4077,0.617610988471916,127|140,,15,7.00000000000001,8,0
667,tla-16.010.065,2016,29010,29010,CHIAUTEMPAN,65,COLONIA INDUSTRIAL,,20160605,,45,170,163,,144,29,134,25,,,,,,,,,,,,,,,1,27,738,1064,0.693609022556391,133,,15,7.00000000000001,8,0
668,tla-16.010.066,2016,29010,29010,CHIAUTEMPAN,66,COLONIA EL ALTO,,20160605,,406,600,518,,459,247,107,106,,521,92,,,,,,,,,,,,1,116,3173,5179,0.612666537941688,137|144,,15,7.00000000000001,8,0
669,tla-16.010.067,2016,29010,29010,CHIAUTEMPAN,67,BARRIO DE TEXCACOAC,,20160605,,535,628,550,,70,207,224,51,,341,,,,,,,,,,,,,2,92,2700,4210,0.641330166270784,141,,15,7.00000000000001,8,0
670,tla-16.010.068,2016,29010,29010,CHIAUTEMPAN,68,BARRIO DE XAXALA,,20160605,,369,,287,,,108,167,89,,101,,,,,,,,,,,,,7,92,1220,1915,0.637075718015666,142,,15,7.00000000000001,8,0
671,tla-16.011.069,2016,29011,29011,MUÑOZ DE DOMINGO ARENAS,69,SAN JOSE CUAMATZINGO,,20160605,,293,,,11,182,56,,,,118,,,,,,,,,,,,,0,41,701,976,0.718237704918033,162,,3,3,0,0
672,tla-16.011.070,2016,29011,29011,MUÑOZ DE DOMINGO ARENAS,70,GUADALUPE CUAUHTEMOC,***,20160605,,8,84,,130,39,3,55,,,,,,,,,,,,,,,,3,19,341,476,0.716386554621849,163,,3,3,0,0
673,tla-16.011.071,2016,29011,29011,MUÑOZ DE DOMINGO ARENAS,71,COLONIA SAN ISIDRO CHIPILA,***,20160605,,11,74,,7,4,,,,,,,,,,,,,,,,,,86,12,194,252,0.76984126984127,164,,3,3,0,0
674,tla-16.013.072,2016,29013,29013,HUAMANTLA,72,COLONIA EMILIANO ZAPATA,***,20160605,,275,169,117,60,279,,132,217,,105,,,,,,,,,,,,,227,101,1682,2336,0.720034246575342,178,,39,31,8,0
675,tla-16.013.073,2016,29013,29013,HUAMANTLA,73,BARRIO DE SAN SEBASTIAN,,20160605,,747,432,237,135,,,193,358,105,259,43,,,,,,,,,,,,7,220,2736,4557,0.600394996708361,179:181|187,,39,31,8,0
676,tla-16.013.074,2016,29013,29013,HUAMANTLA,74,BARRIO DE SANTA ANITA,,20160605,,76,312,247,87,102,0,410,0,0,0,182,0,0,0,0,,,,0,,0,,1,95,1512,2332,0.648370497427101,179:180,,39,31,8,0
677,tla-16.013.075,2016,29013,29013,HUAMANTLA,75,BARRIO DE SAN FRANCISCO YANCUITLALPAN,,20160605,,184,291,173,,,,6,44,,106,,,,,,,,,,,,,0,41,845,1144,0.738636363636364,184,,39,31,8,0
678,tla-16.013.076,2016,29013,29013,HUAMANTLA,76,RANCHERIA DE LA CRUZ,,20160605,,113,211,253,,,,42,,,,,,,,,,,,,,,,0,41,660,1067,0.618556701030928,218,,39,31,8,0
679,tla-16.013.077,2016,29013,29013,HUAMANTLA,77,BARRIO DE SANTA MARIA YANCUITLALPAN,,20160605,,158,137,41,4,,,8,74,,38,,,,,,,,,,,,,0,36,496,650,0.763076923076923,217,,39,31,8,0
680,tla-16.013.078,2016,29013,29013,HUAMANTLA,78,BARRIO DE SAN LUCAS,***,20160605,,284,404,388,107,204,,49,214,,278,369,,,,,,,,,,,,223,202,2722,5289,0.514653053507279,188|195,,39,31,8,0
681,tla-16.013.079,2016,29013,29013,HUAMANTLA,79,BARRIO DE LA PRECIOSA,,20160605,,231,116,117,37,71,1,41,84,,,,,,,,,,,,,,,2,65,765,1237,0.618431689571544,190:191|194,,39,31,8,0
682,tla-16.013.080,2016,29013,29013,HUAMANTLA,80,BARRIO DE SAN ANTONIO,,20160605,,62,134,201,81,112,,,,,220,,,,,,,,,,,,,2,44,856,1376,0.622093023255814,192|194,,39,31,8,0
683,tla-16.013.081,2016,29013,29013,HUAMANTLA,81,BARRIO DE SAN JOSE,,20160605,,271,88,121,301,24,,8,,58,66,,,,,,,,,,,,,2,69,1008,1611,0.625698324022346,192,,39,31,8,0
684,tla-16.013.082,2016,29013,29013,HUAMANTLA,82,COLONIA MARIANO MATAMOROS,,20160605,,,196,123,,,,,76,,110,,,,,,,,,,,,,72,30,607,862,0.704176334106729,193,,39,31,8,0
685,tla-16.013.083,2016,29013,29013,HUAMANTLA,83,HERMENEGILDO GALEANA,,20160605,,96,94,86,,299,,,,,24,,,,,,,,,,,,,93,43,735,1034,0.710831721470019,196,,39,31,8,0
686,tla-16.013.084,2016,29013,29013,HUAMANTLA,84,RANCHERIA DE TORRES,,20160605,,105,20,20,,,,,,,10,,,,,,,,,,,,,0,7,162,203,0.798029556650246,197,,39,31,8,0
687,tla-16.013.085,2016,29013,29013,HUAMANTLA,85,FRANCISCO I MADERO LA MESA,,20160605,,,38,31,,,,,,,,,,,,,,,,,,,,26,0,95,143,0.664335664335664,198,,39,31,8,0
688,tla-16.013.086,2016,29013,29013,HUAMANTLA,86,COLONIA FRANCISCO VILLA TECOAC,,20160605,,82,171,71,,118,,28,,,52,,,,,,,,,,,,,0,20,542,655,0.827480916030534,199,,39,31,8,0
689,tla-16.013.087,2016,29013,29013,HUAMANTLA,87,EL CARMEN XALPATALAHUAYA,,20160605,,140,201,231,,216,,183,,,29,,,,,,,,,,,,,0,29,1029,1361,0.756061719324026,200,,39,31,8,0
690,tla-16.013.088,2016,29013,29013,HUAMANTLA,88,BENITO JUAREZ,,20160605,,139,395,506,,,,489,353,,137,20,,,,,,,,,,,,5,110,2154,3180,0.677358490566038,201,,39,31,8,0
691,tla-16.013.089,2016,29013,29013,HUAMANTLA,89,FRANCISCO I MADERO TECOPILCO EL VALLE,***,20160605,,,86,27,,,,,81,,36,,,,,,,,,,,,,1,14,245,465,0.526881720430108,202,,39,31,8,0
692,tla-16.013.090,2016,29013,29013,HUAMANTLA,90,SAN JOSE XICOHTENCATL,,20160605,,453,918,730,,,,,241,,207,,,,,,,,,,,,,8,94,2651,3916,0.676966292134831,203:204,,39,31,8,0
693,tla-16.013.091,2016,29013,29013,HUAMANTLA,91,COLONIA ACASILLADOS SAN MARTIN NOTARIO,,20160605,,108,44,1,,,,,,,71,,,,,,,,,,,,,0,4,228,257,0.88715953307393,205,,39,31,8,0
694,tla-16.013.092,2016,29013,29013,HUAMANTLA,92,LAZARO CARDENAS,,20160605,,237,319,80,,,,,15,,51,,,,,,,,,,,,,1,15,718,821,0.874543239951279,206,,39,31,8,0
695,tla-16.013.093,2016,29013,29013,HUAMANTLA,93,COLONIA CHAPULTEPEC,,20160605,,108,173,61,,,,18,81,,,,,,,,,,,,,,,65,27,533,734,0.726158038147139,207,,39,31,8,0
696,tla-16.013.094,2016,29013,29013,HUAMANTLA,94,COLONIA SAN FRANCISCO TECOAC,,20160605,,,,,,,,,,,,,,,,,,,,69,ind_marcos_huerta_cuevas,,,53,9,131,177,0.740112994350282,208,,39,31,8,0
697,tla-16.013.095,2016,29013,29013,HUAMANTLA,95,NUEVO BARRIO FRANCISCO VILLA,,20160605,,69,91,,,15,,,105,122,,,,,,,,,,,,,,0,9,411,556,0.739208633093525,208,,39,31,8,0
698,tla-16.013.096,2016,29013,29013,HUAMANTLA,96,COLONIA CUAUHTEMOC,,20160605,,,220,121,,9,,,231,,,,,,,,,,,,,,,0,23,604,742,0.814016172506739,209,,39,31,8,0
699,tla-16.013.097,2016,29013,29013,HUAMANTLA,97,COLONIA JOSE MARIA MORELOS,***,20160605,,23,72,150,,,,65,,,12,,,,,,,,,,,,,300,42,664,869,0.76409666283084,211,,39,31,8,0
700,tla-16.013.098,2016,29013,29013,HUAMANTLA,98,COLONIA JOSE MARIA MORELOS,,20160605,,87,69,17,,95,,,4,49,17,,,,,,,,,,,,,0,12,350,484,0.723140495867769,212,,39,31,8,0
701,tla-16.013.099,2016,29013,29013,HUAMANTLA,99,IGNACIO ZARAGOZA,,20160605,,170,1241,151,175,388,,182,269,189,134,,,,,,,,,,,,,0,156,3055,4541,0.672759304118036,213:214,,39,31,8,0
702,tla-16.013.100,2016,29013,29013,HUAMANTLA,100,RANCHERIA ALTAMIRA DE GUADALUPE,,20160605,,95,81,,,,46,,,,,,,,,,,,,,,,,0,0,222,286,0.776223776223776,215,,39,31,8,0
703,tla-16.013.101,2016,29013,29013,HUAMANTLA,101,RANCHERIA LOS PILARES,,20160605,,,139,79,,,,13,90,126,84,,,,,,,,,,,,,1,41,573,854,0.67096018735363,216,,39,31,8,0
704,tla-16.013.102,2016,29013,29013,HUAMANTLA,102,RANCHERIA DE JESUS,,20160605,,,148,4,3,,,133,51,,,,,,,,,,,,,,,9,20,368,670,0.549253731343284,219,,39,31,8,0
705,tla-16.014.103,2016,29014,29014,HUEYOTLIPAN,103,IGNACIO ZARAGOZA,,20160605,,75,86,126,206,,,,163,,74,,,,,,,,,,,,,0,32,762,1063,0.716839134524929,222,,11,7,4,0
706,tla-16.014.104,2016,29014,29014,HUEYOTLIPAN,104,ADOLFO LOPEZ MATEOS,,20160605,,267,,210,,,,,14,,,,,,,,,,,,,,,9,12,512,670,0.764179104477612,224,,11,7,4,0
707,tla-16.014.105,2016,29014,29014,HUEYOTLIPAN,105,SAN LORENZO TECHALOTE,,20160605,,61,3,43,,,,,121,,1,,,,,,,,,,,,,0,12,241,279,0.863799283154122,225,,11,7,4,0
708,tla-16.014.106,2016,29014,29014,HUEYOTLIPAN,106,SANTIAGO TLALPAN,,20160605,,190,92,,,,,,121,2,29,14,,,,,,,,,,,,0,11,459,620,0.740322580645161,227,,11,7,4,0
709,tla-16.014.107,2016,29014,29014,HUEYOTLIPAN,107,SAN SIMEON XIPETZINGO,,20160605,,392,250,221,,342,,,339,,,,,,,,,,,,,,,5,69,1618,2537,0.637761135199054,228,,11,7,4,0
710,tla-16.014.108,2016,29014,29014,HUEYOTLIPAN,108,SAN MANUEL TLALPAN,,20160605,,,52,,,,,,48,,,,,,,,,,,,,,,0,0,100,128,0.78125,229,,11,7,4,0
711,tla-16.014.109,2016,29014,29014,HUEYOTLIPAN,109,SANTA MARIA IXCOTLA,,20160605,,,,155,,,,,79,,130,,,,,,,,,,,,,0,15,379,526,0.720532319391635,230,,11,7,4,0
712,tla-16.015.110,2016,29015,29015,IXTACUIXTLA DE MARIANO MATAMOROS,110,SAN FELIPE IXTACUIXTLA,,20160605,,413,494,289,,496,501,272,258,109,,,,,,,,,,,,,,238,155,3225,4847,0.665360016505055,232:234,,21,12,9.00000000000001,0
713,tla-16.015.111,2016,29015,29015,IXTACUIXTLA DE MARIANO MATAMOROS,111,RANCHERIA LA SOLEDAD,,20160605,,8,,33,,,27,4,44,,,,,,,,,,,,,,,0,0,116,197,0.588832487309645,235,,21,12,9.00000000000001,0
714,tla-16.015.112,2016,29015,29015,IXTACUIXTLA DE MARIANO MATAMOROS,112,SAN ANTONIO ATOTONILCO,,20160605,,381,200,608,,,71,60,78,21,,,,,,,,,,,,,,1,89,1509,3013,0.500829737802854,241:242,,21,12,9.00000000000001,0
715,tla-16.015.113,2016,29015,29015,IXTACUIXTLA DE MARIANO MATAMOROS,113,SAN MIGUEL LA PRESA,,20160605,,6,7,,,,100,41,91,,,,,,,,,,,,,,,0,12,257,335,0.767164179104478,243,,21,12,9.00000000000001,0
716,tla-16.015.114,2016,29015,29015,IXTACUIXTLA DE MARIANO MATAMOROS,114,LA TRINIDAD TENEXYECAC,,20160605,,70,199,192,,,531,199,144,292,,,,,,,,,,,,,,0,67,1694,2299,0.736842105263158,245,,21,12,9.00000000000001,0
717,tla-16.015.115,2016,29015,29015,IXTACUIXTLA DE MARIANO MATAMOROS,115,SAN ANTONIO TECOAC,,20160605,,105,139,,,,104,72,93,,,,,,,,,,,,,,,0,19,532,697,0.763271162123386,246,,21,12,9.00000000000001,0
718,tla-16.015.116,2016,29015,29015,IXTACUIXTLA DE MARIANO MATAMOROS,116,SAN ANTONIO TIZOSTOC,,20160605,,88,172,18,,,44,90,544,,63,,,,,,,,,,,,,1,72,1092,1566,0.697318007662835,247,,21,12,9.00000000000001,0
719,tla-16.015.117,2016,29015,29015,IXTACUIXTLA DE MARIANO MATAMOROS,117,SANTA CRUZ EL PORVENIR,,20160605,,,239,284,,,26,128,134,,,,,,,,,,,,,,,0,25,836,1134,0.737213403880071,248,,21,12,9.00000000000001,0
720,tla-16.015.118,2016,29015,29015,IXTACUIXTLA DE MARIANO MATAMOROS,118,ESPIRITU SANTO,,20160605,,,134,9,,,60,82,87,,4,,,,,,,,,,,,,0,11,387,541,0.715341959334566,249,,21,12,9.00000000000001,0
721,tla-16.015.119,2016,29015,29015,IXTACUIXTLA DE MARIANO MATAMOROS,119,SAN GABRIEL POPOCATLA,,20160605,,49,117,,,,112,115,157,83,57,,,,,,,,,,,,,0,20,710,950,0.747368421052632,250,,21,12,9.00000000000001,0
722,tla-16.015.120,2016,29015,29015,IXTACUIXTLA DE MARIANO MATAMOROS,120,SAN DIEGO XOCOYUCAN,,20160605,,205,451,227,,29,303,202,18,,360,,,,,,,,,,,,,1,52,1848,2811,0.657417289220918,251,,21,12,9.00000000000001,0
723,tla-16.015.121,2016,29015,29015,IXTACUIXTLA DE MARIANO MATAMOROS,121,SANTA INES TECUEXCOMAC,,20160605,,252,188,209,,,,477,205,,,,,,,,,,,,,,,0,61,1392,2271,0.612945838837516,256:257,,21,12,9.00000000000001,0
724,tla-16.017.122,2016,29017,29017,MAZATECOCHCO DE JOSE MARIA MORELOS,122,CUARTA SECCION,,20160605,,286,171,288,84,232,268,,,,59,99,,,,,,,,,,,,0,57,1544,2027,0.761716822890972,263,,4,4,0,0
725,tla-16.017.123,2016,29017,29017,MAZATECOCHCO DE JOSE MARIA MORELOS,123,TERCERA SECCION,,20160605,,34,213,151,312,393,132,,,,19,173,,,,,,,,,,,,0,52,1479,1879,0.787120808940926,264,,4,4,0,0
726,tla-16.017.124,2016,29017,29017,MAZATECOCHCO DE JOSE MARIA MORELOS,124,SEGUNDA SECCION,,20160605,,80,485,244,93,129,158,,,,112,98,,,,,,,,,,,,2,48,1449,1896,0.764240506329114,265,,4,4,0,0
727,tla-16.017.125,2016,29017,29017,MAZATECOCHCO DE JOSE MARIA MORELOS,125,PRIMERA SECCION,***,20160605,,50,97,189,204,341,84,,,,19,,,,,,,,,,,,,96,36,1116,1525,0.731803278688525,266,,4,4,0,0
728,tla-16.018.126,2016,29018,29018,CONTLA DE JUAN CUAMATZI,126,SECCION 1A SAN BERNARDINO,,20160605,,678,231,164,0,22,0,16,238,38,319,42,0,0,0,0,,,,0,,0,,4,72,1824,2532,0.720379146919431,267|273,,12,7,5,0
729,tla-16.018.127,2016,29018,29018,CONTLA DE JUAN CUAMATZI,127,SECCION 6A TLACATECPA,***,20160605,,176,160,406,0,82,166,179,46,229,102,97,0,0,0,0,,,,0,,0,,210,98,1951,3479,0.560793331417074,268:269,,12,7,5,0
730,tla-16.018.128,2016,29018,29018,CONTLA DE JUAN CUAMATZI,128,SECCION SEPTIMA,,20160605,,153,438,680,0,358,59,0,144,91,307,119,0,0,0,0,,,,0,,0,,9,121,2479,3788,0.654435058078141,270:271|283,,12,7,5,0
731,tla-16.018.129,2016,29018,29018,CONTLA DE JUAN CUAMATZI,129,SECCION SEGUNDA,,20160605,,241,107,305,0,87,0,212,119,20,274,143,0,0,0,0,,,,0,,0,,197,67,1772,2444,0.725040916530278,272,,12,7,5,0
732,tla-16.018.130,2016,29018,29018,CONTLA DE JUAN CUAMATZI,130,SECCION 9A COLHUACA,***,20160605,,,,135,,150,,3,132,36,147,127,,,,,,,,,,,,173,27,930,1182,0.786802030456853,274,,12,7,5,0
733,tla-16.018.131,2016,29018,29018,CONTLA DE JUAN CUAMATZI,131,SECCION 3A SAN MIGUEL XALTIPAN,***,20160605,,415,271,206,298,82,165,142,111,433,41,,,,,,,,,,,,,182,75,2421,3417,0.708516242317823,275:276,,12,7,5,0
734,tla-16.018.132,2016,29018,29018,CONTLA DE JUAN CUAMATZI,132,SECCION 8A STA MARIA AQUIAHUAC,,20160605,,38,63,11,,2,,,81,,25,,,,,,,,,,,,,128,12,360,449,0.801781737193764,277,,12,7,5,0
735,tla-16.019.133,2016,29019,29019,TEPETITLA DE LARDIZABAL,133,VILLALTA,,20160605,,336,293,,150,867,,,,125,,708,,,,,,,,,,,,0,66,2545,4191,0.607253638749702,288:289,,3,3,0,0
736,tla-16.019.134,2016,29019,29019,TEPETITLA DE LARDIZABAL,134,SAN MATEO AYECAC,***,20160605,,297,250,338,,887,,,,,,,,,,,,,,,,,,0,0,1772,2525,0.701782178217822,290,,3,3,0,0
737,tla-16.019.135,2016,29019,29019,TEPETITLA DE LARDIZABAL,135,GUADALUPE VICTORIA,,20160605,,,174,262,,,,,,,,,,,,,,,,,,,,0,19,455,545,0.834862385321101,291,,3,3,0,0
738,tla-16.020.136,2016,29020,29020,SANCTORUM DE LAZARO CARDENAS,136,LA PROVIDENCIA,,20170604,extra,40,67,0,,,,,0,0,0,,,,,,,,,,,,,0,1,108,142,0.76056338028169,293,,3,2,0.999999999999999,0
739,tla-16.020.137,2016,29020,29020,SANCTORUM DE LAZARO CARDENAS,137,FRANCISCO VILLA,***,20160605,,686,95,439,,,,,178,,,,,,,,,,,,,,,148,49,1595,2229,0.715567519066846,297:298,,3,2,0.999999999999999,0
740,tla-16.021.138,2016,29021,29021,NANACAMILPA DE MARIANO ARISTA,138,FRANCISCO I MADERO,,20160605,,335,139,,,,,,7,,13,156,,,,,,,,,,,,138,22,810,916,0.884279475982533,304,,5,3,2,0
741,tla-16.021.139,2016,29021,29021,NANACAMILPA DE MARIANO ARISTA,139,TEPUENTE,,20160605,,25,47,,,,,,,,53,,,,,,,,,,,,,0,0,125,172,0.726744186046512,306,,5,3,2,0
742,tla-16.021.140,2016,29021,29021,NANACAMILPA DE MARIANO ARISTA,140,SAN FELIPE HIDALGO,,20160605,,,232,82,,1,38,99,,220,56,,,,,,,,,,,,,98,25,851,1172,0.726109215017065,308,,5,3,2,0
743,tla-16.022.141,2016,29022,29022,ACUAMANALA DE MIGUEL HIDALGO,141,SECCION 1A ACUAMANALA,,20160605,,171,64,141,,100,70,,,161,234,,,,,,,,,,,,,0,33,974,1221,0.797706797706798,309,,4,4,0,0
744,tla-16.022.142,2016,29022,29022,ACUAMANALA DE MIGUEL HIDALGO,142,SECCION 3A CHIMALPA,,20160605,,161,115,175,,267,108,,,187,91,,,,,,,,,,,,,0,32,1136,1341,0.847129008202834,310,,4,4,0,0
745,tla-16.022.143,2016,29022,29022,ACUAMANALA DE MIGUEL HIDALGO,143,SECCION 2A GUADALUPE HIDALGO,,20160605,,139,22,109,,6,371,,,113,179,,,,,,,,,,,,,1,28,968,1132,0.855123674911661,311,,4,4,0,0
746,tla-16.022.144,2016,29022,29022,ACUAMANALA DE MIGUEL HIDALGO,144,SECCION 4A OLEXTLA DE JUAREZ,,20160605,,45,174,14,,2,,,41,3,,,,,,,,,,,,,,22,18,319,634,0.503154574132492,312,,4,4,0,0
747,tla-16.023.145,2016,29023,29023,NATIVITAS,145,SAN JOSE ATOYATENCO,,20160605,,174,27,90,,186,,5,205,37,,,,,,,,,,,,,,21,65,810,1316,0.615501519756839,325,,13,5.00000000000001,8,0
748,tla-16.023.146,2016,29023,29023,NATIVITAS,146,SAN RAFAEL TENANYECAC,,20160605,,73,184,,,338,,,54,426,,,,,,,,,,,,,,0,81,1156,2077,0.556571978815599,326,,13,5.00000000000001,8,0
749,tla-16.023.147,2016,29023,29023,NATIVITAS,147,SAN MIGUEL XOCHITECATITLA,***,20160605,,52,364,,,87,,,285,11,,,,,,,,,,,,,,186,37,1022,1654,0.617896009673519,327,,13,5.00000000000001,8,0
750,tla-16.023.148,2016,29023,29023,NATIVITAS,148,SANTIAGO MICHAC,,20160605,,128,807,71,,,471,4,96,3,177,,,,,,,,,,,,,0,45,1802,2552,0.706112852664577,329:330,,13,5.00000000000001,8,0
751,tla-16.023.149,2016,29023,29023,NATIVITAS,149,SAN MIGUEL ANALCO,,20160605,,,192,,,,,10,285,213,,,,,,,,,,,,,,0,36,736,1111,0.662466246624662,331,,13,5.00000000000001,8,0
752,tla-16.024.150,2016,29024,29024,PANOTLA,150,COLONIA EMILIANO ZAPATA,***,20160605,,125,155,131,75,158,,,,,115,,,,,,,,,,,,,109,41,909,1239,0.73365617433414,335:336,,9,8,1,0
753,tla-16.024.151,2016,29024,29024,PANOTLA,151,SAN TADEO HUILOAPAN,,20160605,,123,,336,202,382,,,,124,41,53,,,,,,,,,,,,0,77,1338,2221,0.602431337235479,338,,9,8,1,0
754,tla-16.024.152,2016,29024,29024,PANOTLA,152,SANTA CATARINA APATLAHCO,,20160605,,23,,2,,42,,,,68,,,,,,,,,,,,,,0,2,137,167,0.820359281437126,341,,9,8,1,0
755,tla-16.024.153,2016,29024,29024,PANOTLA,153,SAN FRANCISCO TEMEZONTLA,,20160605,,,,159,21,21,,,546,416,72,,,,,,,,,,,,,0,47,1282,1765,0.726345609065156,342,,9,8,1,0
756,tla-16.024.154,2016,29024,29024,PANOTLA,154,SAN AMBROSIO TEXANTLA,,20160605,,,40,264,,3,,,213,,,,,,,,,,,,,,,0,10,530,654,0.810397553516819,343,,9,8,1,0
757,tla-16.024.155,2016,29024,29024,PANOTLA,155,JESUS ACATITLA,,20160605,,,51,122,3,17,,,30,224,102,,,,,,,,,,,,,2,14,565,709,0.796897038081805,344,,9,8,1,0
758,tla-16.024.156,2016,29024,29024,PANOTLA,156,SANTA CRUZ TECHACHALCO,,20160605,,14,113,112,305,110,97,,202,,142,,,,,,,,,,,,,0,41,1136,1539,0.738141650422352,345,,9,8,1,0
759,tla-16.024.157,2016,29024,29024,PANOTLA,157,SAN JORGE TEZOQUIPAN,***,20160605,,121,,415,136,86,220,,489,414,93,,,,,,,,,,,,,187,102,2263,3362,0.673111243307555,346:347,,9,8,1,0
760,tla-16.025.158,2016,29025,29025,SAN PABLO DEL MONTE,158,BARRIO DE SAN COSME,,20160605,,454,619,454,10,,191,67,,12,376,,,,,,,,,,,,,6,58,2247,3169,0.709056484695488,348,,12,12,0,0
761,tla-16.025.159,2016,29025,29025,SAN PABLO DEL MONTE,159,BARRIO DE SANTIAGO,,20160605,,120,527,393,32,6,455,714,350,5,180,,,,,,,,,,,,,1,75,2858,3221,0.887302080099348,349,,12,12,0,0
762,tla-16.025.160,2016,29025,29025,SAN PABLO DEL MONTE,160,BARRIO DE CRISTO,,20160605,,269,304,693,650,,15,,53,,102,,,,,,,,,,,,,742,102,2930,4239,0.691200754895022,350,,12,12,0,0
763,tla-16.025.161,2016,29025,29025,SAN PABLO DEL MONTE,161,BARRIO DE SAN NICOLAS,,20160605,,1612,92,1027,10,410,5,3,22,1089,,,,,,,,,,,,,,0,139,4409,6016,0.732878989361702,351:352,,12,12,0,0
764,tla-16.025.162,2016,29025,29025,SAN PABLO DEL MONTE,162,BARRIO DE LA SANTISIMA,,20160605,,172,68,761,25,19,537,278,144,7,,,,,,,,,,,,,,1,86,2098,3073,0.682720468597462,353,,12,12,0,0
765,tla-16.025.163,2016,29025,29025,SAN PABLO DEL MONTE,163,BARRIO DE SAN MIGUEL,,20160605,,407,473,95,205,,106,385,486,18,1,,,,,,,,,,,,,2,85,2263,3146,0.719326128417037,354,,12,12,0,0
766,tla-16.025.164,2016,29025,29025,SAN PABLO DEL MONTE,164,BARRIO DE JESUS,,20160605,,144,574,475,37,,11,18,52,86,407,,,,,,,,,,,,,0,50,1854,2613,0.709529276693456,355,,12,12,0,0
767,tla-16.025.165,2016,29025,29025,SAN PABLO DEL MONTE,165,BARRIO DE SAN SEBASTIAN,,20160605,,80,195,391,575,252,222,10,279,3,165,47,,,,,,,,,,,,0,65,2284,3384,0.674940898345154,356,,12,12,0,0
768,tla-16.025.166,2016,29025,29025,SAN PABLO DEL MONTE,166,BARRIO DE SAN BARTOLOME,,20160605,,818,674,689,713,,251,,61,147,441,,,,,,,,,,,,,1,105,3900,5730,0.680628272251309,357:358,,12,12,0,0
769,tla-16.025.167,2016,29025,29025,SAN PABLO DEL MONTE,167,BARRIO DE SAN PEDRO,,20160605,,372,761,504,441,,253,,,,374,,,,,,,,,,,,,0,82,2787,4265,0.653458382180539,359:360,,12,12,0,0
770,tla-16.025.168,2016,29025,29025,SAN PABLO DEL MONTE,168,BARRIO DE TLALTEPANGO,,20160605,,1355,437,870,58,,1289,,36,,281,,,,,,,,,,,,,1,175,4502,6202,0.725894872621735,361:362,,12,12,0,0
771,tla-16.025.169,2016,29025,29025,SAN PABLO DEL MONTE,169,BARRIO DE SAN ISIDRO BUENSUCESO,,20160605,,441,1188,942,21,40,254,,149,,380,26,,,,,,,,,,,,0,215,3656,6153,0.594181699983748,363:364,,12,12,0,0
772,tla-16.026.170,2016,29026,29026,SANTA CRUZ TLAXCALA,170,SAN MIGUEL CONTLA,,20160605,,387,305,,,187,,444,,494,173,,,,,,,,,,,,,274,113,2377,3828,0.620950888192268,365:366,,4,4,0,0
773,tla-16.026.171,2016,29026,29026,SANTA CRUZ TLAXCALA,171,SAN LUCAS TLACOCHCALCO,,20160605,,220,307,,,497,55,,257,,,20,,,,,,,,,,,,1,56,1413,2057,0.686922702965484,369,,4,4,0,0
774,tla-16.026.172,2016,29026,29026,SANTA CRUZ TLAXCALA,172,JESUS HUIZNAHUAC,,20160605,,131,56,,,245,,,7,,,67,,,,,,,,153,ind_jesus_sanchez_tetlalmatzi,,,0,8,667,919,0.725788900979325,370,,4,4,0,0
775,tla-16.026.173,2016,29026,29026,SANTA CRUZ TLAXCALA,173,GUADALUPE TLACHCO,,20160605,,262,482,,,248,,,52,,,,,,,,,,,582,ind_esteban_bautista_bautista,,,0,77,1703,2474,0.688358932902183,371,,4,4,0,0
776,tla-16.028.174,2016,29028,29028,TEOLOCHOLCO,174,SECCION 1A TECAHUALOYA,***,20160605,,229,176,539,339,350,97,3,,4,319,2,,,,,,,,,,,,242,100,2400,3160,0.759493670886076,378|384,,8,8,0,0
777,tla-16.028.175,2016,29028,29028,TEOLOCHOLCO,175,SECCION 2A TEOLOCHOLCO,,20160605,,238,229,212,67,439,,,88,,,168,,,,,,,,,,,,9,97,1547,2206,0.701269265639166,379,,8,8,0,0
778,tla-16.028.176,2016,29028,29028,TEOLOCHOLCO,176,SECCION 3A BARRIO DE CONTLA,,20160605,,571,,409,215,801,286,1,26,5,192,1,,,,,,,,,,,,0,80,2587,3712,0.696928879310345,380,,8,8,0,0
779,tla-16.028.177,2016,29028,29028,TEOLOCHOLCO,177,ACXOTLA DEL MONTE,,20160605,,20,,29,22,540,174,2,387,,56,3,,,,,,,,,,,,0,67,1300,1905,0.68241469816273,381,,8,8,0,0
780,tla-16.028.178,2016,29028,29028,TEOLOCHOLCO,178,SECCION 5A ACTIPAC,,20160605,,299,,187,214,128,,1,27,,122,,,,,,,,,,,,,0,33,1011,1436,0.704038997214485,382,,8,8,0,0
781,tla-16.028.179,2016,29028,29028,TEOLOCHOLCO,179,SECCION 6A CUAUHTLA,,20160605,,205,133,327,35,138,5,179,10,,122,1,,,,,,,,,,,,1,28,1184,1495,0.791973244147157,383,,8,8,0,0
782,tla-16.028.180,2016,29028,29028,TEOLOCHOLCO,180,CUAXINCA,,20160605,,59,132,1,,65,,,13,,10,,,,,,,,,,,,,0,10,290,338,0.857988165680473,385,,8,8,0,0
783,tla-16.028.181,2016,29028,29028,TEOLOCHOLCO,181,EL CARMEN AZTAMA,,20160605,,113,288,263,,283,2,3,271,,225,,,,,,,,,,,,,1,36,1485,1948,0.762320328542094,386,,8,8,0,0
784,tla-16.029.182,2016,29029,29029,TEPEYANCO,182,SANTIAGO TLACOCHCALCO,,20160605,,213,20,77,,137,,,175,,,,,,,,,,,,,,,1,18,641,876,0.731735159817352,390,,7,4,3,0
785,tla-16.029.183,2016,29029,29029,TEPEYANCO,183,LA AURORA,,20160605,,8,222,275,,3,,,24,,22,,,,,,,,,,,,,1,38,593,801,0.740324594257179,393,,7,4,3,0
786,tla-16.029.184,2016,29029,29029,TEPEYANCO,184,SAN COSME ATLAMAXAC,,20160605,,186,288,341,,,178,131,340,,,,,,,,,,,,,,,1,31,1496,1811,0.826062948647156,394,,7,4,3,0
787,tla-16.029.185,2016,29029,29029,TEPEYANCO,185,SAN PEDRO XACALTZINGO,,20160605,,5,229,295,,,170,110,132,225,130,,,,,,,,,,,,,0,24,1320,1666,0.792316926770708,397,,7,4,3,0
788,tla-16.030.186,2016,29030,29030,TERRENATE,186,CHIPILO,,20160605,,209,121,,179,9,,,114,405,36,,,,,,,,,,,,,0,64,1137,1495,0.760535117056856,399,,7,6,1,0
789,tla-16.030.187,2016,29030,29030,TERRENATE,187,VILLAREAL,,20160605,,175,322,,18,,,73,172,49,25,,,,,,,,,,,,,0,32,866,1196,0.724080267558528,403,,7,6,1,0
790,tla-16.030.188,2016,29030,29030,TERRENATE,188,TOLUCA DE GUADALUPE,,20160605,,192,,,196,127,,444,,198,155,,,,,,,,,,,,,251,109,1672,2282,0.732690622261174,404,,7,6,1,0
791,tla-16.030.189,2016,29030,29030,TERRENATE,189,COLONIA EL CAPULIN,,20160605,,68,,,141,62,,,,,62,,,,,,,,,,,,,0,14,347,438,0.792237442922374,406,,7,6,1,0
792,tla-16.030.190,2016,29030,29030,TERRENATE,190,COLONIA GUADALUPE VICTORIA,,20160605,,43,143,,5,114,,,112,27,66,,,,,,,,,,,,,0,10,520,662,0.785498489425982,407,,7,6,1,0
793,tla-16.030.191,2016,29030,29030,TERRENATE,191,NICOLAS BRAVO,***,20160605,,32,140,,,92,,,,,3,,,,,,,,,,,,,541,82,890,1197,0.743525480367586,408,,7,6,1,0
794,tla-16.031.192,2016,29031,29031,TETLA DE LA SOLIDARIDAD,192,COLONIA AGRICOLA DE DOLORES,,20160605,,158,96,358,,,36,,,157,59,,,,,,,,,,,,,1,31,896,1271,0.704956726986625,409,,12,12,0,0
795,tla-16.031.193,2016,29031,29031,TETLA DE LA SOLIDARIDAD,193,SECCION 4A CHIAUTZINGO,,20160605,,278,204,85,,,69,,,249,,,,,,,,,,,,,,2,23,910,1223,0.744071954210957,410,,12,12,0,0
796,tla-16.031.194,2016,29031,29031,TETLA DE LA SOLIDARIDAD,194,SECCION 1A ACTIPAN INFONAVIT,,20160605,,544,243,509,,,409,,54,396,140,286,,,,,,,,,,,,2,113,2696,4342,0.620912022109627,411|414:415,,12,12,0,0
797,tla-16.031.195,2016,29031,29031,TETLA DE LA SOLIDARIDAD,195,SECCION 2A TEOTLALPAN,,20160605,,270,65,358,29,,218,,72,322,1,252,,,,,,,,,,,,1,68,1656,2742,0.603938730853392,412,,12,12,0,0
798,tla-16.031.196,2016,29031,29031,TETLA DE LA SOLIDARIDAD,196,SECCION 3A OCOTITLA,,20160605,,123,122,238,4,,64,,53,138,27,57,,,,,,,,,,,,0,25,851,1214,0.700988467874794,413,,12,12,0,0
799,tla-16.031.197,2016,29031,29031,TETLA DE LA SOLIDARIDAD,197,SANTA MARIA CAPULAC,,20160605,,425,,11,,,27,,,357,,,,,,,,,,,,,,0,18,838,1065,0.786854460093897,416,,12,12,0,0
800,tla-16.031.198,2016,29031,29031,TETLA DE LA SOLIDARIDAD,198,SANTA FE LA TROJE,,20160605,,86,80,,,,,,,77,,,,,,,,,,,,,,0,6,249,302,0.824503311258278,417,,12,12,0,0
801,tla-16.031.199,2016,29031,29031,TETLA DE LA SOLIDARIDAD,199,COLONIA PLAN DE AYALA,,20160605,,38,70,72,,,19,,,58,45,,,,,,,,,,,,,0,7,309,407,0.759213759213759,418,,12,12,0,0
802,tla-16.031.200,2016,29031,29031,TETLA DE LA SOLIDARIDAD,200,JOSE MARIA MORELOS Y PAVON,,20160605,,9,94,33,,,210,,,113,,,,,,,,,,,,,,0,9,468,582,0.804123711340206,419,,12,12,0,0
803,tla-16.031.201,2016,29031,29031,TETLA DE LA SOLIDARIDAD,201,SAN FRANCISCO ATEXCATZINGO,,20160605,,1283,273,114,,,349,,,355,1,2,,,,,,,,,,,,3,92,2472,3801,0.650355169692186,420:421,,12,12,0,0
804,tla-16.031.202,2016,29031,29031,TETLA DE LA SOLIDARIDAD,202,SAN BARTOLOME MATLALOHCAN,,20160605,,405,156,392,101,,184,,215,410,,,,,,,,,,,,,,3,95,1961,3251,0.603199015687481,422,,12,12,0,0
805,tla-16.031.203,2016,29031,29031,TETLA DE LA SOLIDARIDAD,203,SAN ISIDRO PIEDRAS NEGRAS,,20160605,,63,41,9,,,,,,74,,,,,,,,,,,,,,0,4,191,219,0.872146118721461,423,,12,12,0,0
806,tla-16.032.204,2016,29032,29032,TETLATLAHUCA,204,SAN BARTOLOME TENANGO,,20160605,,,,500,,188,164,,,154,,,,,,,,,,,,,,2,51,1059,1380,0.767391304347826,424,,6,5,1,0
807,tla-16.032.205,2016,29032,29032,TETLATLAHUCA,205,SANTA CRUZ AQUIAHUAC,,20160605,,627,1073,,,1,8,,35,277,,60,,,,,,,,,,,,0,47,2128,2845,0.747978910369069,425:426,,6,5,1,0
808,tla-16.032.206,2016,29032,29032,TETLATLAHUCA,206,SANTA ISABEL TETLATLAHUCA,,20160605,,,,,,179,86,,,444,841,462,,,,,,,,,,,,61,220,2293,3288,0.697384428223844,427:428,,6,5,1,0
809,tla-16.032.207,2016,29032,29032,TETLATLAHUCA,207,SAN ANDRES CUAMILPA,,20160605,,,,132,,235,368,,,,,29,,,,,,,,,,,,0,23,787,1077,0.730733519034355,431,,6,5,1,0
810,tla-16.033.208,2016,29033,29033,TLAXCALA,208,SAN ESTEBAN TIZATLAN,,20160605,,1003,1126,414,15,,52,,132,11,186,19,,,,,,,,,,,,1,108,3067,4737,0.647456195904581,435:437,,10,8,2,0
811,tla-16.033.209,2016,29033,29033,TLAXCALA,209,SANTA MARIA IXTULCO,,20160605,,586,425,216,,,64,,841,95,195,,,,,,,,,,,,,2,58,2482,3688,0.672993492407809,438:439,,10,8,2,0
812,tla-16.033.210,2016,29033,29033,TLAXCALA,210,SAN BUENAVENTURA ATEMPAN,,20160605,,119,110,124,17,188,42,143,122,295,25,,,,,,,,,,,,,0,29,1214,1753,0.692527096406161,440,,10,8,2,0
813,tla-16.033.211,2016,29033,29033,TLAXCALA,211,OCOTLAN,,20160605,,590,938,1034,710,540,223,415,792,909,524,179,,,,,,,,,,,,20,255,7129,11996,0.594281427142381,444:445|453|458,,10,8,2,0
814,tla-16.033.212,2016,29033,29033,TLAXCALA,212,SAN HIPOLITO CHIMALPA,***,20160605,,94,210,36,220,158,,,261,6,,205,,,,,,,,,,,,134,47,1371,2114,0.648533585619678,448,,10,8,2,0
815,tla-16.033.213,2016,29033,29033,TLAXCALA,213,SAN GABRIEL CUAUHTLA,,20160605,,202,561,733,,82,266,225,424,140,264,312,,,,,,,,,,,,11,117,3337,5541,0.602237863201588,451:453|458,,10,8,2,0
816,tla-16.033.214,2016,29033,29033,TLAXCALA,214,LA TRINIDAD TEPEHITEC,,20160605,,203,271,427,13,105,30,,35,13,163,95,,,,,,,,,,,,2,48,1405,2127,0.660554771979314,461:463,,10,8,2,0
817,tla-16.033.215,2016,29033,29033,TLAXCALA,215,SANTA MARIA ACUITLAPILCO,,20160605,,728,1144,646,127,845,368,156,466,150,664,118,,,,,,,,,,,,8,308,5728,9953,0.575504872902642,465:466,,10,8,2,0
818,tla-16.033.216,2016,29033,29033,TLAXCALA,216,SAN LUCAS CUAHTELULPAN,,20160605,,22,214,636,49,221,378,408,120,413,,,,,,,,,,,,,,0,78,2539,3835,0.662059973924381,468:469,,10,8,2,0
819,tla-16.034.217,2016,29034,29034,TLAXCO,217,6A SECCION,,20160605,,44,85,73,,,76,233,,29,,5,,,,,,,,,,,,40,33,618,894,0.691275167785235,470,,37,29,7.99999999999999,0
820,tla-16.034.218,2016,29034,29034,TLAXCO,218,EL SABINAL,,20160605,,120,225,127,,,,167,,116,,,,,,,,,,,,,,1,51,807,1239,0.651331719128329,471,,37,29,7.99999999999999,0
821,tla-16.034.219,2016,29034,29034,TLAXCO,219,COL. ITURBIDE,,20160605,,68,,105,85,,334,82,,42,,4,,,,,,,,,,,,0,28,748,1175,0.636595744680851,472,,37,29,7.99999999999999,0
822,tla-16.034.220,2016,29034,29034,TLAXCO,220,QUINTA SECCION BARRIO CHICO,,20160605,,47,104,104,133,,104,137,,11,,,,,,,,,,,,,,3,24,667,975,0.684102564102564,473,,37,29,7.99999999999999,0
823,tla-16.034.221,2016,29034,29034,TLAXCO,221,COLONIA TEPATLAXCO,,20160605,,120,112,463,,,,67,31,143,,6,,,,,,,,,,,,0,30,972,1558,0.62387676508344,474,,37,29,7.99999999999999,0
824,tla-16.034.222,2016,29034,29034,TLAXCO,222,COL. POSTAL Y VISTA HERMOSA,,20160605,,171,360,170,82,54,48,282,47,13,,13,,,,,,,,,,,,2,52,1294,2533,0.510856691669957,476,,37,29,7.99999999999999,0
825,tla-16.034.223,2016,29034,29034,TLAXCO,223,COLONIA EJIDAL,,20160605,,59,57,138,,104,119,104,,58,,,,,,,,,,,,,,2,32,673,1012,0.66501976284585,477,,37,29,7.99999999999999,0
826,tla-16.034.224,2016,29034,29034,TLAXCO,224,COLONIA SAN JUAN,,20160605,,67,,109,,,86,,45,,,,,,,,,,,,,,,0,12,319,417,0.764988009592326,478,,37,29,7.99999999999999,0
827,tla-16.034.225,2016,29034,29034,TLAXCO,225,ACOPINALCO DEL PEÑON,,20160605,,254,368,463,,,18,67,31,15,,,,,,,,,,,,,,0,37,1253,1880,0.666489361702128,481,,37,29,7.99999999999999,0
828,tla-16.034.226,2016,29034,29034,TLAXCO,226,EL ROSARIO,,20160605,,264,398,119,,,65,87,86,33,,,,,,,,,,,,,,0,42,1094,1725,0.634202898550725,482,,37,29,7.99999999999999,0
829,tla-16.034.227,2016,29034,29034,TLAXCO,227,UNION EJIDAL TIERRA Y LIBERTAD,,20160605,,101,132,335,,,146,,,176,,,,,,,,,,,,,,49,101,1040,1632,0.637254901960784,484,,37,29,7.99999999999999,0
830,tla-16.034.228,2016,29034,29034,TLAXCO,228,MARIANO MATAMOROS,,20160605,,73,24,19,,,104,15,,183,,,,,,,,,,,,,,0,12,430,648,0.66358024691358,485,,37,29,7.99999999999999,0
831,tla-16.034.229,2016,29034,29034,TLAXCO,229,ASERRADERO CASA BLANCA,,20160605,,60,46,,,,118,75,,93,,,,,,,,,,,,,,0,11,403,589,0.68421052631579,486,,37,29,7.99999999999999,0
832,tla-16.034.230,2016,29034,29034,TLAXCO,230,LAGUNILLAS,,20160605,,122,,93,,5,185,127,27,39,,,,,,,,,,,,,,122,36,756,1204,0.627906976744186,488,,37,29,7.99999999999999,0
833,tla-16.034.231,2016,29034,29034,TLAXCO,231,LA CIENEGA,***,20160605,,,,6,,,31,17,,,,,,,,,,,,,,,,89,4,147,185,0.794594594594595,490,,37,29,7.99999999999999,0
834,tla-16.034.232,2016,29034,29034,TLAXCO,232,ATOTONILCO,,20160605,,291,428,431,,,51,79,,,19,,,,,,,,,,,,,1,58,1358,2433,0.558158651870119,491,,37,29,7.99999999999999,0
835,tla-16.034.233,2016,29034,29034,TLAXCO,233,SAN PEDRO LA CUEVA,,20160605,,4,,36,,,94,,,19,,,,,,,,,,,,,,28,4,185,214,0.864485981308411,492,,37,29,7.99999999999999,0
836,tla-16.034.234,2016,29034,29034,TLAXCO,234,SAN ANTONIO HUEXOTITLA,,20160605,,,,98,,,54,,,,,,,,,,,,,,,,,99,9,260,411,0.632603406326034,493,,37,29,7.99999999999999,0
837,tla-16.034.235,2016,29034,29034,TLAXCO,235,SAN JOSE TEPEYAHUALCO,,20160605,,213,41,18,,64,39,40,40,96,,,,,,,,,,,,,,0,43,594,814,0.72972972972973,494,,37,29,7.99999999999999,0
838,tla-16.034.236,2016,29034,29034,TLAXCO,236,SAN LORENZO SOLTEOPEC,,20160605,,,134,19,,,124,14,,7,,,,,,,,,,,,,,1,22,321,749,0.428571428571429,495,,37,29,7.99999999999999,0
839,tla-16.034.237,2016,29034,29034,TLAXCO,237,LA PALMA,,20160605,,13,20,53,,,17,69,9,,,,,,,,,,,,,,,0,3,184,215,0.855813953488372,497,,37,29,7.99999999999999,0
840,tla-16.034.238,2016,29034,29034,TLAXCO,238,LA ROSA,,20160605,,,,,,,31,,,46,,62,,,,,,,,,,,,0,8,147,201,0.73134328358209,497,,37,29,7.99999999999999,0
841,tla-16.034.239,2016,29034,29034,TLAXCO,239,RANCHERIA LAS MESAS,,20160605,,,,3,,,21,,50,70,,,,,,,,,,,,,,0,4,148,184,0.804347826086956,498,,37,29,7.99999999999999,0
842,tla-16.034.240,2016,29034,29034,TLAXCO,240,COL MAXIMO ROJAS XALOSTOC,,20160605,,75,90,146,,,28,132,55,89,,,,,,,,,,,,,,7,25,647,806,0.80272952853598,499,,37,29,7.99999999999999,0
843,tla-16.034.241,2016,29034,29034,TLAXCO,241,LA MAGDALENA SOLTEPEC,,20160605,,,,13,,,143,,,176,,,,,,,,,,,,,,0,15,347,454,0.76431718061674,500,,37,29,7.99999999999999,0
844,tla-16.034.242,2016,29034,29034,TLAXCO,242,COL. JOSE MA. MORELOS BUENAVISTA,,20160605,,179,,278,,,167,,,194,,,,,,,,,,,,,,83,46,947,1304,0.726226993865031,501,,37,29,7.99999999999999,0
845,tla-16.034.243,2016,29034,29034,TLAXCO,243,SANTA MARIA ZOTOLUCA,***,20160605,,,51,16,,,88,,,,,71,,,,,,,,,,,,7,17,250,311,0.803858520900321,502,,37,29,7.99999999999999,0
846,tla-16.034.244,2016,29034,29034,TLAXCO,244,CAPILLA DE TEPEYAHUALCO,***,20160605,,,,,,,15,,,,,68,,,,,,,,,,,,13,0,96,133,0.721804511278195,503,,37,29,7.99999999999999,0
847,tla-16.034.245,2016,29034,29034,TLAXCO,245,RANCHERIA OJO DE AGUA,,20160605,,,67,,,,3,,,,,97,,,,,,,,,,,,0,5,172,208,0.826923076923077,504,,37,29,7.99999999999999,0
848,tla-16.035.246,2016,29035,29035,TOCATLAN,246,SANTACRUZ VENUSTIANO CARRANZA,,20160605,,,71,,185,,,94,,74,,,,,,,,,,,,,,0,0,424,581,0.729776247848537,507,,1,1,0,0
849,tla-16.036.247,2016,29036,29036,TOTOLAC,247,LOS REYES QUIAHUIXTLAN,,20160605,,88,371,30,13,,,,117,117,473,,,,,,,,,,,,,11,104,1324,1887,0.701642819289878,508:509,,9,7,2,0
850,tla-16.036.248,2016,29036,29036,TOTOLAC,248,LA CANDELARIA TEOTLALPAN,,20160605,,174,115,97,19,,,,74,66,45,,,,,,,,,,,,,3,52,645,917,0.703380588876772,511,,9,7,2,0
851,tla-16.036.249,2016,29036,29036,TOTOLAC,249,SAN FRANCISCO OCOTELULCO,,20160605,,75,112,303,,,,202,168,9,180,,,,,,,,,,,,,2,36,1087,1600,0.679375,512,,9,7,2,0
852,tla-16.036.250,2016,29036,29036,TOTOLAC,250,ACXOTLA DEL RIO,,20160605,,217,,307,86,,,129,203,,179,106,,,,,,,,,,,,115,80,1422,2170,0.655299539170507,513,,9,7,2,0
853,tla-16.036.251,2016,29036,29036,TOTOLAC,251,SAN MIGUEL TLAMAHUCO,*,20160605,,43,117,187,187,,,,99,11,147,,,,,,,,,,,,,1,66,858,1267,0.677190213101815,514,,9,7,2,0
854,tla-16.036.252,2016,29036,29036,TOTOLAC,252,SAN JUAN TOTOLAC,,20160605,,272,525,594,129,478,,402,393,473,246,,,,,,,,,,,,,11,108,3631,5059,0.717730776833366,515:517,,9,7,2,0
855,tla-16.036.253,2016,29036,29036,TOTOLAC,253,BARRIO DE ZARAGOZA,,20160605,,19,134,186,0,113,0,210,111,0,34,0,0,0,0,0,,,,0,,0,,0,20,827,256,3.23046875,518,decia 335|518 pero secc en munic contiguos,9,7,2,0
856,tla-16.037.254,2016,29037,29037,ZITLALTEPEC DE TRINIDAD SANCHEZ SANTOS,254,SAN JUAN BAUTISTA MIER,,20160605,,198,,29,9,88,,,,,83,2,,,,,,,,,,,,0,24,433,540,0.801851851851852,524,,2,2,0,0
857,tla-16.037.255,2016,29037,29037,ZITLALTEPEC DE TRINIDAD SANCHEZ SANTOS,255,COLONIA FRANCISCO JAVIER MINA,,20160605,,68,,16,160,19,,,219,,,135,,,,,,,,,,,,0,40,657,889,0.739032620922385,525,,2,2,0,0
858,tla-16.038.256,2016,29038,29038,TZOMPANTEPEC,256,SAN ANDRES AHUASHUASTEPEC,,20160605,,594,383,,143,165,6,492,,465,357,,,,,,,,,,,,,1297,258,4160,6927,0.600548578028006,527:528,,5,5,0,0
859,tla-16.038.257,2016,29038,29038,TZOMPANTEPEC,257,SAN SALVADOR TZOMPANTEPEC,,20160605,,73,173,87,,150,,9,315,,17,156,,,,,,,,,,,,0,37,1017,1393,0.730078966259871,529,,5,5,0,0
860,tla-16.038.258,2016,29038,29038,TZOMPANTEPEC,258,SAN JUAN QUETZALCOALPAN,,20160605,,169,127,5,,57,,280,58,,44,34,,,,,,,,,,,,0,20,794,1115,0.712107623318386,530,,5,5,0,0
861,tla-16.038.259,2016,29038,29038,TZOMPANTEPEC,259,XALTIANQUISCO SECCION 3A,,20160605,,111,83,41,8,151,,,61,3,,41,,,,,,,,,,,,0,17,516,669,0.771300448430493,536,,5,5,0,0
862,tla-16.038.260,2016,29038,29038,TZOMPANTEPEC,260,SAN MATEO INOPHIL,,20160605,,9,,37,,48,,,33,51,,17,,,,,,,,,,,,0,4,199,231,0.861471861471861,537,,5,5,0,0
863,tla-16.039.261,2016,29039,29039,XALOZTOC,261,GUADALUPE TEXMOLAC,,20160605,,235,98,528,182,111,,,,59,200,,,,,,,,,,,,,1,49,1463,2065,0.708474576271186,538,,9,9,0,0
864,tla-16.039.262,2016,29039,29039,XALOZTOC,262,COLONIA SANTA MARTHA SECCION TERCERA,,20170604,extra,337,173,118,,,,,234,0,301,,,,,,,,,,,,,0,10,1173,1974,0.594224924012158,539,,9,9,0,0
865,tla-16.039.263,2016,29039,29039,XALOZTOC,263,SAN COSME XALOSTOC HUIZNAHUAC 1A SECCION,,20160605,,319,186,448,252,260,,,324,,226,,,,,,,,,,,,,1,88,2104,3008,0.699468085106383,540,,9,9,0,0
866,tla-16.039.264,2016,29039,29039,XALOZTOC,264,SAN COSME XALOZTOC 2A SECCION,,20160605,,189,315,200,199,231,,,294,201,129,,,,,,,,,,,,,0,64,1822,2624,0.694359756097561,541,,9,9,0,0
867,tla-16.039.265,2016,29039,29039,XALOZTOC,265,SAN PEDRO TLACOTEPEC,,20160605,,47,327,55,350,519,,,137,,68,,,,,,,,,,,,,1,50,1554,2274,0.683377308707124,542,,9,9,0,0
868,tla-16.039.266,2016,29039,29039,XALOZTOC,266,COLONIA VENUSTIANO CARRANZA,***,20160605,,252,200,276,221,63,,,,25,32,,,,,,,,,,,,,324,40,1433,1992,0.719377510040161,543,,9,9,0,0
869,tla-16.039.267,2016,29039,29039,XALOZTOC,267,COLONIA VELASCO,***,20160605,,7,92,27,16,22,,,148,141,27,,,,,,,,,,,,,12,13,505,588,0.858843537414966,544,,9,9,0,0
870,tla-16.039.268,2016,29039,29039,XALOZTOC,268,COLONIA JOSE LOPEZ PORTILLO,***,20160605,,,21,42,68,41,,,49,,46,,,,,,,,,,,,,134,9,410,520,0.788461538461538,545,,9,9,0,0
871,tla-16.039.269,2016,29039,29039,XALOZTOC,269,SANTA CRUZ ZACATZONTETLA,,20160605,,179,124,,17,143,,,54,13,6,,,,,,,,,,,,,1,9,546,685,0.797080291970803,546,,9,9,0,0
872,tla-16.040.270,2016,29040,29040,XALTOCAN,270,TOPILCO DE JUAREZ,,20160605,,319,,174,,249,,,243,240,,,,,,,,,,,,,,1,62,1288,1851,0.695840086439762,548,,7,6,1,0
873,tla-16.040.271,2016,29040,29040,XALTOCAN,271,SAN JOSE TEXOPA,,20170604,extra,0,0,0,,,,,68,69,70,,,,,,,,,,,,,0,4,211,287,0.735191637630662,553,,7,6,1,0
874,tla-16.040.272,2016,29040,29040,XALTOCAN,272,LAS MESAS,,20160605,,26,,33,,44,,,8,,,,,,,,,,,,,,,0,4,115,152,0.756578947368421,554,,7,6,1,0
875,tla-16.040.273,2016,29040,29040,XALTOCAN,273,SANTA BARBARA ACUIZCUIZTEPEC,***,20160605,,6,263,136,,53,,,43,2,,,,,,,,,,,,,,6,14,523,674,0.775964391691395,555,,7,6,1,0
876,tla-16.040.274,2016,29040,29040,XALTOCAN,274,CUATLA,,20160605,,17,59,62,,83,,,,129,,,,,,,,,,,,,,155,9,514,719,0.714881780250348,556,,7,6,1,0
877,tla-16.040.275,2016,29040,29040,XALTOCAN,275,LA ASCENCION HUIZCOLOTEPEC,***,20160605,,58,75,70,,,,,,22,,,,,,,,,,,,,,235,33,493,707,0.697312588401697,557,,7,6,1,0
878,tla-16.041.276,2016,29041,29041,PAPALOTLA DE XICOHTENCATL,276,SAN BUENAVENTURA,***,20160605,,18,134,261,,,272,,,,195,271,,,,,,,,,,,,165,41,1357,1954,0.694472876151484,563,,3,3,0,0
879,tla-16.041.277,2016,29041,29041,PAPALOTLA DE XICOHTENCATL,277,PANZACOLA,,20160605,,390,414,320,,,313,,261,,62,,,,,,,,,,,,,2,53,1815,2996,0.605807743658211,564:565,,3,3,0,0
880,tla-16.041.278,2016,29041,29041,PAPALOTLA DE XICOHTENCATL,278,SAN MARCOS CONTLA,,20160605,,166,625,364,,,193,122,248,,35,,,,,,,,,,,,,1,69,1823,2608,0.699003067484663,566:567,,3,3,0,0
881,tla-16.043.279,2016,29043,29043,YAUHQUEMEHCAN ,279,SAN FRANCISCO TLACUILOHCAN,,20160605,,287,98,,,,,232,144,20,48,,,,,,,,,,,,,231,74,1134,1656,0.684782608695652,575:576|579,,8,8,0,0
882,tla-16.043.280,2016,29043,29043,YAUHQUEMEHCAN ,280,SAN LORENZO TLACUALOYAN,,20160605,,69,139,,,50,,123,19,,11,12,,,,,,,,,,,,0,27,450,621,0.72463768115942,577,,8,8,0,0
883,tla-16.043.281,2016,29043,29043,YAUHQUEMEHCAN ,281,OCOTOXCO,,20160605,,127,168,24,,56,,62,152,86,24,20,,,,,,,,,,,,0,26,745,652,1.14263803680982,578,,8,8,0,0
884,tla-16.043.282,2016,29043,29043,YAUHQUEMEHCAN ,282,SANTA MARIA ATLIHUETZIA,,20160605,,147,307,167,,,,342,357,,111,167,,,,,,,,,,,,2,51,1651,2875,0.574260869565217,578|585,,8,8,0,0
885,tla-16.043.283,2016,29043,29043,YAUHQUEMEHCAN ,283,SAN JOSE TETEL,,20160605,,744,339,,,,,,136,501,859,106,,,,,,,,,,,,9,146,2840,5196,0.54657428791378,580:581,,8,8,0,0
886,tla-16.043.284,2016,29043,29043,YAUHQUEMEHCAN ,284,SANTA URSULA ZIMATEPEC,,20160605,,545,279,206,,173,,,631,33,376,,,,,,,,,,,,,2,86,2331,4058,0.574420896993593,582,,8,8,0,0
887,tla-16.043.285,2016,29043,29043,YAUHQUEMEHCAN ,285,SAN BENITO XALTOCAN,,20160605,,201,239,,316,,,38,360,,183,,,,,,,,,,,,,48,86,1471,2721,0.540610069827269,583,,8,8,0,0
888,tla-16.043.286,2016,29043,29043,YAUHQUEMEHCAN ,286,BARRIO DE HUACALTZINGO,,20160605,,203,94,21,20,,6,7,268,,,,,,,,,,,,,,,3,40,662,1148,0.576655052264808,584,,8,8,0,0
889,tla-16.044.287,2016,29044,29044,ZACATELCO,287,1A SECCION TLATLACOLA,***,20160605,,639,596,762,,722,273,297,323,381,475,458,,,,,,,,,,,,465,231,5622,8173,0.68787470940903,588:591|593:594,,7,7,0,0
890,tla-16.044.288,2016,29044,29044,ZACATELCO,288,2A SECCION,,20160605,,410,366,700,468,641,423,403,453,320,396,218,,,,,,,,,,,,4,207,5009,8104,0.618089832181639,588|591:593,,7,7,0,0
891,tla-16.044.289,2016,29044,29044,ZACATELCO,289,BARRIO DE EXQUITLA,,20160605,,248,76,42,89,10,114,,200,193,140,164,,,,,,,,,,,,1,48,1325,2141,0.61886968706212,594:595,,7,7,0,0
892,tla-16.044.290,2016,29044,29044,ZACATELCO,290,3A SECCION BARRIO DE XOCHICALCO,,20160605,,500,178,366,111,,79,16,355,105,138,73,,,,,,,,,,,,0,68,1989,2867,0.693756539937217,596:597,,7,7,0,0
893,tla-16.044.291,2016,29044,29044,ZACATELCO,291,4A SECCION BARRIO DE MANANTIALES,,20160605,,459,197,320,77,,143,,182,471,212,415,,,,,,,,,,,,0,125,2601,4167,0.624190064794816,598:599,,7,7,0,0
894,tla-16.044.292,2016,29044,29044,ZACATELCO,292,8A SECCION BARRIO DE XITOTOTLA,,20160605,,361,342,360,,,,120,65,82,263,66,,,,,,,,,,,,0,68,1727,2500,0.6908,599|601,decia 5a cambie a nombre 2021 2024,7,7,0,0
895,tla-16.044.293,2016,29044,29044,ZACATELCO,293,7A SECCION DE BARRIO DE GUARDIA,***,20160605,,50,200,237,,80,257,,349,378,230,108,,,,,,,,,,,,110,134,2133,2963,0.719878501518731,600,decia 3a cambie a nombre 2021 2024,7,7,0,0
896,tla-16.046.299,2016,29046,29054,EMILIANO ZAPATA,299,COLONIA GUSTAVO DIAZ ORDAZ,,20160605,,377,,,,,,108,,191,,,,,,,,,,,,,,0,20,696,817,0.851897184822521,100|608,,1,1,0,0
897,tla-16.058.296,2016,29058,29048,SANTA CATARINA AYOMETLA,296,BARRIO DE TLAXCALTECATLA,,20160605,,298,276,232,42,,49,,,,112,153,,,,,,,,,,,,104,41,1307,1766,0.740090600226501,602,,3,3,0,0
898,tla-16.058.297,2016,29058,29048,SANTA CATARINA AYOMETLA,297,COLONIA ESTOCAPA,***,20160605,,413,43,146,77,,,,63,,7,165,,,,,,,,,,,,165,39,1118,1270,0.880314960629921,603,,3,3,0,0
899,tla-16.058.298,2016,29058,29048,SANTA CATARINA AYOMETLA,298,BARRIO DE TLAPAYATLA,,20160605,,95,187,211,8,,,,214,,,,,,,,,,,,,,,32,39,786,1094,0.718464351005484,605,,3,3,0,0
900,tla-16.059.294,2016,29059,29046,SANTA CRUZ QUILEHTLA,294,SANTA CRUZ QUILEHTLA,,20160605,,,263,277,,,419,555,410,,,215,,,,,,,,,,,,2,95,2236,3203,0.698095535435529,313:314,,2,2,0,0
901,tla-16.059.295,2016,29059,29046,SANTA CRUZ QUILEHTLA,295,SANTIAGO AYOMETITLA,***,20160605,,,145,470,,,,11,21,,,,,,,,,,,,,,,296,34,977,1330,0.734586466165414,315,,2,2,0,0
902,tla-17.001.001,2021,29001,29001,AMAXAC DE GUERRERO,1,SAN DAMIAN TLACOCALPAN,,20210606,,,114,19,,,24,,,,207,22,168,,,9,,,,,,,,,,,701,0,4,,1,1,0,0
903,tla-17.002.002,2021,29002,29002,APETATITLAN DE ANTONIO CARVAJAL,2,TLATEMPA,,20210606,,300,75,127,44,,217,120,26,213,502,,124,15,,148,,,,,,,,,,,2634,0,5,,4,4,0,0
904,tla-17.002.003,2021,29002,29002,APETATITLAN DE ANTONIO CARVAJAL,3,SAN MATIAS TEPETOMATITLAN,,20210606,,520,170,,46,,396,29,119,31,342,,14,23,,30,,,,,,,,,,,2541,0,9,,4,4,0,0
905,tla-17.002.004,2021,29002,29002,APETATITLAN DE ANTONIO CARVAJAL,4,BELEN ATZITZIMITITLAN,,20210606,,674,183,,82,,44,84,,223,346,,60,251,,,,,,,,,,,,,2722,0,10,,4,4,0,0
906,tla-17.002.005,2021,29002,29002,APETATITLAN DE ANTONIO CARVAJAL,5,BARRIO DE TECOLOTLA,,20210606,,126,204,7,18,,41,37,,17,120,,7,23,,71,,,,,,,,,,,923,0,11,,4,4,0,0
907,tla-17.003.013,2021,29003,29004,ATLANGATEPEC,13,SANTA CLARA OZUMBA,,20210606,,127,131,,,,,,,46,5,,,,,3,,,,,,,,,,,369,0,50,,9,8,1,0
908,tla-17.003.014,2021,29003,29004,ATLANGATEPEC,14,SANTIAGO VILLALTA,,20210606,,16,81,63,,,,69,,11,16,,,,,30,,,,,,,,,,,353,0,51,,9,8,1,0
909,tla-17.003.015,2021,29003,29004,ATLANGATEPEC,15,COLONIA AGRICOLA SAN LUIS,,20210606,,29,,,,,2,48,,,26,,,,,,,,,,,,,,,,134,0,52,,9,8,1,0
910,tla-17.003.016,2021,29003,29004,ATLANGATEPEC,16,ZUMPANGO,,20210606,,,139,,,163,,70,91,107,82,,,17,,118,,,,,,,,,,,1141,0,53,,9,8,1,0
911,tla-17.003.017,2021,29003,29004,ATLANGATEPEC,17,BENITO JUAREZ TEZOYO,,20210606,,2,49,1,,4,,90,7,49,89,,,,,31,,,,,,,,,,,432,0,54,,9,8,1,0
912,tla-17.003.018,2021,29003,29004,ATLANGATEPEC,18,COLONIA LA TRASQUILA,,20210606,,19,27,58,,4,,6,,38,5,4,,,,46,,,,,,,,,,,350,0,55,,9,8,1,0
913,tla-17.003.019,2021,29003,29004,ATLANGATEPEC,19,SAN PEDRO ECACTEPEC,,20210606,,281,213,19,,60,,,40,66,99,,,21,,87,,,,,,,,,,,1243,0,56,,9,8,1,0
914,tla-17.003.020,2021,29003,29004,ATLANGATEPEC,20,COLONIA VILLA DE LAS FLORES,,20210606,,48,70,,,,,98,,,,,,,,11,,,,,,,,,,,284,0,57,,9,8,1,0
915,tla-17.004.021,2021,29004,29005,ATLTZAYANCA  ,21,BARRIO DE GUADALUPE,,20210606,,38,32,22,0,23,0,0,23,31,13,0,0,0,5,0,,,,0,,0,,1,11,199,279,0.71326164874552,59,,21,20,1,0
916,tla-17.004.022,2021,29004,29005,ATLTZAYANCA  ,22,BARRIO DE LA CONCEPCION,,20210606,,68,100,62,50,,,,,,19,,,,33,,,,,,,,,,,,438,0,59,,21,20,1,0
917,tla-17.004.023,2021,29004,29005,ATLTZAYANCA  ,23,BARRIO DE SANTIAGO,,20210606,,44,27,15,22,68,0,0,0,0,14,0,0,15,67,0,,,,0,,0,,0,14,286,373,0.766756032171582,60,,21,20,1,0
918,tla-17.004.024,2021,29004,29005,ATLTZAYANCA  ,24,LA GARITA,,20210606,,19,53,1,74,21,,,,67,23,,,,8,,,,,,,,,,,,377,0,61‐E,,21,20,1,0
919,tla-17.004.025,2021,29004,29005,ATLTZAYANCA  ,25,SAN JOSE BUENAVISTA,,20210606,,6,17,8,48,44,,,7,,24,,,,2,,,,,,,,,,,,196,0,61,,21,20,1,0
920,tla-17.004.026,2021,29004,29005,ATLTZAYANCA  ,26,LAZARO CARDENAS,,20210606,,99,44,11,130,3,,,,1,4,,,,,,,,,,,,,,,,344,0,62,,21,20,1,0
921,tla-17.004.027,2021,29004,29005,ATLTZAYANCA  ,27,SAN ANTONIO TECOPILCO,,20210606,,21,38,74,,47,,,34,,78,,,,,,,,,,,,,,,,351,0,63,,21,20,1,0
922,tla-17.004.028,2021,29004,29005,ATLTZAYANCA  ,28,SAN JUAN OCOTITLA,,20210606,,9,37,21,21,25,,,,,34,,,,39,,,,,,,,,,,,219,0,64,,21,20,1,0
923,tla-17.004.029,2021,29004,29005,ATLTZAYANCA  ,29,SAN JOSE PILANCON,,20210606,,46,40,53,54,6,,,,,10,,,,,,,,,,,,,,,,242,0,65,,21,20,1,0
924,tla-17.004.030,2021,29004,29005,ATLTZAYANCA  ,30,XALTITLA,,20210606,,61,46,73,16,56,0,0,31,1,43,0,0,0,37,0,,,,34,,0,,0,19,417,531,0.785310734463277,60|66|72,,21,20,1,0
925,tla-17.004.031,2021,29004,29005,ATLTZAYANCA  ,31,MESA REDONDA,,20210606,,11,85,78,,1,,,,,32,,,,,,,,,,,,,,,,239,0,67,,21,20,1,0
926,tla-17.004.032,2021,29004,29005,ATLTZAYANCA  ,32,CONCEPCION HIDALGO,,20210606,,281,143,300,,462,,18,33,70,113,,,,62,,,,,,,,,,,,2066,0,68,,21,20,1,0
927,tla-17.004.033,2021,29004,29005,ATLTZAYANCA  ,33,FELIPE CARRILLO PUERTO,,20210606,,111,153,152,,160,,,,,73,,,,,,,,,,,,,,,,849,0,69,,21,20,1,0
928,tla-17.004.034,2021,29004,29005,ATLTZAYANCA  ,34,NEXNOPALA,,20210606,,12,101,57,114,16,,,5,,106,,,,,,,,,,,,,,,,545,0,70,,21,20,1,0
929,tla-17.004.035,2021,29004,29005,ATLTZAYANCA  ,35,RANCHERIA POCITOS,,20210606,,39,132,2,0,23,0,0,4,0,165,0,0,0,0,0,,,,0,,0,,0,13,378,498,0.759036144578313,71,,21,20,1,0
930,tla-17.004.036,2021,29004,29005,ATLTZAYANCA  ,36,SANTA MARIA LAS CUEVAS,,20210606,,,,,,,,,,,,,,,,,,,,,,,,,,,,#DIV/0!,72,,21,20,1,0
931,tla-17.004.037,2021,29004,29005,ATLTZAYANCA  ,37,NAZARETH,,20210606,,1,8,3,,7,66,,,48,14,,,,49,,,,,21,,,,,,,287,0,73,,21,20,1,0
932,tla-17.004.038,2021,29004,29005,ATLTZAYANCA  ,38,SANTA CRUZ POCITOS,,20210606,,4,327,69,,41,,,,,158,,,,218,,,,,,,,,,,,1067,0,74,,21,20,1,0
933,tla-17.004.039,2021,29004,29005,ATLTZAYANCA  ,39,LOMAS DE JUNGUITO,,20210606,,,79,16,,,,,36,,,,,,,,,,,28,,,,,,,189,0,76,,21,20,1,0
934,tla-17.004.040,2021,29004,29005,ATLTZAYANCA  ,40,BARRIO DE SAN ANTONIO,,20210606,,,,,,,,,,,,,,,,,,,,,,,,,,,,#DIV/0!,77,,21,20,1,0
935,tla-17.005.006,2021,29005,29003,APIZACO,6,COLONIA CERRITO DE GUADALUPE,,20210606,,132,90,126,32,85,30,194,31,107,141,27,90,108,70,114,,,,,,,,,,,2269,0,13,,7,7,0,0
936,tla-17.005.007,2021,29005,29003,APIZACO,7,SAN LUIS APIZAQUITO,,20210606,,142,593,34,22,,,107,362,19,347,122,72,,147,69,,,,762,,,,,,,4765,0,14,,7,7,0,0
937,tla-17.005.008,2021,29005,29003,APIZACO,8,COLONIA JOSE MARIA MORELOS,,20210606,,226,132,250,5,12,19,,,,8,7,6,13,18,74,,,,,,,,,,,1002,0,38,,7,7,0,0
938,tla-17.005.009,2021,29005,29003,APIZACO,9,GUADALUPE TEXCALAC,,20210606,,258,44,40,,1,8,,,6,69,8,14,,89,,,,,,,,,,,,1213,0,39,,7,7,0,0
939,tla-17.005.010,2021,29005,29003,APIZACO,10,SANTA MARIA TEXCALAC,,20210606,,799,264,57,,,104,,121,613,897,248,193,18,205,,,,,,,,,,,,5807,0,40:41,,7,7,0,0
940,tla-17.005.011,2021,29005,29003,APIZACO,11,SANTA ANITA HUILOAC,,20210606,,715,350,263,328,123,168,27,71,187,918,185,82,33,475,145,,,,,,,,,,,6987,0,42:45,,7,7,0,0
941,tla-17.005.012,2021,29005,29003,APIZACO,12,COLONIA SAN ISIDRO APIZAQUITO,,20210606,,204,80,32,69,,120,,29,199,197,12,80,,42,69,,,,,,,,,,,1918,0,46,,7,7,0,0
942,tla-17.006.041,2021,29006,29006,CALPULALPAN,41,COLONIA ALFONSO ESPEJEL,,20210606,,232,114,154,15,14,46,,166,379,573,9,47,34,168,199,,,,,,,,,,,4441,0,78,,13,5.00000000000001,8,0
943,tla-17.006.042,2021,29006,29006,CALPULALPAN,42,COLONIA EL MIRADOR,,20210606,,74,416,345,,210,77,,132,147,284,367,30,227,,155,,,,,,,,,,,4478,0,82:83|88:90,,13,5.00000000000001,8,0
944,tla-17.006.043,2021,29006,29006,CALPULALPAN,43,COLONIA FRANCISCO SARABIA,,20210606,,48,550,417,,83,,,537,84,352,,,161,135,104,,,,,,,,,,,4075,0,85:86,,13,5.00000000000001,8,0
945,tla-17.006.044,2021,29006,29006,CALPULALPAN,44,SAN MATEO ACTIPAN,,20210606,,4,413,,,8,,3,,1,,,,9,,83,,,,,,,,,,,797,0,91,,13,5.00000000000001,8,0
946,tla-17.006.045,2021,29006,29006,CALPULALPAN,45,SAN CRISTOBAL ZACACALCO,,20210606,,29,45,,2,30,,,82,107,,,,,,,,,,,,,,,,,547,0,96,,13,5.00000000000001,8,0
947,tla-17.007.046,2021,29007,29007,CARMEN TEQUEXQUITLA--EL,46,BARRIO DE GUADALUPE,,20210606,,101,51,154,,,,,168,6,204,,,,83,,,,,,,,,,,,1310,0,103,,6,5,1,0
948,tla-17.007.047,2021,29007,29007,CARMEN TEQUEXQUITLA--EL,47,COLONIA MAZATEPEC,,20210606,,341,104,127,,,,,597,,333,,,,239,,,,,,,,,,,,2655,0,104,,6,5,1,0
949,tla-17.007.048,2021,29007,29007,CARMEN TEQUEXQUITLA--EL,48,COLONIA LA SOLEDAD,,20210606,,7,41,5,,,,,12,137,43,,,,102,,,,,,,,,,,,462,0,105,,6,5,1,0
950,tla-17.007.049,2021,29007,29007,CARMEN TEQUEXQUITLA--EL,49,VICENTE GUERRERO,,20210606,,11,5,1,100,,,,65,,,,,,12,,,,,,,,,,,,235,0,106,,6,5,1,0
951,tla-17.008.050,2021,29008,29008,CUAPIAXTLA,50,COLONIA IGNACIO ALLENDE,,20210606,,173,287,31,46,,,,41,6,97,,,,215,216,,,,,,,,,,,1443,0,110,,8,6,2,0
952,tla-17.008.051,2021,29008,29008,CUAPIAXTLA,51,SANTA BEATRIZ LA NUEVA,,20210606,,10,,2,1,,,,4,57,46,,,,3,114,,,,,,,,,,,274,0,111,,8,6,2,0
953,tla-17.008.052,2021,29008,29008,CUAPIAXTLA,52,COLONIA LOMA BONITA,,20210606,,3,44,3,8,,,53,,,7,,,,5,3,,,,,,,,,,,156,0,112,,8,6,2,0
954,tla-17.008.053,2021,29008,29008,CUAPIAXTLA,53,COLONIA MANUEL AVILA CAMACHO,,20210606,,7,8,60,55,,,30,,,39,,,,4,54,,,,,,,,,,,300,0,113,,8,6,2,0
955,tla-17.008.054,2021,29008,29008,CUAPIAXTLA,54,SAN FRANCISCO CUEXCONTZI,,20210606,,39,51,17,181,,,121,178,,15,,,18,5,62,,,,,,,,,,,868,0,114,,8,6,2,0
956,tla-17.008.055,2021,29008,29008,CUAPIAXTLA,55,COLONIA PLAN DE AYALA,,20210606,,1,110,13,36,,,85,,,17,,,,17,36,,,,,,,,,,,380,0,115,,8,6,2,0
957,tla-17.008.056,2021,29008,29008,CUAPIAXTLA,56,COLONIA JOSE MARIA MORELOS,,20210606,,1,115,7,3,,,,61,,4,,,,3,167,,,,,,,,,,,452,0,116,,8,6,2,0
958,tla-17.009.057,2021,29009,29009,CUAXOMULCO,57,2A SECCION COAXOMULCO (TECUICUILCO),,20210606,,260,19,,,,,,,,116,8,116,150,,123,,,,112,,,,,,,1334,0,117,,5,5,0,0
959,tla-17.009.058,2021,29009,29009,CUAXOMULCO,58,1A SECCION CUAXOMULCO (BARRIO DE ATENCO),,20210606,,232,66,,5,107,,,,,93,85,3,,,130,,,,80,,,,,,,1080,0,118,,5,5,0,0
960,tla-17.009.059,2021,29009,29009,CUAXOMULCO,59,SAN MIGUEL BUENAVISTA,,20210606,,121,188,,30,,,,,,20,,85,10,,36,,,,,,,,,,,627,0,119,,5,5,0,0
961,tla-17.009.060,2021,29009,29009,CUAXOMULCO,60,ZACAMOLPA,,20210606,,93,,,,,,,,,,,8,107,,15,,,,,,,,,,,270,0,120,,5,5,0,0
962,tla-17.009.061,2021,29009,29009,CUAXOMULCO,61,SAN LORENZO XALTELULCO,,20210606,,56,87,46,18,,,,,,92,,349,35,,129,,,,139,,,,,,,1288,0,121,,5,5,0,0
963,tla-17.010.062,2021,29010,29010,CHIAUTEMPAN,62,COLONIA CHALMA,,20210606,,56,79,146,134,37,126,43,60,55,288,20,86,,61,49,,,,,,,,,,,1801,0,122:123,,15,7.00000000000001,8,0
964,tla-17.010.063,2021,29010,29010,CHIAUTEMPAN,63,SANTA CRUZ GUADALUPE,,20210606,,,,287,,252,19,134,,,422,,,,,,,,,,,,,,,,2281,0,126,,15,7.00000000000001,8,0
965,tla-17.010.064,2021,29010,29010,CHIAUTEMPAN,64,COLONIA REFORMA,,20210606,,94,325,229,397,363,175,,166,39,984,114,,,,154,,,,,,,,,,,4568,0,127|140,,15,7.00000000000001,8,0
966,tla-17.010.065,2021,29010,29010,CHIAUTEMPAN,65,COLONIA INDUSTRIAL,,20210606,,84,125,25,,121,16,35,42,23,154,21,,41,,51,,,,,,,,,,,1072,0,133,,15,7.00000000000001,8,0
967,tla-17.010.066,2021,29010,29010,CHIAUTEMPAN,66,COLONIA EL ALTO,,20210606,,195,392,205,0,452,73,638,88,39,730,0,38,144,64,298,,,,0,,0,,1,102,3459,5246,0.65935951200915,137|144,,15,7.00000000000001,8,0
968,tla-17.010.067,2021,29010,29010,CHIAUTEMPAN,67,BARRIO DE TEXCACOAC,,20210606,,62,300,158,0,307,429,28,90,72,413,0,189,0,0,366,,,,0,,0,,4,77,2495,4028,0.619414101290963,141,,15,7.00000000000001,8,0
969,tla-17.010.068,2021,29010,29010,CHIAUTEMPAN,68,BARRIO DE XAXALA,,20210606,,0,48,77,0,83,55,36,31,5,206,47,28,0,84,90,,,,0,,0,,0,43,833,1437,0.579679888656924,142,,15,7.00000000000001,8,0
970,tla-17.011.069,2021,29011,29011,MUÑOZ DE DOMINGO ARENAS,69,SAN JOSE CUAMATZINGO,,20210606,,82,43,,94,,98,,34,28,,,293,43,,,,,,,,,,,,,1035,0,162,,3,3,0,0
971,tla-17.011.070,2021,29011,29011,MUÑOZ DE DOMINGO ARENAS,70,GUADALUPE CUAUHTEMOC,,20210606,,11,,,,,,,50,30,101,,11,137,,,,,,,,,,,,,502,0,163,,3,3,0,0
972,tla-17.011.071,2021,29011,29011,MUÑOZ DE DOMINGO ARENAS,71,COLONIA SAN ISIDRO CHIPILA,,20210606,,83,89,,,,,,,,,,,46,,,,,,,,,,,,,279,0,164,,3,3,0,0
973,tla-17.013.072,2021,29013,29013,HUAMANTLA,72,COLONIA EMILIANO ZAPATA,,20210606,,141,72,100,0,132,0,0,151,71,440,0,119,0,0,0,,,,0,,0,,1,32,1259,2289,0.550021843599825,178,,39,31,8,0
974,tla-17.013.073,2021,29013,29013,HUAMANTLA,73,BARRIO DE SAN SEBASTIAN,,20210606,,377,232,24,20,254,0,0,119,111,315,37,64,0,0,64,,,,0,,0,,134,109,1860,4185,0.444444444444444,179:181|187,,39,31,8,0
975,tla-17.013.074,2021,29013,29013,HUAMANTLA,74,BARRIO DE SANTA ANITA,,20210606,,219,366,56,0,288,0,0,65,0,492,0,44,0,0,0,,,,0,,0,,155,90,1775,2858,0.621063680895731,179:180,,39,31,8,0
976,tla-17.013.075,2021,29013,29013,HUAMANTLA,75,BARRIO DE SAN FRANCISCO YANCUITLALPAN,,20210606,,95,43,20,0,143,0,0,0,80,144,0,51,0,0,92,,,,0,,0,,1,28,697,1165,0.598283261802575,184,,39,31,8,0
977,tla-17.013.076,2021,29013,29013,HUAMANTLA,76,RANCHERIA DE LA CRUZ,,20210606,,,,27,8,88,,,291,35,129,,,,,80,,,,,,,,,,,1226,0,218,,39,31,8,0
978,tla-17.013.077,2021,29013,29013,HUAMANTLA,77,BARRIO DE SANTA MARIA YANCUITLALPAN,,20210606,,81,84,130,43,45,,,33,,124,,,,,,,,,,,,,,,,763,0,217,,39,31,8,0
979,tla-17.013.078,2021,29013,29013,HUAMANTLA,78,BARRIO DE SAN LUCAS,,20210606,,206,412,140,131,933,249,,100,236,545,291,,,,,,,,,,,,,,,6461,0,188|195,,39,31,8,0
980,tla-17.013.079,2021,29013,29013,HUAMANTLA,79,BARRIO DE LA PRECIOSA,,20210606,,95,122,,62,68,,67,45,32,95,139,,,82,,,,,,,,,,,,1372,0,190:191|194,,39,31,8,0
981,tla-17.013.080,2021,29013,29013,HUAMANTLA,80,BARRIO DE SAN ANTONIO,,20210606,,113,,99,56,272,,,50,16,176,10,,,,75,,,,,,,,,,,1538,0,192|194,,39,31,8,0
982,tla-17.013.081,2021,29013,29013,HUAMANTLA,81,BARRIO DE SAN JOSE,,20210606,,53,171,,148,60,59,,81,49,223,,,,,59,,,,,,,,,,,1757,0,192,,39,31,8,0
983,tla-17.013.082,2021,29013,29013,HUAMANTLA,82,COLONIA MARIANO MATAMOROS,,20210606,,111,113,138,26,67,,,36,42,47,,,,,,,,,,,,,,,,1019,0,193,,39,31,8,0
984,tla-17.013.083,2021,29013,29013,HUAMANTLA,83,HERMENEGILDO GALEANA,,20210606,,95,61,27,3,147,,,8,6,115,48,,,,232,,,,,,,,,,,1144,0,196,,39,31,8,0
985,tla-17.013.084,2021,29013,29013,HUAMANTLA,84,RANCHERIA DE TORRES,,20210606,,,85,9,,86,,,,,9,,,,,,,,,,,,,,,,263,0,197,,39,31,8,0
986,tla-17.013.085,2021,29013,29013,HUAMANTLA,85,FRANCISCO I MADERO LA MESA,,20210606,,38,,,,,,,,,69,,,,,,,,,,,,,,,,151,0,198,,39,31,8,0
987,tla-17.013.086,2021,29013,29013,HUAMANTLA,86,COLONIA FRANCISCO VILLA TECOAC,,20210606,,85,,90,52,114,,,,56,137,54,,,,,,,,,,,,,,,740,0,199,,39,31,8,0
988,tla-17.013.087,2021,29013,29013,HUAMANTLA,87,EL CARMEN XALPATALAHUAYA,,20210606,,257,322,,,72,,,,38,233,,,,,59,,,,,,,,,,,1463,0,200,,39,31,8,0
989,tla-17.013.088,2021,29013,29013,HUAMANTLA,88,BENITO JUAREZ,,20210606,,319,,406,494,134,,,,188,698,205,,,,,,,,,,,,,,,3679,0,201,,39,31,8,0
990,tla-17.013.089,2021,29013,29013,HUAMANTLA,89,FRANCISCO I MADERO TECOPILCO EL VALLE,,20210606,,,,,,,,,,,,,,,,,,,,,,,,,,,,#DIV/0!,202,,39,31,8,0
991,tla-17.013.090,2021,29013,29013,HUAMANTLA,90,SAN JOSE XICOHTENCATL,,20210606,,438,529,99,254,67,,,,,412,63,,,,744,,,,,,,,,,,4551,0,203:204,,39,31,8,0
992,tla-17.013.091,2021,29013,29013,HUAMANTLA,91,COLONIA ACASILLADOS SAN MARTIN NOTARIO,,20210606,,70,64,1,,77,,,,1,42,,,,,,,,,,,,,,,,295,0,205,,39,31,8,0
993,tla-17.013.092,2021,29013,29013,HUAMANTLA,92,LAZARO CARDENAS,,20210606,,221,141,46,,253,,,,7,54,,,,,94,,,,,,,,,,,967,0,206,,39,31,8,0
994,tla-17.013.093,2021,29013,29013,HUAMANTLA,93,COLONIA CHAPULTEPEC,,20210606,,29,220,,,91,,,80,45,93,,,,,,,,,,,,,,,,786,0,207,,39,31,8,0
995,tla-17.013.094,2021,29013,29013,HUAMANTLA,94,COLONIA SAN FRANCISCO TECOAC,,20210606,,,104,34,,,,,,47,57,,,,,,,,,,,,,,,,211,0,208,,39,31,8,0
996,tla-17.013.095,2021,29013,29013,HUAMANTLA,95,NUEVO BARRIO FRANCISCO VILLA,,20210606,,207,86,,9,,,,,39,46,,,,,,,,,,,,,,,,640,0,208,,39,31,8,0
997,tla-17.013.096,2021,29013,29013,HUAMANTLA,96,COLONIA CUAUHTEMOC,,20210606,,57,,29,142,182,,,,,244,14,,,,,,,,,,,,,,,833,0,209,,39,31,8,0
998,tla-17.013.097,2021,29013,29013,HUAMANTLA,97,COLONIA JOSE MARIA MORELOS,,20210606,,66,,68,12,219,,,176,59,50,34,,,,,,,,,,,,,,,1006,0,211,,39,31,8,0
999,tla-17.013.098,2021,29013,29013,HUAMANTLA,98,COLONIA JOSE MARIA MORELOS,,20210606,,84,,85,7,114,,,41,27,,,,,,,,,,,,,,,,,559,0,212,,39,31,8,0
1000,tla-17.013.099,2021,29013,29013,HUAMANTLA,99,IGNACIO ZARAGOZA,,20210606,,556,,186,275,288,,,290,129,2060,326,,,,106,,,,,,,,,,,5248,0,213:214,,39,31,8,0
1001,tla-17.013.100,2021,29013,29013,HUAMANTLA,100,RANCHERIA ALTAMIRA DE GUADALUPE,,20210606,,76,,5,108,27,,,,40,,,,,,,,,,,,,,,,,321,0,215,,39,31,8,0
1002,tla-17.013.101,2021,29013,29013,HUAMANTLA,101,RANCHERIA LOS PILARES,,20210606,,65,,107,,189,,,47,,202,,,,,,,,,,,,,,,,995,0,216,,39,31,8,0
1003,tla-17.013.102,2021,29013,29013,HUAMANTLA,102,RANCHERIA DE JESUS,,20210606,,76,26,,9,70,,,,101,30,,,,,,,,,,,,,,,,817,0,219,,39,31,8,0
1004,tla-17.014.103,2021,29014,29014,HUEYOTLIPAN,103,IGNACIO ZARAGOZA,,20210606,,,333,,,,98,,55,5,373,,,,13,,,,,,,,,,,,1207,0,222,,11,7,4,0
1005,tla-17.014.104,2021,29014,29014,HUEYOTLIPAN,104,ADOLFO LOPEZ MATEOS,,20210606,,67,139,,26,,66,,6,,,,,,286,,,,,,,,,,,,756,0,224,,11,7,4,0
1006,tla-17.014.105,2021,29014,29014,HUEYOTLIPAN,105,SAN LORENZO TECHALOTE,,20210606,,18,45,,44,,,,4,,43,,,3,83,,,,,,,,,,,,301,0,225,,11,7,4,0
1007,tla-17.014.106,2021,29014,29014,HUEYOTLIPAN,106,SANTIAGO TLALPAN,,20210606,,,90,,,,,,137,,36,,,24,197,,,,,,,,,,,,643,0,227,,11,7,4,0
1008,tla-17.014.107,2021,29014,29014,HUEYOTLIPAN,107,SAN SIMEON XIPETZINGO,,20210606,,259,328,,,,199,,140,18,74,,,,528,,,,,,,,,,,,2465,0,228,,11,7,4,0
1009,tla-17.014.108,2021,29014,29014,HUEYOTLIPAN,108,SAN MANUEL TLALPAN,,20210606,,31,24,,,,2,,3,37,,,,,54,,,,,,,,,,,,173,0,229,,11,7,4,0
1010,tla-17.014.109,2021,29014,29014,HUEYOTLIPAN,109,SANTA MARIA IXCOTLA,,20210606,,149,143,,,,2,,,,33,,,,97,,,,,,,,,,,,556,0,230,,11,7,4,0
1011,tla-17.015.110,2021,29015,29015,IXTACUIXTLA DE MARIANO MATAMOROS,110,SAN FELIPE IXTACUIXTLA,,20210606,,102,525,379,295,148,,,104,78,1002,384,78,67,281,74,,,,,,,,,,,5476,0,232:234,,21,12,9.00000000000001,0
1012,tla-17.015.111,2021,29015,29015,IXTACUIXTLA DE MARIANO MATAMOROS,111,RANCHERIA LA SOLEDAD,,20210606,,,55,,,1,,,4,,33,,,45,6,5,,,,,,,,,,,211,0,235,,21,12,9.00000000000001,0
1013,tla-17.015.112,2021,29015,29015,IXTACUIXTLA DE MARIANO MATAMOROS,112,SAN ANTONIO ATOTONILCO,,20210606,,202,,100,42,39,,,74,331,410,49,,114,160,127,,,,,,,,,,,3334,0,241:242,,21,12,9.00000000000001,0
1014,tla-17.015.113,2021,29015,29015,IXTACUIXTLA DE MARIANO MATAMOROS,113,SAN MIGUEL LA PRESA,,20210606,,,,78,,4,,,1,,134,,,91,,,,,,,,,,,,,362,0,243,,21,12,9.00000000000001,0
1015,tla-17.015.114,2021,29015,29015,IXTACUIXTLA DE MARIANO MATAMOROS,114,LA TRINIDAD TENEXYECAC,,20210606,,118,199,357,9,72,,,308,109,348,,,65,40,30,,,,,,,,,,,2404,0,245,,21,12,9.00000000000001,0
1016,tla-17.015.115,2021,29015,29015,IXTACUIXTLA DE MARIANO MATAMOROS,115,SAN ANTONIO TECOAC,,20210606,,67,84,,,44,,,5,29,76,6,123,,,,,,,,,,,,,,773,0,246,,21,12,9.00000000000001,0
1017,tla-17.015.116,2021,29015,29015,IXTACUIXTLA DE MARIANO MATAMOROS,116,SAN ANTONIO TIZOSTOC,,20210606,,24,,39,,97,,,199,227,135,15,313,19,,67,,,,,,,,,,,1649,0,247,,21,12,9.00000000000001,0
1018,tla-17.015.117,2021,29015,29015,IXTACUIXTLA DE MARIANO MATAMOROS,117,SANTA CRUZ EL PORVENIR,,20210606,,147,40,13,,52,,290,28,5,38,,236,1,86,,,,,,,,,,,,1192,0,248,,21,12,9.00000000000001,0
1019,tla-17.015.118,2021,29015,29015,IXTACUIXTLA DE MARIANO MATAMOROS,118,ESPIRITU SANTO,,20210606,,45,48,,60,,,,34,,123,,,6,,117,,,,,,,,,,,597,0,249,,21,12,9.00000000000001,0
1020,tla-17.015.119,2021,29015,29015,IXTACUIXTLA DE MARIANO MATAMOROS,119,SAN GABRIEL POPOCATLA,,20210606,,120,112,,13,,,4,175,9,187,,1,53,,128,,,,,,,,,,,1128,0,250,,21,12,9.00000000000001,0
1021,tla-17.015.120,2021,29015,29015,IXTACUIXTLA DE MARIANO MATAMOROS,120,SAN DIEGO XOCOYUCAN,,20210606,,5,401,72,377,88,3,31,166,171,447,11,6,38,237,25,,,,,,,,,,,3138,0,251,,21,12,9.00000000000001,0
1022,tla-17.015.121,2021,29015,29015,IXTACUIXTLA DE MARIANO MATAMOROS,121,SANTA INES TECUEXCOMAC,,20210606,,19,233,9,17,380,,135,18,,273,196,4,210,,,,,,,,,,,,,2424,0,256:257,,21,12,9.00000000000001,0
1023,tla-17.017.122,2021,29017,29017,MAZATECOCHCO DE JOSE MARIA MORELOS,122,CUARTA SECCION,,20210606,,127,227,124,,189,60,5,,,79,338,,,,,,,,400,,,,,,,2158,0,263,,4,4,0,0
1024,tla-17.017.123,2021,29017,29017,MAZATECOCHCO DE JOSE MARIA MORELOS,123,TERCERA SECCION,,20210606,,108,367,310,6,72,221,9,,,205,42,,,,,,,,211,,,,,,,2127,0,264,,4,4,0,0
1025,tla-17.017.124,2021,29017,29017,MAZATECOCHCO DE JOSE MARIA MORELOS,124,SEGUNDA SECCION,,20210606,,312,161,237,,126,172,6,,,122,48,,,,,,,,308,,,,,,,2076,0,265,,4,4,0,0
1026,tla-17.017.125,2021,29017,29017,MAZATECOCHCO DE JOSE MARIA MORELOS,125,PRIMERA SECCION,,20210606,,116,313,103,,53,26,,,,150,218,,,,,,,,184,,,,,,,1607,0,266,,4,4,0,0
1027,tla-17.018.126,2021,29018,29018,CONTLA DE JUAN CUAMATZI,126,SECCION 1A SAN BERNARDINO,,20210606,,190,130,241,238,,259,342,52,,685,119,,414,66,28,,,,,,,,,,,4077,0,267|273,,12,7,5,0
1028,tla-17.018.127,2021,29018,29018,CONTLA DE JUAN CUAMATZI,127,SECCION 6A TLACATECPA,,20210606,,242,398,69,148,287,,237,246,115,809,25,,76,268,,,,,,,,,,,,4416,0,268:269,,12,7,5,0
1029,tla-17.018.128,2021,29018,29018,CONTLA DE JUAN CUAMATZI,128,SECCION SEPTIMA,,20210606,,403,480,167,267,,94,130,296,108,818,92,103,93,75,130,,,,,,,,,,,4952,0,270:271|283,,12,7,5,0
1030,tla-17.018.129,2021,29018,29018,CONTLA DE JUAN CUAMATZI,129,SECCION SEGUNDA,,20210606,,92,282,,632,,,,362,78,452,,,14,80,134,,,,,,,,,,,3302,0,272,,12,7,5,0
1031,tla-17.018.130,2021,29018,29018,CONTLA DE JUAN CUAMATZI,130,SECCION 9A COLHUACA,,20210606,,104,54,169,36,,43,,202,27,53,115,6,6,142,,,,,,,,,,,,1304,0,274,,12,7,5,0
1032,tla-17.018.131,2021,29018,29018,CONTLA DE JUAN CUAMATZI,131,SECCION 3A SAN MIGUEL XALTIPAN,,20210606,,460,47,39,161,,,599,117,,443,15,,174,373,175,,,,,,,,,,,3856,0,275:276,,12,7,5,0
1033,tla-17.018.132,2021,29018,29018,CONTLA DE JUAN CUAMATZI,132,SECCION 8A STA MARIA AQUIAHUAC,,20210606,,11,47,103,,56,16,,2,85,28,34,,,5,,,,,,,,,,,,516,0,277,,12,7,5,0
1034,tla-17.019.133,2021,29019,29019,TEPETITLA DE LARDIZABAL,133,VILLALTA,,20210606,,,204,19,494,314,,68,725,364,467,146,,,,164,,,,,,,,,,,4871,0,288:289,,3,3,0,0
1035,tla-17.019.134,2021,29019,29019,TEPETITLA DE LARDIZABAL,134,SAN MATEO AYECAC,,20210606,,427,0,7,496,0,29,442,35,122,369,0,82,0,0,34,,,,0,,0,,0,60,2103,2821,0.745480326125487,290,,3,3,0,0
1036,tla-17.019.135,2021,29019,29019,TEPETITLA DE LARDIZABAL,135,GUADALUPE VICTORIA,,20210606,,29,,1,26,,40,,5,,88,,,,,,,,,,,,,,,,288,0,291,,3,3,0,0
1037,tla-17.020.136,2021,29020,29020,SANCTORUM DE LAZARO CARDENAS,136,LA PROVIDENCIA,,20210606,,,66,,1,,,,,,57,,,,1,,,,,,,,,,,,151,0,293,,3,2,0.999999999999999,0
1038,tla-17.020.137,2021,29020,29020,SANCTORUM DE LAZARO CARDENAS,137,FRANCISCO VILLA,,20210606,,,328,221,142,,,,,230,530,115,,,104,,,,,,,,,,,,2454,0,297:298,,3,2,0.999999999999999,0
1039,tla-17.021.138,2021,29021,29021,NANACAMILPA DE MARIANO ARISTA,138,FRANCISCO I MADERO,,20210606,,,49,55,43,20,31,153,100,10,111,,119,,,,,,,,,,,,,,1006,0,304,,5,3,2,0
1040,tla-17.021.139,2021,29021,29021,NANACAMILPA DE MARIANO ARISTA,139,TEPUENTE,,20210606,,,47,3,,,39,,,,48,,,,,,,,,,,,,,,,173,0,306,,5,3,2,0
1041,tla-17.021.140,2021,29021,29021,NANACAMILPA DE MARIANO ARISTA,140,SAN FELIPE HIDALGO,,20210606,,,77,398,195,19,31,,,9,232,,,,,,,,,,,,,,,,1332,0,308,,5,3,2,0
1042,tla-17.022.141,2021,29022,29022,ACUAMANALA DE MIGUEL HIDALGO,141,SECCION 1A ACUAMANALA,,20210606,,0,58,59,0,0,0,74,0,290,65,0,0,0,15,0,,,,0,,0,,0,7,568,693,0.81962481962482,309,,4,4,0,0
1043,tla-17.022.142,2021,29022,29022,ACUAMANALA DE MIGUEL HIDALGO,142,SECCION 3A CHIMALPA,,20210606,,0,111,12,0,0,24,128,0,130,111,222,0,0,99,0,,,,0,,0,,0,23,860,1009,0.852329038652131,310,,4,4,0,0
1044,tla-17.022.143,2021,29022,29022,ACUAMANALA DE MIGUEL HIDALGO,143,SECCION 2A GUADALUPE HIDALGO,,20210606,,0,63,87,0,0,0,83,0,103,62,0,0,0,81,0,,,,0,,0,,0,10,489,621,0.78743961352657,311,,4,4,0,0
1045,tla-17.022.144,2021,29022,29022,ACUAMANALA DE MIGUEL HIDALGO,144,SECCION 4A OLEXTLA DE JUAREZ,,20210606,,,,,,,,,,,,,,,,,,,,,,,,,,,,#DIV/0!,312,,4,4,0,0
1046,tla-17.023.145,2021,29023,29023,NATIVITAS,145,SAN JOSE ATOYATENCO,,20210606,,115,100,104,212,47,124,214,,12,21,,,,,,,,,,,,,,,,1375,0,325,,13,5.00000000000001,8,0
1047,tla-17.023.146,2021,29023,29023,NATIVITAS,146,SAN RAFAEL TENANYECAC,,20210606,,10,227,158,110,30,5,120,247,39,301,,,320,,77,,,,,,,,,,,2319,0,326,,13,5.00000000000001,8,0
1048,tla-17.023.147,2021,29023,29023,NATIVITAS,147,SAN MIGUEL XOCHITECATITLA,,20210606,,34,195,30,280,343,69,48,,70,74,,,,,,,,,,,,,,,,1717,0,327,,13,5.00000000000001,8,0
1049,tla-17.023.148,2021,29023,29023,NATIVITAS,148,SANTIAGO MICHAC,,20210606,,336,21,,526,67,282,223,357,59,129,,,,,,,,,,,,,,,,2898,0,329:330,,13,5.00000000000001,8,0
1050,tla-17.023.149,2021,29023,29023,NATIVITAS,149,SAN MIGUEL ANALCO,,20210606,,21,,54,113,27,220,13,108,,104,,,21,,152,,,,,,,,,,,1351,0,331,,13,5.00000000000001,8,0
1051,tla-17.024.150,2021,29024,29024,PANOTLA,150,COLONIA EMILIANO ZAPATA,,20210606,,13,84,,31,,255,14,,36,112,18,16,129,123,115,,,,,,,,,,,1405,0,335:336,,9,8,1,0
1052,tla-17.024.151,2021,29024,29024,PANOTLA,151,SAN TADEO HUILOAPAN,,20210606,,98,197,,416,56,,191,39,34,215,74,19,,12,154,,,,,,,,,,,2488,0,338,,9,8,1,0
1053,tla-17.024.152,2021,29024,29024,PANOTLA,152,SANTA CATARINA APATLAHCO,,20210606,,,6,,69,,,,,,5,1,56,,,1,,,,,,,,,,,169,0,341,,9,8,1,0
1054,tla-17.024.153,2021,29024,29024,PANOTLA,153,SAN FRANCISCO TEMEZONTLA,,20210606,,83,39,,42,,86,322,,4,134,10,274,5,121,224,,,,,,,,,,,1875,0,342,,9,8,1,0
1055,tla-17.024.154,2021,29024,29024,PANOTLA,154,SAN AMBROSIO TEXANTLA,,20210606,,,8,,,112,,1,3,141,127,35,8,87,,62,,,,,,,,,,,706,0,343,,9,8,1,0
1056,tla-17.024.155,2021,29024,29024,PANOTLA,155,JESUS ACATITLA,,20210606,,,53,,,,18,58,,24,28,188,169,4,33,51,,,,,,,,,,,774,0,344,,9,8,1,0
1057,tla-17.024.156,2021,29024,29024,PANOTLA,156,SANTA CRUZ TECHACHALCO,,20210606,,4,37,86,69,,116,,92,66,235,232,145,82,22,24,,,,,,,,,,,1666,0,345,,9,8,1,0
1058,tla-17.024.157,2021,29024,29024,PANOTLA,157,SAN JORGE TEZOQUIPAN,,20210606,,,144,,246,,,395,277,116,188,60,202,331,273,140,,,,,,,,,,,3572,0,346:347,,9,8,1,0
1059,tla-17.025.158,2021,29025,29025,SAN PABLO DEL MONTE,158,BARRIO DE SAN COSME,,20210606,,188,286,43,123,155,382,164,137,,155,448,103,80,,189,,,,,,,,,,,3605,0,348,,12,12,0,0
1060,tla-17.025.159,2021,29025,29025,SAN PABLO DEL MONTE,159,BARRIO DE SANTIAGO,,20210606,,19,383,144,134,310,105,345,41,156,229,360,182,67,,49,,,,,,,,,,,3745,0,349,,12,12,0,0
1061,tla-17.025.160,2021,29025,29025,SAN PABLO DEL MONTE,160,BARRIO DE CRISTO,,20210606,,32,585,74,384,,507,584,91,,700,53,9,17,,60,,,,,,,,,,,4858,0,350,,12,12,0,0
1062,tla-17.025.161,2021,29025,29025,SAN PABLO DEL MONTE,161,BARRIO DE SAN NICOLAS,,20210606,,25,1269,827,84,,377,729,65,37,976,4,13,44,,13,,,,,,,,,,,6783,0,351:352,,12,12,0,0
1063,tla-17.025.162,2021,29025,29025,SAN PABLO DEL MONTE,162,BARRIO DE LA SANTISIMA,,20210606,,39,322,539,29,82,179,31,18,52,773,10,46,10,,65,,,,,,,,,,,3463,0,353,,12,12,0,0
1064,tla-17.025.163,2021,29025,29025,SAN PABLO DEL MONTE,163,BARRIO DE SAN MIGUEL,,20210606,,421,169,356,35,154,209,412,77,,132,192,8,59,,20,,,,,,,,,,,3410,0,354,,12,12,0,0
1065,tla-17.025.164,2021,29025,29025,SAN PABLO DEL MONTE,164,BARRIO DE JESUS,,20210606,,29,351,113,88,227,73,39,179,5,181,254,14,45,,248,,,,,,,,,,,2767,0,355,,12,12,0,0
1066,tla-17.025.165,2021,29025,29025,SAN PABLO DEL MONTE,165,BARRIO DE SAN SEBASTIAN,,20210606,,26,272,207,459,,219,188,151,113,321,120,254,129,,27,,,,,,,,,,,3871,0,356,,12,12,0,0
1067,tla-17.025.166,2021,29025,29025,SAN PABLO DEL MONTE,166,BARRIO DE SAN BARTOLOME,,20210606,,35,1067,391,640,102,145,519,40,300,410,11,30,,,215,,,,,,,,,,,6300,0,357:358,,12,12,0,0
1068,tla-17.025.167,2021,29025,29025,SAN PABLO DEL MONTE,167,BARRIO DE SAN PEDRO,,20210606,,135,401,53,630,268,105,442,78,,198,5,406,57,,113,,,,,,,,,,,4897,0,359:360,,12,12,0,0
1069,tla-17.025.168,2021,29025,29025,SAN PABLO DEL MONTE,168,BARRIO DE TLALTEPANGO,,20210606,,296,817,174,354,578,424,516,274,,409,456,116,8,,28,,,,,,,,,,,7376,0,361:362,,12,12,0,0
1070,tla-17.025.169,2021,29025,29025,SAN PABLO DEL MONTE,169,BARRIO DE SAN ISIDRO BUENSUCESO,,20210606,,166,154,994,484,58,274,371,40,,655,323,28,96,,8,,,,,,,,,,,7214,0,363:364,,12,12,0,0
1071,tla-17.026.170,2021,29026,29026,SANTA CRUZ TLAXCALA,170,SAN MIGUEL CONTLA,,20210606,,0,148,0,65,336,219,0,0,109,243,0,0,0,24,0,,,,209,,0,,74,42,1469,2387,0.615416841223293,365:366,,4,4,0,0
1072,tla-17.026.171,2021,29026,29026,SANTA CRUZ TLAXCALA,171,SAN LUCAS TLACOCHCALCO,,20210606,,86,310,,,81,82,63,155,126,207,117,,,54,192,,,,,,,,,,,2318,0,369,,4,4,0,0
1073,tla-17.026.172,2021,29026,29026,SANTA CRUZ TLAXCALA,172,JESUS HUIZNAHUAC,,20210606,,70,92,54,,63,49,,161,188,87,,,,50,,,,,,,,,,,,1090,0,370,,4,4,0,0
1074,tla-17.026.173,2021,29026,29026,SANTA CRUZ TLAXCALA,173,GUADALUPE TLACHCO,,20210606,,66,168,0,302,56,18,0,0,64,382,129,0,0,165,0,,,,0,,0,,18,61,1429,2022,0.706726013847675,371,,4,4,0,0
1075,tla-17.028.174,2021,29028,29028,TEOLOCHOLCO,174,SECCION 1A TECAHUALOYA,,20210606,,173,158,433,282,224,57,,276,,846,,,7,64,67,,,,,,,,,,,3558,0,378|384,,8,8,0,0
1076,tla-17.028.175,2021,29028,29028,TEOLOCHOLCO,175,SECCION 2A TEOLOCHOLCO,,20210606,,84,121,211,208,329,71,,110,,443,,,,70,88,,,,,,,,,,,2451,0,379,,8,8,0,0
1077,tla-17.028.176,2021,29028,29028,TEOLOCHOLCO,176,SECCION 3A BARRIO DE CONTLA,,20210606,,64,493,282,409,368,250,,306,,428,,,,168,110,,,,,,,,,,,4138,0,380,,8,8,0,0
1078,tla-17.028.177,2021,29028,29028,TEOLOCHOLCO,177,ACXOTLA DEL MONTE,,20210606,,7,344,17,115,265,52,3,11,,429,,,8,,87,,,,,,,,,,,1963,0,381,,8,8,0,0
1079,tla-17.028.178,2021,29028,29028,TEOLOCHOLCO,178,SECCION 5A ACTIPAC,,20210606,,113,118,92,189,165,76,,81,,203,,,,39,95,,,,,,,,,,,1573,0,382,,8,8,0,0
1080,tla-17.028.179,2021,29028,29028,TEOLOCHOLCO,179,SECCION 6A CUAUHTLA,,20210606,,53,88,199,71,228,94,,121,,325,,,,35,73,,,,,,,,,,,1663,0,383,,8,8,0,0
1081,tla-17.028.180,2021,29028,29028,TEOLOCHOLCO,180,CUAXINCA,,20210606,,5,82,20,8,6,24,,79,,70,,,,,46,,,,,,,,,,,399,0,385,,8,8,0,0
1082,tla-17.028.181,2021,29028,29028,TEOLOCHOLCO,181,EL CARMEN AZTAMA,,20210606,,,302,274,267,101,33,17,107,,460,,,,35,11,,,,,,,,,,,2130,0,386,,8,8,0,0
1083,tla-17.029.182,2021,29029,29029,TEPEYANCO,182,SANTIAGO TLACOCHCALCO,,20210606,,,95,8,72,,64,194,,,,,,,243,,,,,,,,,,,,915,0,390,,7,4,3,0
1084,tla-17.029.183,2021,29029,29029,TEPEYANCO,183,LA AURORA,,20210606,,,,154,215,,29,11,,173,,,,,70,,,,,,,,,,,,900,0,393,,7,4,3,0
1085,tla-17.029.184,2021,29029,29029,TEPEYANCO,184,SAN COSME ATLAMAXAC,,20210606,,,367,256,50,,34,356,32,,528,,,,,,,,,,,,,,,,2034,0,394,,7,4,3,0
1086,tla-17.029.185,2021,29029,29029,TEPEYANCO,185,SAN PEDRO XACALTZINGO,,20210606,,,,73,32,,29,468,219,6,293,,,,,164,,,,,,,,,,,1776,0,397,,7,4,3,0
1087,tla-17.030.186,2021,29030,29030,TERRENATE,186,CHIPILO,,20210606,,,179,113,,473,,,154,89,252,,,,,,,,,,,,,,,,1668,0,399,,7,6,1,0
1088,tla-17.030.187,2021,29030,29030,TERRENATE,187,VILLAREAL,,20210606,,,308,24,,,,11,114,162,128,,,,,,,,,,,,,,,,1211,0,403,,7,6,1,0
1089,tla-17.030.188,2021,29030,29030,TERRENATE,188,TOLUCA DE GUADALUPE,,20210606,,420,85,17,32,58,,,101,680,167,,279,54,,,,,,,,,,,,,2550,0,404,,7,6,1,0
1090,tla-17.030.189,2021,29030,29030,TERRENATE,189,COLONIA EL CAPULIN,,20210606,,65,19,,104,54,,,57,51,32,,,,,,,,,,,,,,,,467,0,406,,7,6,1,0
1091,tla-17.030.190,2021,29030,29030,TERRENATE,190,COLONIA GUADALUPE VICTORIA,,20210606,,,7,,189,183,,,93,105,,,7,,,,,,,,,,,,,,719,0,407,,7,6,1,0
1092,tla-17.030.191,2021,29030,29030,TERRENATE,191,NICOLAS BRAVO,,20210606,,,305,,,39,,,47,377,220,,,38,,,,,,,,,,,,,1340,0,408,,7,6,1,0
1093,tla-17.031.192,2021,29031,29031,TETLA DE LA SOLIDARIDAD,192,COLONIA AGRICOLA DE DOLORES,,20210606,,51,157,85,51,,,,,138,200,43,19,,35,,,,,122,,,,,,,1471,0,409,,12,12,0,0
1094,tla-17.031.193,2021,29031,29031,TETLA DE LA SOLIDARIDAD,193,SECCION 4A CHIAUTZINGO,,20210606,,143,211,,145,,,,,168,143,,,,12,45,,,,138,,,,,,,1290,0,410,,12,12,0,0
1095,tla-17.031.194,2021,29031,29031,TETLA DE LA SOLIDARIDAD,194,SECCION 1A ACTIPAN INFONAVIT,,20210606,,191,186,81,418,,,,,623,491,86,,,67,129,,,,341,,156,,,,,4728,0,411|414:415,,12,12,0,0
1096,tla-17.031.195,2021,29031,29031,TETLA DE LA SOLIDARIDAD,195,SECCION 2A TEOTLALPAN,,20210606,,87,145,63,94,,,,,342,636,107,,,96,99,,,,214,,,,,,,3169,0,412,,12,12,0,0
1097,tla-17.031.196,2021,29031,29031,TETLA DE LA SOLIDARIDAD,196,SECCION 3A OCOTITLA,,20210606,,128,66,,60,4,,,,133,97,70,,,90,65,,,,146,,,,,,,1353,0,413,,12,12,0,0
1098,tla-17.031.197,2021,29031,29031,TETLA DE LA SOLIDARIDAD,197,SANTA MARIA CAPULAC,,20210606,,28,96,,166,,,,,253,56,4,,,121,,,,,132,,,,,,,1179,0,416,,12,12,0,0
1099,tla-17.031.198,2021,29031,29031,TETLA DE LA SOLIDARIDAD,198,SANTA FE LA TROJE,,20210606,,1,41,,64,,,,,68,45,,,,,,,,,58,,,,,,,331,0,417,,12,12,0,0
1100,tla-17.031.199,2021,29031,29031,TETLA DE LA SOLIDARIDAD,199,COLONIA PLAN DE AYALA,,20210606,,39,51,80,,,,,,83,51,36,,,,,,,,,,,,,,,456,0,418,,12,12,0,0
1101,tla-17.031.200,2021,29031,29031,TETLA DE LA SOLIDARIDAD,200,JOSE MARIA MORELOS Y PAVON,,20210606,,46,14,,6,,,,,253,175,,,,,,,,,,,,,,,,664,0,419,,12,12,0,0
1102,tla-17.031.201,2021,29031,29031,TETLA DE LA SOLIDARIDAD,201,SAN FRANCISCO ATEXCATZINGO,,20210606,,132,86,,735,,,,,169,887,40,,,142,114,,,,219,,,,,,,4436,0,420:421,,12,12,0,0
1103,tla-17.031.202,2021,29031,29031,TETLA DE LA SOLIDARIDAD,202,SAN BARTOLOME MATLALOHCAN,,20210606,,107,112,54,92,,,,,367,321,272,13,,97,41,,,,630,,,,,,,3868,0,422,,12,12,0,0
1104,tla-17.031.203,2021,29031,29031,TETLA DE LA SOLIDARIDAD,203,SAN ISIDRO PIEDRAS NEGRAS,,20210606,,11,10,,55,,,,,48,17,1,,,18,,,,,44,,,,,,,235,0,423,,12,12,0,0
1105,tla-17.032.204,2021,29032,29032,TETLATLAHUCA,204,SAN BARTOLOME TENANGO,,20210606,,0,8,0,113,205,0,0,314,10,0,37,0,0,0,0,,,,0,,0,,38,11,736,1014,0.725838264299803,424,,6,5,1,0
1106,tla-17.032.205,2021,29032,29032,TETLATLAHUCA,205,SANTA CRUZ AQUIAHUAC,,20210606,,,157,,602,,,27,,18,,,1359,,,,,,,,,,,,,,2980,0,425:426,,6,5,1,0
1107,tla-17.032.206,2021,29032,29032,TETLATLAHUCA,206,SANTA ISABEL TETLATLAHUCA,,20210606,,,252,362,502,,,295,147,207,,303,167,78,,,,,,,,,,,,,3469,0,427:428,,6,5,1,0
1108,tla-17.032.207,2021,29032,29032,TETLATLAHUCA,207,SAN ANDRES CUAMILPA,,20210606,,,4,,481,,,,288,26,,,7,,,,,,,,,,,,,,1117,0,431,,6,5,1,0
1109,tla-17.033.208,2021,29033,29033,TLAXCALA,208,SAN ESTEBAN TIZATLAN,,20210606,,709,860,397,47,,105,344,131,16,597,,,,81,,,,,,,,,,,,5222,0,435:437,,10,8,2,0
1110,tla-17.033.209,2021,29033,29033,TLAXCALA,209,SANTA MARIA IXTULCO,,20210606,,561,385,222,286,242,62,13,65,42,421,,160,,51,334,,,,,,,,,,,4059,0,438:439,,10,8,2,0
1111,tla-17.033.210,2021,29033,29033,TLAXCALA,210,SAN BUENAVENTURA ATEMPAN,,20210606,,138,194,5,117,,163,7,39,391,156,21,,72,29,,,,,,,,,,,,1862,0,440,,10,8,2,0
1112,tla-17.033.211,2021,29033,29033,TLAXCALA,211,OCOTLAN,,20210606,,639,1028,716,178,314,367,475,642,608,1702,,347,79,211,283,,,,,,,,,,,13100,0,444:445|453|458,,10,8,2,0
1113,tla-17.033.212,2021,29033,29033,TLAXCALA,212,SAN HIPOLITO CHIMALPA,,20210606,,163,90,49,,,,,222,324,472,,,167,14,,,,,,,,,,,,2333,0,448,,10,8,2,0
1114,tla-17.033.213,2021,29033,29033,TLAXCALA,213,SAN GABRIEL CUAUHTLA,,20210606,,655,683,0,84,0,286,0,453,205,1170,131,102,720,0,199,,,,0,,0,,7,140,4835,6009,0.804626393742719,451:453|458,,10,8,2,0
1115,tla-17.033.214,2021,29033,29033,TLAXCALA,214,LA TRINIDAD TEPEHITEC,,20210606,,115,361,315,47,,30,107,78,27,342,85,,,,10,,,,,,,,,,,2392,0,461:463,,10,8,2,0
1116,tla-17.033.215,2021,29033,29033,TLAXCALA,215,SANTA MARIA ACUITLAPILCO,,20210606,,432,634,39,441,737,,120,1097,45,2648,136,104,45,119,154,,,,,,,,,,,11434,0,465:466,,10,8,2,0
1117,tla-17.033.216,2021,29033,29033,TLAXCALA,216,SAN LUCAS CUAHTELULPAN,,20210606,,329,623,78,147,533,11,,155,42,289,57,136,207,34,206,,,,,,,,,,,4225,0,468:469,,10,8,2,0
1118,tla-17.034.217,2021,29034,29034,TLAXCO,217,6A SECCION,,20210606,,100,115,197,42,,4,,,,,,,,73,,,,,,,,,,,,1081,0,470,,37,29,7.99999999999999,0
1119,tla-17.034.218,2021,29034,29034,TLAXCO,218,EL SABINAL,,20210606,,150,83,313,,,,11,146,57,44,,,,44,,,,,,,,,,,,1451,0,471,,37,29,7.99999999999999,0
1120,tla-17.034.219,2021,29034,29034,TLAXCO,219,COL. ITURBIDE,,20210606,,122,73,195,,,,90,142,80,71,,,,49,,,,,,,,,,,,1353,0,472,,37,29,7.99999999999999,0
1121,tla-17.034.220,2021,29034,29034,TLAXCO,220,QUINTA SECCION BARRIO CHICO,,20210606,,80,62,119,,,,260,49,38,70,,,,47,,,,,,,,,,,,1144,0,473,,37,29,7.99999999999999,0
1122,tla-17.034.221,2021,29034,29034,TLAXCO,221,COLONIA TEPATLAXCO,,20210606,,215,160,287,109,,,77,72,,101,,,,76,,,,,,,,,,,,1867,0,474,,37,29,7.99999999999999,0
1123,tla-17.034.222,2021,29034,29034,TLAXCO,222,COL. POSTAL Y VISTA HERMOSA,,20210606,,449,247,715,,117,,52,93,64,,,,,67,,,,,,,,,,,,3084,0,476,,37,29,7.99999999999999,0
1124,tla-17.034.223,2021,29034,29034,TLAXCO,223,COLONIA EJIDAL,,20210606,,130,84,230,,,,,91,,150,,,,76,,,,,,,,,,,,1103,0,477,,37,29,7.99999999999999,0
1125,tla-17.034.224,2021,29034,29034,TLAXCO,224,COLONIA SAN JUAN,,20210606,,84,41,98,,,,23,,,53,,,,37,,,,,,,,,,,,493,0,478,,37,29,7.99999999999999,0
1126,tla-17.034.225,2021,29034,29034,TLAXCO,225,ACOPINALCO DEL PEÑON,,20210606,,116,418,230,,,,75,25,9,342,,,,134,,,,,,,,,,,,2032,0,481,,37,29,7.99999999999999,0
1127,tla-17.034.226,2021,29034,29034,TLAXCO,226,EL ROSARIO,,20210606,,281,308,194,,,,19,155,4,,,,92,43,,,,,,,,,,,,1939,0,482,,37,29,7.99999999999999,0
1128,tla-17.034.227,2021,29034,29034,TLAXCO,227,UNION EJIDAL TIERRA Y LIBERTAD,,20210606,,314,152,276,,,,,50,232,,,,,,,,,,21,,,,,,,1772,0,484,,37,29,7.99999999999999,0
1129,tla-17.034.228,2021,29034,29034,TLAXCO,228,MARIANO MATAMOROS,,20210606,,40,142,52,,,,76,,11,137,,,,,,,,,,,,,,,,716,0,485,,37,29,7.99999999999999,0
1130,tla-17.034.229,2021,29034,29034,TLAXCO,229,ASERRADERO CASA BLANCA,,20210606,,142,23,65,,,,,,84,8,,,,83,,,,,,,,,,,,632,0,486,,37,29,7.99999999999999,0
1131,tla-17.034.230,2021,29034,29034,TLAXCO,230,LAGUNILLAS,,20210606,,81,178,77,,,,,10,208,78,,,,119,,,,,,,,,,,,1365,0,488,,37,29,7.99999999999999,0
1132,tla-17.034.231,2021,29034,29034,TLAXCO,231,LA CIENEGA,,20210606,,68,39,12,,,,,,3,13,,,,,,,,,,,,,,,,190,0,490,,37,29,7.99999999999999,0
1133,tla-17.034.232,2021,29034,29034,TLAXCO,232,ATOTONILCO,,20210606,,206,52,661,,,39,,294,,315,,,78,32,,,,,,,,,,,,2649,0,491,,37,29,7.99999999999999,0
1134,tla-17.034.233,2021,29034,29034,TLAXCO,233,SAN PEDRO LA CUEVA,,20210606,,,33,74,,,,36,,,,,,19,31,,,,,,,,,,,,236,0,492,,37,29,7.99999999999999,0
1135,tla-17.034.234,2021,29034,29034,TLAXCO,234,SAN ANTONIO HUEXOTITLA,,20210606,,,105,31,,,,,,75,67,,,,,,,,,,,,,,,,425,0,493,,37,29,7.99999999999999,0
1136,tla-17.034.235,2021,29034,29034,TLAXCO,235,SAN JOSE TEPEYAHUALCO,,20210606,,,184,130,,,,,197,27,,,,,,,,,,,,,,,,,889,0,494,,37,29,7.99999999999999,0
1137,tla-17.034.236,2021,29034,29034,TLAXCO,236,SAN LORENZO SOLTEOPEC,,20210606,,86,130,57,,,,,,,361,,,,,,,,,,,,,,,,859,0,495,,37,29,7.99999999999999,0
1138,tla-17.034.237,2021,29034,29034,TLAXCO,237,LA PALMA,,20210606,,129,9,68,,,,,,,,,,,,,,,,,,,,,,,244,0,497,,37,29,7.99999999999999,0
1139,tla-17.034.238,2021,29034,29034,TLAXCO,238,LA ROSA,,20210606,,2,56,103,,,,7,,,,,,,,,,,,,,,,,,,221,0,497,,37,29,7.99999999999999,0
1140,tla-17.034.239,2021,29034,29034,TLAXCO,239,RANCHERIA LAS MESAS,,20210606,,,29,38,,,,,,15,29,,,,,,,,,70,,,,,,,211,0,498,,37,29,7.99999999999999,0
1141,tla-17.034.240,2021,29034,29034,TLAXCO,240,COL MAXIMO ROJAS XALOSTOC,,20210606,,168,103,81,,,,90,172,,113,,,,,,,,,,,,,,,,951,0,499,,37,29,7.99999999999999,0
1142,tla-17.034.241,2021,29034,29034,TLAXCO,241,LA MAGDALENA SOLTEPEC,,20210606,,111,149,108,,,,,,,,,,,,,,,,,,,,,,,487,0,500,,37,29,7.99999999999999,0
1143,tla-17.034.242,2021,29034,29034,TLAXCO,242,COL. JOSE MA. MORELOS BUENAVISTA,,20210606,,140,190,113,,,,,84,377,78,,,,,,,,,,,,,,,,1405,0,501,,37,29,7.99999999999999,0
1144,tla-17.034.243,2021,29034,29034,TLAXCO,243,SANTA MARIA ZOTOLUCA,,20210606,,56,37,54,82,,,16,,24,,,,,18,,,,,,,,,,,,347,0,502,,37,29,7.99999999999999,0
1145,tla-17.034.244,2021,29034,29034,TLAXCO,244,CAPILLA DE TEPEYAHUALCO,,20210606,,14,8,72,,,,,,,23,,,,,,,,,,,,,,,,154,0,503,,37,29,7.99999999999999,0
1146,tla-17.034.245,2021,29034,29034,TLAXCO,245,RANCHERIA OJO DE AGUA,,20210606,,26,13,32,,,,,,38,61,,,,,,,,,,,,,,,,218,0,504,,37,29,7.99999999999999,0
1147,tla-17.035.246,2021,29035,29035,TOCATLAN,246,SANTACRUZ VENUSTIANO CARRANZA,,20210606,,,63,,28,35,,,,,32,,,22,150,131,,,,49,,,,,,,653,0,507,,1,1,0,0
1148,tla-17.036.247,2021,29036,29036,TOTOLAC,247,LOS REYES QUIAHUIXTLAN,,20210606,,52,59,171,16,156,,185,59,104,252,76,24,115,107,120,,,,,,,,,,,2072,0,508:509,,9,7,2,0
1149,tla-17.036.248,2021,29036,29036,TOTOLAC,248,LA CANDELARIA TEOTLALPAN,,20210606,,,,5,172,,30,146,42,,110,,,,,,,,,,,,,,,,945,0,511,,9,7,2,0
1150,tla-17.036.249,2021,29036,29036,TOTOLAC,249,SAN FRANCISCO OCOTELULCO,,20210606,,47,44,45,125,229,,66,191,,134,6,40,2,93,112,,,,,,,,,,,1822,0,512,,9,7,2,0
1151,tla-17.036.250,2021,29036,29036,TOTOLAC,250,ACXOTLA DEL RIO,,20210606,,,87,,254,165,231,16,239,55,166,13,181,,86,50,,,,,,,,,,,2303,0,513,,9,7,2,0
1152,tla-17.036.251,2021,29036,29036,TOTOLAC,251,SAN MIGUEL TLAMAHUCO,,20210606,,,78,52,,,,50,67,54,178,105,91,7,,104,,,,,,,,,,,1179,0,514,,9,7,2,0
1153,tla-17.036.252,2021,29036,29036,TOTOLAC,252,SAN JUAN TOTOLAC,,20210606,,619,353,,33,120,30,141,572,164,554,114,257,216,304,277,,,,,,,,,,,5539,0,515:517,,9,7,2,0
1154,tla-17.036.253,2021,29036,29036,TOTOLAC,253,BARRIO DE ZARAGOZA,,20210606,,0,202,289,50,40,0,30,0,0,0,189,0,20,120,134,,,,0,,0,,3,30,1107,1660,0.666867469879518,335|518,,9,7,2,0
1155,tla-17.037.254,2021,29037,29037,ZITLALTEPEC DE TRINIDAD SANCHEZ SANTOS,254,SAN JUAN BAUTISTA MIER,,20210606,,76,,76,5,,67,10,13,26,5,99,,41,,,,,,,,,,,,,592,0,524,,2,2,0,0
1156,tla-17.037.255,2021,29037,29037,ZITLALTEPEC DE TRINIDAD SANCHEZ SANTOS,255,COLONIA FRANCISCO JAVIER MINA,,20210606,,,206,,209,,1,129,,,159,4,3,,,,,,,,,,,,,,925,0,525,,2,2,0,0
1157,tla-17.038.256,2021,29038,29038,TZOMPANTEPEC,256,SAN ANDRES AHUASHUASTEPEC,,20210606,,557,684,426,174,,330,,381,59,885,67,153,201,298,261,,,,383,,,,,,,8182,0,527:528,,5,5,0,0
1158,tla-17.038.257,2021,29038,29038,TZOMPANTEPEC,257,SAN SALVADOR TZOMPANTEPEC,,20210606,,207,85,363,100,105,31,,77,,49,121,,30,,,,,,,,,,,,,1549,0,529,,5,5,0,0
1159,tla-17.038.258,2021,29038,29038,TZOMPANTEPEC,258,SAN JUAN QUETZALCOALPAN,,20210606,,39,87,109,3,,24,,32,,219,8,25,32,32,124,,,,140,,,,,,,1277,0,530,,5,5,0,0
1160,tla-17.038.259,2021,29038,29038,TZOMPANTEPEC,259,XALTIANQUISCO SECCION 3A,,20210606,,67,62,115,,,28,,124,,100,1,6,65,,1,,,,,,,,,,,745,0,536,,5,5,0,0
1161,tla-17.038.260,2021,29038,29038,TZOMPANTEPEC,260,SAN MATEO INOPHIL,,20210606,,26,69,6,5,,23,,11,,17,26,,24,11,3,,,,,,,,,,,254,0,537,,5,5,0,0
1162,tla-17.039.261,2021,29039,29039,XALOZTOC,261,GUADALUPE TEXMOLAC,,20210606,,88,259,216,192,53,36,60,224,17,282,,37,37,13,,,,,,,,,,,,2349,0,538,,9,9,0,0
1163,tla-17.039.262,2021,29039,29039,XALOZTOC,262,COLONIA SANTA MARTHA SECCION TERCERA,,20210606,,131,137,136,145,209,376,40,,51,98,,194,42,57,,,,,,,,,,,,2153,0,539,,9,9,0,0
1164,tla-17.039.263,2021,29039,29039,XALOZTOC,263,SAN COSME XALOSTOC HUIZNAHUAC 1A SECCION,,20210606,,368,165,130,290,131,310,161,88,55,150,,133,82,202,,,,,,,,,,,,3424,0,540,,9,9,0,0
1165,tla-17.039.264,2021,29039,29039,XALOZTOC,264,SAN COSME XALOZTOC 2A SECCION,,20210606,,88,122,191,85,264,160,19,,88,273,,313,158,130,,,,,,,,,,,,2812,0,541,,9,9,0,0
1166,tla-17.039.265,2021,29039,29039,XALOZTOC,265,SAN PEDRO TLACOTEPEC,,20210606,,154,34,64,143,42,364,,66,88,74,,39,373,92,114,,,,,,,,,,,2586,0,542,,9,9,0,0
1167,tla-17.039.266,2021,29039,29039,XALOZTOC,266,COLONIA VENUSTIANO CARRANZA,,20210606,,249,153,12,271,131,175,12,30,67,86,,48,156,106,,,,,,,,,,,,2192,0,543,,9,9,0,0
1168,tla-17.039.267,2021,29039,29039,XALOZTOC,267,COLONIA VELASCO,,20210606,,135,141,4,19,28,24,,29,,8,,62,10,67,,,,,,,,,,,,643,0,544,,9,9,0,0
1169,tla-17.039.268,2021,29039,29039,XALOZTOC,268,COLONIA JOSE LOPEZ PORTILLO,,20210606,,44,23,77,63,11,39,,8,,53,,28,17,57,,,,,,,,,,,,618,0,545,,9,9,0,0
1170,tla-17.039.269,2021,29039,29039,XALOZTOC,269,SANTA CRUZ ZACATZONTETLA,,20210606,,19,165,9,174,63,61,,,,33,,,63,10,,,,,,,,,,,,794,0,546,,9,9,0,0
1171,tla-17.040.270,2021,29040,29040,XALTOCAN,270,TOPILCO DE JUAREZ,,20210606,,211,,,55,271,,,71,64,152,,330,9,175,,,,,,,,,,,,2024,0,548,,7,6,1,0
1172,tla-17.040.271,2021,29040,29040,XALTOCAN,271,SAN JOSE TEXOPA,,20210606,,14,115,,,56,,,,62,,,,1,1,,,,,,,,,,,,332,0,553,,7,6,1,0
1173,tla-17.040.272,2021,29040,29040,XALTOCAN,272,LAS MESAS,,20210606,,23,,,,41,,,52,11,7,,,,,,,,,,,,,,,,175,0,554,,7,6,1,0
1174,tla-17.040.273,2021,29040,29040,XALTOCAN,273,SANTA BARBARA ACUIZCUIZTEPEC,,20210606,,49,159,,,,,,100,32,57,,4,50,35,,,,,,,,,,,,703,0,555,,7,6,1,0
1175,tla-17.040.274,2021,29040,29040,XALTOCAN,274,CUATLA,,20210606,,139,,,,81,,3,,,57,,13,,201,,,,,,,,,,,,817,0,556,,7,6,1,0
1176,tla-17.040.275,2021,29040,29040,XALTOCAN,275,LA ASCENCION HUIZCOLOTEPEC,,20210606,,35,0,0,0,20,51,0,28,0,53,0,0,20,62,4,,,,0,,0,,1,20,294,387,0.75968992248062,557,,7,6,1,0
1177,tla-17.041.276,2021,29041,29041,PAPALOTLA DE XICOHTENCATL,276,SAN BUENAVENTURA ,,20210606,,41,167,,88,13,436,,,,163,458,36,,,,,,,,,,,,,,2119,0,563,,3,3,0,0
1178,tla-17.041.277,2021,29041,29041,PAPALOTLA DE XICOHTENCATL,277,PANZACOLA,,20210606,,,266,,374,152,77,,283,,466,8,37,,238,89,,,,,,,,,,,3535,0,564:565,,3,3,0,0
1179,tla-17.041.278,2021,29041,29041,PAPALOTLA DE XICOHTENCATL,278,SAN MARCOS CONTLA,,20210606,,,263,12,293,268,,6,,,207,,565,,352,,,,,,,,,,,,2844,0,566:567,,3,3,0,0
1180,tla-17.043.279,2021,29043,29043,YAUHQUEMEHCAN ,279,SAN FRANCISCO TLACUILOHCAN,,20210606,,48,326,48,52,210,,,42,4,196,13,165,,,41,,,,,,,,,,,1785,0,575:576|579,,8,8,0,0
1181,tla-17.043.280,2021,29043,29043,YAUHQUEMEHCAN ,280,SAN LORENZO TLACUALOYAN,,20210606,,31,57,,16,28,,79,18,100,22,4,55,,130,9,,,,,,,,,,,748,0,577,,8,8,0,0
1182,tla-17.043.281,2021,29043,29043,YAUHQUEMEHCAN ,281,OCOTOXCO,,20210606,,11,94,,70,,,1,71,142,152,,11,,,1,,,,,,,,,,,722,0,578,,8,8,0,0
1183,tla-17.043.282,2021,29043,29043,YAUHQUEMEHCAN ,282,SANTA MARIA ATLIHUETZIA,,20210606,,457,133,0,37,0,0,0,317,0,401,22,5,0,135,152,,,,0,,0,,0,41,1700,2551,0.66640533124265,578|585,,8,8,0,0
1184,tla-17.043.283,2021,29043,29043,YAUHQUEMEHCAN ,283,SAN JOSE TETEL,,20210606,,398,208,38,48,81,0,0,286,110,443,95,39,0,200,91,,,,0,,0,,0,50,2087,3535,0.59038189533239,580:581,,8,8,0,0
1185,tla-17.043.284,2021,29043,29043,YAUHQUEMEHCAN ,284,SANTA URSULA ZIMATEPEC,,20210606,,507,463,54,93,138,0,0,175,309,584,368,268,0,497,121,,,,0,,0,,0,98,3675,5018,0.732363491430849,582,,8,8,0,0
1186,tla-17.043.285,2021,29043,29043,YAUHQUEMEHCAN ,285,SAN BENITO XALTOCAN,,20210606,,106,121,128,57,97,44,0,165,8,272,154,0,0,0,100,,,,0,,0,,0,53,1305,2563,0.509168942645337,583,,8,8,0,0
1187,tla-17.043.286,2021,29043,29043,YAUHQUEMEHCAN ,286,BARRIO DE HUACALTZINGO,,20210606,,56,35,0,0,31,40,41,124,2,41,2,0,0,21,22,,,,0,,0,,0,15,430,724,0.593922651933702,584,,8,8,0,0
1188,tla-17.044.287,2021,29044,29044,ZACATELCO,287,1A SECCION TLATLACOLA,,20210606,,559,593,397,331,79,111,454,398,287,1257,0,0,138,0,349,,,,291,,217,,1,219,5681,8805,0.645201590005679,588:591|593:594,,7,7,0,0
1189,tla-17.044.288,2021,29044,29044,ZACATELCO,288,2A SECCION,,20210606,,227,679,606,440,174,251,314,258,287,955,,,93,,344,,,,377,,,,,,,8839,0,588|591:593,,7,7,0,0
1190,tla-17.044.289,2021,29044,29044,ZACATELCO,289,BARRIO DE EXQUITLA,,20210606,,0,93,60,19,8,8,57,35,52,94,0,23,0,0,24,,,,0,,0,,1,21,495,1025,0.482926829268293,594:595,,7,7,0,0
1191,tla-17.044.290,2021,29044,29044,ZACATELCO,290,3A SECCION BARRIO DE XOCHICALCO,,20210606,,47,214,111,58,121,135,350,140,78,260,,,222,,142,,,,236,,,,,,,3120,0,596:597,,7,7,0,0
1192,tla-17.044.291,2021,29044,29044,ZACATELCO,291,4A SECCION BARRIO DE MANANTIALES,,20210606,,102,137,97,134,40,214,522,51,506,307,114,,89,,92,,,,48,,,,,,,4640,0,598:599,,7,7,0,0
1193,tla-17.044.292,2021,29044,29044,ZACATELCO,292,8A SECCION BARRIO DE XITOTOTLA,,20210606,,0,104,25,181,131,195,357,0,51,322,0,0,0,0,197,,,,64,,0,,0,40,1667,2081,0.801057184046132,599|601,,7,7,0,0
1194,tla-17.044.293,2021,29044,29044,ZACATELCO,293,7A SECCION DE BARRIO DE GUARDIA,,20210606,,79,155,360,237,35,65,512,80,452,258,,,,,93,,,,,,,,,,,3359,0,600,,7,7,0,0
1195,tla-17.046.299,2021,29046,29054,EMILIANO ZAPATA,299,COLONIA GUSTAVO DIAZ ORDAZ,,20210606,,,242,35,,83,,,44,130,114,,,,,88,,,,,,,,,,,894,0,100|608,,1,1,0,0
1196,tla-17.058.296,2021,29058,29048,SANTA CATARINA AYOMETLA,296,BARRIO DE TLAXCALTECATLA,,20210606,,,123,254,191,,210,191,,,83,248,,15,124,,,,,,,,,,,,1944,0,602,,3,3,0,0
1197,tla-17.058.297,2021,29058,29048,SANTA CATARINA AYOMETLA,297,COLONIA ESTOCAPA,,20210606,,,43,78,216,,93,311,,,108,51,,67,40,,,,,,,,,,,,1344,0,603,,3,3,0,0
1198,tla-17.058.298,2021,29058,29048,SANTA CATARINA AYOMETLA,298,BARRIO DE TLAPAYATLA,,20210606,,,156,225,69,,51,66,137,,52,,,,66,,,,,,,,,,,,1153,0,605,,3,3,0,0
1199,tla-17.059.294,2021,29059,29046,SANTA CRUZ QUILEHTLA,294,SANTA CRUZ QUILEHTLA,,20210606,,,,148,120,639,677,,403,,516,,,,73,11,,,,,,,,,,,3687,0,313:314,,2,2,0,0
1200,tla-17.059.295,2021,29059,29046,SANTA CRUZ QUILEHTLA,295,SANTIAGO AYOMETITLA,,20210606,,,,423,555,5,,,4,,15,,,,,90,,,,,,,,,,,1482,0,315,,2,2,0,0
1201,tla-18.001.001,2024,29001,29001,AMAXAC DE GUERRERO,1,SAN DAMIAN TLACOCALPAN,,20240602,,0,11,21,0,50,0,0,7,0,137,0,0,0,73,6,,,,,,,,0,10,315,379,0.831134564643799,4,,1,1,0,0
1202,tla-18.002.002,2024,29002,29002,APETATITLAN DE ANTONIO CARVAJAL,2,TLATEMPA,,20240602,,594,,,19,547,194,,238,,269,,,,,241,,,,,,,,0,63,2165,2780,0.778776978417266,5,,4,4,0,0
1203,tla-18.002.003,2024,29002,29002,APETATITLAN DE ANTONIO CARVAJAL,3,SAN MATIAS TEPETOMATITLAN,,20240602,,496,,48,25,111,291,,538,,406,,,,,,,,,,,,,1,84,2000,2781,0.719165767709457,9,,4,4,0,0
1204,tla-18.002.004,2024,29002,29002,APETATITLAN DE ANTONIO CARVAJAL,4,BELEN ATZITZIMITITLAN,,20240602,,750,,,117,286,69,,823,,241,,,,,47,,,,,,,,3,63,2399,3022,0.79384513567174,10,,4,4,0,0
1205,tla-18.002.005,2024,29002,29002,APETATITLAN DE ANTONIO CARVAJAL,5,BARRIO DE TECOLOTLA,,20240602,,244,148,,,14,86,,110,,129,,,,3,,,,,,,,,0,23,757,950,0.796842105263158,11,,4,4,0,0
1206,tla-18.003.013,2024,29003,29004,ATLANGATEPEC,13,SANTA CLARA OZUMBA,,20240602,,,133,,,,120,6,,,45,,,,,3,,,,,,,,0,6,313,388,0.806701030927835,50,,9,8,1,0
1207,tla-18.003.014,2024,29003,29004,ATLANGATEPEC,14,SANTIAGO VILLALTA,,20240602,,,78,,3,,111,,,,34,,,,,55,,,,,,,,0,0,281,373,0.753351206434316,51,,9,8,1,0
1208,tla-18.003.015,2024,29003,29004,ATLANGATEPEC,15,COLONIA AGRICOLA SAN LUIS,,20240602,,1,,,,,65,39,,,,,,,,,,,,,,,,0,1,106,120,0.883333333333333,52,,9,8,1,0
1209,tla-18.003.016,2024,29003,29004,ATLANGATEPEC,16,ZUMPANGO,,20240602,,,192,,,188,172,45,,,65,,,,,187,,,,,,,,1,29,879,1203,0.730673316708229,53,,9,8,1,0
1210,tla-18.003.017,2024,29003,29004,ATLANGATEPEC,17,BENITO JUAREZ TEZOYO,,20240602,,,88,,,,91,,,,156,,,,,12,,,,,,,,0,5,352,462,0.761904761904762,54,,9,8,1,0
1211,tla-18.003.018,2024,29003,29004,ATLANGATEPEC,18,COLONIA LA TRASQUILA,,20240602,,8,35,,30,,33,40,,,34,,,,,88,,,,,,,,0,10,278,385,0.722077922077922,55,,9,8,1,0
1212,tla-18.003.019,2024,29003,29004,ATLANGATEPEC,19,SAN PEDRO ECACTEPEC,,20240602,,,170,,43,,284,177,,,220,,,,,73,,,,,,,,0,41,1008,1318,0.764795144157815,56,,9,8,1,0
1213,tla-18.003.020,2024,29003,29004,ATLANGATEPEC,20,COLONIA VILLA DE LAS FLORES,,20240602,,76,2,,,,64,,,,36,,,,,53,,,,,,,,0,12,243,337,0.72106824925816,57,,9,8,1,0
1214,tla-18.004.021,2024,29004,29005,ATLTZAYANCA  ,21,BARRIO DE GUADALUPE,,20240602,,188,139,,27,21,12,15,34,,73,,,,83,29,,,,,,,,0,18,639,600,1.065,59,,21,20,1,0
1215,tla-18.004.022,2024,29004,29005,ATLTZAYANCA  ,22,BARRIO DE LA CONCEPCION,,20240602,,107,130,,,,14,7,,,80,,,,,,,,,,,,,6,12,356,462,0.770562770562771,59,,21,20,1,0
1216,tla-18.004.023,2024,29004,29005,ATLTZAYANCA  ,23,BARRIO DE SANTIAGO,,20240602,,212,89,,3,84,65,17,9,,105,,,,9,,,,,,,,,0,24,617,793,0.778058007566204,60,,21,20,1,0
1217,tla-18.004.024,2024,29004,29005,ATLTZAYANCA  ,24,LA GARITA,,20240602,,1,87,,7,,24,71,21,,45,,,,,,,,,,,,,0,17,273,354,0.771186440677966,61‐E,,21,20,1,0
1218,tla-18.004.025,2024,29004,29005,ATLTZAYANCA  ,25,SAN JOSE BUENAVISTA,,20240602,,6,67,,,,13,,,,70,,,,,,,,,,,,,0,4,160,200,0.8,61,,21,20,1,0
1219,tla-18.004.026,2024,29004,29005,ATLTZAYANCA  ,26,LAZARO CARDENAS,,20240602,,4,130,,2,,27,21,2,,111,,,,,4,,,,,,,,0,10,311,366,0.849726775956284,62,,21,20,1,0
1220,tla-18.004.027,2024,29004,29005,ATLTZAYANCA  ,27,SAN ANTONIO TECOPILCO,,20240602,,5,106,,4,11,5,,13,,143,,,,,17,,,,,,,,0,19,323,385,0.838961038961039,63,,21,20,1,0
1221,tla-18.004.028,2024,29004,29005,ATLTZAYANCA  ,28,SAN JUAN OCOTITLA,,20240602,,58,,,,,92,,,,42,,,,,,,,,,,,,0,6,198,233,0.849785407725322,64,,21,20,1,0
1222,tla-18.004.029,2024,29004,29005,ATLTZAYANCA  ,29,SAN JOSE PILANCON,,20240602,,,13,,66,,3,,41,,90,,,,,,,,,,,,,0,8,221,247,0.894736842105263,65,,21,20,1,0
1223,tla-18.004.030,2024,29004,29005,ATLTZAYANCA  ,30,XALTITLA,,20240602,,41,61,0,13,125,27,19,34,0,108,0,0,0,0,0,,,,0,,0,,0,23,451,599,0.752921535893155,60|66|72,,21,20,1,0
1224,tla-18.004.031,2024,29004,29005,ATLTZAYANCA  ,31,MESA REDONDA,,20240602,,2,5,,,,15,,106,,93,,,,,,,,,,,,,0,5,226,261,0.865900383141762,67,,21,20,1,0
1225,tla-18.004.032,2024,29004,29005,ATLTZAYANCA  ,32,CONCEPCION HIDALGO,,20240602,,857,203,,118,70,125,,,,224,,,,,46,,,,,,,,0,59,1702,2254,0.755102040816326,68,,21,20,1,0
1226,tla-18.004.033,2024,29004,29005,ATLTZAYANCA  ,33,FELIPE CARRILLO PUERTO,,20240602,,4,,,11,9,495,49,,,143,,,,1,,,,,,,,,0,20,732,937,0.781216648879402,69,,21,20,1,0
1227,tla-18.004.034,2024,29004,29005,ATLTZAYANCA  ,34,NEXNOPALA,,20240602,,20,79,,111,62,113,,,,65,,,,,,,,,,,,,0,13,463,567,0.81657848324515,70,,21,20,1,0
1228,tla-18.004.035,2024,29004,29005,ATLTZAYANCA  ,35,RANCHERIA POCITOS,,20240602,,78,167,,12,271,123,,7,,115,,,,,,,,,,,,,0,42,815,1070,0.761682242990654,71,,21,20,1,0
1229,tla-18.004.036,2024,29004,29005,ATLTZAYANCA  ,36,SANTA MARIA LAS CUEVAS,,20240602,,8,22,,16,8,183,179,4,,162,,,,,,,,,,,,,0,30,612,742,0.824797843665768,72,,21,20,1,0
1230,tla-18.004.037,2024,29004,29005,ATLTZAYANCA  ,37,NAZARETH,,20240602,,18,70,,,,4,,49,,19,,,,,67,,,,,,,,0,12,239,314,0.761146496815287,73,,21,20,1,0
1231,tla-18.004.038,2024,29004,29005,ATLTZAYANCA  ,38,SANTA CRUZ POCITOS,,20240602,,12,296,,28,10,282,,,,259,,,,,,,,,,,,,0,35,922,1181,0.78069432684166,74,,21,20,1,0
1232,tla-18.004.039,2024,29004,29005,ATLTZAYANCA  ,39,LOMAS DE JUNGUITO,,20240602,,93,76,,,,3,,,,1,,,,,,,,,,,,,0,6,179,211,0.848341232227488,76,,21,20,1,0
1233,tla-18.004.040,2024,29004,29005,ATLTZAYANCA  ,40,BARRIO DE SAN ANTONIO,,20240602,,212,,,45,54,28,,151,,685,,,,,32,,,,,,,,0,38,1245,1558,0.799101412066752,77,,21,20,1,0
1234,tla-18.005.006,2024,29005,29003,APIZACO,6,COLONIA CERRITO DE GUADALUPE,,20240602,,349,261,200,30,80,32,,86,,213,,,,4,221,,,,223,,,,0,67,1766,2451,0.720522235822113,13,,7,7,0,0
1235,tla-18.005.007,2024,29005,29003,APIZACO,7,SAN LUIS APIZAQUITO,,20240602,,1494,,471,57,49,62,,464,,659,,,,8,,,,,139,,,,5,103,3511,5196,0.675712086220169,14,,7,7,0,0
1236,tla-18.005.008,2024,29005,29003,APIZACO,8,COLONIA JOSE MARIA MORELOS,,20240602,,8,6,275,77,,22,212,12,,131,,,,4,,,,,,,,,0,35,782,1114,0.70197486535009,38,,7,7,0,0
1237,tla-18.005.009,2024,29005,29003,APIZACO,9,GUADALUPE TEXCALAC,,20240602,,18,88,2,327,,100,,201,,153,,,,,,,,,,,,,0,41,930,1275,0.729411764705882,39,,7,7,0,0
1238,tla-18.005.010,2024,29005,29003,APIZACO,10,SANTA MARIA TEXCALAC,,20240602,,1189,145,825,126,,61,,270,,1241,,,,24,,,,,316,,,,9,147,4353,6318,0.688983855650522,40:41,,7,7,0,0
1239,tla-18.005.011,2024,29005,29003,APIZACO,11,SANTA ANITA HUILOAC,,20240602,,533,246,31,557,123,911,,319,,1223,,,,164,,,,,827,,,,1,200,5135,7738,0.663608167485138,42:45,,7,7,0,0
1240,tla-18.005.012,2024,29005,29003,APIZACO,12,COLONIA SAN ISIDRO APIZAQUITO,,20240602,,510,306,6,102,63,,,93,,288,,,,10,,,,,,,,,0,56,1434,2070,0.692753623188406,46,,7,7,0,0
1241,tla-18.006.041,2024,29006,29006,CALPULALPAN,41,COLONIA ALFONSO ESPEJEL,,20240602,,,183,124,156,358,,256,113,,737,,,,93,547,,,,,,,,1,161,2729,4854,0.562216728471364,78,,13,5.00000000000001,8,0
1242,tla-18.006.042,2024,29006,29006,CALPULALPAN,42,COLONIA EL MIRADOR,,20240602,,74,136,167,985,,,,623,,782,,,,67,41,,,,,,,,3,153,3031,4707,0.643934565540684,82:83|88:90,,13,5.00000000000001,8,0
1243,tla-18.006.043,2024,29006,29006,CALPULALPAN,43,COLONIA FRANCISCO SARABIA,,20240602,,42,554,109,1029,,,,450,,559,,,,50,21,,,,,,,,1,131,2946,4445,0.662767154105737,85:86,,13,5.00000000000001,8,0
1244,tla-18.006.044,2024,29006,29006,CALPULALPAN,44,SAN MATEO ACTIPAN,,20240602,,,33,120,135,,,,30,,147,,,,84,,,,,,,,,3,19,571,824,0.692961165048544,91,,13,5.00000000000001,8,0
1245,tla-18.006.045,2024,29006,29006,CALPULALPAN,45,SAN CRISTOBAL ZACACALCO,,20240602,,127,,12,6,,,27,133,,93,,,,,,,,,,,,,0,20,418,557,0.750448833034111,96,,13,5.00000000000001,8,0
1246,tla-18.007.046,2024,29007,29007,CARMEN TEQUEXQUITLA--EL,46,BARRIO DE GUADALUPE,,20240602,,,,,,216,,,246,,328,,,,126,,,,,,,,,0,47,963,1382,0.696816208393632,103,,6,5,1,0
1247,tla-18.007.047,2024,29007,29007,CARMEN TEQUEXQUITLA--EL,47,COLONIA MAZATEPEC,,20240602,,,,,,89,,,783,,704,,,,141,,,,,,,,,2,115,1834,2845,0.644639718804921,104,,6,5,1,0
1248,tla-18.007.048,2024,29007,29007,CARMEN TEQUEXQUITLA--EL,48,COLONIA LA SOLEDAD,,20240602,,,,,,17,,,51,,83,,,,14,,,,,,,,,185,23,373,491,0.759674134419552,105,,6,5,1,0
1249,tla-18.007.049,2024,29007,29007,CARMEN TEQUEXQUITLA--EL,49,VICENTE GUERRERO,,20240602,,,,,,134,,,39,,3,,,,9,,,,,,,,,0,6,191,240,0.795833333333333,106,,6,5,1,0
1250,tla-18.008.050,2024,29008,29008,CUAPIAXTLA,50,COLONIA IGNACIO ALLENDE,,20240602,,110,20,238,96,,455,,46,,78,,,,,57,,,,,,,,0,51,1151,1518,0.758234519104084,110,,8,6,2,0
1251,tla-18.008.051,2024,29008,29008,CUAPIAXTLA,51,SANTA BEATRIZ LA NUEVA,,20240602,,47,70,9,4,,5,,5,,106,,,,,1,,,,,,,,0,5,252,291,0.865979381443299,111,,8,6,2,0
1252,tla-18.008.052,2024,29008,29008,CUAPIAXTLA,52,COLONIA LOMA BONITA,,20240602,,12,3,74,4,,44,,,,,,,,,,,,,,,,,0,8,145,167,0.868263473053892,112,,8,6,2,0
1253,tla-18.008.053,2024,29008,29008,CUAPIAXTLA,53,COLONIA MANUEL AVILA CAMACHO,,20240602,,99,3,46,,,75,,47,,5,,,,,,,,,,,,,0,7,282,320,0.88125,113,,8,6,2,0
1254,tla-18.008.054,2024,29008,29008,CUAPIAXTLA,54,SAN FRANCISCO CUEXCONTZI,,20240602,,83,43,16,55,146,203,,125,,27,,,,,47,,,,,,,,0,38,783,932,0.840128755364807,114,,8,6,2,0
1255,tla-18.008.055,2024,29008,29008,CUAPIAXTLA,55,COLONIA PLAN DE AYALA,,20240602,,80,,3,6,79,103,,15,,,,,,,57,,,,,,,,0,12,355,411,0.86374695863747,115,,8,6,2,0
1256,tla-18.008.056,2024,29008,29008,CUAPIAXTLA,56,COLONIA JOSE MARIA MORELOS,,20240602,,6,104,27,160,,,,1,,3,,,,,93,,,,,,,,0,19,413,504,0.819444444444444,116,,8,6,2,0
1257,tla-18.009.057,2024,29009,29009,CUAXOMULCO,57,2A SECCION COAXOMULCO (TECUICUILCO),,20240602,,154,108,,,63,252,62,93,,187,,,,18,110,,,,,,,,0,36,1083,1457,0.743308167467399,117,,5,5,0,0
1258,tla-18.009.058,2024,29009,29009,CUAXOMULCO,58,1A SECCION CUAXOMULCO (BARRIO DE ATENCO),,20240602,,70,18,,,2,38,108,226,,156,,,,11,212,,,,,,,,0,31,872,1136,0.767605633802817,118,,5,5,0,0
1259,tla-18.009.059,2024,29009,29009,CUAXOMULCO,59,SAN MIGUEL BUENAVISTA,,20240602,,53,84,,,6,89,58,29,,45,,,,139,6,,,,,,,,3,13,525,628,0.835987261146497,119,,5,5,0,0
1260,tla-18.009.060,2024,29009,29009,CUAXOMULCO,60,ZACAMOLPA,,20240602,,,,,98,,,,15,,4,,,,96,22,,,,,,,,0,10,245,294,0.833333333333333,120,,5,5,0,0
1261,tla-18.009.061,2024,29009,29009,CUAXOMULCO,61,SAN LORENZO XALTELULCO,,20240602,,56,129,,,318,34,71,23,,71,,,,134,204,,,,,,,,0,40,1080,1451,0.744314266023432,121,,5,5,0,0
1262,tla-18.010.062,2024,29010,29010,CHIAUTEMPAN,62,COLONIA CHALMA,,20240602,,188,87,154,153,138,48,150,47,0,241,0,0,0,66,43,,,,0,,0,,0,26,1341,1874,0.715581643543223,122:123,,15,7.00000000000001,8,0
1263,tla-18.010.063,2024,29010,29010,CHIAUTEMPAN,63,SANTA CRUZ GUADALUPE,,20240602,,,367,306,69,41,285,24,201,,373,,,,,42,,,,,,,,1,72,1781,2507,0.710410849621061,126,,15,7.00000000000001,8,0
1264,tla-18.010.064,2024,29010,29010,CHIAUTEMPAN,64,COLONIA REFORMA,,20240602,,178,469,277,135,299,219,395,,,843,,,,61,170,,,,,,,,90,199,3335,4894,0.681446669391091,127|140,,15,7.00000000000001,8,0
1265,tla-18.010.065,2024,29010,29010,CHIAUTEMPAN,65,COLONIA INDUSTRIAL,,20240602,,115,216,90,98,53,90,,,,144,,,,,,,,,,,,,1,24,831,1088,0.763786764705882,133,,15,7.00000000000001,8,0
1266,tla-18.010.066,2024,29010,29010,CHIAUTEMPAN,66,COLONIA EL ALTO,,20240602,,152,722,244,240,1064,297,278,398,,807,,,,25,96,,,,,,,,1,133,4457,6205,0.718291700241741,137|144,,15,7.00000000000001,8,0
1267,tla-18.010.067,2024,29010,29010,CHIAUTEMPAN,67,BARRIO DE TEXCACOAC,,20240602,,412,303,573,,635,317,259,,,476,,,,114,146,,,,,,,,4,151,3390,4997,0.678407044226536,141,,15,7.00000000000001,8,0
1268,tla-18.010.068,2024,29010,29010,CHIAUTEMPAN,68,BARRIO DE XAXALA,,20240602,,290,186,130,109,132,61,144,,,254,,,,4,207,,,,,,,,0,76,1593,2384,0.668204697986577,142,,15,7.00000000000001,8,0
1269,tla-18.011.069,2024,29011,29011,MUÑOZ DE DOMINGO ARENAS,69,SAN JOSE CUAMATZINGO,,20240602,,189,109,,,243,,,,,51,,,,53,34,,,,,,,,0,32,711,1086,0.654696132596685,162,,3,3,0,0
1270,tla-18.011.070,2024,29011,29011,MUÑOZ DE DOMINGO ARENAS,70,GUADALUPE CUAUHTEMOC,,20240602,,,,,,27,,3,,,226,,,,,89,,,,,,,,11,5,361,524,0.688931297709924,163,,3,3,0,0
1271,tla-18.011.071,2024,29011,29011,MUÑOZ DE DOMINGO ARENAS,71,COLONIA SAN ISIDRO CHIPILA,,20240602,,,,,,,,5,,,128,,,,96,,,,,,,,,0,22,251,312,0.804487179487179,164,,3,3,0,0
1272,tla-18.013.072,2024,29013,29013,HUAMANTLA,72,COLONIA EMILIANO ZAPATA,,20240602,,330,109,,227,264,294,245,,,669,,,,22,35,,,,,,,,1,97,2293,2990,0.766889632107023,178,,39,31,8,0
1273,tla-18.013.073,2024,29013,29013,HUAMANTLA,73,BARRIO DE SAN SEBASTIAN,,20240602,,284,354,,108,252,834,389,97,,829,,,,,180,,,,,,,,2,124,3453,5611,0.615398324719301,179:181|187,,39,31,8,0
1274,tla-18.013.074,2024,29013,29013,HUAMANTLA,74,BARRIO DE SANTA ANITA,,20240602,,144,645,0,209,652,149,54,0,0,345,0,0,0,11,0,,,,0,,0,,9,74,2292,3317,0.690985830569792,179:180,,39,31,8,0
1275,tla-18.013.075,2024,29013,29013,HUAMANTLA,75,BARRIO DE SAN FRANCISCO YANCUITLALPAN,,20240602,,70,157,,102,393,27,141,,,269,,,,,,,,,,,,,3,67,1229,1564,0.785805626598465,184,,39,31,8,0
1276,tla-18.013.076,2024,29013,29013,HUAMANTLA,76,RANCHERIA DE LA CRUZ,,20240602,,182,30,3,,91,123,250,,,233,,,,,11,,,,,,,,0,35,958,1352,0.708579881656805,218,,39,31,8,0
1277,tla-18.013.077,2024,29013,29013,HUAMANTLA,77,BARRIO DE SANTA MARIA YANCUITLALPAN,,20240602,,,127,,,181,32,136,,,126,,,,,10,,,,,,,,0,23,635,850,0.747058823529412,217,,39,31,8,0
1278,tla-18.013.078,2024,29013,29013,HUAMANTLA,78,BARRIO DE SAN LUCAS,,20240602,,115,678,147,374,667,274,607,,,1162,,,,,269,,,,,,,,13,273,4579,7152,0.640240492170022,188|195,,39,31,8,0
1279,tla-18.013.079,2024,29013,29013,HUAMANTLA,79,BARRIO DE LA PRECIOSA,,20240602,,117,49,,226,116,46,90,,,147,,,,3,93,,,,,,,,12,42,941,1421,0.662209711470795,190:191|194,,39,31,8,0
1280,tla-18.013.080,2024,29013,29013,HUAMANTLA,80,BARRIO DE SAN ANTONIO,,20240602,,197,113,9,29,419,14,60,,,242,,,,,11,,,,,,,,2,41,1137,1693,0.671588895451861,192|194,,39,31,8,0
1281,tla-18.013.081,2024,29013,29013,HUAMANTLA,81,BARRIO DE SAN JOSE,,20240602,,155,48,,44,209,172,126,,,309,,,,140,101,,,,,,,,12,79,1395,1848,0.75487012987013,192,,39,31,8,0
1282,tla-18.013.082,2024,29013,29013,HUAMANTLA,82,COLONIA MARIANO MATAMOROS,,20240602,,45,115,,,78,87,15,,,236,,,,,168,,,,,,,,0,28,772,1081,0.714153561517114,193,,39,31,8,0
1283,tla-18.013.083,2024,29013,29013,HUAMANTLA,83,HERMENEGILDO GALEANA,,20240602,,,72,,50,125,300,62,,,151,,,,90,,,,,,,,,0,46,896,1273,0.703849175176748,196,,39,31,8,0
1284,tla-18.013.084,2024,29013,29013,HUAMANTLA,84,RANCHERIA DE TORRES,,20240602,,12,8,,,54,54,81,,,4,,,,,,,,,,,,,0,3,216,278,0.776978417266187,197,,39,31,8,0
1285,tla-18.013.085,2024,29013,29013,HUAMANTLA,85,FRANCISCO I MADERO LA MESA,,20240602,,,42,,,31,1,,,,50,,,,,,,,,,,,,1,1,126,165,0.763636363636364,198,,39,31,8,0
1286,tla-18.013.086,2024,29013,29013,HUAMANTLA,86,COLONIA FRANCISCO VILLA TECOAC,,20240602,,,193,,29,76,222,,,,122,,,,,,,,,,,,,0,21,663,810,0.818518518518519,199,,39,31,8,0
1287,tla-18.013.087,2024,29013,29013,HUAMANTLA,87,EL CARMEN XALPATALAHUAYA,,20240602,,151,75,100,6,166,83,66,,,551,,,,,7,,,,,,,,0,28,1233,1574,0.783354510800508,200,,39,31,8,0
1288,tla-18.013.088,2024,29013,29013,HUAMANTLA,88,BENITO JUAREZ,,20240602,,,282,,157,307,812,38,,,374,,,,,660,,,,,,,,1,127,2758,4077,0.676477802305617,201,,39,31,8,0
1289,tla-18.013.089,2024,29013,29013,HUAMANTLA,89,FRANCISCO I MADERO TECOPILCO EL VALLE,,20240602,,,19,,,222,133,6,,,81,,,,,,,,,,,,,0,7,468,624,0.75,202,,39,31,8,0
1290,tla-18.013.090,2024,29013,29013,HUAMANTLA,90,SAN JOSE XICOHTENCATL,,20240602,,422,554,,411,307,223,139,,,631,,,,,395,,,,,,,,2,178,3262,5039,0.647350664814447,203:204,,39,31,8,0
1291,tla-18.013.091,2024,29013,29013,HUAMANTLA,91,COLONIA ACASILLADOS SAN MARTIN NOTARIO,,20240602,,28,,,,82,4,2,,,129,,,,,,,,,,,,,0,9,254,308,0.824675324675325,205,,39,31,8,0
1292,tla-18.013.092,2024,29013,29013,HUAMANTLA,92,LAZARO CARDENAS,,20240602,,2,287,1,,274,121,,,,136,,,,,10,,,,,,,,34,21,886,1084,0.817343173431734,206,,39,31,8,0
1293,tla-18.013.093,2024,29013,29013,HUAMANTLA,93,COLONIA CHAPULTEPEC,,20240602,,9,82,,7,270,111,5,,,79,,,,,17,,,,,,,,0,19,599,829,0.722557297949337,207,,39,31,8,0
1294,tla-18.013.094,2024,29013,29013,HUAMANTLA,94,COLONIA SAN FRANCISCO TECOAC,,20240602,,,,,27,87,,3,,,5,,,,91,,,,,,,,,0,4,217,246,0.882113821138211,208,,39,31,8,0
1295,tla-18.013.095,2024,29013,29013,HUAMANTLA,95,NUEVO BARRIO FRANCISCO VILLA,,20240602,,156,20,,,71,21,71,,,,,,,,79,,,,,,,,73,20,511,688,0.742732558139535,208,,39,31,8,0
1296,tla-18.013.096,2024,29013,29013,HUAMANTLA,96,COLONIA CUAUHTEMOC,,20240602,,81,20,18,168,91,75,3,,,230,,,,,,,,,,,,,0,30,716,880,0.813636363636364,209,,39,31,8,0
1297,tla-18.013.097,2024,29013,29013,HUAMANTLA,97,COLONIA JOSE MARIA MORELOS,,20240602,,,104,,11,213,274,48,,,115,,,,,,,,,,,,,1,31,797,1072,0.743470149253731,211,,39,31,8,0
1298,tla-18.013.098,2024,29013,29013,HUAMANTLA,98,COLONIA JOSE MARIA MORELOS,,20240602,,,57,,,89,113,4,,,96,,,,,,,,,,,,,0,16,375,587,0.638841567291312,212,,39,31,8,0
1299,tla-18.013.099,2024,29013,29013,HUAMANTLA,99,IGNACIO ZARAGOZA,,20240602,,55,600,,323,968,153,152,,,651,,,,,208,,,,,,,,416,272,3798,5788,0.656185210780926,213:214,,39,31,8,0
1300,tla-18.013.100,2024,29013,29013,HUAMANTLA,100,RANCHERIA ALTAMIRA DE GUADALUPE,,20240602,,82,12,,7,18,5,23,,,3,,,,109,17,,,,,,,,0,5,281,361,0.778393351800554,215,,39,31,8,0
1301,tla-18.013.101,2024,29013,29013,HUAMANTLA,101,RANCHERIA LOS PILARES,,20240602,,137,13,,16,114,7,39,,,213,,,,,21,,,,,,,,83,54,697,1087,0.641214351425943,216,,39,31,8,0
1302,tla-18.013.102,2024,29013,29013,HUAMANTLA,102,RANCHERIA DE JESUS,,20240602,,,15,,112,52,57,170,,,124,,,,,,,,,,,,,0,49,579,874,0.662471395881007,219,,39,31,8,0
1303,tla-18.014.103,2024,29014,29014,HUEYOTLIPAN,103,IGNACIO ZARAGOZA,,20240602,,,110,,,,478,144,,,156,,,,,,,,,,,,,0,25,913,1296,0.704475308641975,222,,11,7,4,0
1304,tla-18.014.104,2024,29014,29014,HUEYOTLIPAN,104,ADOLFO LOPEZ MATEOS,,20240602,,,8,,,188,11,,,,149,,,,,,,,,,,,,212,24,592,793,0.746532156368222,224,,11,7,4,0
1305,tla-18.014.105,2024,29014,29014,HUEYOTLIPAN,105,SAN LORENZO TECHALOTE,,20240602,,,2,,,14,55,,86,,99,,,,,,,,,,,,,0,3,259,317,0.817034700315457,225,,11,7,4,0
1306,tla-18.014.106,2024,29014,29014,HUEYOTLIPAN,106,SANTIAGO TLALPAN,,20240602,,165,5,,21,,17,,61,,168,,,,,28,,,,,,,,0,13,478,671,0.712369597615499,227,,11,7,4,0
1307,tla-18.014.107,2024,29014,29014,HUEYOTLIPAN,107,SAN SIMEON XIPETZINGO,,20240602,,,403,,6,243,628,,,,202,,,,,205,,,,,,,,0,68,1755,2534,0.69258089976322,228,,11,7,4,0
1308,tla-18.014.108,2024,29014,29014,HUEYOTLIPAN,108,SAN MANUEL TLALPAN,,20240602,,,1,,,64,40,,,,30,,,,,,,,,,,,,0,3,138,172,0.802325581395349,229,,11,7,4,0
1309,tla-18.014.109,2024,29014,29014,HUEYOTLIPAN,109,SANTA MARIA IXCOTLA,,20240602,,,9,,,194,5,,,,204,,,,,18,,,,,,,,0,22,452,585,0.772649572649573,230,,11,7,4,0
1310,tla-18.015.110,2024,29015,29015,IXTACUIXTLA DE MARIANO MATAMOROS,110,SAN FELIPE IXTACUIXTLA,,20240602,,,117,41,499,576,307,43,53,,938,,,,883,205,,,,,,,,0,165,3827,5801,0.659713842440958,232:234,,21,12,9.00000000000001,0
1311,tla-18.015.111,2024,29015,29015,IXTACUIXTLA DE MARIANO MATAMOROS,111,RANCHERIA LA SOLEDAD,,20240602,,,1,,9,85,3,,,,44,,,,7,,,,,,,,,0,12,161,224,0.71875,235,,21,12,9.00000000000001,0
1312,tla-18.015.112,2024,29015,29015,IXTACUIXTLA DE MARIANO MATAMOROS,112,SAN ANTONIO ATOTONILCO,,20240602,,,86,45,428,,576,,,,620,,,,89,129,,,,,,,,1,93,2067,3605,0.573370319001387,241:242,,21,12,9.00000000000001,0
1313,tla-18.015.113,2024,29015,29015,IXTACUIXTLA DE MARIANO MATAMOROS,113,SAN MIGUEL LA PRESA,,20240602,,,,,33,7,115,,,,4,,,,99,,,,,,,,,0,6,264,333,0.792792792792793,243,,21,12,9.00000000000001,0
1314,tla-18.015.114,2024,29015,29015,IXTACUIXTLA DE MARIANO MATAMOROS,114,LA TRINIDAD TENEXYECAC,,20240602,,,174,24,177,550,,,,,404,,,,60,414,,,,,,,,0,116,1919,2608,0.735812883435583,245,,21,12,9.00000000000001,0
1315,tla-18.015.115,2024,29015,29015,IXTACUIXTLA DE MARIANO MATAMOROS,115,SAN ANTONIO TECOAC,,20240602,,,60,2,47,231,145,,,,84,,,,54,,,,,,,,,0,13,636,827,0.769044740024184,246,,21,12,9.00000000000001,0
1316,tla-18.015.116,2024,29015,29015,IXTACUIXTLA DE MARIANO MATAMOROS,116,SAN ANTONIO TIZOSTOC,,20240602,,,299,95,204,144,36,12,,,306,,,,,53,,,,,,,,1,32,1182,1741,0.678920160827111,247,,21,12,9.00000000000001,0
1317,tla-18.015.117,2024,29015,29015,IXTACUIXTLA DE MARIANO MATAMOROS,117,SANTA CRUZ EL PORVENIR,,20240602,,,59,26,149,17,3,254,,,308,,,,155,,,,,,,,,0,22,993,1291,0.769171185127808,248,,21,12,9.00000000000001,0
1318,tla-18.015.118,2024,29015,29015,IXTACUIXTLA DE MARIANO MATAMOROS,118,ESPIRITU SANTO,,20240602,,,,76,168,,,,,,185,,,,9,,,,,,,,,0,14,452,638,0.70846394984326,249,,21,12,9.00000000000001,0
1319,tla-18.015.119,2024,29015,29015,IXTACUIXTLA DE MARIANO MATAMOROS,119,SAN GABRIEL POPOCATLA,,20240602,,,198,4,8,210,26,125,,,241,,,,43,74,,,,,,,,1,40,970,1456,0.666208791208791,250,,21,12,9.00000000000001,0
1320,tla-18.015.120,2024,29015,29015,IXTACUIXTLA DE MARIANO MATAMOROS,120,SAN DIEGO XOCOYUCAN,,20240602,,,238,15,317,103,146,,278,,415,,,,660,20,,,,,,,,0,87,2279,3364,0.677467300832342,251,,21,12,9.00000000000001,0
1321,tla-18.015.121,2024,29015,29015,IXTACUIXTLA DE MARIANO MATAMOROS,121,SANTA INES TECUEXCOMAC,,20240602,,,137,15,86,83,198,11,,,848,,,,224,,,,,,,,,0,78,1680,2595,0.647398843930636,256:257,,21,12,9.00000000000001,0
1322,tla-18.017.122,2024,29017,29017,MAZATECOCHCO DE JOSE MARIA MORELOS,122,CUARTA SECCION,,20240602,,,20,274,,58,306,74,163,,286,,,,322,276,,,,,,,,0,31,1810,2286,0.7917760279965,263,,4,4,0,0
1323,tla-18.017.123,2024,29017,29017,MAZATECOCHCO DE JOSE MARIA MORELOS,123,TERCERA SECCION,,20240602,,,129,277,,178,92,371,40,,307,,,,299,123,,,,,,,,0,34,1850,2327,0.795015040825097,264,,4,4,0,0
1324,tla-18.017.124,2024,29017,29017,MAZATECOCHCO DE JOSE MARIA MORELOS,124,SEGUNDA SECCION,,20240602,,,84,128,,382,42,63,142,,388,,,,133,273,,,,,,,,2,44,1681,2222,0.756525652565257,265,,4,4,0,0
1325,tla-18.017.125,2024,29017,29017,MAZATECOCHCO DE JOSE MARIA MORELOS,125,PRIMERA SECCION,,20240602,,,43,342,,112,72,104,346,,211,,,,45,37,,,,,,,,0,46,1358,1664,0.816105769230769,266,,4,4,0,0
1326,tla-18.018.126,2024,29018,29018,CONTLA DE JUAN CUAMATZI,126,SECCION 1A SAN BERNARDINO,,20240602,,556,204,772,851,,,,96,,458,,,,187,,,,,,,,,4,132,3260,4253,0.766517752174935,267|273,,12,7,5,0
1327,tla-18.018.127,2024,29018,29018,CONTLA DE JUAN CUAMATZI,127,SECCION 6A TLACATECPA,,20240602,,,68,942,558,,,,961,,486,,,,224,,,,,,,,,4,120,3363,4680,0.718589743589744,268:269,,12,7,5,0
1328,tla-18.018.128,2024,29018,29018,CONTLA DE JUAN CUAMATZI,128,SECCION SEPTIMA,,20240602,,,,123,594,922,271,386,290,,710,,,,48,28,,,,,,,,223,203,3798,5236,0.725362872421696,270:271|283,,12,7,5,0
1329,tla-18.018.129,2024,29018,29018,CONTLA DE JUAN CUAMATZI,129,SECCION SEGUNDA,,20240602,,,469,194,505,,,573,89,,500,,,,24,48,,,,,,,,5,101,2508,3463,0.724227548368467,272,,12,7,5,0
1330,tla-18.018.130,2024,29018,29018,CONTLA DE JUAN CUAMATZI,130,SECCION 9A COLHUACA,,20240602,,,,299,38,,442,,,,146,,,,76,,,,,,,,,1,40,1042,1355,0.7690036900369,274,,12,7,5,0
1331,tla-18.018.131,2024,29018,29018,CONTLA DE JUAN CUAMATZI,131,SECCION 3A SAN MIGUEL XALTIPAN,,20240602,,,,628,494,370,301,321,117,,441,,,,71,154,,,,,,,,2,122,3021,4152,0.727601156069364,275:276,,12,7,5,0
1332,tla-18.018.132,2024,29018,29018,CONTLA DE JUAN CUAMATZI,132,SECCION 8A STA MARIA AQUIAHUAC,,20240602,,,130,,92,,13,,24,,127,,,,31,,,,,,,,,0,17,434,538,0.806691449814126,277,,12,7,5,0
1333,tla-18.019.133,2024,29019,29019,TEPETITLA DE LARDIZABAL,133,VILLALTA,,20240602,,,,,995,440,102,,90,,548,,,,363,1015,,,,,,,,55,113,3721,5508,0.67556281771968,288:289,,3,3,0,0
1334,tla-18.019.134,2024,29019,29019,TEPETITLA DE LARDIZABAL,134,SAN MATEO AYECAC,,20240602,,,,,911,355,621,,90,,429,,,,,,,,,,,,,0,202,2608,3526,0.739648326715825,290,,3,3,0,0
1335,tla-18.019.135,2024,29019,29019,TEPETITLA DE LARDIZABAL,135,GUADALUPE VICTORIA,,20240602,,,,,60,,,105,3,,46,,,,,53,,,,,,,,5,6,278,342,0.812865497076023,291,,3,3,0,0
1336,tla-18.020.136,2024,29020,29020,SANCTORUM DE LAZARO CARDENAS,136,LA PROVIDENCIA,,20240602,,,73,,1,5,,30,,,17,,,,,,,,,,,,,0,3,129,155,0.832258064516129,293,,3,2,0.999999999999999,0
1337,tla-18.020.137,2024,29020,29020,SANCTORUM DE LAZARO CARDENAS,137,FRANCISCO VILLA,,20240602,,253,,,16,218,,251,250,,563,,,,,222,,,,,,,,1,52,1826,2641,0.691404770920106,297:298,,3,2,0.999999999999999,0
1338,tla-18.021.138,2024,29021,29021,NANACAMILPA DE MARIANO ARISTA,138,FRANCISCO I MADERO,,20240602,,11,120,,29,195,,137,,,273,,,,,,,,,,,,,0,21,786,1112,0.706834532374101,304,,5,3,2,0
1339,tla-18.021.139,2024,29021,29021,NANACAMILPA DE MARIANO ARISTA,139,TEPUENTE,,20240602,,,,18,85,5,,,,,57,,,,,,,,,,,,,0,4,169,208,0.8125,306,,5,3,2,0
1340,tla-18.021.140,2024,29021,29021,NANACAMILPA DE MARIANO ARISTA,140,SAN FELIPE HIDALGO,,20240602,,449,6,,448,,,,,,82,,,,,,,,,,,,,4,33,1022,1400,0.73,308,,5,3,2,0
1341,tla-18.022.141,2024,29022,29022,ACUAMANALA DE MIGUEL HIDALGO,141,SECCION 1A ACUAMANALA,,20240602,,253,,93,,,186,351,72,,204,,,,,,,,,,,,,1,55,1215,1477,0.822613405551794,309,,4,4,0,0
1342,tla-18.022.142,2024,29022,29022,ACUAMANALA DE MIGUEL HIDALGO,142,SECCION 3A CHIMALPA,,20240602,,,,851,116,,56,37,110,,222,,,,,,,,,,,,,3,55,1450,1716,0.844988344988345,310,,4,4,0,0
1343,tla-18.022.143,2024,29022,29022,ACUAMANALA DE MIGUEL HIDALGO,143,SECCION 2A GUADALUPE HIDALGO,,20240602,,,,231,204,,,35,276,,268,,,,,,,,,,,,,2,90,1106,1333,0.829707426856714,311,,4,4,0,0
1344,tla-18.022.144,2024,29022,29022,ACUAMANALA DE MIGUEL HIDALGO,144,SECCION 4A OLEXTLA DE JUAREZ,,20240602,,14,,103,,,138,74,31,,153,,,,,,,,,,,,,169,23,705,821,0.858708891595615,312,,4,4,0,0
1345,tla-18.023.145,2024,29023,29023,NATIVITAS,145,SAN JOSE ATOYATENCO,,20240602,,,127,,340,,300,22,120,,75,,,,,1,,,,,,,,44,52,1081,1520,0.711184210526316,325,,13,5.00000000000001,8,0
1346,tla-18.023.146,2024,29023,29023,NATIVITAS,146,SAN RAFAEL TENANYECAC,,20240602,,,56,,195,,79,,330,,150,,,,,8,,,,,,,,940,102,1860,2490,0.746987951807229,326,,13,5.00000000000001,8,0
1347,tla-18.023.147,2024,29023,29023,NATIVITAS,147,SAN MIGUEL XOCHITECATITLA,,20240602,,,,,686,,,52,,,,,,,,75,,,,,,,,391,73,1277,1857,0.687668282175552,327,,13,5.00000000000001,8,0
1348,tla-18.023.148,2024,29023,29023,NATIVITAS,148,SANTIAGO MICHAC,,20240602,,,,,43,,70,137,32,,1039,,,,,879,,,,,,,,0,61,2261,3097,0.730061349693252,329:330,,13,5.00000000000001,8,0
1349,tla-18.023.149,2024,29023,29023,NATIVITAS,149,SAN MIGUEL ANALCO,,20240602,,,,,82,,246,259,53,,,,,,,275,,,,,,,,0,55,970,1462,0.663474692202462,331,,13,5.00000000000001,8,0
1350,tla-18.024.150,2024,29024,29024,PANOTLA,150,COLONIA EMILIANO ZAPATA,,20240602,,58,32,84,,24,206,57,194,,211,,,,163,,,,,,,,,1,44,1074,1505,0.713621262458472,335:336,,9,8,1,0
1351,tla-18.024.151,2024,29024,29024,PANOTLA,151,SAN TADEO HUILOAPAN,,20240602,,10,24,51,29,755,,74,340,,316,,,,,,,,,,,,,1,114,1714,2670,0.641947565543071,338,,9,8,1,0
1352,tla-18.024.152,2024,29024,29024,PANOTLA,152,SANTA CATARINA APATLAHCO,,20240602,,,,,1,79,,,,,55,,,,,4,,,,,,,,0,4,143,172,0.831395348837209,341,,9,8,1,0
1353,tla-18.024.153,2024,29024,29024,PANOTLA,153,SAN FRANCISCO TEMEZONTLA,,20240602,,,156,212,16,55,,1,200,,517,,,,21,222,,,,,,,,3,68,1471,2024,0.726778656126482,342,,9,8,1,0
1354,tla-18.024.154,2024,29024,29024,PANOTLA,154,SAN AMBROSIO TEXANTLA,,20240602,,,1,,204,199,3,,34,,19,,,,8,149,,,,,,,,1,16,634,774,0.819121447028424,343,,9,8,1,0
1355,tla-18.024.155,2024,29024,29024,PANOTLA,155,JESUS ACATITLA,,20240602,,,179,89,,60,,,3,,275,,,,6,,,,,,,,,2,17,631,817,0.77233782129743,344,,9,8,1,0
1356,tla-18.024.156,2024,29024,29024,PANOTLA,156,SANTA CRUZ TECHACHALCO,,20240602,,,283,190,29,282,,47,10,,285,,,,20,89,,,,,,,,13,51,1299,1806,0.719269102990033,345,,9,8,1,0
1357,tla-18.024.157,2024,29024,29024,PANOTLA,157,SAN JORGE TEZOQUIPAN,,20240602,,,593,511,324,234,,46,113,,318,,,,164,,,,,,,,,287,119,2709,3852,0.703271028037383,346:347,,9,8,1,0
1358,tla-18.025.158,2024,29025,29025,SAN PABLO DEL MONTE,158,BARRIO DE SAN COSME,,20240602,,320,418,114,231,362,295,197,179,,380,,,,224,151,,,,,,,,0,77,2948,3933,0.749555047037885,348,,12,12,0,0
1359,tla-18.025.159,2024,29025,29025,SAN PABLO DEL MONTE,159,BARRIO DE SANTIAGO,,20240602,,45,428,5,132,460,561,414,153,,308,,,,449,28,,,,,,,,2,131,3116,4155,0.749939831528279,349,,12,12,0,0
1360,tla-18.025.160,2024,29025,29025,SAN PABLO DEL MONTE,160,BARRIO DE CRISTO,,20240602,,456,359,9,309,328,94,209,36,,621,,,,319,750,,,,,,,,0,126,3616,5170,0.699419729206963,350,,12,12,0,0
1361,tla-18.025.161,2024,29025,29025,SAN PABLO DEL MONTE,161,BARRIO DE SAN NICOLAS,,20240602,,485,61,636,54,1533,573,,27,,1180,,,,357,,,,,,,,,0,196,5102,7339,0.695190080392424,351:352,,12,12,0,0
1362,tla-18.025.162,2024,29025,29025,SAN PABLO DEL MONTE,162,BARRIO DE LA SANTISIMA,,20240602,,499,43,450,324,479,,13,24,,618,,,,11,111,,,,,,,,1,91,2664,3814,0.698479286837965,353,,12,12,0,0
1363,tla-18.025.163,2024,29025,29025,SAN PABLO DEL MONTE,163,BARRIO DE SAN MIGUEL,,20240602,,562,596,2,10,68,422,5,162,,358,,,,221,139,,,,,,,,3,85,2633,3548,0.742108229988726,354,,12,12,0,0
1364,tla-18.025.164,2024,29025,29025,SAN PABLO DEL MONTE,164,BARRIO DE JESUS,,20240602,,198,359,102,259,479,,212,,,354,,,,7,19,,,,,,,,0,58,2047,2878,0.711257817929117,355,,12,12,0,0
1365,tla-18.025.165,2024,29025,29025,SAN PABLO DEL MONTE,165,BARRIO DE SAN SEBASTIAN,,20240602,,39,453,34,535,237,463,30,57,,408,,,,9,664,,,,,,,,0,109,3038,4183,0.726273009801578,356,,12,12,0,0
1366,tla-18.025.166,2024,29025,29025,SAN PABLO DEL MONTE,166,BARRIO DE SAN BARTOLOME,,20240602,,363,454,616,444,807,272,342,369,,758,,,,19,150,,,,,,,,3,161,4758,6687,0.711529834006281,357:358,,12,12,0,0
1367,tla-18.025.167,2024,29025,29025,SAN PABLO DEL MONTE,167,BARRIO DE SAN PEDRO,,20240602,,890,668,418,112,540,,29,,,436,,,,97,127,,,,,,,,8,195,3520,5262,0.668947168377043,359:360,,12,12,0,0
1368,tla-18.025.168,2024,29025,29025,SAN PABLO DEL MONTE,168,BARRIO DE TLALTEPANGO,,20240602,,135,1058,35,737,794,214,1465,23,,852,,,,19,34,,,,,,,,8,232,5606,8317,0.674041120596369,361:362,,12,12,0,0
1369,tla-18.025.169,2024,29025,29025,SAN PABLO DEL MONTE,169,BARRIO DE SAN ISIDRO BUENSUCESO,,20240602,,787,546,30,309,1590,,,179,,872,,,,43,,,,,,,,,2,348,4706,7989,0.589059957441482,363:364,,12,12,0,0
1370,tla-18.026.170,2024,29026,29026,SANTA CRUZ TLAXCALA,170,SAN MIGUEL CONTLA,,20240602,,339,218,413,,197,324,184,145,,1163,,,,638,176,,,,,,,,3,198,3998,6413,0.623421175736785,365:366,,4,4,0,0
1371,tla-18.026.171,2024,29026,29026,SANTA CRUZ TLAXCALA,171,SAN LUCAS TLACOCHCALCO,,20240602,,163,165,80,,49,,315,162,,153,,,,627,,,,,,,,,1,75,1790,2529,0.707789640173982,369,,4,4,0,0
1372,tla-18.026.172,2024,29026,29026,SANTA CRUZ TLAXCALA,172,JESUS HUIZNAHUAC,,20240602,,252,175,54,,69,11,161,14,,128,,,,62,5,,,,,,,,2,27,960,1227,0.78239608801956,370,,4,4,0,0
1373,tla-18.026.173,2024,29026,29026,SANTA CRUZ TLAXCALA,173,GUADALUPE TLACHCO,,20240602,,296,296,295,,46,,105,76,,328,,,,584,,,,,,,,,4,78,2108,2937,0.717739189649302,371,,4,4,0,0
1374,tla-18.028.174,2024,29028,29028,TEOLOCHOLCO,174,SECCION 1A TECAHUALOYA,,20240602,,233,340,,983,168,,219,122,,858,,,,,,,,,,,,,1,91,3015,3920,0.769132653061224,378|384,,8,8,0,0
1375,tla-18.028.175,2024,29028,29028,TEOLOCHOLCO,175,SECCION 2A TEOLOCHOLCO,,20240602,,362,,80,325,431,,201,,,559,,,,,,,,,,,,,2,72,2032,2683,0.757361162877376,379,,8,8,0,0
1376,tla-18.028.176,2024,29028,29028,TEOLOCHOLCO,176,SECCION 3A BARRIO DE CONTLA,,20240602,,379,108,221,623,453,,99,217,,1126,,,,,,,,,,,,,0,120,3346,4571,0.732006125574273,380,,8,8,0,0
1377,tla-18.028.177,2024,29028,29028,TEOLOCHOLCO,177,ACXOTLA DEL MONTE,,20240602,,250,,110,248,74,,279,214,,276,,,,,,,,,,,,,0,53,1504,2093,0.718585762064023,381,,8,8,0,0
1378,tla-18.028.178,2024,29028,29028,TEOLOCHOLCO,178,SECCION 5A ACTIPAC,,20240602,,96,,147,533,100,,114,,,282,,,,,,,,,,,,,1,48,1321,1716,0.76981351981352,382,,8,8,0,0
1379,tla-18.028.179,2024,29028,29028,TEOLOCHOLCO,179,SECCION 6A CUAUHTLA,,20240602,,117,,119,381,,,114,157,,492,,,,,8,,,,,,,,1,46,1435,1766,0.812570781426954,383,,8,8,0,0
1380,tla-18.028.180,2024,29028,29028,TEOLOCHOLCO,180,CUAXINCA,,20240602,,,138,130,5,,,,,,82,,,,,,,,,,,,,0,4,359,416,0.862980769230769,385,,8,8,0,0
1381,tla-18.028.181,2024,29028,29028,TEOLOCHOLCO,181,EL CARMEN AZTAMA,,20240602,,,300,,500,395,,,,,584,,,,,,,,,,,,,3,52,1834,2270,0.807929515418502,386,,8,8,0,0
1382,tla-18.029.182,2024,29029,29029,TEPEYANCO,182,SANTIAGO TLACOCHCALCO,,20240602,,,107,152,126,,2,126,103,,97,,,,,,,,,,,,,0,28,741,976,0.75922131147541,390,,7,4,3,0
1383,tla-18.029.183,2024,29029,29029,TEPEYANCO,183,LA AURORA,,20240602,,190,,150,18,221,,119,,,,,,,,8,,,,,,,,0,22,728,973,0.748201438848921,393,,7,4,3,0
1384,tla-18.029.184,2024,29029,29029,TEPEYANCO,184,SAN COSME ATLAMAXAC,,20240602,,16,466,87,316,,288,243,,,406,,,,,5,,,,,,,,0,50,1877,2267,0.827966475518306,394,,7,4,3,0
1385,tla-18.029.185,2024,29029,29029,TEPEYANCO,185,SAN PEDRO XACALTZINGO,,20240602,,,,,754,,,243,,,479,,,,,,,,,,,,,0,29,1505,1854,0.81175836030205,397,,7,4,3,0
1386,tla-18.030.186,2024,29030,29030,TERRENATE,186,CHIPILO,,20240602,,,,,29,288,238,175,,,400,,,,,116,,,,,,,,0,69,1315,1783,0.737521031968592,399,,7,6,1,0
1387,tla-18.030.187,2024,29030,29030,TERRENATE,187,VILLAREAL,,20240602,,8,,289,109,143,36,163,,,116,,,,,56,,,,,,,,0,23,943,1279,0.737294761532447,403,,7,6,1,0
1388,tla-18.030.188,2024,29030,29030,TERRENATE,188,TOLUCA DE GUADALUPE,,20240602,,156,,7,391,90,288,87,,,403,,,,,576,,,,,,,,1,78,2077,2751,0.754998182479099,404,,7,6,1,0
1389,tla-18.030.189,2024,29030,29030,TERRENATE,189,COLONIA EL CAPULIN,,20240602,,1,,,177,31,116,,,,51,,,,,6,,,,,,,,0,15,397,510,0.77843137254902,406,,7,6,1,0
1390,tla-18.030.190,2024,29030,29030,TERRENATE,190,COLONIA GUADALUPE VICTORIA,,20240602,,1,,,6,133,92,38,,,335,,,,,26,,,,,,,,0,20,651,806,0.807692307692308,407,,7,6,1,0
1391,tla-18.030.191,2024,29030,29030,TERRENATE,191,NICOLAS BRAVO,,20240602,,153,,,59,189,402,49,,,196,,,,,20,,,,,,,,0,47,1115,1463,0.762132604237867,408,,7,6,1,0
1392,tla-18.031.192,2024,29031,29031,TETLA DE LA SOLIDARIDAD,192,COLONIA AGRICOLA DE DOLORES,,20240602,,137,,164,277,,290,,,,133,,,,,171,,,,,,,,12,33,1217,1673,0.727435744172146,409,,12,12,0,0
1393,tla-18.031.193,2024,29031,29031,TETLA DE LA SOLIDARIDAD,193,SECCION 4A CHIAUTZINGO,,20240602,,86,,39,158,,315,,,,357,,,,,35,,,,,,,,0,29,1019,1386,0.735209235209235,410,,12,12,0,0
1394,tla-18.031.194,2024,29031,29031,TETLA DE LA SOLIDARIDAD,194,SECCION 1A ACTIPAN INFONAVIT,,20240602,,456,,518,482,166,379,,273,,715,,,,60,134,,,,,,,,1,149,3333,5003,0.666200279832101,411|414:415,,12,12,0,0
1395,tla-18.031.195,2024,29031,29031,TETLA DE LA SOLIDARIDAD,195,SECCION 2A TEOTLALPAN,,20240602,,79,173,517,184,,447,,,,529,,,,,198,,,,,,,,4,97,2228,3597,0.619405059772032,412,,12,12,0,0
1396,tla-18.031.196,2024,29031,29031,TETLA DE LA SOLIDARIDAD,196,SECCION 3A OCOTITLA,,20240602,,175,,22,73,,334,,12,,220,,,,,59,,,,,,,,2,43,940,1448,0.649171270718232,413,,12,12,0,0
1397,tla-18.031.197,2024,29031,29031,TETLA DE LA SOLIDARIDAD,197,SANTA MARIA CAPULAC,,20241124,extra,,,,137,,,,375,,234,,,,,,,,,,,,,0,14,760,1248,0.608974358974359,416,,12,12,0,0
1398,tla-18.031.198,2024,29031,29031,TETLA DE LA SOLIDARIDAD,198,SANTA FE LA TROJE,,20240602,,,,,75,,99,,95,,21,,,,,1,,,,,,,,0,6,297,358,0.829608938547486,417,,12,12,0,0
1399,tla-18.031.199,2024,29031,29031,TETLA DE LA SOLIDARIDAD,199,COLONIA PLAN DE AYALA,,20240602,,21,,19,78,,45,,,,86,,,,,118,,,,,,,,0,6,373,494,0.755060728744939,418,,12,12,0,0
1400,tla-18.031.200,2024,29031,29031,TETLA DE LA SOLIDARIDAD,200,JOSE MARIA MORELOS Y PAVON,,20240602,,2,,3,43,,66,,87,,236,,,,,10,,,,,,,,1,20,468,705,0.663829787234042,419,,12,12,0,0
1401,tla-18.031.201,2024,29031,29031,TETLA DE LA SOLIDARIDAD,201,SAN FRANCISCO ATEXCATZINGO,,20240602,,61,165,71,990,315,711,,,,257,,,,,471,,,,,,,,0,125,3166,4874,0.649569142388182,420:421,,12,12,0,0
1402,tla-18.031.202,2024,29031,29031,TETLA DE LA SOLIDARIDAD,202,SAN BARTOLOME MATLALOHCAN,,20240602,,224,,59,445,,591,,41,,1303,,,,,34,,,,,,,,2,118,2817,4397,0.640664089151694,422,,12,12,0,0
1403,tla-18.031.203,2024,29031,29031,TETLA DE LA SOLIDARIDAD,203,SAN ISIDRO PIEDRAS NEGRAS,,20240602,,,,,55,,5,,,,136,,,,,2,,,,,,,,0,6,204,257,0.793774319066148,423,,12,12,0,0
1404,tla-18.032.204,2024,29032,29032,TETLATLAHUCA,204,SAN BARTOLOME TENANGO,,20240602,,,,,45,351,18,3,347,,336,,,,13,,,,,,,,,3,67,1183,1635,0.723547400611621,424,,6,5,1,0
1405,tla-18.032.205,2024,29032,29032,TETLATLAHUCA,205,SANTA CRUZ AQUIAHUAC,,20240602,,,,,612,850,,,,,870,,,,14,,,,,,,,,1,30,2377,3120,0.761858974358974,425:426,,6,5,1,0
1406,tla-18.032.206,2024,29032,29032,TETLATLAHUCA,206,SANTA ISABEL TETLATLAHUCA,,20240602,,,,,167,615,346,427,110,,317,,,,595,,,,,,,,,0,90,2667,3652,0.730284775465498,427:428,,6,5,1,0
1407,tla-18.032.207,2024,29032,29032,TETLATLAHUCA,207,SAN ANDRES CUAMILPA,,20240602,,,,,274,201,,,25,,200,,,,222,,,,,,,,,1,25,948,1238,0.765751211631664,431,,6,5,1,0
1408,tla-18.033.208,2024,29033,29033,TLAXCALA,208,SAN ESTEBAN TIZATLAN,,20240602,,200,503,102,138,47,341,12,999,,1366,,,,11,18,,,,,,,,5,141,3883,5639,0.68859726901933,435:437,,10,8,2,0
1409,tla-18.033.209,2024,29033,29033,TLAXCALA,209,SANTA MARIA IXTULCO,,20240602,,170,187,178,484,166,634,371,164,,484,,,,176,11,,,,,,,,3,108,3136,4263,0.735632183908046,438:439,,10,8,2,0
1410,tla-18.033.210,2024,29033,29033,TLAXCALA,210,SAN BUENAVENTURA ATEMPAN,,20240602,,186,225,13,170,15,58,274,95,,279,,,,,127,,,,,,,,2,32,1476,1985,0.743576826196474,440,,10,8,2,0
1411,tla-18.033.211,2024,29033,29033,TLAXCALA,211,OCOTLAN,,20240602,,645,1240,589,831,572,712,171,938,,2751,,,,,146,,,,,,,,8,369,8972,14091,0.636718472784047,444:445|453|458,,10,8,2,0
1412,tla-18.033.212,2024,29033,29033,TLAXCALA,212,SAN HIPOLITO CHIMALPA,,20240602,,121,105,,10,197,53,276,147,,182,,,,2,644,,,,,,,,1,66,1804,2521,0.715589051963507,448,,10,8,2,0
1413,tla-18.033.213,2024,29033,29033,TLAXCALA,213,SAN GABRIEL CUAUHTLA,,20240602,,1117,474,202,308,204,528,59,294,,2237,,,,24,324,,,,,,,,3,282,6056,6405,0.945511319281811,451:453|458,,10,8,2,0
1414,tla-18.033.214,2024,29033,29033,TLAXCALA,214,LA TRINIDAD TEPEHITEC,,20240602,,418,434,0,268,0,101,56,66,0,242,0,0,0,0,15,,,,0,,0,,155,74,1829,2691,0.67967298402081,461:463,,10,8,2,0
1415,tla-18.033.215,2024,29033,29033,TLAXCALA,215,SANTA MARIA ACUITLAPILCO,,20240602,,707,1371,425,528,215,1202,102,395,,1795,,,,41,270,,,,,,,,6,396,7453,12520,0.595287539936102,465:466,,10,8,2,0
1416,tla-18.033.216,2024,29033,29033,TLAXCALA,216,SAN LUCAS CUAHTELULPAN,,20240602,,380,38,660,530,597,360,138,136,,292,,,,,11,,,,,,,,2,125,3269,4606,0.709726443768997,468:469,,10,8,2,0
1417,tla-18.034.217,2024,29034,29034,TLAXCO,217,6A SECCION,,20240602,,108,57,,260,70,43,,,,143,,,,,,,,,,,,,0,28,709,1098,0.645719489981785,470,,37,29,7.99999999999999,0
1418,tla-18.034.218,2024,29034,29034,TLAXCO,218,EL SABINAL,,20240602,,210,30,,67,,280,,,,320,,,,,,,,,,,,,0,41,948,1587,0.597353497164461,471,,37,29,7.99999999999999,0
1419,tla-18.034.219,2024,29034,29034,TLAXCO,219,COL. ITURBIDE,,20240602,,157,71,,188,,113,,,,381,,,,,,,,,,,,,3,39,952,1466,0.649386084583902,472,,37,29,7.99999999999999,0
1420,tla-18.034.220,2024,29034,29034,TLAXCO,220,QUINTA SECCION BARRIO CHICO,,20240602,,90,24,,,,107,253,17,,270,,,,,,,,,,,,,12,21,794,1200,0.661666666666667,473,,37,29,7.99999999999999,0
1421,tla-18.034.221,2024,29034,29034,TLAXCO,221,COLONIA TEPATLAXCO,,20240602,,267,100,,113,90,78,,,,529,,,,,,,,,,,,,2,34,1213,2042,0.594025465230166,474,,37,29,7.99999999999999,0
1422,tla-18.034.222,2024,29034,29034,TLAXCO,222,COL. POSTAL Y VISTA HERMOSA,,20240602,,359,416,,296,,405,,,,497,,,,,,,,,,,,,25,70,2068,3309,0.62496222423693,476,,37,29,7.99999999999999,0
1423,tla-18.034.223,2024,29034,29034,TLAXCO,223,COLONIA EJIDAL,,20240602,,131,54,,222,,86,,,,235,,,,,12,,,,,,,,1,30,771,1115,0.691479820627803,477,,37,29,7.99999999999999,0
1424,tla-18.034.224,2024,29034,29034,TLAXCO,224,COLONIA SAN JUAN,,20240602,,51,,3,66,,128,,,,134,,,,,,,,,,,,,0,9,391,526,0.743346007604563,478,,37,29,7.99999999999999,0
1425,tla-18.034.225,2024,29034,29034,TLAXCO,225,ACOPINALCO DEL PEÑON,,20240602,,204,308,,178,,68,,,,652,,,,,15,,,,,,,,0,50,1475,2084,0.707773512476008,481,,37,29,7.99999999999999,0
1426,tla-18.034.226,2024,29034,29034,TLAXCO,226,EL ROSARIO,,20240602,,311,8,4,265,17,80,,,,498,,,,,,,,,,,,,0,37,1220,2022,0.603363006923838,482,,37,29,7.99999999999999,0
1427,tla-18.034.227,2024,29034,29034,TLAXCO,227,UNION EJIDAL TIERRA Y LIBERTAD,,20240602,,38,321,,260,,68,,,,397,,,,,,,,,,,,,0,57,1141,1882,0.606269925611052,484,,37,29,7.99999999999999,0
1428,tla-18.034.228,2024,29034,29034,TLAXCO,228,MARIANO MATAMOROS,,20240602,,40,116,,133,,5,,,,204,,,,,,,,,,,,,0,6,504,758,0.66490765171504,485,,37,29,7.99999999999999,0
1429,tla-18.034.229,2024,29034,29034,TLAXCO,229,ASERRADERO CASA BLANCA,,20240602,,108,3,,268,,3,3,,,46,,,,,,,,,,,,,0,16,447,671,0.666169895678092,486,,37,29,7.99999999999999,0
1430,tla-18.034.230,2024,29034,29034,TLAXCO,230,LAGUNILLAS,,20240602,,103,241,,96,9,9,,,,391,,,,,,,,,,,,,0,26,875,1433,0.610607117934403,488,,37,29,7.99999999999999,0
1431,tla-18.034.231,2024,29034,29034,TLAXCO,231,LA CIENEGA,,20240602,,46,110,,,,,,,,3,,,,,,,,,,,,,0,3,162,206,0.786407766990291,490,,37,29,7.99999999999999,0
1432,tla-18.034.232,2024,29034,29034,TLAXCO,232,ATOTONILCO,,20240602,,423,513,,440,,54,,,,369,,,,,,,,,,,,,0,64,1863,2753,0.676716309480567,491,,37,29,7.99999999999999,0
1433,tla-18.034.233,2024,29034,29034,TLAXCO,233,SAN PEDRO LA CUEVA,,20240602,,46,,,41,,55,,,,11,,,,,,,,,,,,,53,11,217,279,0.777777777777778,492,,37,29,7.99999999999999,0
1434,tla-18.034.234,2024,29034,29034,TLAXCO,234,SAN ANTONIO HUEXOTITLA,,20240602,,12,71,,34,56,7,,,,94,,,,,,,,,,,,,0,6,280,443,0.632054176072235,493,,37,29,7.99999999999999,0
1435,tla-18.034.235,2024,29034,29034,TLAXCO,235,SAN JOSE TEPEYAHUALCO,,20240602,,59,28,,84,,25,,140,,211,,,,,,,,,,,,,1,31,579,899,0.6440489432703,494,,37,29,7.99999999999999,0
1436,tla-18.034.236,2024,29034,29034,TLAXCO,236,SAN LORENZO SOLTEOPEC,,20240602,,99,146,,9,,23,,7,,296,,,,,,,,,,,,,0,20,600,916,0.655021834061135,495,,37,29,7.99999999999999,0
1437,tla-18.034.237,2024,29034,29034,TLAXCO,237,LA PALMA,,20240602,,75,27,,18,,2,,,,98,,,,,,,,,,,,,0,5,225,262,0.858778625954198,497,,37,29,7.99999999999999,0
1438,tla-18.034.238,2024,29034,29034,TLAXCO,238,LA ROSA,,20240602,,88,,,4,1,44,,,,31,,,,,,,,,,,,,0,6,174,218,0.798165137614679,497,,37,29,7.99999999999999,0
1439,tla-18.034.239,2024,29034,29034,TLAXCO,239,RANCHERIA LAS MESAS,,20240602,,99,,,5,,26,,,,52,,,,,,,,,,,,,0,7,189,229,0.825327510917031,498,,37,29,7.99999999999999,0
1440,tla-18.034.240,2024,29034,29034,TLAXCO,240,COL MAXIMO ROJAS XALOSTOC,,20240602,,65,105,,255,,136,,,,160,,,,,,,,,,,,,0,41,762,1018,0.74852652259332,499,,37,29,7.99999999999999,0
1441,tla-18.034.241,2024,29034,29034,TLAXCO,241,LA MAGDALENA SOLTEPEC,,20240602,,114,51,,2,49,101,,,,6,,,,,58,,,,,,,,0,10,391,500,0.782,500,,37,29,7.99999999999999,0
1442,tla-18.034.242,2024,29034,29034,TLAXCO,242,COL. JOSE MA. MORELOS BUENAVISTA,,20240602,,266,33,,312,,135,,19,,260,,,,,,,,,,,,,0,34,1059,1442,0.734396671289875,501,,37,29,7.99999999999999,0
1443,tla-18.034.243,2024,29034,29034,TLAXCO,243,SANTA MARIA ZOTOLUCA,,20240602,,36,3,,,,108,,,,148,,,,,,,,,,,,,0,11,306,369,0.829268292682927,502,,37,29,7.99999999999999,0
1444,tla-18.034.244,2024,29034,29034,TLAXCO,244,CAPILLA DE TEPEYAHUALCO,,20240602,,,24,,56,,26,,,,15,,,,,,,,,,,,,0,0,121,149,0.812080536912752,503,,37,29,7.99999999999999,0
1445,tla-18.034.245,2024,29034,29034,TLAXCO,245,RANCHERIA OJO DE AGUA,,20240602,,2,38,,6,88,15,,6,,9,,,,,,,,,,,,,0,7,171,225,0.76,504,,37,29,7.99999999999999,0
1446,tla-18.035.246,2024,29035,29035,TOCATLAN,246,SANTACRUZ VENUSTIANO CARRANZA,,20240602,,,173,,68,,,,,,118,,,,,150,,,,,,,,0,9,518,672,0.770833333333333,507,,1,1,0,0
1447,tla-18.036.247,2024,29036,29036,TOTOLAC,247,LOS REYES QUIAHUIXTLAN,,20240602,,170,296,111,,87,326,60,89,,359,,,,7,37,,,,,,,,0,107,1649,2193,0.751937984496124,508:509,,9,7,2,0
1448,tla-18.036.248,2024,29036,29036,TOTOLAC,248,LA CANDELARIA TEOTLALPAN,,20240602,,,,,55,99,,80,165,,161,,,,8,108,,,,,,,,4,35,715,1001,0.714285714285714,511,,9,7,2,0
1449,tla-18.036.249,2024,29036,29036,TOTOLAC,249,SAN FRANCISCO OCOTELULCO,,20240602,,365,,,290,55,32,149,54,,238,,,,,36,,,,,,,,1,45,1265,1881,0.672514619883041,512,,9,7,2,0
1450,tla-18.036.250,2024,29036,29036,TOTOLAC,250,ACXOTLA DEL RIO,,20240602,,239,,,,81,,139,437,,475,,,,144,86,,,,,,,,55,79,1735,2416,0.718129139072848,513,,9,7,2,0
1451,tla-18.036.251,2024,29036,29036,TOTOLAC,251,SAN MIGUEL TLAMAHUCO,,20240602,,53,,98,,113,,86,161,,262,,,,,,,,,,,,,0,41,814,1161,0.701119724375538,514,,9,7,2,0
1452,tla-18.036.252,2024,29036,29036,TOTOLAC,252,SAN JUAN TOTOLAC,,20240602,,741,84,158,525,261,244,135,333,,1304,,,,318,,,,,,,,,1,167,4271,5874,0.727102485529452,515:517,,9,7,2,0
1453,tla-18.036.253,2024,29036,29036,TOTOLAC,253,BARRIO DE ZARAGOZA,,20240602,,221,,57,234,79,136,136,160,,147,,,,100,,,,,,,,,0,39,1309,1806,0.724806201550388,335|518,,9,7,2,0
1454,tla-18.037.254,2024,29037,29037,ZITLALTEPEC DE TRINIDAD SANCHEZ SANTOS,254,SAN JUAN BAUTISTA MIER,,20240602,,,39,,6,2,101,152,,,7,,,,70,,,,,,,,,96,20,493,637,0.773940345368917,524,,2,2,0,0
1455,tla-18.037.255,2024,29037,29037,ZITLALTEPEC DE TRINIDAD SANCHEZ SANTOS,255,COLONIA FRANCISCO JAVIER MINA,,20240602,,,,,172,268,7,2,,,323,,,,,,,,,,,,,0,25,797,983,0.810783316378433,525,,2,2,0,0
1456,tla-18.038.256,2024,29038,29038,TZOMPANTEPEC,256,SAN ANDRES AHUASHUASTEPEC,,20240602,,,307,850,592,440,470,128,581,,1237,,,,760,246,,,,,,,,3,292,5906,8876,0.665389815232087,527:528,,5,5,0,0
1457,tla-18.038.257,2024,29038,29038,TZOMPANTEPEC,257,SAN SALVADOR TZOMPANTEPEC,,20240602,,,15,126,29,130,293,,366,,141,,,,136,,,,,,,,,1,59,1296,1635,0.792660550458716,529,,5,5,0,0
1458,tla-18.038.258,2024,29038,29038,TZOMPANTEPEC,258,SAN JUAN QUETZALCOALPAN,,20240602,,,,44,131,6,20,17,215,,280,,,,271,,,,,,,,,0,23,1007,1460,0.68972602739726,530,,5,5,0,0
1459,tla-18.038.259,2024,29038,29038,TZOMPANTEPEC,259,XALTIANQUISCO SECCION 3A,,20240602,,,,53,124,165,28,,139,,35,,,,64,,,,,,,,,1,28,637,788,0.808375634517767,536,,5,5,0,0
1460,tla-18.038.260,2024,29038,29038,TZOMPANTEPEC,260,SAN MATEO INOPHIL,,20240602,,,,,9,,3,100,20,,53,,,,29,,,,,,,,,0,9,223,283,0.787985865724382,537,,5,5,0,0
1461,tla-18.039.261,2024,29039,29039,XALOZTOC,261,GUADALUPE TEXMOLAC,,20240602,,104,38,141,418,,573,199,10,,160,,,,,63,,,,,,,,0,45,1751,2566,0.682385035074045,538,,9,9,0,0
1462,tla-18.039.262,2024,29039,29039,XALOZTOC,262,COLONIA SANTA MARTHA SECCION TERCERA,,20240602,,341,264,144,280,,166,288,14,,202,,,,,,,,,,,,,1,61,1761,2289,0.769331585845347,539,,9,9,0,0
1463,tla-18.039.263,2024,29039,29039,XALOZTOC,263,SAN COSME XALOSTOC HUIZNAHUAC 1A SECCION,,20240602,,321,196,271,404,,222,432,26,,605,,,,,,,,,,,,,3,82,2562,3712,0.690193965517241,540,,9,9,0,0
1464,tla-18.039.264,2024,29039,29039,XALOZTOC,264,SAN COSME XALOZTOC 2A SECCION,,20240602,,216,185,12,554,,97,197,108,,443,,,,,203,,,,,,,,0,70,2085,3008,0.693151595744681,541,,9,9,0,0
1465,tla-18.039.265,2024,29039,29039,XALOZTOC,265,SAN PEDRO TLACOTEPEC,,20240602,,56,23,51,169,,252,649,,,587,,,,,57,,,,,,,,1,64,1909,2789,0.684474722122625,542,,9,9,0,0
1466,tla-18.039.266,2024,29039,29039,XALOZTOC,266,COLONIA VENUSTIANO CARRANZA,,20240602,,242,200,327,220,,95,244,,,235,,,,,65,,,,,,,,1,45,1674,2348,0.712947189097104,543,,9,9,0,0
1467,tla-18.039.267,2024,29039,29039,XALOZTOC,267,COLONIA VELASCO,,20240602,,49,153,,23,,13,,,,304,,,,,23,,,,,,,,0,7,572,706,0.810198300283286,544,,9,9,0,0
1468,tla-18.039.268,2024,29039,29039,XALOZTOC,268,COLONIA JOSE LOPEZ PORTILLO,,20240602,,71,2,29,104,,9,104,,,38,,,,,127,,,,,,,,0,18,502,693,0.724386724386724,545,,9,9,0,0
1469,tla-18.039.269,2024,29039,29039,XALOZTOC,269,SANTA CRUZ ZACATZONTETLA,,20240602,,180,86,,148,,63,116,,,42,,,,,13,,,,,,,,0,19,667,863,0.772885283893395,546,,9,9,0,0
1470,tla-18.040.270,2024,29040,29040,XALTOCAN,270,TOPILCO DE JUAREZ,,20240602,,24,,107,213,406,,,186,,304,,,,,192,,,,,,,,1,76,1509,2153,0.700882489549466,548,,7,6,1,0
1471,tla-18.040.271,2024,29040,29040,XALTOCAN,271,SAN JOSE TEXOPA,,20240602,,11,,26,,57,,,143,,11,,,,,,,,,,,,,0,0,248,362,0.685082872928177,553,,7,6,1,0
1472,tla-18.040.272,2024,29040,29040,XALTOCAN,272,LAS MESAS,,20240602,,45,,4,17,43,,,1,,67,,,,,,,,,,,,,0,1,178,230,0.773913043478261,554,,7,6,1,0
1473,tla-18.040.273,2024,29040,29040,XALTOCAN,273,SANTA BARBARA ACUIZCUIZTEPEC,,20240602,,40,,76,156,43,,,,,138,,,,,96,,,,,,,,0,23,572,748,0.764705882352941,555,,7,6,1,0
1474,tla-18.040.274,2024,29040,29040,XALTOCAN,274,CUATLA,,20240602,,146,,163,,189,,,19,,73,,,,,,,,,,,,,0,41,631,880,0.717045454545455,556,,7,6,1,0
1475,tla-18.040.275,2024,29040,29040,XALTOCAN,275,LA ASCENCION HUIZCOLOTEPEC,,20240602,,52,,4,,117,,,9,,132,,,,,251,,,,,,,,0,35,600,797,0.752823086574655,557,,7,6,1,0
1476,tla-18.041.276,2024,29041,29041,PAPALOTLA DE XICOHTENCATL,276,SAN BUENAVENTURA ,,20240602,,,,575,,208,,327,362,,153,,,,,,,,,,,,,0,68,1693,2311,0.732583297273907,563,,3,3,0,0
1477,tla-18.041.277,2024,29041,29041,PAPALOTLA DE XICOHTENCATL,277,PANZACOLA,,20240602,,,637,80,364,647,,31,29,,619,,,,94,,,,,,,,,1,120,2622,3935,0.666327827191868,564:565,,3,3,0,0
1478,tla-18.041.278,2024,29041,29041,PAPALOTLA DE XICOHTENCATL,278,SAN MARCOS CONTLA,,20240602,,,504,674,25,178,,17,,,471,,,,279,,,,,,,,,0,126,2274,3060,0.743137254901961,566:567,,3,3,0,0
1479,tla-18.043.279,2024,29043,29043,YAUHQUEMEHCAN ,279,SAN FRANCISCO TLACUILOHCAN,,20240602,,374,44,49,21,,123,,78,,366,,,,166,,,,,,,,,1,48,1270,1906,0.666316894018888,575:576|579,,8,8,0,0
1480,tla-18.043.280,2024,29043,29043,YAUHQUEMEHCAN ,280,SAN LORENZO TLACUALOYAN,,20240602,,23,91,109,8,,62,57,40,,168,,,,7,,,,,,,,,0,29,594,809,0.734239802224969,577,,8,8,0,0
1481,tla-18.043.281,2024,29043,29043,YAUHQUEMEHCAN ,281,OCOTOXCO,,20240602,,163,170,4,8,,13,,116,,120,,,,2,,,,,,,,,1,19,616,786,0.783715012722646,578,,8,8,0,0
1482,tla-18.043.282,2024,29043,29043,YAUHQUEMEHCAN ,282,SANTA MARIA ATLIHUETZIA,,20240602,,807,359,121,48,66,479,,106,,432,,,,46,,,,,,,,,0,84,2548,3625,0.702896551724138,578|585,,8,8,0,0
1483,tla-18.043.283,2024,29043,29043,YAUHQUEMEHCAN ,283,SAN JOSE TETEL,,20240602,,580,219,212,320,,346,149,482,,978,,,,123,74,,,,,,,,0,184,3667,6023,0.608832807570978,580:581,,8,8,0,0
1484,tla-18.043.284,2024,29043,29043,YAUHQUEMEHCAN ,284,SANTA URSULA ZIMATEPEC,,20240602,,452,82,67,652,0,480,0,622,0,888,0,0,0,216,0,,,,0,,0,,2,147,3608,6048,0.596560846560847,582,,8,8,0,0
1485,tla-18.043.285,2024,29043,29043,YAUHQUEMEHCAN ,285,SAN BENITO XALTOCAN,,20240602,,202,143,254,139,,181,110,300,,543,,,,15,41,,,,,,,,0,73,2001,3414,0.586115992970123,583,,8,8,0,0
1486,tla-18.043.286,2024,29043,29043,YAUHQUEMEHCAN ,286,BARRIO DE HUACALTZINGO,,20240602,,205,22,52,98,,44,,24,,436,,,,16,,,,,,,,,2,47,946,1609,0.587942821628341,584,,8,8,0,0
1487,tla-18.044.287,2024,29044,29044,ZACATELCO,287,1A SECCION TLATLACOLA,,20240602,,413,291,442,585,515,557,492,1079,,1767,,,,,770,,,,,,,,4,379,7294,9795,0.744665645737621,588:591|593:594,,7,7,0,0
1488,tla-18.044.288,2024,29044,29044,ZACATELCO,288,2A SECCION,,20240602,,,365,34,692,402,330,646,751,,1876,,,,144,1053,,,,,,,,51,326,6670,9232,0.722487001733102,588|591:593,,7,7,0,0
1489,tla-18.044.289,2024,29044,29044,ZACATELCO,289,BARRIO DE EXQUITLA,,20240602,,,59,,367,76,90,479,293,,543,,,,,65,,,,,,,,1,85,2058,2723,0.755784061696658,594:595,,7,7,0,0
1490,tla-18.044.290,2024,29044,29044,ZACATELCO,290,3A SECCION BARRIO DE XOCHICALCO,,20240602,,179,536,61,225,148,,420,288,,349,,,,,232,,,,,,,,3,113,2554,3252,0.785362853628536,596:597,,7,7,0,0
1491,tla-18.044.291,2024,29044,29044,ZACATELCO,291,4A SECCION BARRIO DE MANANTIALES,,20240602,,,151,388,232,232,505,711,316,,624,,,,180,188,,,,,,,,1,151,3679,5051,0.728370619679271,598:599,,7,7,0,0
1492,tla-18.044.292,2024,29044,29044,ZACATELCO,292,8A SECCION BARRIO DE XITOTOTLA,,20240602,,0,106,0,220,61,0,33,347,0,1034,,,,141,175,,,,,,,,0,61,2178,2912,0.74793956043956,599|601,,7,7,0,0
1493,tla-18.044.293,2024,29044,29044,ZACATELCO,293,7A SECCION DE BARRIO DE GUARDIA,,20240602,,,143,,514,77,,384,476,,1022,,,,,100,,,,,,,,3,103,2822,3650,0.773150684931507,600,,7,7,0,0
1494,tla-18.046.299,2024,29046,29054,EMILIANO ZAPATA,299,COLONIA GUSTAVO DIAZ ORDAZ,,20240602,,,139,,,64,370,,18,,174,,,,,,,,,,,,,2,16,783,954,0.820754716981132,100|608,,1,1,0,0
1495,tla-18.058.296,2024,29058,29048,SANTA CATARINA AYOMETLA,296,BARRIO DE TLAXCALTECATLA,,20240602,,61,,290,324,,261,364,297,,61,,,,,,,,,,,,,1,29,1688,2084,0.809980806142035,602,,3,3,0,0
1496,tla-18.058.297,2024,29058,29048,SANTA CATARINA AYOMETLA,297,COLONIA ESTOCAPA,,20240602,,9,,393,,11,50,175,,,123,,,,,353,,,,,,,,0,70,1184,1460,0.810958904109589,603,,3,3,0,0
1497,tla-18.058.298,2024,29058,29048,SANTA CATARINA AYOMETLA,298,BARRIO DE TLAPAYATLA,,20240602,,10,,163,,288,92,239,31,,162,,,,,2,,,,,,,,0,30,1017,1255,0.810358565737052,605,,3,3,0,0
1498,tla-18.059.294,2024,29059,29046,SANTA CRUZ QUILEHTLA,294,SANTA CRUZ QUILEHTLA,,20240602,,,,707,,,,725,,,928,,,,,538,,,,,,,,20,122,3040,4065,0.747847478474785,313:314,,2,2,0,0
1499,tla-18.059.295,2024,29059,29046,SANTA CRUZ QUILEHTLA,295,SANTIAGO AYOMETITLA,,20240602,,,,413,785,,,15,,,36,,,,,3,,,,,,,,0,29,1281,1647,0.777777777777778,315,,2,2,0,0
1500,tla-14.003.501,2010,29003,29004,ATLANGATEPEC,501,SANTA MARIA TEPETZALA,,20100926,uyc-3-años,,,,,,,,,,,,,,,,,,,,,,,,,,,,.,sin info de que secciones abarca,9,8,1,1
1501,tla-14.004.502,2010,29004,29005,ATLTZAYANCA  ,502,COL. SAN ANTONIO DELICIAS,,20100711,uyc-3-años,,,,,,,,,,,,,,,,,,,,,,,,,,,,.,sin info de que secciones abarca,21,20,1,1
1502,tla-14.006.503,2010,29006,29006,CALPULALPAN,503,SANTA ISABEL MIXTITLAN,,20101219,uyc-3-años,,,,,,,,,,,,,,,,,,,,,,,,,,,,.,sin info de que secciones abarca,13,5.00000000000001,8,1
1503,tla-14.006.504,2010,29006,29006,CALPULALPAN,504,LA VENTA,,20101128,uyc-3-años,,,,,,,,,,,,,,,,,,,,,,,,,,,,.,sin info de que secciones abarca,13,5.00000000000001,8,1
1504,tla-14.006.505,2010,29006,29006,CALPULALPAN,505,SAN ANTONIO MAZAPA,,20101205,uyc-3-años,,,,,,,,,,,,,,,,,,,,,,,,,,,,.,sin info de que secciones abarca,13,5.00000000000001,8,1
1505,tla-14.006.506,2010,29006,29006,CALPULALPAN,506,GUSTAVO DIAZ ORDAZ,,20101218,uyc-3-años,,,,,,,,,,,,,,,,,,,,,,,,,,,,.,sin info de que secciones abarca,13,5.00000000000001,8,1
1506,tla-14.006.507,2010,29006,29006,CALPULALPAN,507,LA SOLEDAD,,20110109,uyc-3-años,,,,,,,,,,,,,,,,,,,,,,,,,,,,.,sin info de que secciones abarca,13,5.00000000000001,8,1
1507,tla-14.006.508,2010,29006,29006,CALPULALPAN,508,SANTIAGO CUAULA,,20101128,uyc-3-años,,,,,,,,,,,,,,,,,,,,,,,,,,,,.,sin info de que secciones abarca,13,5.00000000000001,8,1
1508,tla-14.006.509,2010,29006,29006,CALPULALPAN,509,SAN FELIPE SULTEPEC,,20101128,uyc-3-años,,,,,,,,,,,,,,,,,,,,,,,,,,,,.,sin info de que secciones abarca,13,5.00000000000001,8,1
1509,tla-14.006.510,2010,29006,29006,CALPULALPAN,510,SAN MARCOS GUAQUILPAN,,20101205,uyc-3-años,,,,,,,,,,,,,,,,,,,,,,,,,,,,.,sin info de que secciones abarca,13,5.00000000000001,8,1
1510,tla-14.007.511,2010,29007,29007,CARMEN TEQUEXQUITLA--EL,511,TEMALACAYUCAN,,20101128,uyc-3-años,,,,,,,,,,,,,,,,,,,,,,,,,,,,.,sin info de que secciones abarca,6,5,1,1
1511,tla-14.008.512,2010,29008,29008,CUAPIAXTLA,512,SAN RAFAEL TEPATLAXCO,,20110114,uyc-3-años,,,,,,,,,,,,,,,,,,,,,,,,,,,,.,sin info de que secciones abarca,8,6,2,1
1512,tla-14.008.513,2010,29008,29008,CUAPIAXTLA,513,COLONIA EL VALLE,,20101214,uyc-3-años,,,,,,,,,,,,,,,,,,,,,,,,,,,,.,sin info de que secciones abarca,8,6,2,1
1513,tla-14.010.514,2010,29010,29010,CHIAUTEMPAN,514,SANTA CRUZ TETELA,,20101219,uyc-3-años,,,,,,,,,,,,,,,,,,,,,,,,,,,,.,sin info de que secciones abarca,15,7.00000000000001,8,1
1514,tla-14.010.515,2010,29010,29010,CHIAUTEMPAN,515,SAN PEDRO TLALCUAPAN,,20101229,uyc-1-año,,,,,,,,,,,,,,,,,,,,,,,,,,,,.,sin info de que secciones abarca,15,7.00000000000001,8,1
1515,tla-14.010.516,2010,29010,29010,CHIAUTEMPAN,516,SAN PEDRO MUÑOZTLA,,20101226,uyc-3-años,,,,,,,,,,,,,,,,,,,,,,,,,,,,.,sin info de que secciones abarca,15,7.00000000000001,8,1
1516,tla-14.010.517,2010,29010,29010,CHIAUTEMPAN,517,SAN PEDRO XOCHITEOTLA,,20110102,uyc-1-año,,,,,,,,,,,,,,,,,,,,,,,,,,,,.,sin info de que secciones abarca,15,7.00000000000001,8,1
1517,tla-14.010.518,2010,29010,29010,CHIAUTEMPAN,518,SAN RAFAEL TEPATLAXCO,,20110102,uyc-1-año,,,,,,,,,,,,,,,,,,,,,,,,,,,,.,sin info de que secciones abarca,15,7.00000000000001,8,1
1518,tla-14.010.519,2010,29010,29010,CHIAUTEMPAN,519,COLONIA TEPETLAPA,,20110109,uyc-1-año,,,,,,,,,,,,,,,,,,,,,,,,,,,,.,sin info de que secciones abarca,15,7.00000000000001,8,1
1519,tla-14.010.520,2010,29010,29010,CHIAUTEMPAN,520,SAN BARTOLOME CUAUIXMATLAC,,20101210,uyc-1-año,,,,,,,,,,,,,,,,,,,,,,,,,,,,.,sin info de que secciones abarca,15,7.00000000000001,8,1
1520,tla-14.010.521,2010,29010,29010,CHIAUTEMPAN,521,GUADALUPE IXCOTLA,,20110123,uyc-3-años,,,,,,,,,,,,,,,,,,,,,,,,,,,,.,sin info de que secciones abarca,15,7.00000000000001,8,1
1521,tla-14.012.522,2010,29012,29012,ESPAÑITA,522,SAN AGUSTIN,,20101227,uyc-3-años,,,,,,,,,,,,,,,,,,,,,,,,,,,,.,sin info de que secciones abarca,13,0,13,1
1522,tla-14.012.523,2010,29012,29012,ESPAÑITA,523,LA CONSTANCIA,,20101226,uyc-3-años,,,,,,,,,,,,,,,,,,,,,,,,,,,,.,sin info de que secciones abarca,13,0,13,1
1523,tla-14.012.524,2010,29012,29012,ESPAÑITA,524,MIGUEL ALDAMA,,20110111,uyc-3-años,,,,,,,,,,,,,,,,,,,,,,,,,,,,.,sin info de que secciones abarca,13,0,13,1
1524,tla-14.012.525,2010,29012,29012,ESPAÑITA,525,BARRIO DE TORRES,,20101229,uyc-3-años,,,,,,,,,,,,,,,,,,,,,,,,,,,,.,sin info de que secciones abarca,13,0,13,1
1525,tla-14.012.526,2010,29012,29012,ESPAÑITA,526,SAN MIGUEL PIÑON,,20101226,uyc-3-años,,,,,,,,,,,,,,,,,,,,,,,,,,,,.,sin info de que secciones abarca,13,0,13,1
1526,tla-14.012.527,2010,29012,29012,ESPAÑITA,527,SAN MIGUEL PIPILLOLA,,20101228,uyc-3-años,,,,,,,,,,,,,,,,,,,,,,,,,,,,.,sin info de que secciones abarca,13,0,13,1
1527,tla-14.012.528,2010,29012,29012,ESPAÑITA,528,LA REFORMA,,20101226,uyc-3-años,,,,,,,,,,,,,,,,,,,,,,,,,,,,.,sin info de que secciones abarca,13,0,13,1
1528,tla-14.012.529,2010,29012,29012,ESPAÑITA,529,LA MAGDALENA CUEXTOTITLA,,20101229,uyc-3-años,,,,,,,,,,,,,,,,,,,,,,,,,,,,.,sin info de que secciones abarca,13,0,13,1
1529,tla-14.012.530,2010,29012,29012,ESPAÑITA,530,FRANCISCO I MADERO VIEJO,,20101227,uyc-3-años,,,,,,,,,,,,,,,,,,,,,,,,,,,,.,sin info de que secciones abarca,13,0,13,1
1530,tla-14.012.531,2010,29012,29012,ESPAÑITA,531,ALVARO OBREGON,,20101229,uyc-3-años,,,,,,,,,,,,,,,,,,,,,,,,,,,,.,sin info de que secciones abarca,13,0,13,1
1531,tla-14.012.532,2010,29012,29012,ESPAÑITA,532,SAN FRANCISCO MITEPEC,,20101228,uyc-3-años,,,,,,,,,,,,,,,,,,,,,,,,,,,,.,sin info de que secciones abarca,13,0,13,1
1532,tla-14.012.533,2010,29012,29012,ESPAÑITA,533,SAN JUAN MITEPEC,,20101228,uyc-3-años,,,,,,,,,,,,,,,,,,,,,,,,,,,,.,sin info de que secciones abarca,13,0,13,1
1533,tla-14.012.534,2010,29012,29012,ESPAÑITA,534,VICENTE GUERRERO,,20101227,uyc-3-años,,,,,,,,,,,,,,,,,,,,,,,,,,,,.,sin info de que secciones abarca,13,0,13,1
1534,tla-14.013.535,2010,29013,29013,HUAMANTLA,535,RANCHERIA LA LIMA,,20101113,uyc-3-años,,,,,,,,,,,,,,,,,,,,,,,,,,,,.,sin info de que secciones abarca,39,31,8,1
1535,tla-14.013.536,2010,29013,29013,HUAMANTLA,536,COLONIA LIC. MAURO ANGULO,,20101107,uyc-3-años,,,,,,,,,,,,,,,,,,,,,,,,,,,,.,sin info de que secciones abarca,39,31,8,1
1536,tla-14.013.537,2010,29013,29013,HUAMANTLA,537,COLONIA AGRICOLA SAN MARTIN NOTARIO,,20101219,uyc-3-años,,,,,,,,,,,,,,,,,,,,,,,,,,,,.,sin info de que secciones abarca,39,31,8,1
1537,tla-14.013.538,2010,29013,29013,HUAMANTLA,538,COLONIA SAN FRANCISCO NOTARIO,,20101214,uyc-3-años,,,,,,,,,,,,,,,,,,,,,,,,,,,,.,sin info de que secciones abarca,39,31,8,1
1538,tla-14.013.539,2010,29013,29013,HUAMANTLA,539,SAN DIEGO XALPATLAHUAYA,,20101106,uyc-3-años,,,,,,,,,,,,,,,,,,,,,,,,,,,,.,sin info de que secciones abarca,39,31,8,1
1539,tla-14.013.540,2010,29013,29013,HUAMANTLA,540,RANCHERIA EL MOLINO,,20101128,uyc-3-años,,,,,,,,,,,,,,,,,,,,,,,,,,,,.,sin info de que secciones abarca,39,31,8,1
1540,tla-14.013.541,2010,29013,29013,HUAMANTLA,541,NCP SAN JOSE TEACALCO,,20101024,uyc-3-años,,,,,,,,,,,,,,,,,,,,,,,,,,,,.,sin info de que secciones abarca,39,31,8,1
1541,tla-14.013.542,2010,29013,29013,HUAMANTLA,542,FRANCISCO I MADERO TECOAC,,20101127,uyc-3-años,,,,,,,,,,,,,,,,,,,,,,,,,,,,.,sin info de que secciones abarca,39,31,8,1
1542,tla-14.014.543,2010,29014,29014,HUEYOTLIPAN,543,EL CARMEN LAS CARROZAS,,20101003,uyc-3-años,,,,,,,,,,,,,,,,,,,,,,,,,,,,.,sin info de que secciones abarca,11,7,4,1
1543,tla-14.014.544,2010,29014,29014,HUEYOTLIPAN,544,SAN ANTONIO TECHALOTE,,20100829,uyc-3-años,,,,,,,,,,,,,,,,,,,,,,,,,,,,.,sin info de que secciones abarca,11,7,4,1
1544,tla-14.014.545,2010,29014,29014,HUEYOTLIPAN,545,SAN DIEGO RECOVA,,20100801,uyc-3-años,,,,,,,,,,,,,,,,,,,,,,,,,,,,.,sin info de que secciones abarca,11,7,4,1
1545,tla-14.014.546,2010,29014,29014,HUEYOTLIPAN,546,SAN ANDRES CUAXIMALA,,20101024,uyc-3-años,,,,,,,,,,,,,,,,,,,,,,,,,,,,.,sin info de que secciones abarca,11,7,4,1
1546,tla-14.015.547,2010,29015,29015,IXTACUIXTLA DE MARIANO MATAMOROS,547,SAN MARCOS XILOTEPEC,,20110109,uyc-3-años,,,,,,,,,,,,,,,,,,,,,,,,,,,,.,sin info de que secciones abarca,21,12,9.00000000000001,1
1547,tla-14.015.548,2010,29015,29015,IXTACUIXTLA DE MARIANO MATAMOROS,548,SANTA JUSTINA ECATEPEC,,20110109,uyc-2-años,,,,,,,,,,,,,,,,,,,,,,,,,,,,.,sin info de que secciones abarca,21,12,9.00000000000001,1
1548,tla-14.015.549,2010,29015,29015,IXTACUIXTLA DE MARIANO MATAMOROS,549,SAN JOSE ESCANDONA,,20110109,uyc-3-años,,,,,,,,,,,,,,,,,,,,,,,,,,,,.,sin info de que secciones abarca,21,12,9.00000000000001,1
1549,tla-14.015.550,2010,29015,29015,IXTACUIXTLA DE MARIANO MATAMOROS,550,SANTIAGO XOCHIMILCO,,20110109,uyc-3-años,,,,,,,,,,,,,,,,,,,,,,,,,,,,.,sin info de que secciones abarca,21,12,9.00000000000001,1
1550,tla-14.015.551,2010,29015,29015,IXTACUIXTLA DE MARIANO MATAMOROS,551,SAN CRISTOBAL OXTOTLAPANCO,,20110109,uyc-3-años,,,,,,,,,,,,,,,,,,,,,,,,,,,,.,sin info de que secciones abarca,21,12,9.00000000000001,1
1551,tla-14.015.552,2010,29015,29015,IXTACUIXTLA DE MARIANO MATAMOROS,552,SAN JUAN NEPOPUALCO,,20110109,uyc-3-años,,,,,,,,,,,,,,,,,,,,,,,,,,,,.,sin info de que secciones abarca,21,12,9.00000000000001,1
1552,tla-14.015.553,2010,29015,29015,IXTACUIXTLA DE MARIANO MATAMOROS,553,ALPOTZONGA DE LIRA Y ORTEGA,,20110102,uyc-3-años,,,,,,,,,,,,,,,,,,,,,,,,,,,,.,sin info de que secciones abarca,21,12,9.00000000000001,1
1553,tla-14.015.554,2010,29015,29015,IXTACUIXTLA DE MARIANO MATAMOROS,554,LA CARIDAD CUAXONACAYO,,20110109,uyc-3-años,,,,,,,,,,,,,,,,,,,,,,,,,,,,.,sin info de que secciones abarca,21,12,9.00000000000001,1
1554,tla-14.015.555,2010,29015,29015,IXTACUIXTLA DE MARIANO MATAMOROS,555,SANTA ROSA DE LIMA,,20110109,uyc-3-años,,,,,,,,,,,,,,,,,,,,,,,,,,,,.,sin info de que secciones abarca,21,12,9.00000000000001,1
1555,tla-14.016.000,2010,29016,29016,IXTENCO,0,---,,.,sin presidencias comunitarias,,,,,,,,,,,,,,,,,,,,,,,,,,,,0,no tiene presidencias comunitarias,0,0,0,1
1556,tla-14.018.556,2010,29018,29018,CONTLA DE JUAN CUAMATZI,556,SAN FELIPE CUAUHTENCO,,20101219,uyc-3-años,,,,,,,,,,,,,,,,,,,,,,,,,,,,.,sin info de que secciones abarca,12,7,5,1
1557,tla-14.018.557,2010,29018,29018,CONTLA DE JUAN CUAMATZI,557,OCOTLAN TEPATLAXCO,,20101226,uyc-3-años,,,,,,,,,,,,,,,,,,,,,,,,,,,,.,sin info de que secciones abarca,12,7,5,1
1558,tla-14.018.558,2010,29018,29018,CONTLA DE JUAN CUAMATZI,558,IXTLAHUACA,,20110103,uyc-3-años,,,,,,,,,,,,,,,,,,,,,,,,,,,,.,sin info de que secciones abarca,12,7,5,1
1559,tla-14.018.559,2010,29018,29018,CONTLA DE JUAN CUAMATZI,559,SAN JOSE AZTATLA,,20101226,uyc-3-años,,,,,,,,,,,,,,,,,,,,,,,,,,,,.,sin info de que secciones abarca,12,7,5,1
1560,tla-14.018.560,2010,29018,29018,CONTLA DE JUAN CUAMATZI,560,LA LUZ,,20101226,uyc-3-años,,,,,,,,,,,,,,,,,,,,,,,,,,,,.,sin info de que secciones abarca,12,7,5,1
1561,tla-14.020.561,2010,29020,29020,SANCTORUM DE LAZARO CARDENAS,561,NCP ALVARO OBREGON,,20110113,uyc-3-años,,,,,,,,,,,,,,,,,,,,,,,,,,,,.,sin info de que secciones abarca,3,2,0.999999999999999,1
1562,tla-14.021.562,2010,29021,29021,NANACAMILPA DE MARIANO ARISTA,562,DOMINGO ARENAS,,20101218,uyc-3-años,,,,,,,,,,,,,,,,,,,,,,,,,,,,.,sin info de que secciones abarca,5,3,2,1
1563,tla-14.021.563,2010,29021,29021,NANACAMILPA DE MARIANO ARISTA,563,MIGUEL LIRA Y ORTEGA,,20101127,uyc-3-años,,,,,,,,,,,,,,,,,,,,,,,,,,,,.,sin info de que secciones abarca,5,3,2,1
1564,tla-14.023.564,2010,29023,29023,NATIVITAS,564,SAN BERNABE CAPULA,,20110116,uyc-1-año,,,,,,,,,,,,,,,,,,,,,,,,,,,,.,sin info de que secciones abarca,13,5.00000000000001,8,1
1565,tla-14.023.565,2010,29023,29023,NATIVITAS,565,SAN MIGUEL DEL MILAGRO,,20110116,uyc-1-año,,,,,,,,,,,,,,,,,,,,,,,,,,,,.,sin info de que secciones abarca,13,5.00000000000001,8,1
1566,tla-14.023.566,2010,29023,29023,NATIVITAS,566,SAN VICENTE XILOXOCHITLA,,20110101,uyc-1-año,,,,,,,,,,,,,,,,,,,,,,,,,,,,.,sin info de que secciones abarca,13,5.00000000000001,8,1
1567,tla-14.023.567,2010,29023,29023,NATIVITAS,567,SAN FRANCISCO TENEXYECAC,,20110101,uyc-3-años,,,,,,,,,,,,,,,,,,,,,,,,,,,,.,sin info de que secciones abarca,13,5.00000000000001,8,1
1568,tla-14.023.568,2010,29023,29023,NATIVITAS,568,SANTO TOMAS LA CONCORDIA,,20110101,uyc-1-año,,,,,,,,,,,,,,,,,,,,,,,,,,,,.,sin info de que secciones abarca,13,5.00000000000001,8,1
1569,tla-14.023.569,2010,29023,29023,NATIVITAS,569,GUADALUPE VICTORIA,,20110101,uyc-1-año,,,,,,,,,,,,,,,,,,,,,,,,,,,,.,sin info de que secciones abarca,13,5.00000000000001,8,1
1570,tla-14.023.570,2010,29023,29023,NATIVITAS,570,JESUS TEPACTEPEC,,20110102,uyc-1-año,,,,,,,,,,,,,,,,,,,,,,,,,,,,.,sin info de que secciones abarca,13,5.00000000000001,8,1
1571,tla-14.023.571,2010,29023,29023,NATIVITAS,571,SANTA MARIA NATIVITAS,,20110102,uyc-1-año,,,,,,,,,,,,,,,,,,,,,,,,,,,,.,sin info de que secciones abarca,13,5.00000000000001,8,1
1572,tla-14.024.572,2010,29024,29024,PANOTLA,572,SAN MATEO HUEXOYUCAN,,20101128,uyc-3-años,,,,,,,,,,,,,,,,,,,,,,,,,,,,.,sin info de que secciones abarca,9,8,1,1
1573,tla-14.027.000,2010,29027,29027,TENANCINGO,0,---,,.,sin presidencias comunitarias,,,,,,,,,,,,,,,,,,,,,,,,,,,,0,no tiene presidencias comunitarias,0,0,0,1
1574,tla-14.029.573,2010,29029,29029,TEPEYANCO,573,LAS AGUILAS,,20110109,uyc-3-años,,,,,,,,,,,,,,,,,,,,,,,,,,,,.,sin info de que secciones abarca,7,4,3,1
1575,tla-14.029.574,2010,29029,29029,TEPEYANCO,574,COLONIA GUERRERO,,20110109,uyc-3-años,,,,,,,,,,,,,,,,,,,,,,,,,,,,.,sin info de que secciones abarca,7,4,3,1
1576,tla-14.029.575,2010,29029,29029,TEPEYANCO,575,COLONIA VACACIONES,,20101221,uyc-3-años,,,,,,,,,,,,,,,,,,,,,,,,,,,,.,sin info de que secciones abarca,7,4,3,1
1577,tla-14.030.576,2010,29030,29030,TERRENATE,576,COLONIA LOS AMELES,,20101128,uyc-3-años,,,,,,,,,,,,,,,,,,,,,,,,,,,,.,sin info de que secciones abarca,7,6,1,1
1578,tla-14.032.577,2010,29032,29032,TETLATLAHUCA,577,SANTA ANA PORTALES,,20101205,uyc-3-años,,,,,,,,,,,,,,,,,,,,,,,,,,,,.,sin info de que secciones abarca,6,5,1,1
1579,tla-14.033.578,2010,29033,29033,TLAXCALA,578,SAN DIEGO METEPEC,,20101205,uyc-3-años,,,,,,,,,,,,,,,,,,,,,,,,,,,,.,sin info de que secciones abarca,10,8,2,1
1580,tla-14.033.579,2010,29033,29033,TLAXCALA,579,SAN SEBASTIAN ATLAHAPA,,20101205,uyc-3-años,,,,,,,,,,,,,,,,,,,,,,,,,,,,.,sin info de que secciones abarca,10,8,2,1
1581,tla-14.034.580,2010,29034,29034,TLAXCO,580,LA HERRADURA,,20101121,uyc-3-años,,,,,,,,,,,,,,,,,,,,,,,,,,,,.,sin info de que secciones abarca,37,29,7.99999999999999,1
1582,tla-14.034.581,2010,29034,29034,TLAXCO,581,SANTIAGO TECOMALUCAN,,20101107,uyc-3-años,,,,,,,,,,,,,,,,,,,,,,,,,,,,.,sin info de que secciones abarca,37,29,7.99999999999999,1
1583,tla-14.034.582,2010,29034,29034,TLAXCO,582,DIEGO MUÑOZ CAMARGO,,20101117,uyc-3-años,,,,,,,,,,,,,,,,,,,,,,,,,,,,.,sin info de que secciones abarca,37,29,7.99999999999999,1
1584,tla-14.034.583,2010,29034,29034,TLAXCO,583,GUADALUPE HUEXOTITLA,,20101024,uyc-3-años,,,,,,,,,,,,,,,,,,,,,,,,,,,,.,sin info de que secciones abarca,37,29,7.99999999999999,1
1585,tla-14.034.584,2010,29034,29034,TLAXCO,584,MAGUEY CENIZO,,20101121,uyc-3-años,,,,,,,,,,,,,,,,,,,,,,,,,,,,.,sin info de que secciones abarca,37,29,7.99999999999999,1
1586,tla-14.034.585,2010,29034,29034,TLAXCO,585,GRACIANO SANCHEZ,,20101107,uyc-3-años,,,,,,,,,,,,,,,,,,,,,,,,,,,,.,sin info de que secciones abarca,37,29,7.99999999999999,1
1587,tla-14.034.586,2010,29034,29034,TLAXCO,586,LAS VIGAS,,20101204,uyc-3-años,,,,,,,,,,,,,,,,,,,,,,,,,,,,.,sin info de que secciones abarca,37,29,7.99999999999999,1
1588,tla-14.034.587,2010,29034,29034,TLAXCO,587,SAN DIEGO QUINTANILLA,,20101107,uyc-3-años,,,,,,,,,,,,,,,,,,,,,,,,,,,,.,sin info de que secciones abarca,37,29,7.99999999999999,1
1589,tla-14.036.588,2010,29036,29036,TOTOLAC,588,SANTIAGO TEPETICPAC,,20101226,uyc-3-años,,,,,,,,,,,,,,,,,,,,,,,,,,,,.,sin info de que secciones abarca,9,7,2,1
1590,tla-14.036.589,2010,29036,29036,TOTOLAC,589,LA TRINIDAD CHIMALPA,,20110101,uyc-3-años,,,,,,,,,,,,,,,,,,,,,,,,,,,,.,sin info de que secciones abarca,9,7,2,1
1591,tla-14.040.590,2010,29040,29040,XALTOCAN,590,SAN SIMON TLATLAHUQUITEPEC,,20101128,uyc-3-años,,,,,,,,,,,,,,,,,,,,,,,,,,,,.,sin info de que secciones abarca,7,6,1,1
1592,tla-14.042.000,2010,29042,29042,SANTO TORIBIO XICOHTZINCO,0,---,,.,sin presidencias comunitarias,,,,,,,,,,,,,,,,,,,,,,,,,,,,0,no tiene presidencias comunitarias,0,0,0,1
1593,tla-14.045.000,2010,29045,29060,BENITO JUAREZ,0,---,,.,sin presidencias comunitarias,,,,,,,,,,,,,,,,,,,,,,,,,,,,0,no tiene presidencias comunitarias,0,0,0,1
1594,tla-14.047.000,2010,29047,29055,LAZARO CARDENAS,0,---,,.,sin presidencias comunitarias,,,,,,,,,,,,,,,,,,,,,,,,,,,,0,no tiene presidencias comunitarias,0,0,0,1
1595,tla-14.048.000,2010,29048,29052,MAGDALENA TLALTELULCO--LA,0,---,,.,sin presidencias comunitarias,,,,,,,,,,,,,,,,,,,,,,,,,,,,0,no tiene presidencias comunitarias,0,0,0,1
1596,tla-14.049.000,2010,29049,29053,SAN DAMIAN TEXOLOC,0,---,,.,sin presidencias comunitarias,,,,,,,,,,,,,,,,,,,,,,,,,,,,0,no tiene presidencias comunitarias,0,0,0,1
1597,tla-14.050.000,2010,29050,29051,SAN FRANCISCO TETLANOHCAN,0,---,,.,sin presidencias comunitarias,,,,,,,,,,,,,,,,,,,,,,,,,,,,0,no tiene presidencias comunitarias,0,0,0,1
1598,tla-14.051.000,2010,29051,29056,SAN JERONIMO ZACUALPAN,0,---,,.,sin presidencias comunitarias,,,,,,,,,,,,,,,,,,,,,,,,,,,,0,no tiene presidencias comunitarias,0,0,0,1
1599,tla-14.052.000,2010,29052,29050,SAN JOSE TEACALCO,0,---,,.,sin presidencias comunitarias,,,,,,,,,,,,,,,,,,,,,,,,,,,,0,no tiene presidencias comunitarias,0,0,0,1
1600,tla-14.053.000,2010,29053,29047,SAN JUAN HUACTZINCO,0,---,,.,sin presidencias comunitarias,,,,,,,,,,,,,,,,,,,,,,,,,,,,0,no tiene presidencias comunitarias,0,0,0,1
1601,tla-14.054.000,2010,29054,29059,SAN LORENZO AXOCOMANITLA,0,---,,.,sin presidencias comunitarias,,,,,,,,,,,,,,,,,,,,,,,,,,,,0,no tiene presidencias comunitarias,0,0,0,1
1602,tla-14.055.000,2010,29055,29057,SAN LUCAS TECOPILCO,0,---,,.,sin presidencias comunitarias,,,,,,,,,,,,,,,,,,,,,,,,,,,,0,no tiene presidencias comunitarias,0,0,0,1
1603,tla-14.056.000,2010,29056,29058,SANTA ANA NOPALUCAN,0,---,,.,sin presidencias comunitarias,,,,,,,,,,,,,,,,,,,,,,,,,,,,0,no tiene presidencias comunitarias,0,0,0,1
1604,tla-14.057.591,2010,29057,29045,SANTA APOLONIA TEACALCO,591,SANTA APOLONIA TEACALCO,,20110122,uyc-1-año,,,,,,,,,,,,,,,,,,,,,,,,,,,,.,sin info de que secciones abarca,4,0,4,1
1605,tla-14.057.592,2010,29057,29045,SANTA APOLONIA TEACALCO,592,SAN ANTONIO TEACALCO,,20110124,uyc-1-año,,,,,,,,,,,,,,,,,,,,,,,,,,,,.,sin info de que secciones abarca,4,0,4,1
1606,tla-14.057.593,2010,29057,29045,SANTA APOLONIA TEACALCO,593,SANTA ELENA TEACALCO,,20110121,uyc-1-año,,,,,,,,,,,,,,,,,,,,,,,,,,,,.,sin info de que secciones abarca,4,0,4,1
1607,tla-14.057.594,2010,29057,29045,SANTA APOLONIA TEACALCO,594,CENTRO DE LA POBLACION DE SANTA CRUZ TLAXCALA,,20101226,uyc-3-años,,,,,,,,,,,,,,,,,,,,,,,,,,,,.,sin info de que secciones abarca,4,0,4,1
1608,tla-14.060.000,2010,29060,29049,SANTA ISABEL XILOXOXTLA,0,---,,.,sin presidencias comunitarias,,,,,,,,,,,,,,,,,,,,,,,,,,,,0,no tiene presidencias comunitarias,0,0,0,1
